database_identifier	chemical_formula	smiles	inchi	metabolite_identification	mass_to_charge	fragmentation	modifications	charge	retention_time	taxid	species	database	database_version	reliability	uri	search_engine	search_engine_score	smallmolecule_abundance_sub	smallmolecule_abundance_stdev_sub	smallmolecule_abundance_std_error_sub	CRKP1	CRKP2	CRKP3	CRKP4	CRKP5	CRKP6	CRKP7	CRKP8	CRKP9	CRKP10	CRKP11	CRKP12	CRKP13	CRKP14	CRKP15	KP1	KP2	KP3	KP4	KP5	KP6	KP7	KP8	KP9	KP10	KP11	KP12	KP13	KP14	KP15	Con1	Con2	Con3	Con4	Con5	Con6	Con7	Con8	Con9	Con10	Con11	Con12	Con13	Con14	Con15	QC01	QC02	QC03	QC04	QC05	QC06
Hmpp0004	C4H8O3			2-Methyllactic acid	103.04			[M-H]-	-												6138629.189	19716531.02	18703492.97	22889946.73	15813809.08	10939432.66	11546946.67	14966998.25	18232845.42	12320630.2	10719266.42	12014146.11	9537208.218	13839342.23	7700803.677	6155721.33	10644907.51	9737339.504	6862063.146	10663545.87	10747771.82	16772333.82	15074445.5	11963039.91	5984225.835	20070412.85	4030909.972	11328815.4	3386051.89	3593278.456	7639988.819	7353058.974	10612766.03	7612827.721	6957315.749	8761266.427	19957838.76	25271373.62	9581051.213	23800653.99	25257354.53	17759368.55	11299655.2	14895279.1	8231504.597	13338944.41	14022546.98	13791775.57	13533809.38	13752774.83	14172531.54
Hmpp0004	C4H8O3			(R)-2-Hydroxybutyric acid	103.04			[M-H]-	-												6138629.189	19716531.02	18703492.97	22889946.73	15813809.08	10939432.66	11546946.67	14966998.25	18232845.42	12320630.2	10719266.42	12014146.11	9537208.218	13839342.23	7700803.677	6155721.33	10644907.51	9737339.504	6862063.146	10663545.87	10747771.82	16772333.82	15074445.5	11963039.91	5984225.835	20070412.85	4030909.972	11328815.4	3386051.89	3593278.456	7639988.819	7353058.974	10612766.03	7612827.721	6957315.749	8761266.427	19957838.76	25271373.62	9581051.213	23800653.99	25257354.53	17759368.55	11299655.2	14895279.1	8231504.597	13338944.41	14022546.98	13791775.57	13533809.38	13752774.83	14172531.54
Hmpp0004	C4H8O4			Erythrose	119.03			[M-H]-	-												32592.6765	18627.6935	16092.205	52345.622	50019.4605	75064.1695	77835.977	62340.101	29457.3145	100434.548	38293.0085	221123.1805	30222.1105	137800.849	357709.3915	170444.8895	11560.2555	70550.445	197905.066	41693.0605	55505.6235	197310.4565	921546.5325	205663.1255	171338.327	764979.841	73967.6525	74202.846	44387.704	48993.553	79892.6455	77362.6115	25922.0795	64310.087	321698.876	36913.3225	19667.021	27314.28	20534.3365	19606.494	30607.281	28340.7035	75963.1475	25809.0405	49951.1135	142456.978	124322.844	104302.1755	132657.8195	146228.1045	116523.5505
Hmpp0004	C4H8O4			Erythrulose	119.03			[M-H]-	-												32592.6765	18627.6935	16092.205	52345.622	50019.4605	75064.1695	77835.977	62340.101	29457.3145	100434.548	38293.0085	221123.1805	30222.1105	137800.849	357709.3915	170444.8895	11560.2555	70550.445	197905.066	41693.0605	55505.6235	197310.4565	921546.5325	205663.1255	171338.327	764979.841	73967.6525	74202.846	44387.704	48993.553	79892.6455	77362.6115	25922.0795	64310.087	321698.876	36913.3225	19667.021	27314.28	20534.3365	19606.494	30607.281	28340.7035	75963.1475	25809.0405	49951.1135	142456.978	124322.844	104302.1755	132657.8195	146228.1045	116523.5505
Hmpp0004	C7H14O2			4-Methylhexanoic acid	129.09			[M-H]-	-												75326.456	59789.9535	70658.344	80860.4515	42809.6205	38412.4925	24600.2835	84333.1185	64933.889	57491.233	32383.0775	43301.117	43186.0995	41744.6905	75420.947	61273.2335	27031.3755	31009.1725	46704.734	37435.4885	33236.8655	26168.2875	40065.421	53235.9075	50684.059	47098.9675	54522.9205	46232.0765	45608.1825	58106.582	55824.702	71292.0645	203944.311	69096.8245	89415.6175	119040.0465	144295.982	235514.948	154985.708	181951.3455	146889.9635	138275.7665	150208.4305	165851.8365	103836.1065	127022.8865	119429.9	115681.1545	106035.7335	117358.4325	108145.084
Hmpp0004	C7H14O2			2,2-Dimethylpentanoic acid	129.09			[M-H]-	-												75326.456	59789.9535	70658.344	80860.4515	42809.6205	38412.4925	24600.2835	84333.1185	64933.889	57491.233	32383.0775	43301.117	43186.0995	41744.6905	75420.947	61273.2335	27031.3755	31009.1725	46704.734	37435.4885	33236.8655	26168.2875	40065.421	53235.9075	50684.059	47098.9675	54522.9205	46232.0765	45608.1825	58106.582	55824.702	71292.0645	203944.311	69096.8245	89415.6175	119040.0465	144295.982	235514.948	154985.708	181951.3455	146889.9635	138275.7665	150208.4305	165851.8365	103836.1065	127022.8865	119429.9	115681.1545	106035.7335	117358.4325	108145.084
Hmpp0004	C7H14O2			2-Methylhexanoic acid	129.09			[M-H]-	-												75326.456	59789.9535	70658.344	80860.4515	42809.6205	38412.4925	24600.2835	84333.1185	64933.889	57491.233	32383.0775	43301.117	43186.0995	41744.6905	75420.947	61273.2335	27031.3755	31009.1725	46704.734	37435.4885	33236.8655	26168.2875	40065.421	53235.9075	50684.059	47098.9675	54522.9205	46232.0765	45608.1825	58106.582	55824.702	71292.0645	203944.311	69096.8245	89415.6175	119040.0465	144295.982	235514.948	154985.708	181951.3455	146889.9635	138275.7665	150208.4305	165851.8365	103836.1065	127022.8865	119429.9	115681.1545	106035.7335	117358.4325	108145.084
Hmpp0004	C5H9NO3			N-acetyl-beta-alanine	130.05			[M-H]-	-												424800.918	426808.3615	391317.5055	551681.957	347368.1605	493255.729	449768.0685	617452.3385	429549.226	613282.068	297524.5835	723935.8495	407467.142	584155.332	980244.385	1147507.208	291249.601	564689.075	1580617.684	379957.919	407344.1085	2092766.139	1056493.517	834111.213	1031381.572	1229974.33	443773.1905	480549.815	498681.341	516676.805	450085.4545	461165.662	382834.1465	491128.9555	1487299.424	359063.5495	396555.048	402536.239	379251.7545	346272.99	413247.779	395843.483	435506.488	350141.3725	433932.9875	674787.996	659907.493	633856.267	572865.603	660634.842	724039.6665
Hmpp0004	C5H9NO3			N-Acetyl-L-alanine	130.05			[M-H]-	-												424800.918	426808.3615	391317.5055	551681.957	347368.1605	493255.729	449768.0685	617452.3385	429549.226	613282.068	297524.5835	723935.8495	407467.142	584155.332	980244.385	1147507.208	291249.601	564689.075	1580617.684	379957.919	407344.1085	2092766.139	1056493.517	834111.213	1031381.572	1229974.33	443773.1905	480549.815	498681.341	516676.805	450085.4545	461165.662	382834.1465	491128.9555	1487299.424	359063.5495	396555.048	402536.239	379251.7545	346272.99	413247.779	395843.483	435506.488	350141.3725	433932.9875	674787.996	659907.493	633856.267	572865.603	660634.842	724039.6665
Hmpp0004	C5H9NO3			2-amino-4-oxovaleric acid	130.05			[M-H]-	-												424800.918	426808.3615	391317.5055	551681.957	347368.1605	493255.729	449768.0685	617452.3385	429549.226	613282.068	297524.5835	723935.8495	407467.142	584155.332	980244.385	1147507.208	291249.601	564689.075	1580617.684	379957.919	407344.1085	2092766.139	1056493.517	834111.213	1031381.572	1229974.33	443773.1905	480549.815	498681.341	516676.805	450085.4545	461165.662	382834.1465	491128.9555	1487299.424	359063.5495	396555.048	402536.239	379251.7545	346272.99	413247.779	395843.483	435506.488	350141.3725	433932.9875	674787.996	659907.493	633856.267	572865.603	660634.842	724039.6665
Hmpp0004	C10H8O			1-Naphthol	143.05			[M-H]-	-												25098.819	27480.6055	34438.5725	36113.8445	14393.527	23065.4815	28280.1305	26505.169	22584.6895	15786.9425	38497.005	41511.074	26209.4405	169633.1455	79012.9195	32922.587	26652.486	34417.7555	28591.7695	28503.32	28283.7705	19312.4725	30724.3715	26529.5895	28595.9935	28546.253	28858.066	24457.821	29074.589	35551.4	24863.974	36591.223	42504.4685	27791.892	29864.35	41114.2045	27733.322	37421.297	29497.667	38563.135	41037.8465	40954.684	27490.608	661305.979	24729.6735	41750.5165	53991.245	46160.955	53110.946	46509.274	39391.161
Hmpp0004	C10H8O			2-Naphthol	143.05			[M-H]-	-												25098.819	27480.6055	34438.5725	36113.8445	14393.527	23065.4815	28280.1305	26505.169	22584.6895	15786.9425	38497.005	41511.074	26209.4405	169633.1455	79012.9195	32922.587	26652.486	34417.7555	28591.7695	28503.32	28283.7705	19312.4725	30724.3715	26529.5895	28595.9935	28546.253	28858.066	24457.821	29074.589	35551.4	24863.974	36591.223	42504.4685	27791.892	29864.35	41114.2045	27733.322	37421.297	29497.667	38563.135	41037.8465	40954.684	27490.608	661305.979	24729.6735	41750.5165	53991.245	46160.955	53110.946	46509.274	39391.161
Hmpp0004	C5H10O5			L-lyxose	149.05			[M-H]-	-												100108.063	170020.221	68708.776	148879.2155	234136.319	239040.901	189869.655	255981.379	155476.4255	149469.427	199625.628	244980.8715	123711.873	157566.079	919192.209	704507.4455	56430.178	427334.106	1028089.665	189655.342	199438.6975	1871694.733	2512555.761	125609.37	527156.437	2772682.785	124224.3755	61501.696	76676.286	89306.4895	129878.7425	136401.887	114254.684	141295.228	1512827.657	82984.4355	87312.947	34900.148	81537.8415	149429.4055	122795.076	71641.7295	234348.588	145367.3835	85087.5765	422346.1595	421381.3835	378364.917	391597.2455	443604.3475	351999.7035
Hmpp0004	C5H10O5			Arabinose	149.05			[M-H]-	-												100108.063	170020.221	68708.776	148879.2155	234136.319	239040.901	189869.655	255981.379	155476.4255	149469.427	199625.628	244980.8715	123711.873	157566.079	919192.209	704507.4455	56430.178	427334.106	1028089.665	189655.342	199438.6975	1871694.733	2512555.761	125609.37	527156.437	2772682.785	124224.3755	61501.696	76676.286	89306.4895	129878.7425	136401.887	114254.684	141295.228	1512827.657	82984.4355	87312.947	34900.148	81537.8415	149429.4055	122795.076	71641.7295	234348.588	145367.3835	85087.5765	422346.1595	421381.3835	378364.917	391597.2455	443604.3475	351999.7035
Hmpp0004	C5H10O5			Xylose	149.05			[M-H]-	-												100108.063	170020.221	68708.776	148879.2155	234136.319	239040.901	189869.655	255981.379	155476.4255	149469.427	199625.628	244980.8715	123711.873	157566.079	919192.209	704507.4455	56430.178	427334.106	1028089.665	189655.342	199438.6975	1871694.733	2512555.761	125609.37	527156.437	2772682.785	124224.3755	61501.696	76676.286	89306.4895	129878.7425	136401.887	114254.684	141295.228	1512827.657	82984.4355	87312.947	34900.148	81537.8415	149429.4055	122795.076	71641.7295	234348.588	145367.3835	85087.5765	422346.1595	421381.3835	378364.917	391597.2455	443604.3475	351999.7035
Hmpp0004	C8H8O3			2',4'-Dihydroxyacetophenone	151.04			[M-H]-	-												14722.4205	18332.472	18719.762	66873.477	14822.585	13684.495	13900.9055	15072.6305	17018.703	17891.359	9061.764	7739.0265	8010.7805	10917.709	16607.619	25627.586	17636.857	21649.002	15559.451	12985.26	7870.4725	14059.5655	9580.97	22509.196	12419.953	4933.465	10652.443	17979.894	12047.8585	13760.699	10832.425	18571.34	13550.983	11137.006	19914.2385	21124.937	15210.8595	8671.9505	10678.082	7545.0575	5953.459	11627.8675	11159.012	6897.7355	9683.563	20723.2405	17753.6585	17894.9965	23246.842	13431.751	16559.0645
Hmpp0004	C8H8O3			Methylparaben	151.04			[M-H]-	-												14722.4205	18332.472	18719.762	66873.477	14822.585	13684.495	13900.9055	15072.6305	17018.703	17891.359	9061.764	7739.0265	8010.7805	10917.709	16607.619	25627.586	17636.857	21649.002	15559.451	12985.26	7870.4725	14059.5655	9580.97	22509.196	12419.953	4933.465	10652.443	17979.894	12047.8585	13760.699	10832.425	18571.34	13550.983	11137.006	19914.2385	21124.937	15210.8595	8671.9505	10678.082	7545.0575	5953.459	11627.8675	11159.012	6897.7355	9683.563	20723.2405	17753.6585	17894.9965	23246.842	13431.751	16559.0645
Hmpp0004	C7H7NO3			3-Hydroxyanthranilic Acid	152.04			[M-H]-	-												14012.3455	20436.1905	17492.1155	27878.128	10977.678	N/A	12588.2605	N/A	11993.573	12309.089	12433.0515	8406.347	12143.108	6407.593	15653.3825	10444.6145	8921.8075	7081.0335	N/A	10003.9905	8650.9485	17943.525	5081.2885	14823.134	119836.4775	N/A	20046.7205	9827.8905	20967.498	16616.317	23675.522	25929.846	30947.7225	21670.651	20669.2595	28811.485	22465.949	20113.1465	21812.052	17275.1985	7016.6675	10926.2085	16847.601	22108.532	21344.341	24499.4565	20361.6845	15862.414	18975.263	15242.8185	15554.865
Hmpp0004	C7H7NO3			3-Amino-5-hydroxybenzoic acid	152.04			[M-H]-	-												14012.3455	20436.1905	17492.1155	27878.128	10977.678	N/A	12588.2605	N/A	11993.573	12309.089	12433.0515	8406.347	12143.108	6407.593	15653.3825	10444.6145	8921.8075	7081.0335	N/A	10003.9905	8650.9485	17943.525	5081.2885	14823.134	119836.4775	N/A	20046.7205	9827.8905	20967.498	16616.317	23675.522	25929.846	30947.7225	21670.651	20669.2595	28811.485	22465.949	20113.1465	21812.052	17275.1985	7016.6675	10926.2085	16847.601	22108.532	21344.341	24499.4565	20361.6845	15862.414	18975.263	15242.8185	15554.865
Hmpp0004	C7H7NO3			3-Amino-4-Hydroxybenzoic Acid	152.04			[M-H]-	-												14012.3455	20436.1905	17492.1155	27878.128	10977.678	N/A	12588.2605	N/A	11993.573	12309.089	12433.0515	8406.347	12143.108	6407.593	15653.3825	10444.6145	8921.8075	7081.0335	N/A	10003.9905	8650.9485	17943.525	5081.2885	14823.134	119836.4775	N/A	20046.7205	9827.8905	20967.498	16616.317	23675.522	25929.846	30947.7225	21670.651	20669.2595	28811.485	22465.949	20113.1465	21812.052	17275.1985	7016.6675	10926.2085	16847.601	22108.532	21344.341	24499.4565	20361.6845	15862.414	18975.263	15242.8185	15554.865
Hmpp0004	C7H6O4			Protocatechuic Acid	153.02			[M-H]-	-												965443.833	1131395.769	1133282.172	1075223.36	1042667.95	1016063.088	1209501.878	1183302.059	959883.976	1130566.383	1001945.198	1179790.131	1149049.926	1062337.706	1144309.754	1002330.2	909925.9235	1025557.528	976290.874	996518.1175	572897.3455	1075267.476	1195092.194	1039981.664	886877.547	1035595.957	947218.852	1015305.211	962996.8475	1127596.229	761178.571	873383.413	988035.5805	945359.449	1163318.716	858796.2705	934665.8945	898089.9525	1046863.098	1094766.786	1005441.877	981328.966	1047572.072	1027393.854	950806.313	1169248.048	1050670.876	1033217.746	971865.492	1090922.98	1046650.103
Hmpp0004	C7H6O4			2,5-Dihydroxybenzoic acid	153.02			[M-H]-	-												965443.833	1131395.769	1133282.172	1075223.36	1042667.95	1016063.088	1209501.878	1183302.059	959883.976	1130566.383	1001945.198	1179790.131	1149049.926	1062337.706	1144309.754	1002330.2	909925.9235	1025557.528	976290.874	996518.1175	572897.3455	1075267.476	1195092.194	1039981.664	886877.547	1035595.957	947218.852	1015305.211	962996.8475	1127596.229	761178.571	873383.413	988035.5805	945359.449	1163318.716	858796.2705	934665.8945	898089.9525	1046863.098	1094766.786	1005441.877	981328.966	1047572.072	1027393.854	950806.313	1169248.048	1050670.876	1033217.746	971865.492	1090922.98	1046650.103
Hmpp0004	C7H6O4			2,3-Dihydroxybenzoic acid	153.02			[M-H]-	-												965443.833	1131395.769	1133282.172	1075223.36	1042667.95	1016063.088	1209501.878	1183302.059	959883.976	1130566.383	1001945.198	1179790.131	1149049.926	1062337.706	1144309.754	1002330.2	909925.9235	1025557.528	976290.874	996518.1175	572897.3455	1075267.476	1195092.194	1039981.664	886877.547	1035595.957	947218.852	1015305.211	962996.8475	1127596.229	761178.571	873383.413	988035.5805	945359.449	1163318.716	858796.2705	934665.8945	898089.9525	1046863.098	1094766.786	1005441.877	981328.966	1047572.072	1027393.854	950806.313	1169248.048	1050670.876	1033217.746	971865.492	1090922.98	1046650.103
Hmpp0004	C7H6O4			3,5-Dihydroxybenzoic acid	153.02			[M-H]-	-												965443.833	1131395.769	1133282.172	1075223.36	1042667.95	1016063.088	1209501.878	1183302.059	959883.976	1130566.383	1001945.198	1179790.131	1149049.926	1062337.706	1144309.754	1002330.2	909925.9235	1025557.528	976290.874	996518.1175	572897.3455	1075267.476	1195092.194	1039981.664	886877.547	1035595.957	947218.852	1015305.211	962996.8475	1127596.229	761178.571	873383.413	988035.5805	945359.449	1163318.716	858796.2705	934665.8945	898089.9525	1046863.098	1094766.786	1005441.877	981328.966	1047572.072	1027393.854	950806.313	1169248.048	1050670.876	1033217.746	971865.492	1090922.98	1046650.103
Hmpp0004	C7H12O4			3,3-Dimethylglutaric acid	159.07			[M-H]-	-												56699.0725	64771.0685	88626.691	173318.088	96461.0595	83033.7895	41340.845	183808.496	111804.622	60707.61	55255.9935	100748.298	53842.472	80187.456	518542.096	207019.3095	35944.619	41943.219	417163.3135	25635.724	44621.0665	1218914.219	373999.291	511387.4125	135218.24	415763.6275	161136.365	196150.6305	174008.231	163301.1045	176880.5935	210931.321	58391.7565	185576.9255	859369.174	86369.4465	221493.347	238707.8395	56269.23	79546.057	119265.4285	161462.2105	121729.2495	84821.7025	86645.114	210499.177	241584.621	221806.9535	150909.519	229556.673	214192.3085
Hmpp0004	C7H12O4			Pimelic acid	159.07			[M-H]-	-												56699.0725	64771.0685	88626.691	173318.088	96461.0595	83033.7895	41340.845	183808.496	111804.622	60707.61	55255.9935	100748.298	53842.472	80187.456	518542.096	207019.3095	35944.619	41943.219	417163.3135	25635.724	44621.0665	1218914.219	373999.291	511387.4125	135218.24	415763.6275	161136.365	196150.6305	174008.231	163301.1045	176880.5935	210931.321	58391.7565	185576.9255	859369.174	86369.4465	221493.347	238707.8395	56269.23	79546.057	119265.4285	161462.2105	121729.2495	84821.7025	86645.114	210499.177	241584.621	221806.9535	150909.519	229556.673	214192.3085
Hmpp0004	C7H12O4			3-Methyladipic acid	159.07			[M-H]-	-												56699.0725	64771.0685	88626.691	173318.088	96461.0595	83033.7895	41340.845	183808.496	111804.622	60707.61	55255.9935	100748.298	53842.472	80187.456	518542.096	207019.3095	35944.619	41943.219	417163.3135	25635.724	44621.0665	1218914.219	373999.291	511387.4125	135218.24	415763.6275	161136.365	196150.6305	174008.231	163301.1045	176880.5935	210931.321	58391.7565	185576.9255	859369.174	86369.4465	221493.347	238707.8395	56269.23	79546.057	119265.4285	161462.2105	121729.2495	84821.7025	86645.114	210499.177	241584.621	221806.9535	150909.519	229556.673	214192.3085
Hmpp0004	C8H6O4			4-hydroxyphenylglyoxylate	165.02			[M-H]-	-												463397.7185	N/A	N/A	333522.2275	N/A	N/A	N/A	331653.7315	N/A	N/A	N/A	N/A	N/A	479302.469	677446.9015	204333.9355	365196.224	N/A	1085036.863	262833.4585	258921.5295	3208546.224	350828.6615	199128.4595	271888.568	383640.197	532289.661	N/A	468894.1525	501088.589	N/A	N/A	672687.58	N/A	284508.0815	N/A	N/A	N/A	612166.727	N/A	N/A	N/A	N/A	N/A	N/A	385271.161	346097.204	361189.0865	339275.608	374602.7655	466632.6385
Hmpp0004	C8H6O4			Phthalic Acid	165.02			[M-H]-	-												463397.7185	N/A	N/A	333522.2275	N/A	N/A	N/A	331653.7315	N/A	N/A	N/A	N/A	N/A	479302.469	677446.9015	204333.9355	365196.224	N/A	1085036.863	262833.4585	258921.5295	3208546.224	350828.6615	199128.4595	271888.568	383640.197	532289.661	N/A	468894.1525	501088.589	N/A	N/A	672687.58	N/A	284508.0815	N/A	N/A	N/A	612166.727	N/A	N/A	N/A	N/A	N/A	N/A	385271.161	346097.204	361189.0865	339275.608	374602.7655	466632.6385
Hmpp0004	C7H5NO4			2,4-Pyridinedicarboxylic acid	166.01			[M-H]-	-												16545.174	9439.569	8778.185	28459.501	61113.908	45740.742	93125.0795	45649.2835	10670.383	52706.919	40482.125	101441.723	16033.131	141136.487	308611.558	62169.5885	7185.553	41662.7765	896158.2755	33526.3115	32687.377	1987769.348	337860.318	63592.4195	99837.645	384802.0925	47784.005	26612.278	18668.1935	24129.6365	N/A	11301.4235	N/A	N/A	N/A	26591.236	17471.829	N/A	N/A	N/A	N/A	N/A	N/A	N/A	46918.7795	124872.2685	99141.123	127419.266	138006.4025	119688.445	104512.092
Hmpp0004	C7H5NO4			Pyridine-3,4-dicarboxylic acid	166.01			[M-H]-	-												16545.174	9439.569	8778.185	28459.501	61113.908	45740.742	93125.0795	45649.2835	10670.383	52706.919	40482.125	101441.723	16033.131	141136.487	308611.558	62169.5885	7185.553	41662.7765	896158.2755	33526.3115	32687.377	1987769.348	337860.318	63592.4195	99837.645	384802.0925	47784.005	26612.278	18668.1935	24129.6365	N/A	11301.4235	N/A	N/A	N/A	26591.236	17471.829	N/A	N/A	N/A	N/A	N/A	N/A	N/A	46918.7795	124872.2685	99141.123	127419.266	138006.4025	119688.445	104512.092
Hmpp0004	C6H12O6			Talose	179.06			[M-H]-	-												795658.288	847331.599	842098.182	485768.4095	1342594.567	1347421.138	623381.771	987928.451	2337604.202	1034510.687	1257930.013	2645438.062	1460934.52	692036.974	923184.611	605860.026	356132.1945	877793.791	1453486.616	427412.246	712542.809	2563587.973	2300178.83	601529.2075	1275198.956	2292064.076	273320.816	495823.1715	324252.288	928872.216	95016.1735	127761.672	1758944.155	291752.6695	802827.539	912782.5435	564709.48	1116109.653	505158.773	420110.377	615028.333	694515.0165	656980.6965	619763.229	444587.445	957534.532	701482.7275	888492.876	1355625.841	1137766.503	1928359.425
Hmpp0004	C6H12O6			L-Gulose	179.06			[M-H]-	-												795658.288	847331.599	842098.182	485768.4095	1342594.567	1347421.138	623381.771	987928.451	2337604.202	1034510.687	1257930.013	2645438.062	1460934.52	692036.974	923184.611	605860.026	356132.1945	877793.791	1453486.616	427412.246	712542.809	2563587.973	2300178.83	601529.2075	1275198.956	2292064.076	273320.816	495823.1715	324252.288	928872.216	95016.1735	127761.672	1758944.155	291752.6695	802827.539	912782.5435	564709.48	1116109.653	505158.773	420110.377	615028.333	694515.0165	656980.6965	619763.229	444587.445	957534.532	701482.7275	888492.876	1355625.841	1137766.503	1928359.425
Hmpp0004	C6H12O6			Aldehydo-D-altrose	179.06			[M-H]-	-												795658.288	847331.599	842098.182	485768.4095	1342594.567	1347421.138	623381.771	987928.451	2337604.202	1034510.687	1257930.013	2645438.062	1460934.52	692036.974	923184.611	605860.026	356132.1945	877793.791	1453486.616	427412.246	712542.809	2563587.973	2300178.83	601529.2075	1275198.956	2292064.076	273320.816	495823.1715	324252.288	928872.216	95016.1735	127761.672	1758944.155	291752.6695	802827.539	912782.5435	564709.48	1116109.653	505158.773	420110.377	615028.333	694515.0165	656980.6965	619763.229	444587.445	957534.532	701482.7275	888492.876	1355625.841	1137766.503	1928359.425
Hmpp0004	C6H12O6			Glucose	179.06			[M-H]-	-												795658.288	847331.599	842098.182	485768.4095	1342594.567	1347421.138	623381.771	987928.451	2337604.202	1034510.687	1257930.013	2645438.062	1460934.52	692036.974	923184.611	605860.026	356132.1945	877793.791	1453486.616	427412.246	712542.809	2563587.973	2300178.83	601529.2075	1275198.956	2292064.076	273320.816	495823.1715	324252.288	928872.216	95016.1735	127761.672	1758944.155	291752.6695	802827.539	912782.5435	564709.48	1116109.653	505158.773	420110.377	615028.333	694515.0165	656980.6965	619763.229	444587.445	957534.532	701482.7275	888492.876	1355625.841	1137766.503	1928359.425
Hmpp0004	C6H12O6			Allose	179.06			[M-H]-	-												795658.288	847331.599	842098.182	485768.4095	1342594.567	1347421.138	623381.771	987928.451	2337604.202	1034510.687	1257930.013	2645438.062	1460934.52	692036.974	923184.611	605860.026	356132.1945	877793.791	1453486.616	427412.246	712542.809	2563587.973	2300178.83	601529.2075	1275198.956	2292064.076	273320.816	495823.1715	324252.288	928872.216	95016.1735	127761.672	1758944.155	291752.6695	802827.539	912782.5435	564709.48	1116109.653	505158.773	420110.377	615028.333	694515.0165	656980.6965	619763.229	444587.445	957534.532	701482.7275	888492.876	1355625.841	1137766.503	1928359.425
Hmpp0004	C6H12O6			Myoinositol	179.06			[M-H]-	-												329101.3075	164827.6395	123327.15	153710.688	537891.3845	125142.3625	138292.6095	147303.715	267969.4405	200060.4975	682269.7815	395274.341	106144.495	149657.6495	240795.391	193849.18	89859.968	178500.1135	417325.4565	260776.794	139595.8965	668635.713	620590.952	198666.538	205259.398	623854.36	147701.34	127107.146	102279.9435	82558.1925	109017.7125	120942.3105	104729.5675	75901.81	244148.771	131572.545	209182.5125	65480.569	187570.5285	160422.9675	259021.744	106268.1835	300384.064	312116.3035	73865.07	224837.041	167247.5135	210272.3385	210308.78	234311.902	223371.528
Hmpp0004	C6H12O6			Tagatose	179.06			[M-H]-	-												329101.3075	164827.6395	123327.15	153710.688	537891.3845	125142.3625	138292.6095	147303.715	267969.4405	200060.4975	682269.7815	395274.341	106144.495	149657.6495	240795.391	193849.18	89859.968	178500.1135	417325.4565	260776.794	139595.8965	668635.713	620590.952	198666.538	205259.398	623854.36	147701.34	127107.146	102279.9435	82558.1925	109017.7125	120942.3105	104729.5675	75901.81	244148.771	131572.545	209182.5125	65480.569	187570.5285	160422.9675	259021.744	106268.1835	300384.064	312116.3035	73865.07	224837.041	167247.5135	210272.3385	210308.78	234311.902	223371.528
Hmpp0004	C6H14O6			Mannitol	181.07			[M-H]-	-												20227.848	11562.2755	17236.5915	22283.345	62842.228	77385.488	24452.5105	311792.0075	18558.113	14691.5505	33218.5685	160817.6135	22212.087	77273.964	1046511.88	99352.127	229938.8435	129760.23	344066.0755	N/A	41472.636	2717096.031	183902.7845	29606.288	153293.366	221299.6715	N/A	183026.361	18605.957	215707.148	N/A	N/A	N/A	N/A	337875.4965	N/A	N/A	N/A	N/A	N/A	N/A	N/A	N/A	N/A	N/A	228361.784	142681.636	216577.937	176843.856	151296.7095	222479.0035
Hmpp0004	C6H14O6			Dulcitol	181.07			[M-H]-	-												20227.848	11562.2755	17236.5915	22283.345	62842.228	77385.488	24452.5105	311792.0075	18558.113	14691.5505	33218.5685	160817.6135	22212.087	77273.964	1046511.88	99352.127	229938.8435	129760.23	344066.0755	N/A	41472.636	2717096.031	183902.7845	29606.288	153293.366	221299.6715	N/A	183026.361	18605.957	215707.148	N/A	N/A	N/A	N/A	337875.4965	N/A	N/A	N/A	N/A	N/A	N/A	N/A	N/A	N/A	N/A	228361.784	142681.636	216577.937	176843.856	151296.7095	222479.0035
Hmpp0004	C6H14O6			Sorbitol	181.07			[M-H]-	-												20227.848	11562.2755	17236.5915	22283.345	62842.228	77385.488	24452.5105	311792.0075	18558.113	14691.5505	33218.5685	160817.6135	22212.087	77273.964	1046511.88	99352.127	229938.8435	129760.23	344066.0755	N/A	41472.636	2717096.031	183902.7845	29606.288	153293.366	221299.6715	N/A	183026.361	18605.957	215707.148	N/A	N/A	N/A	N/A	337875.4965	N/A	N/A	N/A	N/A	N/A	N/A	N/A	N/A	N/A	N/A	228361.784	142681.636	216577.937	176843.856	151296.7095	222479.0035
Hmpp0004	C6H8O7			Citric Acid	191.02			[M-H]-	-												1181530.756	956946.026	948237.9725	1073229.039	896168.3075	759105.684	832467.9965	1506709.097	1047681.257	2016846.952	826919.693	2573024.466	805947.3915	1182467.019	4257306.43	1009479.057	479911.849	983820.259	2818776.842	582747.2835	510038.256	14255638.71	7688754.134	1632131.736	895490.5785	8359876.269	1495143.829	648795.6635	1267035.944	1205897.791	690558.0325	698379.7635	1179870.958	741475.9565	5648216.263	804570.4385	753412.712	1214319.298	1749641.726	1165953.943	1282376.062	932929.52	876070.3415	673289.332	855811.049	1479932.94	1439405.224	1211270.336	1698357.555	1635569.079	1393493.625
Hmpp0004	C6H8O7			Isocitric acid	191.02			[M-H]-	-												1181530.756	956946.026	948237.9725	1073229.039	896168.3075	759105.684	832467.9965	1506709.097	1047681.257	2016846.952	826919.693	2573024.466	805947.3915	1182467.019	4257306.43	1009479.057	479911.849	983820.259	2818776.842	582747.2835	510038.256	14255638.71	7688754.134	1632131.736	895490.5785	8359876.269	1495143.829	648795.6635	1267035.944	1205897.791	690558.0325	698379.7635	1179870.958	741475.9565	5648216.263	804570.4385	753412.712	1214319.298	1749641.726	1165953.943	1282376.062	932929.52	876070.3415	673289.332	855811.049	1479932.94	1439405.224	1211270.336	1698357.555	1635569.079	1393493.625
Hmpp0004	C10H11NO3			N-Phenylacetylglycine	192.07			[M-H]-	-												9410.1785	7324.3795	18212.45	26494.102	10459.607	17203.453	10795.091	32071.384	22179.428	9929.5805	N/A	32247	N/A	N/A	23584.16	24558.554	13314.2555	18464.766	39102.153	24088.547	14017.8945	38960.07	27492.176	17487.8255	21285.859	44470.209	20876.004	15759.8335	N/A	11018.438	N/A	N/A	N/A	N/A	13989.6625	N/A	N/A	N/A	N/A	N/A	N/A	N/A	N/A	N/A	N/A	36065.992	30636.488	32921.9255	24658.9005	30732.1105	35339.8145
Hmpp0004	C10H11NO3			2-Methylhippuric acid	192.07			[M-H]-	-												9410.1785	7324.3795	18212.45	26494.102	10459.607	17203.453	10795.091	32071.384	22179.428	9929.5805	N/A	32247	N/A	N/A	23584.16	24558.554	13314.2555	18464.766	39102.153	24088.547	14017.8945	38960.07	27492.176	17487.8255	21285.859	44470.209	20876.004	15759.8335	N/A	11018.438	N/A	N/A	N/A	N/A	13989.6625	N/A	N/A	N/A	N/A	N/A	N/A	N/A	N/A	N/A	N/A	36065.992	30636.488	32921.9255	24658.9005	30732.1105	35339.8145
Hmpp0004	C9H9NO4			6-hydroxy-3-succinylpyridine	194.05			[M-H]-	-												22125.328	234273.704	225238.319	9533.803	15195.5805	59605.1975	13835.0385	45598.6115	56518.569	10274.888	13920.843	26979.879	18146.0245	15535.4935	85594.657	45107.977	3833.6425	58700.877	764124.897	75346.5505	78970.516	357107.327	74843.751	5142.331	75546.006	82395.745	53102.884	1887.7295	35442.0495	45596.6975	24689.1215	33097.53	15383.35	36999.8215	208290.835	8903.8465	3727.8305	13656.555	13919.7235	10204.7865	9688.8625	4869.23	7016.984	12176.761	11188.979	71452.9875	70253.695	78284.976	71120.5785	70272.3865	71126.968
Hmpp0004	C9H9NO4			4-Hydroxyhippurate	194.05			[M-H]-	-												22125.328	234273.704	225238.319	9533.803	15195.5805	59605.1975	13835.0385	45598.6115	56518.569	10274.888	13920.843	26979.879	18146.0245	15535.4935	85594.657	45107.977	3833.6425	58700.877	764124.897	75346.5505	78970.516	357107.327	74843.751	5142.331	75546.006	82395.745	53102.884	1887.7295	35442.0495	45596.6975	24689.1215	33097.53	15383.35	36999.8215	208290.835	8903.8465	3727.8305	13656.555	13919.7235	10204.7865	9688.8625	4869.23	7016.984	12176.761	11188.979	71452.9875	70253.695	78284.976	71120.5785	70272.3865	71126.968
Hmpp0004	C14H22O			4-tert-Octylphenol	205.16			[M-H]-	-												658277.7665	589962.472	685057.1965	656197.1465	664972.184	569607.605	616102.977	450940.8695	683198.137	701564.88	634410.429	651530.336	428192.698	693682.95	637637.441	321573.7935	613920.9315	626514.711	675692.9585	317182.291	563411.0505	811570.343	719549.7435	476630.246	824363.7605	773996.9895	769800.103	1005607.811	805404.988	936934.5335	671985.868	944382.1345	703928.037	977059.6105	933829.4995	862152.4875	1013035.915	815684.9625	798100.493	671827.6685	712920.624	800840.7695	570994.275	597656.522	853631.224	823581.1795	1072892.187	898359.542	843942.6025	718604.7695	1064847.617
Hmpp0004	C14H22O			2,4-Di-tert-butylphenol	205.16			[M-H]-	-												658277.7665	589962.472	685057.1965	656197.1465	664972.184	569607.605	616102.977	450940.8695	683198.137	701564.88	634410.429	651530.336	428192.698	693682.95	637637.441	321573.7935	613920.9315	626514.711	675692.9585	317182.291	563411.0505	811570.343	719549.7435	476630.246	824363.7605	773996.9895	769800.103	1005607.811	805404.988	936934.5335	671985.868	944382.1345	703928.037	977059.6105	933829.4995	862152.4875	1013035.915	815684.9625	798100.493	671827.6685	712920.624	800840.7695	570994.275	597656.522	853631.224	823581.1795	1072892.187	898359.542	843942.6025	718604.7695	1064847.617
Hmpp0004	C9H15N3O4			Asn-Pro	228.1			[M-H]-	-												43568.062	26334.218	23231.1225	12668.7505	10005.1625	2355.709	26398.217	7754.3535	15233.701	9281.298	13756.5415	8239.04	28281.9405	13162.5435	25998.5415	17137.3225	12813.302	53652.475	N/A	24038.27	23940.5395	12630.492	26440.3955	6886.8645	N/A	10463.5015	3966.8455	15755.5	6291.813	3985.729	7940.29	5657.388	15707.975	13183.908	14757.6215	5212.967	26953.7605	18625.656	11926.443	71964.8745	47266.822	33407.7205	3820.0625	7420.332	33135.724	22893.4565	11612.7785	17457.383	14483.5	16266.8425	22216.9435
Hmpp0004	C9H16N2O5			Asp-Val	231.1			[M-H]-	-												18614.605	14012.303	16600.8115	13971.0145	48023.49	46547.8055	29807.4075	61265.181	20117.569	37448.3305	25160.863	20406.0205	9602.0465	77701.879	63813.165	116797.793	4258.6155	44671.346	448795.31	14150.7145	15989.5975	299541.499	93281.695	15547.371	25459.5275	90971.449	20440.1525	17241.4445	27538.28	16665.8435	32552.33	34305.2525	2002.969	26692.0915	86688.0895	29410.1905	11769.5575	8714.23	N/A	13158.7185	24461.716	21308.4405	7938.41	17686.714	12971.5585	55976.3375	43994.399	51490.6175	37022.9095	43010.837	38279.7
Hmpp0004	C9H16N2O5			Val-Asp	231.1			[M-H]-	-												18614.605	14012.303	16600.8115	13971.0145	48023.49	46547.8055	29807.4075	61265.181	20117.569	37448.3305	25160.863	20406.0205	9602.0465	77701.879	63813.165	116797.793	4258.6155	44671.346	448795.31	14150.7145	15989.5975	299541.499	93281.695	15547.371	25459.5275	90971.449	20440.1525	17241.4445	27538.28	16665.8435	32552.33	34305.2525	2002.969	26692.0915	86688.0895	29410.1905	11769.5575	8714.23	N/A	13158.7185	24461.716	21308.4405	7938.41	17686.714	12971.5585	55976.3375	43994.399	51490.6175	37022.9095	43010.837	38279.7
Hmpp0004	C16H32O3			2-hydroxyhexadecanoic acid	271.23			[M-H]-	-												190295.3315	437471.809	421404.9505	394572.5385	401778.992	248900.9005	416644.8235	508137.3715	433142.2755	250672.8585	191385.2225	594412.556	113822.361	314122.3205	244265.37	241967.4245	203744.6945	162216.694	97144.3405	162986.5065	141831.1395	287908	331033.121	307134.513	221827.579	358994.519	359094.927	296384.9055	478309.958	369565.0905	274317.027	209238.0235	298648.8575	68375.318	194354.2555	326082.281	468780.7315	411397.908	339199.5555	245574.0965	387916.757	296051.3505	383154.574	333559.198	300947.018	125360.088	366629.921	351858.5655	344882.006	332562.8645	440952.138
Hmpp0004	C16H32O3			16-Hydroxyhexadecanoic acid	271.23			[M-H]-	-												190295.3315	437471.809	421404.9505	394572.5385	401778.992	248900.9005	416644.8235	508137.3715	433142.2755	250672.8585	191385.2225	594412.556	113822.361	314122.3205	244265.37	241967.4245	203744.6945	162216.694	97144.3405	162986.5065	141831.1395	287908	331033.121	307134.513	221827.579	358994.519	359094.927	296384.9055	478309.958	369565.0905	274317.027	209238.0235	298648.8575	68375.318	194354.2555	326082.281	468780.7315	411397.908	339199.5555	245574.0965	387916.757	296051.3505	383154.574	333559.198	300947.018	125360.088	366629.921	351858.5655	344882.006	332562.8645	440952.138
Hmpp0004	C10H17N3O6			Glu-Gln	274.1			[M-H]-	-												46156.3755	96431.2955	95643.5495	58369.464	50374.315	34392.376	25712.39	41737.378	71983.1005	72548.1325	71114.295	144262.9935	54246.34	55935.9715	102815.1535	15107.6585	47112.585	66241.0385	70863.4955	30547.7235	36628.055	74430.881	26603.501	67053.347	128935.7415	16002.2555	42038.4375	84405.0665	91539.473	53584.2275	59220.024	29535.341	104724.92	35143.8435	25740.381	60097.6435	60800.549	94512.198	116884.003	123968.483	58076.539	60726.9285	47337.7895	83215.694	45700.7455	36502.8925	87580.5255	73784.6425	75163.2605	64162.4005	20715.791
Hmpp0004	C10H17N3O6			¦Ã-Glu-Gln	274.1			[M-H]-	-												46156.3755	96431.2955	95643.5495	58369.464	50374.315	34392.376	25712.39	41737.378	71983.1005	72548.1325	71114.295	144262.9935	54246.34	55935.9715	102815.1535	15107.6585	47112.585	66241.0385	70863.4955	30547.7235	36628.055	74430.881	26603.501	67053.347	128935.7415	16002.2555	42038.4375	84405.0665	91539.473	53584.2275	59220.024	29535.341	104724.92	35143.8435	25740.381	60097.6435	60800.549	94512.198	116884.003	123968.483	58076.539	60726.9285	47337.7895	83215.694	45700.7455	36502.8925	87580.5255	73784.6425	75163.2605	64162.4005	20715.791
Hmpp0004	C18H30O2			FFA(18:3)	277.22			[M-H]-	-												143726.244	111795.363	156370.0285	116609.791	121621.9655	144990.2355	122140.225	156464.4455	224450.7765	129366.392	122726.236	142980.8255	135358.3195	134945.276	113142.189	108975.256	129278.48	153003.1725	183496.169	175469.0075	112116.7085	133791.898	140979.405	131633.176	144241.688	136747.195	105033.2635	132483.4005	141446.6215	113178.97	130125.381	102959.2305	100395.067	108614.305	128292.069	139704.677	121909.064	108606.224	138980.116	131376.795	134069.8295	168884.841	133782.7575	106351.877	145476.2025	105236.639	125575.307	129321.644	100287.731	90618.339	113267.141
Hmpp0004	C18H30O2			Pinolenic acid	277.22			[M-H]-	-												143726.244	111795.363	156370.0285	116609.791	121621.9655	144990.2355	122140.225	156464.4455	224450.7765	129366.392	122726.236	142980.8255	135358.3195	134945.276	113142.189	108975.256	129278.48	153003.1725	183496.169	175469.0075	112116.7085	133791.898	140979.405	131633.176	144241.688	136747.195	105033.2635	132483.4005	141446.6215	113178.97	130125.381	102959.2305	100395.067	108614.305	128292.069	139704.677	121909.064	108606.224	138980.116	131376.795	134069.8295	168884.841	133782.7575	106351.877	145476.2025	105236.639	125575.307	129321.644	100287.731	90618.339	113267.141
Hmpp0004	C12H22O11			Maltose	341.11			[M-H]-	-												570944.4255	393754.8265	645866.7645	370964.4715	524527.1075	581629.907	511696.2825	3063718.224	486715.1855	511254.2145	743251.4315	544742.6645	494454.9855	926362.2945	392126.941	291665.8885	412046.838	592131.5295	348181.558	473851.4935	403045.1115	383351.5415	443956.544	462915.147	573672.6255	836512.6285	675547.631	440553.7035	811392.747	659681.4075	414865.857	362015.3265	419657.464	339874.9925	729883.673	703781.1665	448257.0225	919382.523	364260.9905	608842.311	418279.8125	340806.1205	437536.705	401353.083	704941.5855	744595.028	407454.8165	426592.9595	410953.583	485461.9	468932.408
Hmpp0004	C12H22O11			Lactose	341.11			[M-H]-	-												570944.4255	393754.8265	645866.7645	370964.4715	524527.1075	581629.907	511696.2825	3063718.224	486715.1855	511254.2145	743251.4315	544742.6645	494454.9855	926362.2945	392126.941	291665.8885	412046.838	592131.5295	348181.558	473851.4935	403045.1115	383351.5415	443956.544	462915.147	573672.6255	836512.6285	675547.631	440553.7035	811392.747	659681.4075	414865.857	362015.3265	419657.464	339874.9925	729883.673	703781.1665	448257.0225	919382.523	364260.9905	608842.311	418279.8125	340806.1205	437536.705	401353.083	704941.5855	744595.028	407454.8165	426592.9595	410953.583	485461.9	468932.408
Hmpp0004	C12H22O11			Lactulose	341.11			[M-H]-	-												570944.4255	393754.8265	645866.7645	370964.4715	524527.1075	581629.907	511696.2825	3063718.224	486715.1855	511254.2145	743251.4315	544742.6645	494454.9855	926362.2945	392126.941	291665.8885	412046.838	592131.5295	348181.558	473851.4935	403045.1115	383351.5415	443956.544	462915.147	573672.6255	836512.6285	675547.631	440553.7035	811392.747	659681.4075	414865.857	362015.3265	419657.464	339874.9925	729883.673	703781.1665	448257.0225	919382.523	364260.9905	608842.311	418279.8125	340806.1205	437536.705	401353.083	704941.5855	744595.028	407454.8165	426592.9595	410953.583	485461.9	468932.408
Hmpp0004	C12H22O11			Trehalose	341.11			[M-H]-	-												570944.4255	393754.8265	645866.7645	370964.4715	524527.1075	581629.907	511696.2825	3063718.224	486715.1855	511254.2145	743251.4315	544742.6645	494454.9855	926362.2945	392126.941	291665.8885	412046.838	592131.5295	348181.558	473851.4935	403045.1115	383351.5415	443956.544	462915.147	573672.6255	836512.6285	675547.631	440553.7035	811392.747	659681.4075	414865.857	362015.3265	419657.464	339874.9925	729883.673	703781.1665	448257.0225	919382.523	364260.9905	608842.311	418279.8125	340806.1205	437536.705	401353.083	704941.5855	744595.028	407454.8165	426592.9595	410953.583	485461.9	468932.408
Hmpp0004	C4H8O3			3-Hydroxybutanoic acid	103.04			[M-H]-	-												2031341.183	11586606.97	11751337.9	4671985.201	3354653.959	11027293.3	1230913.622	12807552.72	35085272.94	2200419.236	8525638.235	66754117.33	1383585.963	6136252.198	518896.611	1852262.67	20014183.18	1773244.881	518535.2115	3600021.209	4030990.753	7064031.812	860101.9125	23313004.98	1592138.189	831297.1215	418313.166	21662704.32	1221673.278	1218151.099	702405.257	1066880.295	6343630.392	1530572.786	4661152.79	4540747.428	19681332.05	51617094.31	7032367.48	15659830.27	66477958.99	18208999.55	8072300.742	6074926.129	2722161.537	13291702.13	15214975.53	13014350.4	13948313.46	12455299.28	13958928.59
Hmpp0004	C4H8O3			2-Hydroxybutanoic Acid	103.04			[M-H]-	-												2031341.183	11586606.97	11751337.9	4671985.201	3354653.959	11027293.3	1230913.622	12807552.72	35085272.94	2200419.236	8525638.235	66754117.33	1383585.963	6136252.198	518896.611	1852262.67	20014183.18	1773244.881	518535.2115	3600021.209	4030990.753	7064031.812	860101.9125	23313004.98	1592138.189	831297.1215	418313.166	21662704.32	1221673.278	1218151.099	702405.257	1066880.295	6343630.392	1530572.786	4661152.79	4540747.428	19681332.05	51617094.31	7032367.48	15659830.27	66477958.99	18208999.55	8072300.742	6074926.129	2722161.537	13291702.13	15214975.53	13014350.4	13948313.46	12455299.28	13958928.59
Hmpp0004	C4H9NO3			L-Allothreonine	118.05			[M-H]-	-												797964.432	644467.9825	666795.436	785437.7545	1098377.517	390005.165	789972.0135	1518477.651	1803586.451	722572.7735	474811.8215	1221291.105	557485.0855	718475.7435	570059.9625	309949.843	317379.4595	517006.7605	141567.4035	322264.0105	369774.9665	485199.845	409642.722	704670.718	228599.5245	541203.252	868328.4395	451873.425	646671.17	670721.986	683790.146	711390.928	948825.0235	817090.245	1066002.164	1287540.614	490335.785	716658.418	819435.581	1166703.357	314209.043	579504.5	845576.1175	832516.5645	785258.36	986080.1775	658512.9085	690601.283	667335.7065	691120.868	1280052.834
Hmpp0004	C4H9NO3			L-Homoserine	118.05			[M-H]-	-												797964.432	644467.9825	666795.436	785437.7545	1098377.517	390005.165	789972.0135	1518477.651	1803586.451	722572.7735	474811.8215	1221291.105	557485.0855	718475.7435	570059.9625	309949.843	317379.4595	517006.7605	141567.4035	322264.0105	369774.9665	485199.845	409642.722	704670.718	228599.5245	541203.252	868328.4395	451873.425	646671.17	670721.986	683790.146	711390.928	948825.0235	817090.245	1066002.164	1287540.614	490335.785	716658.418	819435.581	1166703.357	314209.043	579504.5	845576.1175	832516.5645	785258.36	986080.1775	658512.9085	690601.283	667335.7065	691120.868	1280052.834
Hmpp0004	C4H9NO3			L-Threonine	118.05			[M-H]-	-												797964.432	644467.9825	666795.436	785437.7545	1098377.517	390005.165	789972.0135	1518477.651	1803586.451	722572.7735	474811.8215	1221291.105	557485.0855	718475.7435	570059.9625	309949.843	317379.4595	517006.7605	141567.4035	322264.0105	369774.9665	485199.845	409642.722	704670.718	228599.5245	541203.252	868328.4395	451873.425	646671.17	670721.986	683790.146	711390.928	948825.0235	817090.245	1066002.164	1287540.614	490335.785	716658.418	819435.581	1166703.357	314209.043	579504.5	845576.1175	832516.5645	785258.36	986080.1775	658512.9085	690601.283	667335.7065	691120.868	1280052.834
Hmpp0004	C9H7NO			Indole-4-carboxaldehyde	144.05			[M-H]-	-												193920.5075	667690.689	574564.413	233253.4555	65460.0425	11467.4585	78280.5825	20172.167	23612.6355	117599.9605	64879.346	65150.047	91209.69	38501.5555	244581.9365	118806.7055	12283.5315	138511.3175	143278.77	205725.849	200589.138	240155.438	29012.8275	46247.2095	147857.1495	35432.5925	188642.0635	20702.6255	144960.916	146954.5515	368787.984	331397.482	86265.0395	314215.472	536786.923	157794.1995	46420.7385	229796.8275	76590.5085	151726.4715	94003.2585	52726.639	112026.272	205232.7945	120780.8675	115042.2305	148043.16	144447.338	114625.059	136711.167	115498.2425
Hmpp0004	C8H8O3			3-Hydroxyphenylacetic acid	151.04			[M-H]-	-												36953.9405	491929.7745	464716.5875	501975.837	99406.7085	231328.7015	251920.2235	227830.3745	108868.5415	70197.5615	140713.4405	4099405.108	1299493.88	224096.632	502815.019	728419.3925	N/A	481322.8735	1063218.918	748339.396	729962.0605	6080452.944	1161340.546	983983.3125	2708879.84	1023874.944	1174975.529	274274.604	1264143.312	1058101.951	269489.2805	312705.635	712057.172	294496.786	2037215.963	329903.5305	430705.781	376993.125	423457.692	387784.265	526285.6455	352165.8575	381879.7315	277422.0265	310838.351	740637.6895	776360.0465	829061.0325	788274.057	779072.0005	740478.1355
Hmpp0004	C8H8O3			P¨CHydroxyphenyl Acetic Acid	151.04			[M-H]-	-												36953.9405	491929.7745	464716.5875	501975.837	99406.7085	231328.7015	251920.2235	227830.3745	108868.5415	70197.5615	140713.4405	4099405.108	1299493.88	224096.632	502815.019	728419.3925	N/A	481322.8735	1063218.918	748339.396	729962.0605	6080452.944	1161340.546	983983.3125	2708879.84	1023874.944	1174975.529	274274.604	1264143.312	1058101.951	269489.2805	312705.635	712057.172	294496.786	2037215.963	329903.5305	430705.781	376993.125	423457.692	387784.265	526285.6455	352165.8575	381879.7315	277422.0265	310838.351	740637.6895	776360.0465	829061.0325	788274.057	779072.0005	740478.1355
Hmpp0004	C8H8O3			Mandelic Acid	151.04			[M-H]-	-												36953.9405	491929.7745	464716.5875	501975.837	99406.7085	231328.7015	251920.2235	227830.3745	108868.5415	70197.5615	140713.4405	4099405.108	1299493.88	224096.632	502815.019	728419.3925	N/A	481322.8735	1063218.918	748339.396	729962.0605	6080452.944	1161340.546	983983.3125	2708879.84	1023874.944	1174975.529	274274.604	1264143.312	1058101.951	269489.2805	312705.635	712057.172	294496.786	2037215.963	329903.5305	430705.781	376993.125	423457.692	387784.265	526285.6455	352165.8575	381879.7315	277422.0265	310838.351	740637.6895	776360.0465	829061.0325	788274.057	779072.0005	740478.1355
Hmpp0004	C24H40O3			Lithocholic acid	375.29			[M-H]-	-												3871653.975	1761935.761	2378318.017	4358969.577	2050326.216	1618757.447	698579.346	3016751.928	2139534.096	1126000.914	2245885.039	3281575.627	2208827.667	1092318.039	826788.7455	1519548.768	1978689.049	1980814.552	1715603.96	1916121.563	1794450.647	1492481.071	1360101.561	2978270.806	3583309.53	1378466.529	1787643.405	1692343.563	3315223.187	2293523.556	1677430.878	5699638.397	4240857.808	1726005.052	2308937.953	2464475.958	3382757.07	4337812.818	1780871.035	1841509.538	5204041.745	5752982.114	1489221.563	2065806.526	2462788.267	890870.9485	897158.5955	894107.933	1074150.542	1006988.511	845150.0055
Hmpp0004	C24H40O3			Isolithocholic acid	375.29			[M-H]-	-												3871653.975	1761935.761	2378318.017	4358969.577	2050326.216	1618757.447	698579.346	3016751.928	2139534.096	1126000.914	2245885.039	3281575.627	2208827.667	1092318.039	826788.7455	1519548.768	1978689.049	1980814.552	1715603.96	1916121.563	1794450.647	1492481.071	1360101.561	2978270.806	3583309.53	1378466.529	1787643.405	1692343.563	3315223.187	2293523.556	1677430.878	5699638.397	4240857.808	1726005.052	2308937.953	2464475.958	3382757.07	4337812.818	1780871.035	1841509.538	5204041.745	5752982.114	1489221.563	2065806.526	2462788.267	890870.9485	897158.5955	894107.933	1074150.542	1006988.511	845150.0055
Hmpp0004	C24H38O4			Apocholic acid	389.27			[M-H]-	-												N/A	N/A	N/A	3657172.723	N/A	N/A	N/A	N/A	N/A	N/A	N/A	N/A	8546270.736	N/A	N/A	1108564.476	N/A	N/A	N/A	N/A	N/A	123093.084	N/A	N/A	N/A	N/A	N/A	N/A	N/A	N/A	N/A	45608.584	369072.9485	N/A	61591.458	N/A	93961.139	67393.528	409255.892	40808.283	183076.659	60290.541	12225.3045	196261.8365	501586.678	274058.518	295500.05	325877.031	335749.726	257405.2505	290831.692
Hmpp0004	C24H38O4			7-ketolithocholic acid	389.27			[M-H]-	-												N/A	N/A	N/A	3657172.723	N/A	N/A	N/A	N/A	N/A	N/A	N/A	N/A	8546270.736	N/A	N/A	1108564.476	N/A	N/A	N/A	N/A	N/A	123093.084	N/A	N/A	N/A	N/A	N/A	N/A	N/A	N/A	N/A	45608.584	369072.9485	N/A	61591.458	N/A	93961.139	67393.528	409255.892	40808.283	183076.659	60290.541	12225.3045	196261.8365	501586.678	274058.518	295500.05	325877.031	335749.726	257405.2505	290831.692
Hmpp0004	C24H38O4			12-ketolithocholic acid	389.27			[M-H]-	-												N/A	N/A	N/A	3657172.723	N/A	N/A	N/A	N/A	N/A	N/A	N/A	N/A	8546270.736	N/A	N/A	1108564.476	N/A	N/A	N/A	N/A	N/A	123093.084	N/A	N/A	N/A	N/A	N/A	N/A	N/A	N/A	N/A	45608.584	369072.9485	N/A	61591.458	N/A	93961.139	67393.528	409255.892	40808.283	183076.659	60290.541	12225.3045	196261.8365	501586.678	274058.518	295500.05	325877.031	335749.726	257405.2505	290831.692
Hmpp0004	C24H40O5			Gamma-Mercholic Acid	407.28			[M-H]-	-												1881465.911	1604858.265	1719141.328	310065649.7	2517973.499	1794476.404	2394924.776	1415458.068	2117355.796	2785276.501	3953541.496	1841832.902	6094512.483	3154039.257	2839693.776	5157937.825	1721602.454	1485504.544	2266130.083	3561905.45	3996830.191	2222703.809	1809234.822	8574704.859	5123910.488	2258838.505	4286719.488	3250923.415	3776085.02	4008247.584	3052607.201	2717583.044	9013930.475	3607718.332	2799139.404	2033572.061	3677082.879	2515213.089	7089138.457	3089483.303	3824310.524	3405985.756	1525758.632	3603305.451	2271313.882	19477079.9	19810646.95	24032949.62	19539239.64	18014253.27	20670579.13
Hmpp0004	C24H40O5			Cholic acid	407.28			[M-H]-	-												1881465.911	1604858.265	1719141.328	310065649.7	2517973.499	1794476.404	2394924.776	1415458.068	2117355.796	2785276.501	3953541.496	1841832.902	6094512.483	3154039.257	2839693.776	5157937.825	1721602.454	1485504.544	2266130.083	3561905.45	3996830.191	2222703.809	1809234.822	8574704.859	5123910.488	2258838.505	4286719.488	3250923.415	3776085.02	4008247.584	3052607.201	2717583.044	9013930.475	3607718.332	2799139.404	2033572.061	3677082.879	2515213.089	7089138.457	3089483.303	3824310.524	3405985.756	1525758.632	3603305.451	2271313.882	19477079.9	19810646.95	24032949.62	19539239.64	18014253.27	20670579.13
Hmpp0004	C26H43NO5			Glycoursodeoxycholic Acid	448.31			[M-H]-	-												3051853.28	33271.6235	18928.444	227512.4685	31400520.79	60829903.2	236504.1825	13680372.14	4850485.655	20310211.88	1581825.542	18823.0135	818033.6435	25084997.14	355976.5325	5112748.086	23126626.62	1399332.783	111330.778	251212.6795	264242.5125	9750.813	22622.8025	10285.0155	1225787.517	15851.675	241651.0695	16843759.64	257082.9765	178467.245	255285.4095	263605.894	8427992.935	272713.914	79195.3475	11991.824	670774.8675	2169716.465	7976654.717	101961.524	1169456.268	601951.493	18524.304	2063403.215	11947755.98	7369625.262	7258816.031	6464958.789	6914115.791	6514864.501	7070147.98
Hmpp0004	C26H43NO5			Glycohyodeoxycholic acid	448.31			[M-H]-	-												3051853.28	33271.6235	18928.444	227512.4685	31400520.79	60829903.2	236504.1825	13680372.14	4850485.655	20310211.88	1581825.542	18823.0135	818033.6435	25084997.14	355976.5325	5112748.086	23126626.62	1399332.783	111330.778	251212.6795	264242.5125	9750.813	22622.8025	10285.0155	1225787.517	15851.675	241651.0695	16843759.64	257082.9765	178467.245	255285.4095	263605.894	8427992.935	272713.914	79195.3475	11991.824	670774.8675	2169716.465	7976654.717	101961.524	1169456.268	601951.493	18524.304	2063403.215	11947755.98	7369625.262	7258816.031	6464958.789	6914115.791	6514864.501	7070147.98
Hmpp0004	C3H9NO			1-Aminopropan-2-ol	76.08			[M+H]+	-												N/A	119398.514	115100.477	65913.22	12964.287	7458.303	101509.4795	20611.105	N/A	11343.1435	14622.5845	496512.413	40009.8665	71168.8255	3368201.72	1196768.418	N/A	206183.2695	11901.207	42061.719	107204.639	42998.214	19774.276	585343.465	68088.027	37792.3485	2162710.1	354989.669	1585378.473	1045781.631	55099.9135	41872.358	8519.7055	37683.6615	2468841.686	3270.968	43899.155	20624.9575	11386.267	120203.499	37834.983	19164.1795	N/A	348800.4015	25931.0045	509940.688	632202.072	635077.8925	268839.052	598291.1005	110585.648
Hmpp0004	C3H9NO			Trimethylamine-N-Oxide	76.08			[M+H]+	-												N/A	119398.514	115100.477	65913.22	12964.287	7458.303	101509.4795	20611.105	N/A	11343.1435	14622.5845	496512.413	40009.8665	71168.8255	3368201.72	1196768.418	N/A	206183.2695	11901.207	42061.719	107204.639	42998.214	19774.276	585343.465	68088.027	37792.3485	2162710.1	354989.669	1585378.473	1045781.631	55099.9135	41872.358	8519.7055	37683.6615	2468841.686	3270.968	43899.155	20624.9575	11386.267	120203.499	37834.983	19164.1795	N/A	348800.4015	25931.0045	509940.688	632202.072	635077.8925	268839.052	598291.1005	110585.648
Hmpp0004	C3H7NO2			L-Alanine	90.05			[M+H]+	-												2537648.055	2812014.159	1238730.994	3042764.852	3117113.688	574994.316	1259702.846	1633622.502	1098972.498	3571455.235	1563912.608	1818177.697	1654636.999	1565497.582	575210.982	2191219.293	544178.565	827744.5205	1210207.037	1016856.822	890166.005	1787457.172	1092201.06	950994.61	900183.2065	1857858.902	989857.333	731364.9845	2492800.548	2309835.363	1227802.038	2398124.316	810877.3745	3984364.17	2360259.135	1393751.337	758449.499	2004013.726	1016208.123	1338049.307	1266104.589	1413041.106	1777434.175	773815.7195	1982950.992	685352.913	841001.2765	802370.701	1954462.901	828107.356	894182.863
Hmpp0004	C3H7NO2			Sarcosine	90.05			[M+H]+	-												2537648.055	2812014.159	1238730.994	3042764.852	3117113.688	574994.316	1259702.846	1633622.502	1098972.498	3571455.235	1563912.608	1818177.697	1654636.999	1565497.582	575210.982	2191219.293	544178.565	827744.5205	1210207.037	1016856.822	890166.005	1787457.172	1092201.06	950994.61	900183.2065	1857858.902	989857.333	731364.9845	2492800.548	2309835.363	1227802.038	2398124.316	810877.3745	3984364.17	2360259.135	1393751.337	758449.499	2004013.726	1016208.123	1338049.307	1266104.589	1413041.106	1777434.175	773815.7195	1982950.992	685352.913	841001.2765	802370.701	1954462.901	828107.356	894182.863
Hmpp0004	C3H5NO3			N-Formylglycine	104.03			[M+H]+	-												2011012.165	2100671.607	1973793.185	4065531.464	1648435.54	2473633.743	2328204.726	3559176.563	2858482.967	1662485.832	1230754.255	1477659.248	2331959.615	1897111.687	2845794.474	2101192.741	1344900.469	2707504.81	2749050.823	1508885.758	1629812.959	2094804.305	2325891.37	2497538.669	3931031.627	2983468.026	1977840.038	1527710.867	2000849.055	1940582.382	2761540.811	2754721.795	1753550.144	2943964.581	4143072.477	2513721.982	2576359.531	3367153.904	1506440.691	3492027.036	2457424.442	2412033.297	2288109.171	2410252.373	2041288.158	2563986.317	2556414.794	2486938.322	2674245.203	2405672.387	2788251.666
Hmpp0004	C4H9NO2			N-Methylalanine	104.07			[M+H]+	-												2011012.165	2100671.607	1973793.185	4065531.464	1648435.54	2473633.743	2328204.726	3559176.563	2858482.967	1662485.832	1230754.255	1477659.248	2331959.615	1897111.687	2845794.474	2101192.741	1344900.469	2707504.81	2749050.823	1508885.758	1629812.959	2094804.305	2325891.37	2497538.669	3931031.627	2983468.026	1977840.038	1527710.867	2000849.055	1940582.382	2761540.811	2754721.795	1753550.144	2943964.581	4143072.477	2513721.982	2576359.531	3367153.904	1506440.691	3492027.036	2457424.442	2412033.297	2288109.171	2410252.373	2041288.158	2563986.317	2556414.794	2486938.322	2674245.203	2405672.387	2788251.666
Hmpp0004	C4H9NO2			N-Ethylglycine	104.07			[M+H]+	-												2011012.165	2100671.607	1973793.185	4065531.464	1648435.54	2473633.743	2328204.726	3559176.563	2858482.967	1662485.832	1230754.255	1477659.248	2331959.615	1897111.687	2845794.474	2101192.741	1344900.469	2707504.81	2749050.823	1508885.758	1629812.959	2094804.305	2325891.37	2497538.669	3931031.627	2983468.026	1977840.038	1527710.867	2000849.055	1940582.382	2761540.811	2754721.795	1753550.144	2943964.581	4143072.477	2513721.982	2576359.531	3367153.904	1506440.691	3492027.036	2457424.442	2412033.297	2288109.171	2410252.373	2041288.158	2563986.317	2556414.794	2486938.322	2674245.203	2405672.387	2788251.666
Hmpp0004	C6H7NO			Phenylhydroxylamine	110.06			[M+H]+	-												1748291.909	2016295.295	1887485.32	1712633.652	1979593.748	996768.2855	1216400.57	1395063.036	1919630.181	1995830.713	1057673.716	1489817.963	1321758.846	980538.409	1632674.591	967301.106	1010323.351	1007704.372	1067470.773	880501.179	809745.2385	1673673.047	1480468.246	1612426.972	1124015.11	1401961.919	1601521.851	952027.033	1794698.666	1759486.371	1879646.462	2393399.724	1724831.945	1952950.881	1343715.435	1587847.959	1688505.363	2405400.425	1839261.199	2510428.623	1671637.022	1843291.943	1496203.756	1808836.699	2034151.922	1474627.82	1555679.101	1670105.691	1565930.615	1565428.166	1515577.261
Hmpp0004	C6H7NO			4-Aminophenol	110.06			[M+H]+	-												1748291.909	2016295.295	1887485.32	1712633.652	1979593.748	996768.2855	1216400.57	1395063.036	1919630.181	1995830.713	1057673.716	1489817.963	1321758.846	980538.409	1632674.591	967301.106	1010323.351	1007704.372	1067470.773	880501.179	809745.2385	1673673.047	1480468.246	1612426.972	1124015.11	1401961.919	1601521.851	952027.033	1794698.666	1759486.371	1879646.462	2393399.724	1724831.945	1952950.881	1343715.435	1587847.959	1688505.363	2405400.425	1839261.199	2510428.623	1671637.022	1843291.943	1496203.756	1808836.699	2034151.922	1474627.82	1555679.101	1670105.691	1565930.615	1565428.166	1515577.261
Hmpp0004	C5H9NO2			1-Aminocyclobutanecarboxylic acid	116.07			[M+H]+	-												37770894.82	30296966.34	30272607.28	24402672.51	24303980.01	12435449.71	20073267.72	27669584.85	53978003.79	27942845.91	18952113.18	60612336.31	26976587.38	16517113.33	35824665.11	8574129.729	12829160.97	31105964.17	9660726.235	16361077.36	17498686.44	55317640.57	28276735.74	23936609.76	25591464.04	29675233.88	38805258.84	15850298.75	33896886.95	37437599.8	31191202.28	28097991.18	26334276.52	29127328.93	29768128	28573765.79	19557439.95	27669564.95	21849763.69	30209523.1	18340872.05	19780642.39	27973412.6	26295743.99	29832977.95	30816431.21	30317775.84	28531724.84	28766797.29	31328213.97	29088169.72
Hmpp0004	C5H9NO2			L-Proline	116.07			[M+H]+	-												37770894.82	30296966.34	30272607.28	24402672.51	24303980.01	12435449.71	20073267.72	27669584.85	53978003.79	27942845.91	18952113.18	60612336.31	26976587.38	16517113.33	35824665.11	8574129.729	12829160.97	31105964.17	9660726.235	16361077.36	17498686.44	55317640.57	28276735.74	23936609.76	25591464.04	29675233.88	38805258.84	15850298.75	33896886.95	37437599.8	31191202.28	28097991.18	26334276.52	29127328.93	29768128	28573765.79	19557439.95	27669564.95	21849763.69	30209523.1	18340872.05	19780642.39	27973412.6	26295743.99	29832977.95	30816431.21	30317775.84	28531724.84	28766797.29	31328213.97	29088169.72
Hmpp0004	C5H11NO2			L-Norvaline	118.09			[M+H]+	-												55038129.4	56877659.26	54085152.36	43471066.41	55947313.16	47056964.39	37290659.77	44070128.21	87752777.27	41443795.17	30768262.25	34356884.96	45271737.8	37868176.33	18108134.19	21648567.26	45034517.17	35120122.72	16751925.84	35816758.92	35717028.7	46141147.23	27114219.09	22235759.81	36995896.71	26485235.48	37319366.4	41009267.5	35937272.02	34712909.58	44971505.41	43329667.36	47037317.46	42646410.06	17964673.21	43884525.16	76902314.6	62042651.57	42996730.01	78295236.53	62783738.6	66535861.08	45259691.69	38899102.76	41772279.21	44304272.47	49939947.31	47042281.79	41406164.22	49460077.88	46851239.68
Hmpp0004	C5H11NO2			L-Valine	118.09			[M+H]+	-												55038129.4	56877659.26	54085152.36	43471066.41	55947313.16	47056964.39	37290659.77	44070128.21	87752777.27	41443795.17	30768262.25	34356884.96	45271737.8	37868176.33	18108134.19	21648567.26	45034517.17	35120122.72	16751925.84	35816758.92	35717028.7	46141147.23	27114219.09	22235759.81	36995896.71	26485235.48	37319366.4	41009267.5	35937272.02	34712909.58	44971505.41	43329667.36	47037317.46	42646410.06	17964673.21	43884525.16	76902314.6	62042651.57	42996730.01	78295236.53	62783738.6	66535861.08	45259691.69	38899102.76	41772279.21	44304272.47	49939947.31	47042281.79	41406164.22	49460077.88	46851239.68
Hmpp0004	C8H11NO			1-Hydroxylamino-2-phenylethane	120.08			[M-H2O+H]+	-												2411765.768	2735747.683	2526721.844	5256901.88	3543011.567	4368662.849	2931139.372	9123475.451	4315100.193	2701157.173	1908722.192	6397809.102	2267338.494	3235243.646	2428680.037	2783950.153	2805565.341	2626208.305	2024269.42	2164957.531	2388044.093	2580312.672	2719087.251	3389275.804	3829956.164	2794374.825	3100831.741	2902016.492	2938992.611	3220224.329	2432045.198	2457510.198	3050973.082	2257807.763	2203150.469	1672891.299	3232492.276	2085972.138	2834514.388	3218867.851	2663068.23	2900633.768	2511244.594	2644768.634	2585066.889	3245165.942	3335744.052	3488048.774	3244370.917	2717603.198	3106718.215
Hmpp0004	C8H11NO			(R)-(-)-2-Phenylglycinol	120.08			[M-H2O+H]+	-												2411765.768	2735747.683	2526721.844	5256901.88	3543011.567	4368662.849	2931139.372	9123475.451	4315100.193	2701157.173	1908722.192	6397809.102	2267338.494	3235243.646	2428680.037	2783950.153	2805565.341	2626208.305	2024269.42	2164957.531	2388044.093	2580312.672	2719087.251	3389275.804	3829956.164	2794374.825	3100831.741	2902016.492	2938992.611	3220224.329	2432045.198	2457510.198	3050973.082	2257807.763	2203150.469	1672891.299	3232492.276	2085972.138	2834514.388	3218867.851	2663068.23	2900633.768	2511244.594	2644768.634	2585066.889	3245165.942	3335744.052	3488048.774	3244370.917	2717603.198	3106718.215
Hmpp0004	C6H13NO2			L-Norleucine	132.1			[M+H]+	-												1000527.315	998348.6335	1176055.281	863225.6035	754022.1645	831965.779	711201.8515	631188.938	1265565.208	550693.1275	701019.62	766820.8555	852048.258	625401.4095	285580.795	325180.6175	502435.0475	634359.0295	325765.83	780858.0115	737938.8395	508564.938	374206.751	645630.0565	667854.744	389568.9265	648414.7345	591550.0425	684819.4375	698696.6255	791672.424	966908.2755	871828.344	863389.095	626994.1505	836364.98	1480793.488	1207508.233	810292.572	1453681.463	1256948.134	1158265.344	1003501.36	798519.536	850412.384	802706.049	854256.5895	806600.753	786749.2175	705771.3425	592017.1665
Hmpp0004	C6H13NO2			6-Aminocaproic Acid	132.1			[M+H]+	-												1000527.315	998348.6335	1176055.281	863225.6035	754022.1645	831965.779	711201.8515	631188.938	1265565.208	550693.1275	701019.62	766820.8555	852048.258	625401.4095	285580.795	325180.6175	502435.0475	634359.0295	325765.83	780858.0115	737938.8395	508564.938	374206.751	645630.0565	667854.744	389568.9265	648414.7345	591550.0425	684819.4375	698696.6255	791672.424	966908.2755	871828.344	863389.095	626994.1505	836364.98	1480793.488	1207508.233	810292.572	1453681.463	1256948.134	1158265.344	1003501.36	798519.536	850412.384	802706.049	854256.5895	806600.753	786749.2175	705771.3425	592017.1665
Hmpp0004	C7H13NO2			1-Methylpiperidine-2-carboxylic acid	144.1			[M+H]+	-												1597352.654	483939.652	398305.4935	928540.638	3428127.413	1600514.405	1697963.301	485519.847	922738.44	1848454.242	671621.996	914963.603	1181230.757	2277948.691	5132967.197	3056873.907	259540.81	1464711.509	613717.945	1360586.031	1425105.781	6352548.281	5933805.034	2211977.12	11942098.77	6166283.619	631769.106	797516.765	637235.6565	549542.5995	794314.518	726701.6885	1205703.355	836270.243	16763884.42	690311.97	500406.425	429155.831	1182667.218	279014.069	546967.915	488707.8425	1181542.383	724531.195	1456435.32	2815194.029	2457158.555	2200101.742	2447556.864	2463331.337	2894432.033
Hmpp0004	C7H13NO2			Cyclopentylglycine	144.1			[M+H]+	-												1597352.654	483939.652	398305.4935	928540.638	3428127.413	1600514.405	1697963.301	485519.847	922738.44	1848454.242	671621.996	914963.603	1181230.757	2277948.691	5132967.197	3056873.907	259540.81	1464711.509	613717.945	1360586.031	1425105.781	6352548.281	5933805.034	2211977.12	11942098.77	6166283.619	631769.106	797516.765	637235.6565	549542.5995	794314.518	726701.6885	1205703.355	836270.243	16763884.42	690311.97	500406.425	429155.831	1182667.218	279014.069	546967.915	488707.8425	1181542.383	724531.195	1456435.32	2815194.029	2457158.555	2200101.742	2447556.864	2463331.337	2894432.033
Hmpp0004	C5H9NO4			O-Acetyl-L-serine	148.06			[M+H]+	-												83423.704	77506.798	74131.107	93107.3545	118721.424	112546.438	99745.1765	133014.8535	84533.2705	122978.78	106228.4905	71955.8265	106413.0445	93212.1805	178407.942	120289.278	68734.296	125343.698	145689.4955	112636.699	149672.307	242311.833	219935.8895	89442.699	171414.209	210073.719	79190.419	82299.7105	55662.2485	73398.277	60431.43	75471.5245	82983.9105	83795.494	233761.5405	68892.9415	98568.8265	108403.867	66648.2765	93651.1035	101548.3975	74678.023	72817.31	74729.9235	72273.8535	114987.8535	93003.4335	108292.3705	135426.1215	104169.299	98447.207
Hmpp0004	C5H9NO4			N-Methyl-D-Aspartic Acid	148.06			[M+H]+	-												83423.704	77506.798	74131.107	93107.3545	118721.424	112546.438	99745.1765	133014.8535	84533.2705	122978.78	106228.4905	71955.8265	106413.0445	93212.1805	178407.942	120289.278	68734.296	125343.698	145689.4955	112636.699	149672.307	242311.833	219935.8895	89442.699	171414.209	210073.719	79190.419	82299.7105	55662.2485	73398.277	60431.43	75471.5245	82983.9105	83795.494	233761.5405	68892.9415	98568.8265	108403.867	66648.2765	93651.1035	101548.3975	74678.023	72817.31	74729.9235	72273.8535	114987.8535	93003.4335	108292.3705	135426.1215	104169.299	98447.207
Hmpp0004	C6H7N5			3-Methyladenine	150.08			[M+H]+	-												44079.983	49281.7465	61538.8285	37144.3895	38964.599	75356.995	27756.7595	62814.669	48586.6955	45316.0475	31400.7135	76363.343	57584.606	16992.2345	39546.76	30491.878	16105.475	35080.4635	92582.5365	37075.421	68726.7375	86272.004	50712.9335	47358.662	62624.7545	46667.6195	48581.2755	42505.5305	20260.3955	63907.215	12147.48	53948.411	35479.5815	41882.3295	30490.466	43669.7795	36313.244	55323.206	44109.0255	N/A	40717.421	50336.565	40553.2495	42396.5295	68947.8895	59192.082	45554.5405	59097.5635	56983.7935	40314.1215	52981.4885
Hmpp0004	C6H7N5			1-Methyladenine	150.08			[M+H]+	-												44079.983	49281.7465	61538.8285	37144.3895	38964.599	75356.995	27756.7595	62814.669	48586.6955	45316.0475	31400.7135	76363.343	57584.606	16992.2345	39546.76	30491.878	16105.475	35080.4635	92582.5365	37075.421	68726.7375	86272.004	50712.9335	47358.662	62624.7545	46667.6195	48581.2755	42505.5305	20260.3955	63907.215	12147.48	53948.411	35479.5815	41882.3295	30490.466	43669.7795	36313.244	55323.206	44109.0255	N/A	40717.421	50336.565	40553.2495	42396.5295	68947.8895	59192.082	45554.5405	59097.5635	56983.7935	40314.1215	52981.4885
Hmpp0004	C6H11NO4			L-2-Aminoadipic acid	162.08			[M+H]+	-												216784.2435	142030.6895	108715.832	212814.124	248661.4695	235635.015	248699.1655	190296.5455	146043.9305	128599.1645	220090.2695	109181.2335	136541.0075	258616.6755	120903.646	106874.4565	91424.638	145490.545	388669.796	148381.7205	146338.3245	221586.638	227303.7075	207814.304	353553.8475	N/A	65973.685	116967.973	82383.6595	70235.676	155615.1045	135292.671	67365.9885	122657.1785	118947.7615	124110.699	190785.709	207940.801	74541.607	179521.15	270159.885	158013.8695	159458.0315	129317.68	138230.0535	168617.707	190396.635	157281.8695	221203.9805	146947.1425	174548.1045
Hmpp0004	C6H11NO4			N-Methyl-L-Glutamate	162.08			[M+H]+	-												216784.2435	142030.6895	108715.832	212814.124	248661.4695	235635.015	248699.1655	190296.5455	146043.9305	128599.1645	220090.2695	109181.2335	136541.0075	258616.6755	120903.646	106874.4565	91424.638	145490.545	388669.796	148381.7205	146338.3245	221586.638	227303.7075	207814.304	353553.8475	N/A	65973.685	116967.973	82383.6595	70235.676	155615.1045	135292.671	67365.9885	122657.1785	118947.7615	124110.699	190785.709	207940.801	74541.607	179521.15	270159.885	158013.8695	159458.0315	129317.68	138230.0535	168617.707	190396.635	157281.8695	221203.9805	146947.1425	174548.1045
Hmpp0004	C6H7N5O			6-O-methylguanine	166.07			[M+H]+	-												744292.4915	798317.032	615723.7885	733330.853	621191.1015	456847.149	871251.37	442485.9435	861271.797	1599344.006	643363.583	917981.616	586919.1145	1347192.981	1813814.961	703797.637	342773.8995	1048762.172	871515.3815	588519.766	640317.4765	1421580.634	1097675.638	1306573.998	1832491.549	1418924.047	1475639.677	774398.4	1250331.588	952740.413	642904.7995	540032.08	875834.8375	791200.9225	1408688.53	730168.611	1239948.899	680594.4975	785706.578	696387.397	933637.6185	799801.6785	745618.0075	864535.165	1198971.577	1079759.114	1137165.396	1174329.026	765654.55	981564.908	800444.7065
Hmpp0004	C6H7N5O			7-Methylguanine	166.07			[M+H]+	-												744292.4915	798317.032	615723.7885	733330.853	621191.1015	456847.149	871251.37	442485.9435	861271.797	1599344.006	643363.583	917981.616	586919.1145	1347192.981	1813814.961	703797.637	342773.8995	1048762.172	871515.3815	588519.766	640317.4765	1421580.634	1097675.638	1306573.998	1832491.549	1418924.047	1475639.677	774398.4	1250331.588	952740.413	642904.7995	540032.08	875834.8375	791200.9225	1408688.53	730168.611	1239948.899	680594.4975	785706.578	696387.397	933637.6185	799801.6785	745618.0075	864535.165	1198971.577	1079759.114	1137165.396	1174329.026	765654.55	981564.908	800444.7065
Hmpp0004	C6H7N5O			1-Methylguanine	166.07			[M+H]+	-												744292.4915	798317.032	615723.7885	733330.853	621191.1015	456847.149	871251.37	442485.9435	861271.797	1599344.006	643363.583	917981.616	586919.1145	1347192.981	1813814.961	703797.637	342773.8995	1048762.172	871515.3815	588519.766	640317.4765	1421580.634	1097675.638	1306573.998	1832491.549	1418924.047	1475639.677	774398.4	1250331.588	952740.413	642904.7995	540032.08	875834.8375	791200.9225	1408688.53	730168.611	1239948.899	680594.4975	785706.578	696387.397	933637.6185	799801.6785	745618.0075	864535.165	1198971.577	1079759.114	1137165.396	1174329.026	765654.55	981564.908	800444.7065
Hmpp0004	C6H12O6			Mannose	181.07			[M+H]+	-												319989.2875	281671.6675	332872.4265	272885.296	338811.5145	224995.469	284248.1715	243564.094	220266.323	239419.358	291884.7265	235481.171	294722.2835	242027.183	231186.701	310857.466	285651.1175	387349.822	278914.1125	336173.017	232485.565	230305.9115	327632.929	245657.095	269501.2005	236892.973	259623.427	310881.4415	322840.452	188553.8395	381751.071	402878.4395	278777.6175	257794.371	317924.9515	362849.9535	336697.817	317412.7005	321024.537	502362.4875	348783.4075	245495.002	364492.2615	310301.2805	337939.787	253393.97	357420.571	363982.5195	315920.7325	227512.226	197497.4125
Hmpp0004	C6H12O6			Fructose	181.07			[M+H]+	-												319989.2875	281671.6675	332872.4265	272885.296	338811.5145	224995.469	284248.1715	243564.094	220266.323	239419.358	291884.7265	235481.171	294722.2835	242027.183	231186.701	310857.466	285651.1175	387349.822	278914.1125	336173.017	232485.565	230305.9115	327632.929	245657.095	269501.2005	236892.973	259623.427	310881.4415	322840.452	188553.8395	381751.071	402878.4395	278777.6175	257794.371	317924.9515	362849.9535	336697.817	317412.7005	321024.537	502362.4875	348783.4075	245495.002	364492.2615	310301.2805	337939.787	253393.97	357420.571	363982.5195	315920.7325	227512.226	197497.4125
Hmpp0004	C7H8N4O2			1,7-Dimethylxanthine	181.07			[M+H]+	-												8978016.275	6344.6225	N/A	N/A	53411.914	12104267.95	54129.102	538033.667	N/A	2916252.3	N/A	8518.184	6897.982	5115166.359	24165.9945	25653.2485	136522.145	28604.9265	64621.9405	453767.5785	484975.252	182154.93	3065.415	5092286.208	19152.8365	6571.508	5651.0525	1486068.12	5771.4715	8610.8695	376098.417	406810.4805	N/A	347940.694	731914.5135	N/A	29402.0305	N/A	N/A	6089.561	113964.8405	32476.2765	11265.967	4318.088	5277.932	948266.0375	904151.096	867565.539	867948.3585	998112.846	1018292.893
Hmpp0004	C7H8N4O2			Theophylline	181.07			[M+H]+	-												8978016.275	6344.6225	N/A	N/A	53411.914	12104267.95	54129.102	538033.667	N/A	2916252.3	N/A	8518.184	6897.982	5115166.359	24165.9945	25653.2485	136522.145	28604.9265	64621.9405	453767.5785	484975.252	182154.93	3065.415	5092286.208	19152.8365	6571.508	5651.0525	1486068.12	5771.4715	8610.8695	376098.417	406810.4805	N/A	347940.694	731914.5135	N/A	29402.0305	N/A	N/A	6089.561	113964.8405	32476.2765	11265.967	4318.088	5277.932	948266.0375	904151.096	867565.539	867948.3585	998112.846	1018292.893
Hmpp0004	C10H11NO3			3-Methylequuric acid	194.08			[M+H]+	-												N/A	N/A	N/A	N/A	N/A	53055.5445	N/A	86670.158	N/A	7564.6995	N/A	4344.353	N/A	14758.3525	18921.638	16749.028	1489.7045	14314.6405	151824.106	2065.8655	2114.5715	109081.2065	28496.012	3595.982	24037.5515	29936.691	2955.1405	N/A	1577.1135	N/A	11059.442	N/A	N/A	N/A	43676.102	3698.4075	N/A	N/A	N/A	N/A	N/A	N/A	N/A	N/A	N/A	20469.909	17672.3925	25007.88	29311.9515	22460.428	19646.1835
Hmpp0004	C10H11NO3			4-Methylhippuric Acid	194.08			[M+H]+	-												N/A	N/A	N/A	N/A	N/A	53055.5445	N/A	86670.158	N/A	7564.6995	N/A	4344.353	N/A	14758.3525	18921.638	16749.028	1489.7045	14314.6405	151824.106	2065.8655	2114.5715	109081.2065	28496.012	3595.982	24037.5515	29936.691	2955.1405	N/A	1577.1135	N/A	11059.442	N/A	N/A	N/A	43676.102	3698.4075	N/A	N/A	N/A	N/A	N/A	N/A	N/A	N/A	N/A	20469.909	17672.3925	25007.88	29311.9515	22460.428	19646.1835
Hmpp0004	C9H9NO4			3-Hydroxyhippuric Acid	196.06			[M+H]+	-												72873.427	434092.8675	497812.9845	19607.694	39740.457	147697.411	6959444.994	154281.16	164962.448	26904.5135	16895.28	80959.964	2234425.704	3286240.973	209426.0525	103488.366	14630.075	200797.6235	1249194.103	165332.6185	192001.904	1221448.349	111252.7875	31184.9725	173968.302	193217.5695	135573.649	11925.7395	143256.5635	121280.4585	76349.652	91775.153	52280.2615	97270.356	739654.647	10015.773	7975.074	31234.667	44918.039	37437.2235	17316.107	14711.0435	26235.565	26192.584	28334.007	384117.537	622832.5685	467688.921	602539.7995	405178.1035	361950.522
Hmpp0004	C7H13N3O4			Gly-Gln	204.1			[M+H]+	-												1284800.918	2516210.353	2189116.816	2053647.691	1646238.708	1056107.922	1678129.732	2106366.392	2734253.744	1619342.081	3159461.877	3590148.237	1025791.598	1203615.726	2837325.195	1663308.829	2225846.723	1460132.281	2166388.665	1655649.532	1549837.959	2383797.338	1956337.269	1144255.958	1041086.842	1905873.989	869325.7205	1738679.065	810775.808	1069709.571	1247991.997	1431882.743	2425132.862	1356516.332	1286366.584	1629350.418	1985089.139	3584919.91	2517327.498	1994684.517	3244359.757	2047951.455	2379595.602	2200882.838	1421546.28	1975143.161	1876622.045	1845911.692	2079658.552	1734620.642	1886393.467
Hmpp0004	C7H13N3O4			Gln-Gly	204.1			[M+H]+	-												1284800.918	2516210.353	2189116.816	2053647.691	1646238.708	1056107.922	1678129.732	2106366.392	2734253.744	1619342.081	3159461.877	3590148.237	1025791.598	1203615.726	2837325.195	1663308.829	2225846.723	1460132.281	2166388.665	1655649.532	1549837.959	2383797.338	1956337.269	1144255.958	1041086.842	1905873.989	869325.7205	1738679.065	810775.808	1069709.571	1247991.997	1431882.743	2425132.862	1356516.332	1286366.584	1629350.418	1985089.139	3584919.91	2517327.498	1994684.517	3244359.757	2047951.455	2379595.602	2200882.838	1421546.28	1975143.161	1876622.045	1845911.692	2079658.552	1734620.642	1886393.467
Hmpp0004	C7H12N2O5			Glu-Gly	205.08			[M+H]+	-												176512.084	149078.6205	185598.6355	361479.7585	128342.4425	162830.888	149381.808	141589.271	321233.56	218518.0725	192631.9005	217931.8935	149175.47	112458.2335	264424.7505	84621.1855	88948.1685	146225.565	152688.3725	108914.448	121880.771	249470.732	125433.068	233401.093	109831.7535	129539.1985	225574.171	116057.1975	184655.8045	229744.875	190075.297	219032.383	214334.7945	194091.6605	259516.677	210571.9045	255317.604	218449.5	253429.3155	133096.5385	162307.5185	296099.533	149480.2285	272598.388	159699.2495	199460.2615	239101.0945	178216.513	149219.409	204177.9295	250673.03
Hmpp0004	C7H12N2O5			Gly-Glu	205.08			[M+H]+	-												176512.084	149078.6205	185598.6355	361479.7585	128342.4425	162830.888	149381.808	141589.271	321233.56	218518.0725	192631.9005	217931.8935	149175.47	112458.2335	264424.7505	84621.1855	88948.1685	146225.565	152688.3725	108914.448	121880.771	249470.732	125433.068	233401.093	109831.7535	129539.1985	225574.171	116057.1975	184655.8045	229744.875	190075.297	219032.383	214334.7945	194091.6605	259516.677	210571.9045	255317.604	218449.5	253429.3155	133096.5385	162307.5185	296099.533	149480.2285	272598.388	159699.2495	199460.2615	239101.0945	178216.513	149219.409	204177.9295	250673.03
Hmpp0004	C9H19N3O3			Lys-Ala	218.15			[M+H]+	-												83588.6315	95824.1555	86259.996	134836.565	88276.822	62088.9245	98888.486	172265.9375	79731.456	100944.7005	58031.3635	N/A	72414.819	115639.104	213636.699	225960.076	39232.9595	233730.267	125973.268	101541.805	73703.6995	50474.8815	103805.1535	65243.0745	304203.967	97793.7765	102364.7975	19695.8915	45742.742	81691.1465	82998.779	98143.6265	90065.0045	104911.2955	104008.1175	50508.3905	90761.5575	62038.518	50047.9225	80279.279	59838.61	56843.748	79803.784	141461.8295	90827.267	109946.21	116933.6035	102784.034	95340.2855	99609.7065	132259.4125
Hmpp0004	C9H19N3O3			Ala-Lys	218.15			[M+H]+	-												83588.6315	95824.1555	86259.996	134836.565	88276.822	62088.9245	98888.486	172265.9375	79731.456	100944.7005	58031.3635	N/A	72414.819	115639.104	213636.699	225960.076	39232.9595	233730.267	125973.268	101541.805	73703.6995	50474.8815	103805.1535	65243.0745	304203.967	97793.7765	102364.7975	19695.8915	45742.742	81691.1465	82998.779	98143.6265	90065.0045	104911.2955	104008.1175	50508.3905	90761.5575	62038.518	50047.9225	80279.279	59838.61	56843.748	79803.784	141461.8295	90827.267	109946.21	116933.6035	102784.034	95340.2855	99609.7065	132259.4125
Hmpp0004	C11H22N2O3			Val-Ile	231.17			[M+H]+	-												45684.757	81292.917	83096.3325	87017.9215	21378.6765	19829.3215	33807.51	18940.0515	52351.9575	77458.4285	17112.149	21608.661	53803.81	38894.77	129170.8955	46797.916	29583.6695	30213.1705	58981.6375	52677.0355	25898.085	60082.1995	51429.101	41919.6775	15459.299	57822.5755	89058.0645	40495.332	89145.1245	102626.5485	212539.164	216816.75	36446.8015	190659.972	145325.841	171085.4555	35305.3135	117773.795	46709.205	114191.499	51370.7195	36020.6335	104181.0745	63079.721	46016.3205	78803.8595	52525.8255	75740.1795	59116.317	89978.017	89113.739
Hmpp0004	C11H22N2O3			Val-Leu	231.17			[M+H]+	-												45684.757	81292.917	83096.3325	87017.9215	21378.6765	19829.3215	33807.51	18940.0515	52351.9575	77458.4285	17112.149	21608.661	53803.81	38894.77	129170.8955	46797.916	29583.6695	30213.1705	58981.6375	52677.0355	25898.085	60082.1995	51429.101	41919.6775	15459.299	57822.5755	89058.0645	40495.332	89145.1245	102626.5485	212539.164	216816.75	36446.8015	190659.972	145325.841	171085.4555	35305.3135	117773.795	46709.205	114191.499	51370.7195	36020.6335	104181.0745	63079.721	46016.3205	78803.8595	52525.8255	75740.1795	59116.317	89978.017	89113.739
Hmpp0004	C10H20N2O4			Leu-Thr	233.15			[M+H]+	-												27321.86	42775.598	42153.419	26742.7425	25465.1445	32070.8325	34430.3185	19795.425	16438	41486.691	35013.616	23757.5165	21319.36	58211.1485	207825.039	135038.176	18730.047	20687.505	388624.333	42609.592	12849.1995	709857.5305	3858164.316	19319.149	65105.7425	3640662.482	23998.078	16604.2335	28770.173	43617.3375	61658.4075	51320.134	32063.0515	50234.9785	103506.817	47700.7085	30584.086	42096.7845	27596.635	40888.999	43963.5405	24143.392	23103.65	32443.146	22043.09	206820.178	233472.1835	205267.2965	218849.909	198690.0735	220778.4535
Hmpp0004	C10H20N2O4			Ile-Thr	233.15			[M+H]+	-												27321.86	42775.598	42153.419	26742.7425	25465.1445	32070.8325	34430.3185	19795.425	16438	41486.691	35013.616	23757.5165	21319.36	58211.1485	207825.039	135038.176	18730.047	20687.505	388624.333	42609.592	12849.1995	709857.5305	3858164.316	19319.149	65105.7425	3640662.482	23998.078	16604.2335	28770.173	43617.3375	61658.4075	51320.134	32063.0515	50234.9785	103506.817	47700.7085	30584.086	42096.7845	27596.635	40888.999	43963.5405	24143.392	23103.65	32443.146	22043.09	206820.178	233472.1835	205267.2965	218849.909	198690.0735	220778.4535
Hmpp0004	C14H16N2O2			Cyclo(Pro-Phe)	245.13			[M+H]+	-												37119.565	24799.793	22975.492	15964.939	158684.041	49652.1685	86576.8855	157670.589	19179.7375	153363.1235	17440.7945	63331.422	24156.4815	60891.304	30861.015	27271.8355	78400.747	147018.827	30493.505	26085.3475	28854.642	78238.8885	25086.394	192510.3285	75271.5875	27356.2195	37686.631	143412.846	40244.6025	46012.7425	13605.5345	16948.7295	10732.62	12709.0125	15087.326	189241.14	38639.638	15039.586	7119.353	20876.6825	56829.2775	20401.4265	32765.385	35567.435	77420.457	54517.399	45010.529	54822.2635	49102.34	44177.9625	57605.698
Hmpp0004	C14H16N2O2			Cyclo(Phe-Pro)	245.13			[M+H]+	-												37119.565	24799.793	22975.492	15964.939	158684.041	49652.1685	86576.8855	157670.589	19179.7375	153363.1235	17440.7945	63331.422	24156.4815	60891.304	30861.015	27271.8355	78400.747	147018.827	30493.505	26085.3475	28854.642	78238.8885	25086.394	192510.3285	75271.5875	27356.2195	37686.631	143412.846	40244.6025	46012.7425	13605.5345	16948.7295	10732.62	12709.0125	15087.326	189241.14	38639.638	15039.586	7119.353	20876.6825	56829.2775	20401.4265	32765.385	35567.435	77420.457	54517.399	45010.529	54822.2635	49102.34	44177.9625	57605.698
Hmpp0004	C12H24N2O3			Leu-Leu	245.19			[M+H]+	-												370028.017	1059945.698	1171348.336	129158.9915	141657.878	321661.5715	116096.452	90189.2765	216035.2765	294222.351	45852.48	95774.0355	139213.391	186464.542	169548.066	105339.4545	155587.047	112596.912	88322.8665	126464.299	127522.0695	127098.8905	446473.113	78654.141	1149585.683	480703.4645	113405.0645	103677.123	123027.836	N/A	389979.013	483313.879	500285.214	431571.1425	381780.033	372206.9995	164711.686	443290.267	343744.9465	634921.8715	559735.758	111819.2495	174047.634	676988.979	238031.5315	320216.758	325850.051	348483.7005	302875.178	378589.8415	307341.0895
Hmpp0004	C12H24N2O3			Ile-Leu	245.19			[M+H]+	-												370028.017	1059945.698	1171348.336	129158.9915	141657.878	321661.5715	116096.452	90189.2765	216035.2765	294222.351	45852.48	95774.0355	139213.391	186464.542	169548.066	105339.4545	155587.047	112596.912	88322.8665	126464.299	127522.0695	127098.8905	446473.113	78654.141	1149585.683	480703.4645	113405.0645	103677.123	123027.836	N/A	389979.013	483313.879	500285.214	431571.1425	381780.033	372206.9995	164711.686	443290.267	343744.9465	634921.8715	559735.758	111819.2495	174047.634	676988.979	238031.5315	320216.758	325850.051	348483.7005	302875.178	378589.8415	307341.0895
Hmpp0004	C10H19N3O4			Leu-Asn	246.14			[M+H]+	-												37009.4295	75111.326	54001.8055	57203.858	45041.335	47002.6505	66688.337	N/A	52764.7835	18852.103	52981.222	39666.088	31861.823	60794.3535	35730.738	N/A	28295.2645	37462.9935	30160.32	74071.546	34540.7155	82537.603	24641.8295	31999.4535	49689.3	38131.5675	40523.241	65869.091	40949.872	23791.788	36129.315	42929.1865	67948.854	14720.5495	32756.646	49390.363	57536.621	47384.917	38393.0015	77808.9505	55693.913	37857.404	41594.386	60375.4645	42927.456	37008.2235	51601.1955	48702.6115	35661.6005	40276.5275	32397.784
Hmpp0004	C10H19N3O4			Ile-Asn	246.14			[M+H]+	-												37009.4295	75111.326	54001.8055	57203.858	45041.335	47002.6505	66688.337	N/A	52764.7835	18852.103	52981.222	39666.088	31861.823	60794.3535	35730.738	N/A	28295.2645	37462.9935	30160.32	74071.546	34540.7155	82537.603	24641.8295	31999.4535	49689.3	38131.5675	40523.241	65869.091	40949.872	23791.788	36129.315	42929.1865	67948.854	14720.5495	32756.646	49390.363	57536.621	47384.917	38393.0015	77808.9505	55693.913	37857.404	41594.386	60375.4645	42927.456	37008.2235	51601.1955	48702.6115	35661.6005	40276.5275	32397.784
Hmpp0004	C12H23NO4			Carnitine C5:0	246.17			[M+H]+	-												3708619.44	4478207.773	4244122.194	4763285.56	4899856.971	1365259.469	8306765.446	9233297.927	1610542.311	10886791.26	1866992.994	1422252.37	3536758.642	4863112.706	7589500.455	11898152.72	1153296.804	5546317.393	8143885.67	4449043.285	3942616.082	3283449.351	3071846.066	858517.009	19891279.36	3298661.081	2005875.659	1028290.077	1904832.467	1835187.072	2430899.77	2626845.202	1659479.319	2601809.957	5899013.416	1328042.526	4898333.166	2951652.443	1483723.382	4661819.002	4992068.686	4272803.898	2815437.958	4817829.244	3494931.57	4410128.584	5047704.7	4854816.916	4607982.224	4886577.071	4660787.945
Hmpp0004	C12H23NO4			Carnitine-2-methyl-C4	246.17			[M+H]+	-												3708619.44	4478207.773	4244122.194	4763285.56	4899856.971	1365259.469	8306765.446	9233297.927	1610542.311	10886791.26	1866992.994	1422252.37	3536758.642	4863112.706	7589500.455	11898152.72	1153296.804	5546317.393	8143885.67	4449043.285	3942616.082	3283449.351	3071846.066	858517.009	19891279.36	3298661.081	2005875.659	1028290.077	1904832.467	1835187.072	2430899.77	2626845.202	1659479.319	2601809.957	5899013.416	1328042.526	4898333.166	2951652.443	1483723.382	4661819.002	4992068.686	4272803.898	2815437.958	4817829.244	3494931.57	4410128.584	5047704.7	4854816.916	4607982.224	4886577.071	4660787.945
Hmpp0004	C10H18N2O5			2,4-diacetamino-2,4,6-triphenoxy-D-mannopyranose	247.13			[M+H]+	-												74754.165	84183.465	35654.912	N/A	42716.783	110393.3265	195532.7055	113490.343	186318.466	146160.5565	109534.2045	87958.0095	49934.1205	131298.7475	273508.6865	809374.921	N/A	262566.3175	890516.524	118103.9525	161747.4545	831496.0475	564228.193	86645.5035	514874.763	566002.44	227482.9665	45564.3685	248346.62	350714.96	1189032.963	1119609.984	51756.056	1282984.45	1821226.567	262341.7805	80150.505	143066.6715	87002.4845	72908.289	47860.2	N/A	72007.082	168572.5905	150542.12	317468.7515	257465.2105	201261.265	266357.1105	303422.958	212003.105
Hmpp0004	C10H18N2O5			Ile-Asp	247.13			[M+H]+	-												74754.165	84183.465	35654.912	N/A	42716.783	110393.3265	195532.7055	113490.343	186318.466	146160.5565	109534.2045	87958.0095	49934.1205	131298.7475	273508.6865	809374.921	N/A	262566.3175	890516.524	118103.9525	161747.4545	831496.0475	564228.193	86645.5035	514874.763	566002.44	227482.9665	45564.3685	248346.62	350714.96	1189032.963	1119609.984	51756.056	1282984.45	1821226.567	262341.7805	80150.505	143066.6715	87002.4845	72908.289	47860.2	N/A	72007.082	168572.5905	150542.12	317468.7515	257465.2105	201261.265	266357.1105	303422.958	212003.105
Hmpp0004	C10H18N2O5			Asp-Leu	247.13			[M+H]+	-												74754.165	84183.465	35654.912	N/A	42716.783	110393.3265	195532.7055	113490.343	186318.466	146160.5565	109534.2045	87958.0095	49934.1205	131298.7475	273508.6865	809374.921	N/A	262566.3175	890516.524	118103.9525	161747.4545	831496.0475	564228.193	86645.5035	514874.763	566002.44	227482.9665	45564.3685	248346.62	350714.96	1189032.963	1119609.984	51756.056	1282984.45	1821226.567	262341.7805	80150.505	143066.6715	87002.4845	72908.289	47860.2	N/A	72007.082	168572.5905	150542.12	317468.7515	257465.2105	201261.265	266357.1105	303422.958	212003.105
Hmpp0004	C10H18N2O5			Asp-Ile	247.13			[M+H]+	-												74754.165	84183.465	35654.912	N/A	42716.783	110393.3265	195532.7055	113490.343	186318.466	146160.5565	109534.2045	87958.0095	49934.1205	131298.7475	273508.6865	809374.921	N/A	262566.3175	890516.524	118103.9525	161747.4545	831496.0475	564228.193	86645.5035	514874.763	566002.44	227482.9665	45564.3685	248346.62	350714.96	1189032.963	1119609.984	51756.056	1282984.45	1821226.567	262341.7805	80150.505	143066.6715	87002.4845	72908.289	47860.2	N/A	72007.082	168572.5905	150542.12	317468.7515	257465.2105	201261.265	266357.1105	303422.958	212003.105
Hmpp0004	C11H20N2O5			Leu-Glu	261.14			[M+H]+	-												23293.833	51406.1205	36103.0035	94409.236	31645.84	30951.0025	38228.0965	25748.6205	66907.0915	27504.2645	29127.0805	17531.881	21957.6185	51629.038	84148.262	34733.654	29318.165	43042.552	24312.96	32163.799	47664.8205	74807.73	23614.0675	26947.3455	33783.358	34266.8165	82084.2325	16789.5755	96578.8445	85022.349	132087.595	143236.645	61121.3045	119189.555	77980.43	127373.311	27232.425	69092.913	36209.667	82052.8175	37275.068	38634.164	46931.64	43771.3555	35336.889	46831.3265	63392.4625	62570.6165	51168.187	49193.8265	59841.3985
Hmpp0004	C11H20N2O5			Ile-Glu	261.14			[M+H]+	-												23293.833	51406.1205	36103.0035	94409.236	31645.84	30951.0025	38228.0965	25748.6205	66907.0915	27504.2645	29127.0805	17531.881	21957.6185	51629.038	84148.262	34733.654	29318.165	43042.552	24312.96	32163.799	47664.8205	74807.73	23614.0675	26947.3455	33783.358	34266.8165	82084.2325	16789.5755	96578.8445	85022.349	132087.595	143236.645	61121.3045	119189.555	77980.43	127373.311	27232.425	69092.913	36209.667	82052.8175	37275.068	38634.164	46931.64	43771.3555	35336.889	46831.3265	63392.4625	62570.6165	51168.187	49193.8265	59841.3985
Hmpp0004	C13H18N2O4			Phe-Thr	267.13			[M+H]+	-												45438.03	347092.995	291000.7245	22097.488	14929.6265	11913.072	9901.933	75091.573	91008.7325	59268.1575	33808.6185	21135.8715	20883.2125	12008.5155	16782.2615	34177.7775	16159.007	23049.142	42142.8415	39667.897	34853.1645	112321.5175	21392.038	16598.0385	34745.1945	30641.362	20096.7305	15989.7745	5199.6285	21531.9185	83392.7635	96238.641	34155.649	127092.2815	60694.46	78780.7575	185834.7405	77959.9455	38540.3335	217048.478	215073.4435	160748.365	13661.959	107726.9005	35904.8955	109360.185	95531.2145	76339.551	99520.1335	53158.996	106309.899
Hmpp0004	C13H18N2O4			Thr-Phe	267.13			[M+H]+	-												45438.03	347092.995	291000.7245	22097.488	14929.6265	11913.072	9901.933	75091.573	91008.7325	59268.1575	33808.6185	21135.8715	20883.2125	12008.5155	16782.2615	34177.7775	16159.007	23049.142	42142.8415	39667.897	34853.1645	112321.5175	21392.038	16598.0385	34745.1945	30641.362	20096.7305	15989.7745	5199.6285	21531.9185	83392.7635	96238.641	34155.649	127092.2815	60694.46	78780.7575	185834.7405	77959.9455	38540.3335	217048.478	215073.4435	160748.365	13661.959	107726.9005	35904.8955	109360.185	95531.2145	76339.551	99520.1335	53158.996	106309.899
Hmpp0004	C11H15N5O4			1-Methyladenosine	282.12			[M+H]+	-												317999.8395	232010.2455	268566.532	341474.7455	455935.9475	412829.0965	395694.0205	529853.592	201629.254	301738.1295	279365.577	398551.2605	328846.832	487553.1165	367727.6435	576103.8015	247077.9945	674540.4355	1424688.048	348213.8885	379811.055	530191.2815	566989.072	547567.7605	355446.803	570763.7195	270813.345	350092.5505	264133.7635	335845.5505	227355.3375	181987.932	231007.005	243011.2885	654074.6685	169325.6475	337024.734	330688.1995	223682.284	247443.5075	384207.191	317120.0435	735500.135	198132.1715	329919.222	466196.235	428588.6935	375305.7575	449923.6265	414695.178	415989.8585
Hmpp0004	C11H15N5O4			N6-methyladenosine	282.12			[M+H]+	-												317999.8395	232010.2455	268566.532	341474.7455	455935.9475	412829.0965	395694.0205	529853.592	201629.254	301738.1295	279365.577	398551.2605	328846.832	487553.1165	367727.6435	576103.8015	247077.9945	674540.4355	1424688.048	348213.8885	379811.055	530191.2815	566989.072	547567.7605	355446.803	570763.7195	270813.345	350092.5505	264133.7635	335845.5505	227355.3375	181987.932	231007.005	243011.2885	654074.6685	169325.6475	337024.734	330688.1995	223682.284	247443.5075	384207.191	317120.0435	735500.135	198132.1715	329919.222	466196.235	428588.6935	375305.7575	449923.6265	414695.178	415989.8585
Hmpp0004	C12H25N5O3			Leu-Arg	288.2			[M+H]+	-												61083.5645	71306.026	90457.979	29643.2435	79125.0985	62442.205	83647.0245	N/A	69983.722	41149.873	31137.6745	11141.732	106582.14	30384.8515	16605.2665	51870.542	N/A	33755.42	45015.4415	81567.5185	52342.431	56556.329	16513.977	36529.954	54730.7725	N/A	21241.36	48381.6675	34850.3105	28468.8395	10461.6855	16479.7515	57748.807	21143.41	37477.8735	82194.5445	97246.6625	37868.7475	30432.343	89140.1275	84533.868	51434.935	16321.691	97467.7075	84507.487	47405.8895	48343.3295	62303.3705	46542.7285	56485.1105	38461.238
Hmpp0004	C12H25N5O3			Ile-Arg	288.2			[M+H]+	-												61083.5645	71306.026	90457.979	29643.2435	79125.0985	62442.205	83647.0245	N/A	69983.722	41149.873	31137.6745	11141.732	106582.14	30384.8515	16605.2665	51870.542	N/A	33755.42	45015.4415	81567.5185	52342.431	56556.329	16513.977	36529.954	54730.7725	N/A	21241.36	48381.6675	34850.3105	28468.8395	10461.6855	16479.7515	57748.807	21143.41	37477.8735	82194.5445	97246.6625	37868.7475	30432.343	89140.1275	84533.868	51434.935	16321.691	97467.7075	84507.487	47405.8895	48343.3295	62303.3705	46542.7285	56485.1105	38461.238
Hmpp0004	C12H22O11			Kojibiose	325.11			[M-H2O+H]+	-												286987.668	156585.729	257098.0325	220110.734	235730.206	176259.126	268247.1325	77107.176	165238.0115	597299.936	1184383.603	282027.438	432890.482	181992.5645	171742.91	116581.506	231669.8605	578561.101	214113.7195	194395.1445	329861.1035	41829.402	57349.9575	112203.4945	185284.1125	62538.4065	134381.324	167151.989	129334.8325	87552.7955	N/A	40962.9705	133520.153	27546.48	N/A	432669.498	324906.637	282101.9315	220547.782	381994.394	452270.902	174089.45	373209.608	512755.304	153894.4925	215039.283	217357.66	131656.227	206442.617	239033.427	86242.252
Hmpp0004	C12H22O11			Sucrose	325.11			[M-H2O+H]+	-												286987.668	156585.729	257098.0325	220110.734	235730.206	176259.126	268247.1325	77107.176	165238.0115	597299.936	1184383.603	282027.438	432890.482	181992.5645	171742.91	116581.506	231669.8605	578561.101	214113.7195	194395.1445	329861.1035	41829.402	57349.9575	112203.4945	185284.1125	62538.4065	134381.324	167151.989	129334.8325	87552.7955	N/A	40962.9705	133520.153	27546.48	N/A	432669.498	324906.637	282101.9315	220547.782	381994.394	452270.902	174089.45	373209.608	512755.304	153894.4925	215039.283	217357.66	131656.227	206442.617	239033.427	86242.252
Hmpp0004	C20H23N7O7			10-Formyl-Thf	474.17			[M+H]+	-												37596.6745	151700.027	106033.788	82580.513	19207.235	N/A	16565.299	4048.3095	4830.369	8478.547	8089.0675	40814.151	13726.6	4470.237	21957.421	24445.666	3227.951	49686.8905	373869.292	39528.9035	20251.468	35714.891	85277.6945	49289.5575	60664.1335	71898.3905	6281.1095	16595.6755	N/A	8100.5755	86817.864	61010.0695	43103.3785	70697.147	130302.23	45960.4585	31393.7195	109328.9865	57457.0145	47698.055	27040.904	30631.6925	52650.103	14192.1225	31349.3385	77039.6565	83391.1495	53653.8245	86820.826	94149.948	58350.3895
Hmpp0004	C20H23N7O7			Folinic acid	474.17			[M+H]+	-												37596.6745	151700.027	106033.788	82580.513	19207.235	N/A	16565.299	4048.3095	4830.369	8478.547	8089.0675	40814.151	13726.6	4470.237	21957.421	24445.666	3227.951	49686.8905	373869.292	39528.9035	20251.468	35714.891	85277.6945	49289.5575	60664.1335	71898.3905	6281.1095	16595.6755	N/A	8100.5755	86817.864	61010.0695	43103.3785	70697.147	130302.23	45960.4585	31393.7195	109328.9865	57457.0145	47698.055	27040.904	30631.6925	52650.103	14192.1225	31349.3385	77039.6565	83391.1495	53653.8245	86820.826	94149.948	58350.3895
Hmpp0004	C6H11NO2			Piperidine acid	128.07			[M-H]-	-												22579.437	29084.935	32047.145	28902.585	31628.454	16296.267	38360.079	27446.52	38654.084	29256.0685	26018.3195	44657.619	20720.3975	23701.145	26653.22	26346.2825	17615.431	24240.461	24439.014	17138.4495	18672.6035	47862.9105	29268.7505	41538.107	24051.7395	26603.5895	27356.133	26382.745	42298.846	55913.5035	60078.0365	69933.973	32584.5555	73749.1095	73411.9545	41050.376	14331.867	34640.913	17478.7625	25171.43	23746.4775	16686.78	33877.2375	28596.9815	24641.275	37157.3765	35361.0385	28298.0055	30601.3795	34987.2565	27330.264
Hmpp0004	C8H10O2			Tyrosol	137.06			[M-H]-	-												58637.7945	56409.682	73606.5225	56268.73	47595.1355	44708.1885	613675.602	16194.22	30111.044	75348.3905	39589.0245	74911.2135	460893.353	276139.719	92321.4025	47655.95	19520.3595	159175.926	113568.893	152909.285	141140.995	117037.7025	82146.1875	53933.5845	51079.8985	104765.012	64566.337	33216.966	72989.045	121978.0085	N/A	66432.2815	66315.298	N/A	160343.227	N/A	N/A	55308.7265	N/A	N/A	N/A	N/A	N/A	N/A	N/A	119915.1335	95895.979	68370.646	99531.2005	152054.8	81514.0055
Hmpp0004	C7H6O3			Salicylic acid	137.02			[M-H]-	-												58637.7945	56409.682	73606.5225	56268.73	47595.1355	44708.1885	613675.602	16194.22	30111.044	75348.3905	39589.0245	74911.2135	460893.353	276139.719	92321.4025	47655.95	19520.3595	159175.926	113568.893	152909.285	141140.995	117037.7025	82146.1875	53933.5845	51079.8985	104765.012	64566.337	33216.966	72989.045	121978.0085	N/A	66432.2815	66315.298	N/A	160343.227	N/A	N/A	55308.7265	N/A	N/A	N/A	N/A	N/A	N/A	N/A	119915.1335	95895.979	68370.646	99531.2005	152054.8	81514.0055
Hmpp0004	C7H6O3			4-Hydroxybenzoic Acid	137.02			[M-H]-	-												58637.7945	56409.682	73606.5225	56268.73	47595.1355	44708.1885	613675.602	16194.22	30111.044	75348.3905	39589.0245	74911.2135	460893.353	276139.719	92321.4025	47655.95	19520.3595	159175.926	113568.893	152909.285	141140.995	117037.7025	82146.1875	53933.5845	51079.8985	104765.012	64566.337	33216.966	72989.045	121978.0085	N/A	66432.2815	66315.298	N/A	160343.227	N/A	N/A	55308.7265	N/A	N/A	N/A	N/A	N/A	N/A	N/A	119915.1335	95895.979	68370.646	99531.2005	152054.8	81514.0055
Hmpp0004	C8H8O3			4-Hydroxy-3-methylbenzoic acid	151.04			[M-H]-	-												188443.152	99508.7375	105611.3245	110739.6995	141751.6845	518233.8655	130826.5285	2449647.384	113580.7985	136508.327	34964.2165	239263.512	119006.607	359009.283	451843.169	921395.5375	58563.446	421835.4235	1337602.228	69408.7265	79540.721	1844554.653	1965002.674	151570.84	1007758.745	2118789.14	109067.363	97394.96	96435.934	117032.8685	132597.0545	176770.237	141546.8735	174998.278	1057649.97	67744.1085	46993.341	92785.664	106538.173	119225.096	246498.309	56362.351	159544.5325	49287.588	101043.4815	514221.3005	447541.3685	461341.6705	452972.162	492717.359	422003.229
Hmpp0004	C8H8O3			2-hydroxyphenylacetic acid	151.04			[M-H]-	-												188443.152	99508.7375	105611.3245	110739.6995	141751.6845	518233.8655	130826.5285	2449647.384	113580.7985	136508.327	34964.2165	239263.512	119006.607	359009.283	451843.169	921395.5375	58563.446	421835.4235	1337602.228	69408.7265	79540.721	1844554.653	1965002.674	151570.84	1007758.745	2118789.14	109067.363	97394.96	96435.934	117032.8685	132597.0545	176770.237	141546.8735	174998.278	1057649.97	67744.1085	46993.341	92785.664	106538.173	119225.096	246498.309	56362.351	159544.5325	49287.588	101043.4815	514221.3005	447541.3685	461341.6705	452972.162	492717.359	422003.229
Hmpp0004	C5H4N4O2			Xanthine	151.03			[M-H]-	-												1312690.151	1241199.249	1162710.707	1819117.88	1133957.637	149882.267	846952.069	167006.428	1108296.857	466553.751	909357.214	485825.4425	846933.926	447050.1275	529440.8525	458907.2535	171270.2485	305783.6355	465151.3655	722662.6235	808228.282	477468.687	124100.3175	938820.612	10225520.98	180429.6375	1054198.307	464300.91	1190731.053	1219914.654	1414155.148	1584478.525	1199379.062	1472468.955	1332903.513	2173001.932	959175.216	948183.627	980703.62	1199572.168	641032.5555	818083.598	808065.902	1241315.493	1041692.541	1273134.576	1004455.408	1199680.662	966544.9735	1091808.258	1200667.454
Hmpp0004	C8H8O3			4-acetoxyphenol	151.04			[M-H]-	-												1312690.151	1241199.249	1162710.707	1819117.88	1133957.637	149882.267	846952.069	167006.428	1108296.857	466553.751	909357.214	485825.4425	846933.926	447050.1275	529440.8525	458907.2535	171270.2485	305783.6355	465151.3655	722662.6235	808228.282	477468.687	124100.3175	938820.612	10225520.98	180429.6375	1054198.307	464300.91	1190731.053	1219914.654	1414155.148	1584478.525	1199379.062	1472468.955	1332903.513	2173001.932	959175.216	948183.627	980703.62	1199572.168	641032.5555	818083.598	808065.902	1241315.493	1041692.541	1273134.576	1004455.408	1199680.662	966544.9735	1091808.258	1200667.454
Hmpp0004	C8H10N2S			Ethionamide	165.05			[M-H]-	-												2433736.574	2404770.832	3020050.146	3307211.804	2837190.697	2850873.239	2224361.064	2462762.611	2627413.043	3221746.817	3996525.843	3360991.475	3292709.654	3096089.735	2992078.3	3442756.593	2668230.25	4086880.536	4680211.115	3628843.092	4177000.579	3306255.86	2834626.346	2711009.842	2715791.061	3824997.567	4616614.141	3920321.578	4161049.043	3980189.882	2268327.916	2199562.394	2343441.972	2361994.647	2188260.768	2467832.786	1651607.203	2022411.838	3190099.134	2523667.983	2554372.141	2639724.316	2951553.577	2191037.143	2391547.586	11702515.78	6543947.198	8099147.152	8579805.072	9821856.414	11184686.13
Hmpp0004	C9H10O3			Ethylsalicylate	165.06			[M-H]-	-												2433736.574	2404770.832	3020050.146	3307211.804	2837190.697	2850873.239	2224361.064	2462762.611	2627413.043	3221746.817	3996525.843	3360991.475	3292709.654	3096089.735	2992078.3	3442756.593	2668230.25	4086880.536	4680211.115	3628843.092	4177000.579	3306255.86	2834626.346	2711009.842	2715791.061	3824997.567	4616614.141	3920321.578	4161049.043	3980189.882	2268327.916	2199562.394	2343441.972	2361994.647	2188260.768	2467832.786	1651607.203	2022411.838	3190099.134	2523667.983	2554372.141	2639724.316	2951553.577	2191037.143	2391547.586	11702515.78	6543947.198	8099147.152	8579805.072	9821856.414	11184686.13
Hmpp0004	C6H14N4O2			L-Arginine	173.1			[M-H]-	-												2283567.558	1954228.034	2015755.2	2145126.313	1752621.238	954495.9425	1887781.166	1412652.98	2139719.289	1394347.997	1657761.691	1021133.874	2190544.056	1313642.406	997966.176	1246198.12	952792.968	1646778.074	679984.5295	1662317.021	1886972.142	1268902.948	1267175.81	2658243.558	1937651.706	1467763.849	2005784.939	1358009.169	1953325.318	1930532.184	1117226.322	1391486.561	2118845.244	1154763.296	1733982.602	1384393.451	2069742.763	2191430.453	1958738.055	2909204.604	1790589.13	1913928.499	1785734.84	1649592.41	2179096.363	1803144.278	1781066.264	1895820.143	1966760.308	2025084.655	1804368.296
Hmpp0004	C7H14N2O3			N-Acetylornithine	173.09			[M-H]-	-												2283567.558	1954228.034	2015755.2	2145126.313	1752621.238	954495.9425	1887781.166	1412652.98	2139719.289	1394347.997	1657761.691	1021133.874	2190544.056	1313642.406	997966.176	1246198.12	952792.968	1646778.074	679984.5295	1662317.021	1886972.142	1268902.948	1267175.81	2658243.558	1937651.706	1467763.849	2005784.939	1358009.169	1953325.318	1930532.184	1117226.322	1391486.561	2118845.244	1154763.296	1733982.602	1384393.451	2069742.763	2191430.453	1958738.055	2909204.604	1790589.13	1913928.499	1785734.84	1649592.41	2179096.363	1803144.278	1781066.264	1895820.143	1966760.308	2025084.655	1804368.296
Hmpp0004	C9H9NO3			4-Acetylaminobenzoic acid	178.05			[M-H]-	-												101147.9755	268701.4885	251487.7435	12216110.14	88280.4365	14076082.51	137641.933	1469537.172	248095.533	131050.471	145251.612	206461.711	735468.6185	5430277.905	373678.6035	393985.524	31557.823	1917236.515	5445687.233	1263778.434	1230215.132	3527973.097	277623.937	147168.3735	850924.2125	276318.0475	167067.862	66567.4685	173418.4435	161025.751	249157.01	293798.726	48858.8105	283586.981	2595063.138	80121.7475	120512.926	140543.4635	48759.5935	183748.328	103689.0775	93486.4225	44524.423	124485.9305	120211.076	1458690.842	1411637.658	1415106.401	1337400.032	1469107.583	1450699.495
Hmpp0004	C9H9NO3			Hippuric Acid	178.05			[M-H]-	-												101147.9755	268701.4885	251487.7435	12216110.14	88280.4365	14076082.51	137641.933	1469537.172	248095.533	131050.471	145251.612	206461.711	735468.6185	5430277.905	373678.6035	393985.524	31557.823	1917236.515	5445687.233	1263778.434	1230215.132	3527973.097	277623.937	147168.3735	850924.2125	276318.0475	167067.862	66567.4685	173418.4435	161025.751	249157.01	293798.726	48858.8105	283586.981	2595063.138	80121.7475	120512.926	140543.4635	48759.5935	183748.328	103689.0775	93486.4225	44524.423	124485.9305	120211.076	1458690.842	1411637.658	1415106.401	1337400.032	1469107.583	1450699.495
Hmpp0004	C9H11NO3			L-Tyrosine	180.07			[M-H]-	-												1357224.872	1825764.996	1677982.449	1436693.858	2590291.558	1134373.804	1218048.904	1045861.97	2008643.978	1464588.986	1477748.082	2565676.78	824073.2555	1102902.73	1106000.302	990819.091	1373775.108	1848048.82	863103.0065	1491190.137	1417604.135	770242.1235	1197858.681	1232711.124	1455172.315	1136275.543	2047167.654	1324814.684	1744646.665	2418047.535	925283.4635	934792.395	1663218.304	980462.893	435508.667	948618.616	1863843.794	1178385.651	1473535.002	1547858.035	936121.8475	1902974.4	908830.3905	2077243.723	1594180.055	1307303.304	1347088.69	1509142.094	1580016.421	1567766.341	1510047.406
Hmpp0004	C9H11NO3			3-Hydroxy-L-phenylalanine	180.07			[M-H]-	-												1357224.872	1825764.996	1677982.449	1436693.858	2590291.558	1134373.804	1218048.904	1045861.97	2008643.978	1464588.986	1477748.082	2565676.78	824073.2555	1102902.73	1106000.302	990819.091	1373775.108	1848048.82	863103.0065	1491190.137	1417604.135	770242.1235	1197858.681	1232711.124	1455172.315	1136275.543	2047167.654	1324814.684	1744646.665	2418047.535	925283.4635	934792.395	1663218.304	980462.893	435508.667	948618.616	1863843.794	1178385.651	1473535.002	1547858.035	936121.8475	1902974.4	908830.3905	2077243.723	1594180.055	1307303.304	1347088.69	1509142.094	1580016.421	1567766.341	1510047.406
Hmpp0004	C8H16N2O3			Val-Ala	187.11			[M-H]-	-												51347.2635	63633.5515	67219.038	165752.2555	75220.699	8406.018	1511.136	6143.364	129052.707	78188.0165	17694.612	27933.984	13836.744	4548.798	53615.085	36238.4175	5702.724	11794.734	9277.578	9391.302	8100.486	39882.994	10832.94	14442.624	28281.96	13196.52	132899.1315	6787.476	125641.549	132066.9945	311376.64	295032.2985	44971.269	327912.407	481679.2995	99785.9995	103430.249	85626.8575	47644.03	65928.889	67786.637	100903.192	91553.657	85834.758	53065.256	90732.3275	93555.808	92448.153	79329.157	93294.7495	83980.627
Hmpp0004	C7H11NO5			N-Acetyl-L-Glutamic Acid	188.06			[M-H]-	-												11658.2385	11955.7605	8679.1525	12386.652	22782.2285	10626.778	8786.6675	17112.675	19884.5515	10736.5425	11081.043	20053.2175	9525.991	15915.5645	5272.5425	21660.6985	11373.724	24008.312	63868.0165	7684.8985	8689.037	45734.223	26945.2195	14445.2775	29879.681	16386.139	11617.721	15269.2865	12033.2095	12811.5425	15655.1335	14569.0005	10686.3195	17961.932	68110.0215	11909.678	13360.455	9356.9805	13236.622	10532.084	15251.453	15466.039	16505.2765	12562.587	19006.3875	16233.3165	13637.9065	21343.92	23404.0945	24472.1195	21417.9405
Hmpp0004	C7H11NO5			L-2-amino-6-oximelic acid	188.06			[M-H]-	-												11658.2385	11955.7605	8679.1525	12386.652	22782.2285	10626.778	8786.6675	17112.675	19884.5515	10736.5425	11081.043	20053.2175	9525.991	15915.5645	5272.5425	21660.6985	11373.724	24008.312	63868.0165	7684.8985	8689.037	45734.223	26945.2195	14445.2775	29879.681	16386.139	11617.721	15269.2865	12033.2095	12811.5425	15655.1335	14569.0005	10686.3195	17961.932	68110.0215	11909.678	13360.455	9356.9805	13236.622	10532.084	15251.453	15466.039	16505.2765	12562.587	19006.3875	16233.3165	13637.9065	21343.92	23404.0945	24472.1195	21417.9405
Hmpp0004	C7H15O10P			Sedoheptulose 7-Phosphate	289.03			[M-H]-	-												51798.031	47761.0855	47439.642	35906.4095	28095.411	37291.426	41359.3905	N/A	41094.154	30798.1915	30861.562	38617.773	47084.0155	34530.1665	36199.243	49889.269	37731.37	48810.3145	32946.2985	47196.654	45002.5855	38191.92	21908.0405	57368.816	43391.2185	41027.575	47793.278	36480.3465	34629.2175	35213.5625	94073.588	85605.751	56688.8375	110159.08	89786.153	41393.0135	56082.2285	48772.221	66188.3805	46636.0975	44716.265	52740.283	44973.189	32352.725	55006.463	46745.813	46559.129	40579.529	62808.1095	51376.969	32260.0795
Hmpp0004	C10H18N4O6			Argininosuccinic acid	289.12			[M-H]-	-												51798.031	47761.0855	47439.642	35906.4095	28095.411	37291.426	41359.3905	N/A	41094.154	30798.1915	30861.562	38617.773	47084.0155	34530.1665	36199.243	49889.269	37731.37	48810.3145	32946.2985	47196.654	45002.5855	38191.92	21908.0405	57368.816	43391.2185	41027.575	47793.278	36480.3465	34629.2175	35213.5625	94073.588	85605.751	56688.8375	110159.08	89786.153	41393.0135	56082.2285	48772.221	66188.3805	46636.0975	44716.265	52740.283	44973.189	32352.725	55006.463	46745.813	46559.129	40579.529	62808.1095	51376.969	32260.0795
Hmpp0004	C20H32O2			AA	303.23			[M-H]-	-												2658707.004	3683290.956	2707649.447	7361524.846	3943613.69	1754936.682	2165377.883	4341971.257	4450696.908	2913009.726	3886896.175	5465518.013	2116613.471	2407208.043	3191186.871	1737604.154	3194969.95	864376.5875	2918445.324	2940160.667	2855233.015	5179050.004	2154280.463	5461053.615	2207739.022	2449155.375	4465744.521	4468328.303	3760806.828	4235802.648	2490007.705	2968860.44	3539177.198	2025704.694	5435345.927	6347900.34	5962498.643	7286936.025	3980529.25	4735766.204	4430305.753	6837303.104	4662326.613	7907959.542	1914053.542	4377410.57	4337067.059	4063892.023	4078870.138	4584929.784	4274883.256
Hmpp0004	C20H32O2			FFA(20:4)	303.23			[M-H]-	-												2658707.004	3683290.956	2707649.447	7361524.846	3943613.69	1754936.682	2165377.883	4341971.257	4450696.908	2913009.726	3886896.175	5465518.013	2116613.471	2407208.043	3191186.871	1737604.154	3194969.95	864376.5875	2918445.324	2940160.667	2855233.015	5179050.004	2154280.463	5461053.615	2207739.022	2449155.375	4465744.521	4468328.303	3760806.828	4235802.648	2490007.705	2968860.44	3539177.198	2025704.694	5435345.927	6347900.34	5962498.643	7286936.025	3980529.25	4735766.204	4430305.753	6837303.104	4662326.613	7907959.542	1914053.542	4377410.57	4337067.059	4063892.023	4078870.138	4584929.784	4274883.256
Hmpp0004	C18H34O4			12,13-DiHOME	313.24			[M-H]-	-												466434.8325	310248.7865	326838.442	270924.1185	434283.2695	309192.395	135284.884	192034.579	1069160.666	454142.1005	324287.7145	998584.429	312658.312	209346.5865	91976.8155	239237.0605	222420.9165	161418.2855	153291.207	283620.2195	319133.9625	185521.6575	340799.2195	226674.3385	257860.439	260047.4895	285872.484	231920.0045	242279.954	225035.859	216428.3165	209402.328	303063.862	199911.016	213744.15	90259.877	179910.112	317593.58	351759.626	112574.6235	96369.52	145200.73	150212.7235	195624.246	221063.7255	242929.1005	215939.5165	249356.927	240619.671	208015.2035	262943.0145
Hmpp0004	C18H34O4			9,10-DiHOME	313.24			[M-H]-	-												466434.8325	310248.7865	326838.442	270924.1185	434283.2695	309192.395	135284.884	192034.579	1069160.666	454142.1005	324287.7145	998584.429	312658.312	209346.5865	91976.8155	239237.0605	222420.9165	161418.2855	153291.207	283620.2195	319133.9625	185521.6575	340799.2195	226674.3385	257860.439	260047.4895	285872.484	231920.0045	242279.954	225035.859	216428.3165	209402.328	303063.862	199911.016	213744.15	90259.877	179910.112	317593.58	351759.626	112574.6235	96369.52	145200.73	150212.7235	195624.246	221063.7255	242929.1005	215939.5165	249356.927	240619.671	208015.2035	262943.0145
Hmpp0004	C18H34O4			9,10-Epoxy-18-hydroxyoctadecanoic acid	313.24			[M-H]-	-												466434.8325	310248.7865	326838.442	270924.1185	434283.2695	309192.395	135284.884	192034.579	1069160.666	454142.1005	324287.7145	998584.429	312658.312	209346.5865	91976.8155	239237.0605	222420.9165	161418.2855	153291.207	283620.2195	319133.9625	185521.6575	340799.2195	226674.3385	257860.439	260047.4895	285872.484	231920.0045	242279.954	225035.859	216428.3165	209402.328	303063.862	199911.016	213744.15	90259.877	179910.112	317593.58	351759.626	112574.6235	96369.52	145200.73	150212.7235	195624.246	221063.7255	242929.1005	215939.5165	249356.927	240619.671	208015.2035	262943.0145
Hmpp0004	C22H32O2			FFA(22:6)	327.23			[M-H]-	-												42300.6685	121631.1115	123743.56	155593.4165	63683.041	30699.291	45435.3015	114880.238	139712.4	47347.999	40571.124	221466.4105	21121.226	48057.4605	29214.4025	40039.846	33070.0755	18791.964	28359.803	42541.5915	47770.9015	56159.2175	40748.4815	155165.4235	23975.332	38898.866	62883.242	99995.052	59209.7705	78003.459	70261.8415	48484.839	54784.471	45731.134	118177.982	100601.5355	116729.4165	134146.8955	46671.3055	119238.4305	56556.186	152352.8995	65547.9295	101657.0975	44979.685	71881.741	102090.55	107168.4215	71782.161	88963.8825	79997.1375
Hmpp0004	C22H32O2			DHA	327.23			[M-H]-	-												42300.6685	121631.1115	123743.56	155593.4165	63683.041	30699.291	45435.3015	114880.238	139712.4	47347.999	40571.124	221466.4105	21121.226	48057.4605	29214.4025	40039.846	33070.0755	18791.964	28359.803	42541.5915	47770.9015	56159.2175	40748.4815	155165.4235	23975.332	38898.866	62883.242	99995.052	59209.7705	78003.459	70261.8415	48484.839	54784.471	45731.134	118177.982	100601.5355	116729.4165	134146.8955	46671.3055	119238.4305	56556.186	152352.8995	65547.9295	101657.0975	44979.685	71881.741	102090.55	107168.4215	71782.161	88963.8825	79997.1375
Hmpp0004	C20H34O5			Prostaglandin F2¦Á	353.23			[M-H]-	-												70831.7245	41790.9135	35161.4965	58547.6265	7397.0785	12257.7075	14104.3725	24651.0955	59665.7255	15089.9645	9171.6745	81893.4445	84792.1555	13435.911	51452.3725	61141.7385	20278.262	56350.866	15132.429	22198.2055	14266.922	83168.5535	104112.9405	92985.244	33110.3585	111820.576	7834.1325	39699.449	N/A	3712.4665	126340.8875	91602.7545	17447.1415	91571.0815	59142.6335	29767.2415	58675.8285	124697.654	14030.069	78308.631	26535.225	72264.0045	26957.9505	25538.077	21531.9395	55868.588	49036.2895	40765.2185	49272.895	45751.1295	40672.767
Hmpp0004	C20H34O5			11¦Â-Prostaglandin F2¦Á	353.23			[M-H]-	-												70831.7245	41790.9135	35161.4965	58547.6265	7397.0785	12257.7075	14104.3725	24651.0955	59665.7255	15089.9645	9171.6745	81893.4445	84792.1555	13435.911	51452.3725	61141.7385	20278.262	56350.866	15132.429	22198.2055	14266.922	83168.5535	104112.9405	92985.244	33110.3585	111820.576	7834.1325	39699.449	N/A	3712.4665	126340.8875	91602.7545	17447.1415	91571.0815	59142.6335	29767.2415	58675.8285	124697.654	14030.069	78308.631	26535.225	72264.0045	26957.9505	25538.077	21531.9395	55868.588	49036.2895	40765.2185	49272.895	45751.1295	40672.767
Hmpp0004	C19H39O7P			LPA(16:0/0:0)	409.24			[M-H]-	-												1109669.236	1564820.084	955147.731	943100.514	417928.6415	478361.7005	366844.588	737935.761	717804.864	468006.8505	422885.1945	340527.1335	453310.078	339309.239	345744.1405	105150.8215	145202.769	830341.72	294386.4575	286367.7035	565319.2865	511917.141	426231.1525	223020.1835	488220.1065	376358.1325	699641.1435	238367.8425	808181.804	655668.0075	2176365.506	1999433.598	1752160.234	2388393.25	1886601.291	3109183.486	1893578	1486582.864	1383917.732	1180122.462	881158.281	1046388.647	1272740.91	1440572.622	608678.424	849045.482	1120797.028	712764.848	852315.2325	881701.1445	667542.0295
Hmpp0004	C19H39O7P			LPA(0:0/16:0)	409.24			[M-H]-	-												1109669.236	1564820.084	955147.731	943100.514	417928.6415	478361.7005	366844.588	737935.761	717804.864	468006.8505	422885.1945	340527.1335	453310.078	339309.239	345744.1405	105150.8215	145202.769	830341.72	294386.4575	286367.7035	565319.2865	511917.141	426231.1525	223020.1835	488220.1065	376358.1325	699641.1435	238367.8425	808181.804	655668.0075	2176365.506	1999433.598	1752160.234	2388393.25	1886601.291	3109183.486	1893578	1486582.864	1383917.732	1180122.462	881158.281	1046388.647	1272740.91	1440572.622	608678.424	849045.482	1120797.028	712764.848	852315.2325	881701.1445	667542.0295
Hmpp0004	C19H40NO7P			LPE(0:0/14:0)	424.25			[M-H]-	-												685206.205	289412.547	253828.613	720856.943	678142.294	1025418.015	325749.332	504790.4165	263068.659	600741.2935	523912.302	355611.489	106964.63	554440.4225	191606.9375	144139.51	84806.287	2913594.592	72282.473	210333.619	241106.8765	205618.5565	334662.4165	115942.48	201405.0865	295131.9025	993391.7715	96380.188	757989.5	987184.4185	657394.4215	765409.055	183701.738	817313.9665	294259.005	714409.567	286295.6215	118158.828	180889.8295	98610.764	204197.724	271926.939	465835.851	435043.039	506535.579	501927.9725	510396.155	440033.2095	444037.312	528515.6285	515976.135
Hmpp0004	C19H40NO7P			LPE(14:0/0:0)	424.25			[M-H]-	-												685206.205	289412.547	253828.613	720856.943	678142.294	1025418.015	325749.332	504790.4165	263068.659	600741.2935	523912.302	355611.489	106964.63	554440.4225	191606.9375	144139.51	84806.287	2913594.592	72282.473	210333.619	241106.8765	205618.5565	334662.4165	115942.48	201405.0865	295131.9025	993391.7715	96380.188	757989.5	987184.4185	657394.4215	765409.055	183701.738	817313.9665	294259.005	714409.567	286295.6215	118158.828	180889.8295	98610.764	204197.724	271926.939	465835.851	435043.039	506535.579	501927.9725	510396.155	440033.2095	444037.312	528515.6285	515976.135
Hmpp0004	C26H43NO5			Glycodeoxycholic acid	448.31			[M-H]-	-												2911662.794	2146691.343	2054237.737	10222316.37	22849716.48	46556543.47	8840463.286	2636345.301	3932172.514	9501313.633	21834317.28	496461.805	6552446.819	23297862.59	6315349.038	32859364.53	5492850.314	2193747.76	1200418.963	6688598.503	6680172.742	118675.6745	1785554.544	3791033.86	13690121.47	1920412.555	21961926.07	5308534.692	18072617.93	20521913.34	3945373.17	3643297.307	1728794.932	4156172.427	1617183.319	819070.9765	3964107.547	16537601.26	1591360.411	571776.358	5839112.284	4358586.379	610893.207	9134403.636	11468197.01	10218024.72	9723946.576	8506265.103	8855429.012	10682050.27	9014573.133
Hmpp0004	C26H43NO5			Glycochenodeoxycholic Acid	448.31			[M-H]-	-												2911662.794	2146691.343	2054237.737	10222316.37	22849716.48	46556543.47	8840463.286	2636345.301	3932172.514	9501313.633	21834317.28	496461.805	6552446.819	23297862.59	6315349.038	32859364.53	5492850.314	2193747.76	1200418.963	6688598.503	6680172.742	118675.6745	1785554.544	3791033.86	13690121.47	1920412.555	21961926.07	5308534.692	18072617.93	20521913.34	3945373.17	3643297.307	1728794.932	4156172.427	1617183.319	819070.9765	3964107.547	16537601.26	1591360.411	571776.358	5839112.284	4358586.379	610893.207	9134403.636	11468197.01	10218024.72	9723946.576	8506265.103	8855429.012	10682050.27	9014573.133
Hmpp0004	C21H42NO7P			LPE(0:0/16:1)	450.26			[M-H]-	-												9550192.698	3332871.149	3347645.312	4438538.795	8299786.352	6082349.257	4233939.27	5395826.512	6153985.006	3899377.295	6536621.793	5873191.002	940170.119	4266056.388	1780625.543	2411955.211	734073.424	53975082.81	736613.4745	1910916.29	2459834.397	2211648.938	1707913.482	687440.5915	2239537.986	1753803.831	10261067.46	868147.6935	9075527.578	8494081.794	3083185.625	3772930.288	3626840.947	3087520.302	7590384.901	5395799.046	3592937.265	1932718.486	3169087.839	750977.5525	1980233.082	2658959.068	7654024.234	5348868.715	4266701.333	5434214.17	6868885.84	5788145.907	5408777.524	5628580.746	6113709.422
Hmpp0004	C21H42NO7P			LPE(16:1/0:0)	450.26			[M-H]-	-												9550192.698	3332871.149	3347645.312	4438538.795	8299786.352	6082349.257	4233939.27	5395826.512	6153985.006	3899377.295	6536621.793	5873191.002	940170.119	4266056.388	1780625.543	2411955.211	734073.424	53975082.81	736613.4745	1910916.29	2459834.397	2211648.938	1707913.482	687440.5915	2239537.986	1753803.831	10261067.46	868147.6935	9075527.578	8494081.794	3083185.625	3772930.288	3626840.947	3087520.302	7590384.901	5395799.046	3592937.265	1932718.486	3169087.839	750977.5525	1980233.082	2658959.068	7654024.234	5348868.715	4266701.333	5434214.17	6868885.84	5788145.907	5408777.524	5628580.746	6113709.422
Hmpp0004	C21H44NO7P			LPE(0:0/16:0)	452.28			[M-H]-	-												105157944.1	72526077.86	67844314.82	101705497.8	89508938.35	62840289.73	32952080.29	133890735.8	83907973.27	52710453.97	70142459.5	62068720.78	37509174.06	37983215.65	73200082.22	29182938.65	26577032.07	129734368.6	22292408.47	28795000.93	25009300.38	67520056.75	33963594.29	15937017.69	38150154.75	34171704.73	73639100.14	38705326.32	62461805.02	91293155.22	83679124.44	97665211.38	66079530.9	98667544.2	97570955.39	111377354.4	94123077.5	61772205.33	73153371.29	101087855.2	65983737.91	73176618.33	118906062.1	84645587.28	36100017.01	89161256.64	69504929.06	89971983.66	86063917.93	82783827.47	75125817.51
Hmpp0004	C21H44NO7P			LPE(16:0/0:0)	452.28			[M-H]-	-												105157944.1	72526077.86	67844314.82	101705497.8	89508938.35	62840289.73	32952080.29	133890735.8	83907973.27	52710453.97	70142459.5	62068720.78	37509174.06	37983215.65	73200082.22	29182938.65	26577032.07	129734368.6	22292408.47	28795000.93	25009300.38	67520056.75	33963594.29	15937017.69	38150154.75	34171704.73	73639100.14	38705326.32	62461805.02	91293155.22	83679124.44	97665211.38	66079530.9	98667544.2	97570955.39	111377354.4	94123077.5	61772205.33	73153371.29	101087855.2	65983737.91	73176618.33	118906062.1	84645587.28	36100017.01	89161256.64	69504929.06	89971983.66	86063917.93	82783827.47	75125817.51
Hmpp0004	C23H42NO7P			LPE(0:0/18:3)	474.26			[M-H]-	-												12004771.68	3276408.153	3095563.553	4111559.892	3515460.17	3678106.582	3252957.891	3350901.003	4207103.426	4340220.24	9947790.887	4560189.649	973093.2305	2894273.542	583123.754	2681695.895	857052.0125	26964684.77	3414126.3	2622215.397	2663353.598	1096671.726	3411571.178	738296.303	3870869.245	3410145.245	9100453.198	933983.766	8501901.661	9823205.554	5913506.192	6818859.431	4298935.06	5428559.028	7975919.535	4340793.811	2598191.47	1279297.978	4860684.292	1177183.483	1451938.652	2207718.852	3850208.284	4889770.792	2503430.276	5575974.137	5332134.095	6040252.772	5243788.35	5725694.387	6300787.326
Hmpp0004	C23H42NO7P			LPE(18:3/0:0)	474.26			[M-H]-	-												12004771.68	3276408.153	3095563.553	4111559.892	3515460.17	3678106.582	3252957.891	3350901.003	4207103.426	4340220.24	9947790.887	4560189.649	973093.2305	2894273.542	583123.754	2681695.895	857052.0125	26964684.77	3414126.3	2622215.397	2663353.598	1096671.726	3411571.178	738296.303	3870869.245	3410145.245	9100453.198	933983.766	8501901.661	9823205.554	5913506.192	6818859.431	4298935.06	5428559.028	7975919.535	4340793.811	2598191.47	1279297.978	4860684.292	1177183.483	1451938.652	2207718.852	3850208.284	4889770.792	2503430.276	5575974.137	5332134.095	6040252.772	5243788.35	5725694.387	6300787.326
Hmpp0004	C23H44NO7P			LPE(0:0/18:2)	476.28			[M-H]-	-												181208066.7	105001631.9	104426943.4	86650343.87	91838670.38	117314635.5	68445647.25	107480016.5	108165377.7	78301776.16	150446701.6	79846929.69	32392369.04	66958548.53	36567765.9	52743321.66	22369879.78	189519549.5	63095381.49	52125906.53	62616691.25	27683375.79	56299825.15	15282471.74	87662688.21	59188250	144332695.1	21244503.81	141351642.2	132105759.3	118824120	142920382.7	159490635.9	112349253.5	211618578.7	151255963.6	92859165.91	59003901.58	136976978	70075654.11	67665137.82	94024976.09	171094488.5	141542894.1	96582440.44	108755778	106727295.7	100284988.5	130144380.7	119715595.7	119473519.3
Hmpp0004	C23H44NO7P			LPE(18:2/0:0)	476.28			[M-H]-	-												181208066.7	105001631.9	104426943.4	86650343.87	91838670.38	117314635.5	68445647.25	107480016.5	108165377.7	78301776.16	150446701.6	79846929.69	32392369.04	66958548.53	36567765.9	52743321.66	22369879.78	189519549.5	63095381.49	52125906.53	62616691.25	27683375.79	56299825.15	15282471.74	87662688.21	59188250	144332695.1	21244503.81	141351642.2	132105759.3	118824120	142920382.7	159490635.9	112349253.5	211618578.7	151255963.6	92859165.91	59003901.58	136976978	70075654.11	67665137.82	94024976.09	171094488.5	141542894.1	96582440.44	108755778	106727295.7	100284988.5	130144380.7	119715595.7	119473519.3
Hmpp0004	C23H46NO7P			LPE(18:1/0:0)	478.29			[M-H]-	-												29826085.27	9798432.147	9065671.683	29716251.64	17772515.04	21098884.32	8018148.04	24440737.67	20282478.92	24369935.15	31368971.14	15899526.93	6009119.458	9178048.01	6688775.781	8901511.853	3394115.13	34418948.62	10178381.9	8473113.427	10107387.23	13063454.7	9881663.715	4651412.298	15139869.82	8606336.131	22872362.17	4801218.691	21895172.19	25436199.7	18253388.04	15823281.85	10666986.13	25990629.96	29727361.18	20826425.61	14426737.32	9584398.18	11267535.31	9676593.396	13166611.21	23460405.03	18169520.66	13957173.62	7997588.451	20633384.96	17318274.32	13300498.72	18220713.09	13565519.76	16779977.72
Hmpp0004	C23H46NO7P			LPE(0:0/18:1)	478.29			[M-H]-	-												29826085.27	9798432.147	9065671.683	29716251.64	17772515.04	21098884.32	8018148.04	24440737.67	20282478.92	24369935.15	31368971.14	15899526.93	6009119.458	9178048.01	6688775.781	8901511.853	3394115.13	34418948.62	10178381.9	8473113.427	10107387.23	13063454.7	9881663.715	4651412.298	15139869.82	8606336.131	22872362.17	4801218.691	21895172.19	25436199.7	18253388.04	15823281.85	10666986.13	25990629.96	29727361.18	20826425.61	14426737.32	9584398.18	11267535.31	9676593.396	13166611.21	23460405.03	18169520.66	13957173.62	7997588.451	20633384.96	17318274.32	13300498.72	18220713.09	13565519.76	16779977.72
Hmpp0004	C25H42NO7P			LPE(0:0/20:5)	498.26			[M-H]-	-												3873857.591	1525396.558	1304125.35	5126753.878	1134942.257	1162865.225	794637.226	2598287.844	2853297.197	1326435.698	3170937.656	1571452.915	609093.8035	763776.7055	308380.6545	550190.785	284483.728	4094482.485	994154.549	1512434.986	1473988.791	585714.305	822166.577	6227460.225	515799.139	1141317.24	1294956.515	1909835.066	1245927.677	1355625.518	2086878.658	2425146.268	578622.201	2228215.2	2076810.845	1566207.519	1083701.016	825738.2725	522605.2435	746424.2075	610302.4775	955288.132	953633.771	1236599.38	304372.976	2113628.805	1972902.862	1816108.85	1876182.03	1727308.878	1757962.87
Hmpp0004	C25H42NO7P			LPE(20:5/0:0)	498.26			[M-H]-	-												3873857.591	1525396.558	1304125.35	5126753.878	1134942.257	1162865.225	794637.226	2598287.844	2853297.197	1326435.698	3170937.656	1571452.915	609093.8035	763776.7055	308380.6545	550190.785	284483.728	4094482.485	994154.549	1512434.986	1473988.791	585714.305	822166.577	6227460.225	515799.139	1141317.24	1294956.515	1909835.066	1245927.677	1355625.518	2086878.658	2425146.268	578622.201	2228215.2	2076810.845	1566207.519	1083701.016	825738.2725	522605.2435	746424.2075	610302.4775	955288.132	953633.771	1236599.38	304372.976	2113628.805	1972902.862	1816108.85	1876182.03	1727308.878	1757962.87
Hmpp0004	C25H44NO7P			LPE(0:0/20:4)	500.28			[M-H]-	-												59043204.47	34545248.73	33632098.48	38716661.27	43407103.81	30108677.52	17374545.59	56193910.08	67481408.59	24844497.11	43128788.93	32860817.53	18620372.62	19828496.98	15935487.73	23192102.86	19446501.09	48627577.12	42778156.98	31277875.58	43505414.02	29557963.19	18494773.36	10479158.41	35906930.55	17999141.96	40573622.95	17878149.21	33991608.64	32348139.9	50009214.28	56612123.86	66888946.09	60684229.26	80984190.26	68028680.04	51911828.24	39168654.6	55367031.49	52009264.03	44459228.69	44718608.37	57262081.08	72418611.35	18665805.98	38771956.05	47410012.7	55211384.58	45251410.52	40034317.47	44547486.8
Hmpp0004	C25H44NO7P			LPE(20:4/0:0)	500.28			[M-H]-	-												59043204.47	34545248.73	33632098.48	38716661.27	43407103.81	30108677.52	17374545.59	56193910.08	67481408.59	24844497.11	43128788.93	32860817.53	18620372.62	19828496.98	15935487.73	23192102.86	19446501.09	48627577.12	42778156.98	31277875.58	43505414.02	29557963.19	18494773.36	10479158.41	35906930.55	17999141.96	40573622.95	17878149.21	33991608.64	32348139.9	50009214.28	56612123.86	66888946.09	60684229.26	80984190.26	68028680.04	51911828.24	39168654.6	55367031.49	52009264.03	44459228.69	44718608.37	57262081.08	72418611.35	18665805.98	38771956.05	47410012.7	55211384.58	45251410.52	40034317.47	44547486.8
Hmpp0004	C25H46NO7P			LPE(0:0/20:3)	502.29			[M-H]-	-												9249355.548	3435480.901	3146009.027	4045025.119	2009863.369	2785676.936	4394335.861	4228471.48	2550197.131	1380649.538	3291108.221	1494948.871	615115.143	2809983.653	395694.7915	1426967.848	342966.7285	10356212.18	2873397.468	2293663.457	2691185.344	1053467.573	1089868.271	471025.1085	1448223.004	1513113.05	3645322.584	361763.778	3308111.906	2890535.783	2763619.357	4158042.995	2283109.472	4369240.348	4066710.573	6959423.518	1491173.163	511608.1505	2895386.34	1580977.864	1671609.372	1981615.019	7637059.485	3578708.801	3753251.136	3872438.961	2845028.019	5542957.115	3654659.787	3495992.563	4603099.715
Hmpp0004	C25H46NO7P			LPE(20:3/0:0)	502.29			[M-H]-	-												9249355.548	3435480.901	3146009.027	4045025.119	2009863.369	2785676.936	4394335.861	4228471.48	2550197.131	1380649.538	3291108.221	1494948.871	615115.143	2809983.653	395694.7915	1426967.848	342966.7285	10356212.18	2873397.468	2293663.457	2691185.344	1053467.573	1089868.271	471025.1085	1448223.004	1513113.05	3645322.584	361763.778	3308111.906	2890535.783	2763619.357	4158042.995	2283109.472	4369240.348	4066710.573	6959423.518	1491173.163	511608.1505	2895386.34	1580977.864	1671609.372	1981615.019	7637059.485	3578708.801	3753251.136	3872438.961	2845028.019	5542957.115	3654659.787	3495992.563	4603099.715
Hmpp0004	C25H48NO7P			LPE(20:2/0:0)	504.31			[M-H]-	-												196257.1225	40103.2705	23285.236	110660.29	77110.5135	49404.782	44009.327	59060.209	32176.2905	123273.9815	75707.644	60961.052	30316.431	64482.599	46367.9065	51199.8205	19199.581	247057.596	115534.0145	39761.785	43648.712	69749.702	52283.214	21829.2665	67167.2675	57791.339	158472.3455	17003.932	91838.462	151915.177	73619.7945	83373.535	64326.2395	78557.186	132643.8155	79749.428	83420.243	69987.0745	91917.4485	52690.168	40770.9965	67322.337	183581.2235	173109.631	148078.0335	88425.0715	80029.287	114225.387	109905.1985	85068.418	95154.3965
Hmpp0004	C25H48NO7P			LPE(0:0/20:2)	504.31			[M-H]-	-												196257.1225	40103.2705	23285.236	110660.29	77110.5135	49404.782	44009.327	59060.209	32176.2905	123273.9815	75707.644	60961.052	30316.431	64482.599	46367.9065	51199.8205	19199.581	247057.596	115534.0145	39761.785	43648.712	69749.702	52283.214	21829.2665	67167.2675	57791.339	158472.3455	17003.932	91838.462	151915.177	73619.7945	83373.535	64326.2395	78557.186	132643.8155	79749.428	83420.243	69987.0745	91917.4485	52690.168	40770.9965	67322.337	183581.2235	173109.631	148078.0335	88425.0715	80029.287	114225.387	109905.1985	85068.418	95154.3965
Hmpp0004	C27H44NO7P			LPE(22:6/0:0)	524.28			[M-H]-	-												20227337.46	17947371.76	18783821.5	21021308.06	13421912.43	6733017.826	3262127.948	26753089.7	22965497.96	7099615.408	15164752.2	20201794.63	7393013.005	5248009.266	4542260.883	10562493.02	7598984.439	22172988.65	10987715.98	6220486.241	7064789.559	11766390.73	5703790.476	5268933.554	8092397.224	6498088.362	18559956.82	7244026.561	16764220.33	16637423.68	22598017.33	20971970.74	18670572.51	15866375.44	30419134.99	21724464.24	23189684.97	16601525.78	13864249.32	17030610.89	11581920.51	20306612.28	11957034.14	19746359.55	6479542.672	17059449.01	15300496.35	18820222.91	17273657.34	16874046.01	15708799.2
Hmpp0004	C27H44NO7P			LPE(0:0/22:6)	524.28			[M-H]-	-												20227337.46	17947371.76	18783821.5	21021308.06	13421912.43	6733017.826	3262127.948	26753089.7	22965497.96	7099615.408	15164752.2	20201794.63	7393013.005	5248009.266	4542260.883	10562493.02	7598984.439	22172988.65	10987715.98	6220486.241	7064789.559	11766390.73	5703790.476	5268933.554	8092397.224	6498088.362	18559956.82	7244026.561	16764220.33	16637423.68	22598017.33	20971970.74	18670572.51	15866375.44	30419134.99	21724464.24	23189684.97	16601525.78	13864249.32	17030610.89	11581920.51	20306612.28	11957034.14	19746359.55	6479542.672	17059449.01	15300496.35	18820222.91	17273657.34	16874046.01	15708799.2
Hmpp0004	C27H46NO7P			LPE(0:0/22:5)	526.29			[M-H]-	-												2232985.551	1400930.91	1076705.614	1765684.26	4155162.796	1470541.666	951440.759	3303124.241	2121569.331	1464813.345	2669232.72	1508508.133	711216.45	1183534.273	856793.1595	1186374.764	883623.769	4386332.444	1646746.47	1825075.754	1517115.337	1946910.519	394903.653	131662.9055	916372.004	553885.185	2125764.07	854064.6675	1845140.794	1604835.667	1761200.382	2112642.569	1449375.75	2449567.722	4072430.744	2017329.744	2035334.498	1149728.808	2098108.299	1240509.735	1436568.632	1581718.244	3194139.252	3475753.387	914290.6595	2082645.812	1972815.872	1416386.559	1863075.785	2040747.858	3153619.355
Hmpp0004	C27H46NO7P			LPE(22:5/0:0)	526.29			[M-H]-	-												2232985.551	1400930.91	1076705.614	1765684.26	4155162.796	1470541.666	951440.759	3303124.241	2121569.331	1464813.345	2669232.72	1508508.133	711216.45	1183534.273	856793.1595	1186374.764	883623.769	4386332.444	1646746.47	1825075.754	1517115.337	1946910.519	394903.653	131662.9055	916372.004	553885.185	2125764.07	854064.6675	1845140.794	1604835.667	1761200.382	2112642.569	1449375.75	2449567.722	4072430.744	2017329.744	2035334.498	1149728.808	2098108.299	1240509.735	1436568.632	1581718.244	3194139.252	3475753.387	914290.6595	2082645.812	1972815.872	1416386.559	1863075.785	2040747.858	3153619.355
Hmpp0004	C27H48NO7P			LPE(22:4/0:0)	528.31			[M-H]-	-												260258.6295	124826.05	68945.633	190396.1265	435861.7905	195801.5955	174623.2045	76988.595	148753.6125	194460.7695	110662.2785	76704.7085	28736.144	214919.2095	96882.7885	134730.0245	63559.751	755937.914	172857.9395	95074.0875	160851.147	283628.598	13737.836	19617.49	94507.863	48213.414	249883.5445	35656.894	342635.148	433573.275	192711.5345	188834.2775	210430.874	177748.374	612560.2085	215873.2425	108553.755	50182.86	246006.5915	92537.464	254457.193	120435.3025	338247.9055	326125.5905	98777.999	238830.8735	233103.165	163420.2175	224478.066	201818.0465	178759.8385
Hmpp0004	C27H48NO7P			LPE(0:0/22:4)	528.31			[M-H]-	-												260258.6295	124826.05	68945.633	190396.1265	435861.7905	195801.5955	174623.2045	76988.595	148753.6125	194460.7695	110662.2785	76704.7085	28736.144	214919.2095	96882.7885	134730.0245	63559.751	755937.914	172857.9395	95074.0875	160851.147	283628.598	13737.836	19617.49	94507.863	48213.414	249883.5445	35656.894	342635.148	433573.275	192711.5345	188834.2775	210430.874	177748.374	612560.2085	215873.2425	108553.755	50182.86	246006.5915	92537.464	254457.193	120435.3025	338247.9055	326125.5905	98777.999	238830.8735	233103.165	163420.2175	224478.066	201818.0465	178759.8385
Hmpp0004	C3H5NO			Acrylamide	72.04			[M+H]+	-												8700246.886	10007549.17	10234782.52	7576225.962	9828800.62	7030664.024	5844020.166	6800076.672	11899840.2	7093166.77	5709214.333	5653092.163	7904048.679	6747337.584	2826867.811	3833494.386	7291937.768	5944066.983	2672133.623	6168779.409	6760341.455	7642893.787	4239312.562	4000383.057	6963831.35	4937250.407	7289423.773	7222240.796	6427521.797	6488312.217	8143417.09	6951001.298	7214896.912	7311658.618	3189002.188	6029474.497	13949389.01	10288149.95	7398957.115	13308281.64	11398508.94	10993111.02	7805200.986	7583598.492	7948454.322	8114836.749	7638293.593	6979272.173	7677924.251	7758373.267	7507868.159
Hmpp0004	C4H9N			Pyrrolidine	72.08			[M+H]+	-												8700246.886	10007549.17	10234782.52	7576225.962	9828800.62	7030664.024	5844020.166	6800076.672	11899840.2	7093166.77	5709214.333	5653092.163	7904048.679	6747337.584	2826867.811	3833494.386	7291937.768	5944066.983	2672133.623	6168779.409	6760341.455	7642893.787	4239312.562	4000383.057	6963831.35	4937250.407	7289423.773	7222240.796	6427521.797	6488312.217	8143417.09	6951001.298	7214896.912	7311658.618	3189002.188	6029474.497	13949389.01	10288149.95	7398957.115	13308281.64	11398508.94	10993111.02	7805200.986	7583598.492	7948454.322	8114836.749	7638293.593	6979272.173	7677924.251	7758373.267	7507868.159
Hmpp0004	C4H11N			Butylamine	74.1			[M+H]+	-												103596.492	88930.2415	71930.9465	89477.191	91855.5045	45728.887	89545.824	125999.804	127293.235	94598.344	94091.8565	100540.9075	98064.046	72861.296	74302.9285	37024.572	47925.3235	47561.162	46279.9085	35790.308	67106.826	169777.178	60807.378	66369.3445	74445.3425	61631.044	67530.962	88549.0445	99342.737	105357.4805	100172.453	64985.926	77935.164	112504.772	140493.678	138942.8225	122599.014	108275.4435	155100.776	151167.497	55522.084	72665.833	129114.121	151384.8385	121740.7955	105396.05	46248.9695	48876.4695	88459.114	58914.806	58477.891
Hmpp0004	C2H7N3			Methylguanidine	74.07			[M+H]+	-												103596.492	88930.2415	71930.9465	89477.191	91855.5045	45728.887	89545.824	125999.804	127293.235	94598.344	94091.8565	100540.9075	98064.046	72861.296	74302.9285	37024.572	47925.3235	47561.162	46279.9085	35790.308	67106.826	169777.178	60807.378	66369.3445	74445.3425	61631.044	67530.962	88549.0445	99342.737	105357.4805	100172.453	64985.926	77935.164	112504.772	140493.678	138942.8225	122599.014	108275.4435	155100.776	151167.497	55522.084	72665.833	129114.121	151384.8385	121740.7955	105396.05	46248.9695	48876.4695	88459.114	58914.806	58477.891
Hmpp0004	C5H5NO2			5-Hydroxypyridine-2(1H)-one	112.04			[M+H]+	-												28566.1815	26963.045	35811.3395	14133.341	23383.6475	80930.84	67503.2755	59490.0225	21917.9235	26742.438	19059.2995	39806.0265	27339.8105	49194.3375	60294.665	15762.0675	28046.2795	20605.7645	31876.3525	14075.717	35281.841	45058.8155	46594.3485	56434.457	271711.0815	79982.1395	31579.53	44899.654	46748.784	21686.102	15650.5415	13279.7065	22154.5915	19189.026	109094.971	15729.064	17010.779	32258.2845	12751.825	18079.036	23270.953	8336.088	26405.9395	13224.287	31992.592	22685.585	41754.1095	30026.849	32270.406	42160.564	38825.263
Hmpp0004	C5H5NO2			2,4-Dihydroxypyridine	112.04			[M+H]+	-												28566.1815	26963.045	35811.3395	14133.341	23383.6475	80930.84	67503.2755	59490.0225	21917.9235	26742.438	19059.2995	39806.0265	27339.8105	49194.3375	60294.665	15762.0675	28046.2795	20605.7645	31876.3525	14075.717	35281.841	45058.8155	46594.3485	56434.457	271711.0815	79982.1395	31579.53	44899.654	46748.784	21686.102	15650.5415	13279.7065	22154.5915	19189.026	109094.971	15729.064	17010.779	32258.2845	12751.825	18079.036	23270.953	8336.088	26405.9395	13224.287	31992.592	22685.585	41754.1095	30026.849	32270.406	42160.564	38825.263
Hmpp0004	C4H5N3O			Cytosine	112.05			[M+H]+	-												N/A	12164.2715	12263.4325	22553.581	248387.5795	3073986.765	27592.4095	55234.407	24588.957	31410.0525	13951.095	34585.586	10138.918	1708991.149	52991.2755	14657.5	514951.4015	13498.646	39603.247	569134.7575	647307.708	379217.7635	701503.1605	11899.1405	10484884.44	707159.6845	26580.7175	461107.6715	28897.0805	14003.246	N/A	N/A	N/A	N/A	38007.7135	N/A	N/A	31501.598	N/A	N/A	31454.981	N/A	68710.8	N/A	N/A	411310.6775	493911.3755	428487.9225	469253.979	382055.826	467878.225
Hmpp0004	C4H5N3O			Isocytosine	112.05			[M+H]+	-												N/A	12164.2715	12263.4325	22553.581	248387.5795	3073986.765	27592.4095	55234.407	24588.957	31410.0525	13951.095	34585.586	10138.918	1708991.149	52991.2755	14657.5	514951.4015	13498.646	39603.247	569134.7575	647307.708	379217.7635	701503.1605	11899.1405	10484884.44	707159.6845	26580.7175	461107.6715	28897.0805	14003.246	N/A	N/A	N/A	N/A	38007.7135	N/A	N/A	31501.598	N/A	N/A	31454.981	N/A	68710.8	N/A	N/A	411310.6775	493911.3755	428487.9225	469253.979	382055.826	467878.225
Hmpp0004	C5H7NO3			Pyroglutamic acid	130.05			[M+H]+	-												30153579.74	45289516.08	47993031.78	21045078.13	19905781.02	20402907.8	40437669.26	18123969.2	46203799.86	24553914.95	21735130.87	31296767.49	30548161.34	21572156.17	20977387.09	12693487.26	28445215.92	19944614.6	16364366.09	15759547.77	16932278.72	23870842.08	27000100.16	50230588.44	16381487.13	18125634.77	43169104.9	22400893.2	37559614.79	38978623.29	27504979.06	41173027.66	26365163.61	26240833.17	34433352.91	33749338.74	14290039.78	20197364.74	24119576.67	17364803.53	12941113.13	23652372.18	22538848.74	16850320.86	21977334.39	25981176.74	25713541.38	27007932.93	21185174.64	26131496.6	28243147.91
Hmpp0004	C6H11NO2			Cycloleucine	130.09			[M+H]+	-												30153579.74	45289516.08	47993031.78	21045078.13	19905781.02	20402907.8	40437669.26	18123969.2	46203799.86	24553914.95	21735130.87	31296767.49	30548161.34	21572156.17	20977387.09	12693487.26	28445215.92	19944614.6	16364366.09	15759547.77	16932278.72	23870842.08	27000100.16	50230588.44	16381487.13	18125634.77	43169104.9	22400893.2	37559614.79	38978623.29	27504979.06	41173027.66	26365163.61	26240833.17	34433352.91	33749338.74	14290039.78	20197364.74	24119576.67	17364803.53	12941113.13	23652372.18	22538848.74	16850320.86	21977334.39	25981176.74	25713541.38	27007932.93	21185174.64	26131496.6	28243147.91
Hmpp0004	C5H5N5			Adenine	136.06			[M+H]+	-												766087.342	730814.137	950391.8205	32757672.48	1116571.441	510393.754	598283.8685	634542.4685	1137355.876	881295.4145	744607.5625	1334227.441	508048.228	842655.7015	18426020.7	731091.099	415050.434	1041382.543	741129.845	561883.8295	832877.2875	708364.9705	720163.7885	835872.8745	805599.46	977056.141	1747234.47	842211.932	1504639.296	1203131.632	736831.0515	663304.399	791263.2285	547060.0015	403381.365	642692.77	1059820.678	707630.412	760639.321	1137358.101	598726.145	846614.0395	552952.873	1208582.6	841780.728	2628924.192	2648681.781	2541735.919	2203288.108	2027821.781	2713486.557
Hmpp0004	C4H9NO2S			Methylcysteine	136.04			[M+H]+	-												766087.342	730814.137	950391.8205	32757672.48	1116571.441	510393.754	598283.8685	634542.4685	1137355.876	881295.4145	744607.5625	1334227.441	508048.228	842655.7015	18426020.7	731091.099	415050.434	1041382.543	741129.845	561883.8295	832877.2875	708364.9705	720163.7885	835872.8745	805599.46	977056.141	1747234.47	842211.932	1504639.296	1203131.632	736831.0515	663304.399	791263.2285	547060.0015	403381.365	642692.77	1059820.678	707630.412	760639.321	1137358.101	598726.145	846614.0395	552952.873	1208582.6	841780.728	2628924.192	2648681.781	2541735.919	2203288.108	2027821.781	2713486.557
Hmpp0004	C7H15NO2			Acetylcholine	146.12			[M+H]+	-												3447645.083	1166127.069	1414052.471	1418360.688	1899202.342	3018544.096	2490123.948	1277299.483	2286931.309	2013389.72	901585.2595	838771.9115	4802971.014	1106962.316	6177972.383	1601133.351	1728004.331	2542186.366	4533951.692	1015346.092	1382629.191	2290541.28	3202262.752	3398415.733	4265963.1	1002355.41	2355391.826	982254.5625	1374511.165	1629173.138	1174961.541	2380475.176	1707975.924	937642.522	1208060.033	1438326.176	2097883.204	1310998.325	1075468.486	1675744.956	921822.5245	3714929.808	793097.5995	1577582.651	1108125.944	2024376.47	1650505.949	1996361.513	1372481.829	2151448.55	3130804.886
Hmpp0004	C5H11N3O2			4-Guanidinobutyric Acid	146.09			[M+H]+	-												3447645.083	1166127.069	1414052.471	1418360.688	1899202.342	3018544.096	2490123.948	1277299.483	2286931.309	2013389.72	901585.2595	838771.9115	4802971.014	1106962.316	6177972.383	1601133.351	1728004.331	2542186.366	4533951.692	1015346.092	1382629.191	2290541.28	3202262.752	3398415.733	4265963.1	1002355.41	2355391.826	982254.5625	1374511.165	1629173.138	1174961.541	2380475.176	1707975.924	937642.522	1208060.033	1438326.176	2097883.204	1310998.325	1075468.486	1675744.956	921822.5245	3714929.808	793097.5995	1577582.651	1108125.944	2024376.47	1650505.949	1996361.513	1372481.829	2151448.55	3130804.886
Hmpp0004	C5H4N4O2			Oxypurinol	153.04			[M+H]+	-												641780.436	326139.2015	264140.2335	403062.164	392294.239	3968629.137	617041.3195	1339593.727	513517.696	529647.63	221428.4385	1542792.782	950368.492	1598167.218	5135222.5	2000409.888	2507593.252	1849749.863	3325223.37	340806.517	315251.392	7198403.168	7605125.471	906530.656	3013400.942	8575491.851	593820.22	2536311.706	447843.6815	471369.599	515239.1355	732218.038	489929.447	766279.411	3295869.814	3416203.828	4337070.756	6135444.491	435840.752	4891054.967	2856443.795	4309938.728	1450541.387	4964783.162	839653.75	2435785.649	2369382.633	2287020.048	2679693.51	2218906.181	2456563.341
Hmpp0004	C4H4N6O			8-Azaguanine	153.05			[M+H]+	-												641780.436	326139.2015	264140.2335	403062.164	392294.239	3968629.137	617041.3195	1339593.727	513517.696	529647.63	221428.4385	1542792.782	950368.492	1598167.218	5135222.5	2000409.888	2507593.252	1849749.863	3325223.37	340806.517	315251.392	7198403.168	7605125.471	906530.656	3013400.942	8575491.851	593820.22	2536311.706	447843.6815	471369.599	515239.1355	732218.038	489929.447	766279.411	3295869.814	3416203.828	4337070.756	6135444.491	435840.752	4891054.967	2856443.795	4309938.728	1450541.387	4964783.162	839653.75	2435785.649	2369382.633	2287020.048	2679693.51	2218906.181	2456563.341
Hmpp0004	C7H9NO3			(1R,6S)-6-amino-5-oxocyclohexyl-2-ene-1-carboxylic-acid-ester	156.07			[M+H]+	-												13808707.88	14978397.21	13275624.45	11467668.97	13167233.61	8536425.309	10585634.67	9609065.071	12721290.98	14126442.59	7464141.086	11454197.42	8698396.003	7139898.345	12165156.79	6735045.109	6875471.03	6999933.779	7772046.88	6588887.089	5978959.619	12066015.33	9773225.237	12990123.18	8098192.752	9427311.736	12059648.17	6951299.285	11886717.73	13369344.06	14922985.07	18877822.28	12830980.66	15744663.22	9080072.8	11557308.78	12494047.76	16051084.28	13238628.63	18153013.46	11109401.31	13420944.43	11328814.23	12368973.29	13823592.07	10058482.24	10990872.61	10549846.99	12081230.39	10006804.61	10949633.65
Hmpp0004	C7H11N3O2			1-Methylhistidine	170.09			[M+H]+	-												440155.1105	284274.1215	290718.8915	160870.319	788352.248	N/A	204904.924	611237.299	161670.179	578124.008	198094.226	348811.4035	156247.9805	421632.3175	2621497.393	748215.0445	167619.321	273491.221	822247.66	311058.314	306717.642	1483268.753	2422497.643	499888.7805	1728783.451	2198466.81	232198.569	259513.3425	230787.445	259415.0575	428411.721	340111.162	239423.945	514551.019	2973531.372	107244.1845	509203.8995	307929.983	266155.156	253997.301	232003.9495	198511.39	313124.4055	232239.2955	172039.468	1120453.241	924084.1045	908402.7415	621161.4605	486349.519	514447.2435
Hmpp0004	C3H8NO5P			2-Amino-3-phosphonopropionic acid	170.02			[M+H]+	-												440155.1105	284274.1215	290718.8915	160870.319	788352.248	N/A	204904.924	611237.299	161670.179	578124.008	198094.226	348811.4035	156247.9805	421632.3175	2621497.393	748215.0445	167619.321	273491.221	822247.66	311058.314	306717.642	1483268.753	2422497.643	499888.7805	1728783.451	2198466.81	232198.569	259513.3425	230787.445	259415.0575	428411.721	340111.162	239423.945	514551.019	2973531.372	107244.1845	509203.8995	307929.983	266155.156	253997.301	232003.9495	198511.39	313124.4055	232239.2955	172039.468	1120453.241	924084.1045	908402.7415	621161.4605	486349.519	514447.2435
Hmpp0004	C7H14N2O3			L-Theanine	175.11			[M+H]+	-												2199302.847	2336373.283	2526901.992	2153078.718	2199060.609	1012460.682	1537421.947	1381731.928	1830039.338	1794082.168	2161125.087	1250498.901	2105728.848	1458357.572	1123559.785	1234761.973	1043453.298	2295885.397	799432.412	1585199.652	2100520.038	1353207.08	1144535.111	1827766.457	1861861.408	1292118.738	2486650.588	1533228.776	2140451.066	1752384.97	N/A	N/A	N/A	N/A	N/A	N/A	2304156.031	N/A	N/A	N/A	N/A	N/A	N/A	2571742.899	2009008.711	2219280.281	3027216.091	2870399.435	1872939.567	2879765.887	1522832.854
Hmpp0004	C6H10N2O4			N-Alpha-Acetyl-L-Asparagine	175.07			[M+H]+	-												2199302.847	2336373.283	2526901.992	2153078.718	2199060.609	1012460.682	1537421.947	1381731.928	1830039.338	1794082.168	2161125.087	1250498.901	2105728.848	1458357.572	1123559.785	1234761.973	1043453.298	2295885.397	799432.412	1585199.652	2100520.038	1353207.08	1144535.111	1827766.457	1861861.408	1292118.738	2486650.588	1533228.776	2140451.066	1752384.97	N/A	N/A	N/A	N/A	N/A	N/A	2304156.031	N/A	N/A	N/A	N/A	N/A	N/A	2571742.899	2009008.711	2219280.281	3027216.091	2870399.435	1872939.567	2879765.887	1522832.854
Hmpp0004	C8H14N2O4			Pro-Ser	203.1			[M+H]+	-												459667.964	678547.01	790575.494	320975.2085	1248345.576	1269541.005	485629.9715	604956.9855	369365.92	1007023.325	1301719.511	2475453.736	670014.4865	1017271.643	1277639.401	588272.355	406089.6245	816897.4695	1314801.038	812840.7855	806486.6845	6486959.104	5624134.345	675880.546	1045422.271	4557321.711	608484.744	639696.5975	577409.9195	563756.5515	326201.1685	184437.199	488716.092	248993.163	948192.4015	377127.955	698104.366	335308.957	669680.437	452890.6615	752124.473	445081.598	559774.9205	702848.5025	496059.4675	954866.5835	1193205.138	682866.6955	1388935.876	806828.724	703375.9985
Hmpp0004	C8H18N4O2			SDMA	203.15			[M+H]+	-												459667.964	678547.01	790575.494	320975.2085	1248345.576	1269541.005	485629.9715	604956.9855	369365.92	1007023.325	1301719.511	2475453.736	670014.4865	1017271.643	1277639.401	588272.355	406089.6245	816897.4695	1314801.038	812840.7855	806486.6845	6486959.104	5624134.345	675880.546	1045422.271	4557321.711	608484.744	639696.5975	577409.9195	563756.5515	326201.1685	184437.199	488716.092	248993.163	948192.4015	377127.955	698104.366	335308.957	669680.437	452890.6615	752124.473	445081.598	559774.9205	702848.5025	496059.4675	954866.5835	1193205.138	682866.6955	1388935.876	806828.724	703375.9985
Hmpp0004	C8H18N4O2			N,N-Dimethylarginine	203.15			[M+H]+	-												459667.964	678547.01	790575.494	320975.2085	1248345.576	1269541.005	485629.9715	604956.9855	369365.92	1007023.325	1301719.511	2475453.736	670014.4865	1017271.643	1277639.401	588272.355	406089.6245	816897.4695	1314801.038	812840.7855	806486.6845	6486959.104	5624134.345	675880.546	1045422.271	4557321.711	608484.744	639696.5975	577409.9195	563756.5515	326201.1685	184437.199	488716.092	248993.163	948192.4015	377127.955	698104.366	335308.957	669680.437	452890.6615	752124.473	445081.598	559774.9205	702848.5025	496059.4675	954866.5835	1193205.138	682866.6955	1388935.876	806828.724	703375.9985
Hmpp0004	C11H13NO3			N-acetyl-D-phenylalanine	208.1			[M+H]+	-												112155.234	129620.791	118415.713	181460.31	157795.162	545259.516	179031.0745	3804800.04	205892.1225	235743.52	114412.198	297179.533	142233.301	299810.871	427583.082	407170.7225	213823.637	261783.864	339982.3075	171225.371	182248.0665	1632924.241	337055.546	149967.222	376726.2225	315266.049	171839.011	180218.7185	125124.493	172319.4745	113677.129	116156.372	174208.2	118626.403	520100.5245	102256.4955	200535.898	85054.229	190281.9435	126212.463	194075.55	176744.5825	159831.0045	140099.628	172556.2205	381370.4025	324680.8875	355376.214	306779.1005	373709.529	369587.451
Hmpp0004	C11H14N2O3			Phe-Gly	223.11			[M+H]+	-												2717698.695	1328094.131	1175566.073	8078172.247	1447265.555	670998.3175	1990978.981	849715.998	2249144.94	3147360.364	742344.1275	334329.33	1641049.757	1025912.203	1239825.903	666228.091	357493.0265	420228.212	651513.3265	731434.1375	813192.024	1046795.327	418461.2775	1782537.066	666361.806	460090.417	3786481.271	741972.987	3502437.917	3678857.456	1775982.465	1742916.741	3681205.229	1721357.477	3145329.199	6289565.192	2721822.424	2258515.534	3355512.724	1349996.709	1199079.487	2315505.3	4416745.508	1919389.885	3801112.448	2201282.321	2105488.883	2082907.264	2208372.707	2227645.742	2227308.821
Hmpp0004	C11H14N2O3			Gly-Phe	223.11			[M+H]+	-												2717698.695	1328094.131	1175566.073	8078172.247	1447265.555	670998.3175	1990978.981	849715.998	2249144.94	3147360.364	742344.1275	334329.33	1641049.757	1025912.203	1239825.903	666228.091	357493.0265	420228.212	651513.3265	731434.1375	813192.024	1046795.327	418461.2775	1782537.066	666361.806	460090.417	3786481.271	741972.987	3502437.917	3678857.456	1775982.465	1742916.741	3681205.229	1721357.477	3145329.199	6289565.192	2721822.424	2258515.534	3355512.724	1349996.709	1199079.487	2315505.3	4416745.508	1919389.885	3801112.448	2201282.321	2105488.883	2082907.264	2208372.707	2227645.742	2227308.821
Hmpp0004	C11H14N2O4			Gly-Tyr	239.1			[M+H]+	-												17539.032	37843.378	23675.9745	77792.166	6765.439	20458.051	4318.1895	13075.992	25853.9785	21299.544	15960.409	19191.4635	26458.3945	16330.613	47285.264	20904.85	6911.469	15827.942	13306.4375	17714.302	10861.0525	139470.26	25510.121	19692.937	32263.3975	17092.305	27077.42	24634.4345	56864.0565	25043.8515	116111.2595	146382.7855	14194.044	97797.118	93285.083	119967.502	10196.544	49450.2075	11609.175	16662.5265	13386.9235	7107	20693.438	37151.713	10865.571	33366.383	44648.703	60112.9185	29768.591	45258.544	41539.955
Hmpp0004	C11H14N2O4			Tyr-Gly	239.1			[M+H]+	-												17539.032	37843.378	23675.9745	77792.166	6765.439	20458.051	4318.1895	13075.992	25853.9785	21299.544	15960.409	19191.4635	26458.3945	16330.613	47285.264	20904.85	6911.469	15827.942	13306.4375	17714.302	10861.0525	139470.26	25510.121	19692.937	32263.3975	17092.305	27077.42	24634.4345	56864.0565	25043.8515	116111.2595	146382.7855	14194.044	97797.118	93285.083	119967.502	10196.544	49450.2075	11609.175	16662.5265	13386.9235	7107	20693.438	37151.713	10865.571	33366.383	44648.703	60112.9185	29768.591	45258.544	41539.955
Hmpp0004	C12H23NO5			Carnitine C5-OH	262.16			[M+H]+	-												442675.8015	253794.151	283025.1105	468590.386	1020555.083	229553.3335	1680973.597	1274524.575	351574.887	732165.289	540697.288	385206.3425	403446.239	1104550.278	1368627.814	1935580.555	190183.6685	1693534.038	3860895.29	1456184.348	1467266.968	673306.5055	1047962.194	215753.607	1390593.932	1271757.944	180917.392	222924.042	133230.427	137278.0675	475367.075	601092.3585	183641.5355	585008.1405	878441.326	440398.329	362015.2845	203650.6385	195096.727	642094.6805	563603.847	323441.271	637263.444	798001.6095	347805.954	870117.755	871034.8785	816475.4425	867432.9495	849367.7555	842415.9105
Hmpp0004	C11H19NO6			Heterodendrin	262.13			[M+H]+	-												442675.8015	253794.151	283025.1105	468590.386	1020555.083	229553.3335	1680973.597	1274524.575	351574.887	732165.289	540697.288	385206.3425	403446.239	1104550.278	1368627.814	1935580.555	190183.6685	1693534.038	3860895.29	1456184.348	1467266.968	673306.5055	1047962.194	215753.607	1390593.932	1271757.944	180917.392	222924.042	133230.427	137278.0675	475367.075	601092.3585	183641.5355	585008.1405	878441.326	440398.329	362015.2845	203650.6385	195096.727	642094.6805	563603.847	323441.271	637263.444	798001.6095	347805.954	870117.755	871034.8785	816475.4425	867432.9495	849367.7555	842415.9105
Hmpp0004	C11H22N2O3S			Ile-Met	263.14			[M+H]+	-												28226.0485	32906.195	32181.2625	22178.9035	24512.435	38472.8845	24518.643	41691.3855	38201.111	15574.8395	28116.844	30908.359	N/A	29953.7085	34428.2945	13736.434	14412.3675	31945.598	28292.369	22293.091	14432.071	15020.817	21501.388	11824.3325	45754.8265	6377.6305	20275.8345	25632.246	21627.686	23028.765	N/A	29357.52	18461.3135	11881.379	25524.3335	15579.699	39560.849	29244.253	17952.665	30725.1205	30179.662	21052.3545	24392.8115	18159.9305	31447.3295	24391.7115	18008.9465	19989.3965	30130.4085	28054.254	26243.0875
Hmpp0004	C11H22N2O3S			Leu-Met	263.14			[M+H]+	-												28226.0485	32906.195	32181.2625	22178.9035	24512.435	38472.8845	24518.643	41691.3855	38201.111	15574.8395	28116.844	30908.359	N/A	29953.7085	34428.2945	13736.434	14412.3675	31945.598	28292.369	22293.091	14432.071	15020.817	21501.388	11824.3325	45754.8265	6377.6305	20275.8345	25632.246	21627.686	23028.765	N/A	29357.52	18461.3135	11881.379	25524.3335	15579.699	39560.849	29244.253	17952.665	30725.1205	30179.662	21052.3545	24392.8115	18159.9305	31447.3295	24391.7115	18008.9465	19989.3965	30130.4085	28054.254	26243.0875
Hmpp0004	C12H20N4O3			Ile-His	269.16			[M+H]+	-												186447.466	137590.262	151482.8205	149528.1555	123792.5765	94241.29	57432.6165	81822.218	96163.718	217562.3565	70615.1985	66594.6195	141988.55	84608.975	255008.8545	175849.0565	50843.262	112893.8655	175276.5555	95423.527	111185.591	286397.886	45020.357	36539.193	205712.814	79394.1105	131900.6905	53285.047	111312.236	128961.697	196753.534	140355.54	94039.051	196948.9215	482930.519	170583.5495	189538.42	123036.067	115244.2875	171544.346	218827.0075	129414.5715	237332.911	208452.224	120852.4215	133795.1005	108955.6605	148604.707	207634.736	160743.18	117173.7815
Hmpp0004	C12H20N4O3			His-Leu	269.16			[M+H]+	-												186447.466	137590.262	151482.8205	149528.1555	123792.5765	94241.29	57432.6165	81822.218	96163.718	217562.3565	70615.1985	66594.6195	141988.55	84608.975	255008.8545	175849.0565	50843.262	112893.8655	175276.5555	95423.527	111185.591	286397.886	45020.357	36539.193	205712.814	79394.1105	131900.6905	53285.047	111312.236	128961.697	196753.534	140355.54	94039.051	196948.9215	482930.519	170583.5495	189538.42	123036.067	115244.2875	171544.346	218827.0075	129414.5715	237332.911	208452.224	120852.4215	133795.1005	108955.6605	148604.707	207634.736	160743.18	117173.7815
Hmpp0004	C13H16N2O5			Phe-Asp	281.11			[M+H]+	-												5806337.922	3097776.564	3543071.366	34844436.46	2148295.255	1111518.934	4006551.373	1017292.067	4785832.026	11414672.75	2547992.536	660881.313	6536669.989	1913306.097	3696755.223	2353418.57	358880.154	938124.057	3999913.479	4413159.346	4696500.761	3105739.573	1362472.43	6708139.8	2106194.527	1443618.803	7664733.379	1957592.2	7219992.266	6927239.175	3124859.615	3245324.175	4001787.319	3035555.271	4902817.719	4673236.991	13826359.67	5116921.768	3462863.854	7210301.522	2125541.47	13021102.53	4614028.952	5887967.961	3797825.361	5274512.313	5500286.121	5427854.61	5316321.286	5755764.797	5465572.543
Hmpp0004	C13H16N2O5			Asp-Phe	281.11			[M+H]+	-												5806337.922	3097776.564	3543071.366	34844436.46	2148295.255	1111518.934	4006551.373	1017292.067	4785832.026	11414672.75	2547992.536	660881.313	6536669.989	1913306.097	3696755.223	2353418.57	358880.154	938124.057	3999913.479	4413159.346	4696500.761	3105739.573	1362472.43	6708139.8	2106194.527	1443618.803	7664733.379	1957592.2	7219992.266	6927239.175	3124859.615	3245324.175	4001787.319	3035555.271	4902817.719	4673236.991	13826359.67	5116921.768	3462863.854	7210301.522	2125541.47	13021102.53	4614028.952	5887967.961	3797825.361	5274512.313	5500286.121	5427854.61	5316321.286	5755764.797	5465572.543
Hmpp0004	C18H33NO3			N-Tetradecanoyl-L-homoserine lactone	312.25			[M+H]+	-												114708.823	108842.522	85819.6635	163915.518	268405.1745	130267.448	276392.753	170779.4255	171347.2455	226313.1415	112655.926	162544.916	103145.9165	107964.8845	277898.897	787834.281	98375.796	71232.021	1016121.992	143399.706	130210.908	352242.5935	342595.7975	103108.6115	168581.183	420939.9075	111681.1355	37238.408	102650.996	107586.191	67456.1895	197163.108	149359.847	123468.6	889529.789	104426.311	138137.251	92210.871	216457.7795	164199.5385	134262.8425	144286.8445	194227.372	172697.8205	211493.858	213897.105	191452.5235	177731.1515	288913.2765	204704.617	173176.4415
Hmpp0004	C17H29NO4			Carnitine C10:2	312.22			[M+H]+	-												114708.823	108842.522	85819.6635	163915.518	268405.1745	130267.448	276392.753	170779.4255	171347.2455	226313.1415	112655.926	162544.916	103145.9165	107964.8845	277898.897	787834.281	98375.796	71232.021	1016121.992	143399.706	130210.908	352242.5935	342595.7975	103108.6115	168581.183	420939.9075	111681.1355	37238.408	102650.996	107586.191	67456.1895	197163.108	149359.847	123468.6	889529.789	104426.311	138137.251	92210.871	216457.7795	164199.5385	134262.8425	144286.8445	194227.372	172697.8205	211493.858	213897.105	191452.5235	177731.1515	288913.2765	204704.617	173176.4415
Hmpp0004	C21H28O2			16-Dehydroprogesterone	313.22			[M+H]+	-												38645.849	15411.0655	27773.322	N/A	44264.755	28850.207	13267.1445	30397.477	48824.937	17273.964	12689.87	24929.7205	12867.6985	17044.0365	18046.064	14729.155	28786.809	55477.891	18602.9545	17980.8855	13669.941	34996.5605	16986.7355	13800.9735	20831.057	15752.3205	33070.279	16854.856	N/A	31420.2415	45842.708	49122.2295	72079.7555	77109.698	76468.598	67079.3615	16435.862	24681.0865	33108.557	53514.8155	34654.7605	11938.068	24980.6135	38400.3545	12594.3535	24830.919	7874.9955	30173.611	23240.1415	32736.529	42645.7925
Hmpp0004	C21H28O2			(E)-Guggulsterone	313.22			[M+H]+	-												38645.849	15411.0655	27773.322	N/A	44264.755	28850.207	13267.1445	30397.477	48824.937	17273.964	12689.87	24929.7205	12867.6985	17044.0365	18046.064	14729.155	28786.809	55477.891	18602.9545	17980.8855	13669.941	34996.5605	16986.7355	13800.9735	20831.057	15752.3205	33070.279	16854.856	N/A	31420.2415	45842.708	49122.2295	72079.7555	77109.698	76468.598	67079.3615	16435.862	24681.0865	33108.557	53514.8155	34654.7605	11938.068	24980.6135	38400.3545	12594.3535	24830.919	7874.9955	30173.611	23240.1415	32736.529	42645.7925
Hmpp0004	C21H30O4			Corticosterone	347.22			[M+H]+	-												N/A	93312.312	108705.6845	62407.86	167384.135	41651.019	52008.0885	N/A	235454.3605	208024.694	85419.812	176094.141	59746.506	N/A	235717.239	66683.159	42808.7375	87039.7755	20074.838	47969.969	58015.4395	44184.039	39908.8005	71454.1925	30232.409	58121.4625	145861.531	110560.407	89313.173	154878.3715	70492.633	N/A	199975.0945	49228.986	92953.854	N/A	227110.341	76590.4605	196683.6035	104528.3695	84956.078	245978.7595	147127.085	30546.6875	170018.181	169357.9595	203174.8855	180495.6285	226309.156	241516.7165	314955.166
Hmpp0004	C21H30O4			21-Deoxycortisol	347.22			[M+H]+	-												N/A	93312.312	108705.6845	62407.86	167384.135	41651.019	52008.0885	N/A	235454.3605	208024.694	85419.812	176094.141	59746.506	N/A	235717.239	66683.159	42808.7375	87039.7755	20074.838	47969.969	58015.4395	44184.039	39908.8005	71454.1925	30232.409	58121.4625	145861.531	110560.407	89313.173	154878.3715	70492.633	N/A	199975.0945	49228.986	92953.854	N/A	227110.341	76590.4605	196683.6035	104528.3695	84956.078	245978.7595	147127.085	30546.6875	170018.181	169357.9595	203174.8855	180495.6285	226309.156	241516.7165	314955.166
Hmpp0004	C18H33NO6			Carnitine C11:DC	360.24			[M+H]+	-												87890.37	101938.6005	122110.878	117895.91	238677.1325	121590.038	174434.48	262586.752	128038.056	107722.2215	114396.7825	332047.096	109801.098	144049.4985	641747.6315	356972.1015	61823.8895	84252.86	439806.0805	145133.1835	129674.0345	386222.022	144302.194	99026.185	78216.4735	140677.885	70176.0615	99008.7025	50792.8395	54276.745	156000.532	137639.0465	285843.009	144901.2695	402848.2915	121097.188	134814.624	148610.6355	251597.748	113601.1535	190993.8585	177280.1975	152327.5615	129304.882	167246.37	168842.1295	167647.021	187938.764	155115.5785	226900.0985	184436.8075
Hmpp0004	C19H37NO5			Carnitine C12-OH	360.27			[M+H]+	-												87890.37	101938.6005	122110.878	117895.91	238677.1325	121590.038	174434.48	262586.752	128038.056	107722.2215	114396.7825	332047.096	109801.098	144049.4985	641747.6315	356972.1015	61823.8895	84252.86	439806.0805	145133.1835	129674.0345	386222.022	144302.194	99026.185	78216.4735	140677.885	70176.0615	99008.7025	50792.8395	54276.745	156000.532	137639.0465	285843.009	144901.2695	402848.2915	121097.188	134814.624	148610.6355	251597.748	113601.1535	190993.8585	177280.1975	152327.5615	129304.882	167246.37	168842.1295	167647.021	187938.764	155115.5785	226900.0985	184436.8075
Hmpp0004	C22H41NO6			Carnitine C15:DC	416.3			[M+H]+	-												25671.4155	48289.6485	45313.928	25459.9615	48682.483	44073.803	35865.495	82284.483	30660.8685	27601.0195	53135.754	85840.567	47265.1785	26844.6375	110178.1825	34123.464	16413.08	24155.153	19024.745	23316.5195	32889.2945	19531.7595	15305.311	17135.7555	29255.128	10100.271	28384.067	22399.7815	33608.5775	17744.073	61499.445	76550.1825	84528.8135	101060.262	73193.2535	53116.798	46413.8945	59106.816	71549.11	36883.9325	32560.3805	39164.6115	43124.3835	38201.7115	27992.9555	45957.4515	31170.2705	33876.7185	38374.896	39826.01	40611.9915
Hmpp0004	C23H45NO5			Carnitine C16-OH	416.34			[M+H]+	-												25671.4155	48289.6485	45313.928	25459.9615	48682.483	44073.803	35865.495	82284.483	30660.8685	27601.0195	53135.754	85840.567	47265.1785	26844.6375	110178.1825	34123.464	16413.08	24155.153	19024.745	23316.5195	32889.2945	19531.7595	15305.311	17135.7555	29255.128	10100.271	28384.067	22399.7815	33608.5775	17744.073	61499.445	76550.1825	84528.8135	101060.262	73193.2535	53116.798	46413.8945	59106.816	71549.11	36883.9325	32560.3805	39164.6115	43124.3835	38201.7115	27992.9555	45957.4515	31170.2705	33876.7185	38374.896	39826.01	40611.9915
Hmpp0004	C20H42NO7P			LPC(0:0/12:0)	440.28			[M+H]+	-												73091.5785	108529.24	145431.4225	140288.3205	105447.8985	247506.5145	220616.4745	95561.2995	58817.4255	142012.76	57429.7595	23510.82	48622.2045	168980.27	47152.86	16876.4735	N/A	379965.2515	45345.795	89494.7625	92481.806	40641.7485	49932.947	23119.762	49101.732	59397.673	351403.536	13775.0815	292512.9	308309.6765	109071.9815	129071.7335	26288.396	114133.161	80931.422	126614.9625	161911.957	27371.669	16951.2805	23531.0435	79670.528	92879.74	40967.74	67235.3615	221126.8625	137648.9045	107741.4875	114670.9015	150316.5385	96196.772	136509.918
Hmpp0004	C20H42NO7P			LPC(12:0/0:0)	440.28			[M+H]+	-												73091.5785	108529.24	145431.4225	140288.3205	105447.8985	247506.5145	220616.4745	95561.2995	58817.4255	142012.76	57429.7595	23510.82	48622.2045	168980.27	47152.86	16876.4735	N/A	379965.2515	45345.795	89494.7625	92481.806	40641.7485	49932.947	23119.762	49101.732	59397.673	351403.536	13775.0815	292512.9	308309.6765	109071.9815	129071.7335	26288.396	114133.161	80931.422	126614.9625	161911.957	27371.669	16951.2805	23531.0435	79670.528	92879.74	40967.74	67235.3615	221126.8625	137648.9045	107741.4875	114670.9015	150316.5385	96196.772	136509.918
Hmpp0004	C27H45NO4			Carnitine ph-C14	448.34			[M+H]+	-												46954.448	32068.016	30357.4685	45601.2575	17021.545	5508.049	24696.7505	28186.559	39000.094	70237.5605	72802.977	44366.0905	22093.6225	9714.328	96369.603	45251.9575	13999.405	34075.4	46187.4245	46579.9565	46783.4905	77300.429	35871.475	17506.9965	93827.2065	50500.649	121502.857	11902.0135	121874.83	117282.6045	246362.5595	315285.186	112521.724	274283.9215	163944.5925	100120.0695	58980.6595	173998.3095	56427.857	87050.5605	96909.1845	30561.5265	69174.655	229965.5575	45390.781	78004.132	76017.9595	82584.711	86221.7385	81576.487	85215.6595
Hmpp0004	C27H42O4			2,22-Dideoxy-3-dehydroecdysone	448.34			[M+NH4]+	-												46954.448	32068.016	30357.4685	45601.2575	17021.545	5508.049	24696.7505	28186.559	39000.094	70237.5605	72802.977	44366.0905	22093.6225	9714.328	96369.603	45251.9575	13999.405	34075.4	46187.4245	46579.9565	46783.4905	77300.429	35871.475	17506.9965	93827.2065	50500.649	121502.857	11902.0135	121874.83	117282.6045	246362.5595	315285.186	112521.724	274283.9215	163944.5925	100120.0695	58980.6595	173998.3095	56427.857	87050.5605	96909.1845	30561.5265	69174.655	229965.5575	45390.781	78004.132	76017.9595	82584.711	86221.7385	81576.487	85215.6595
Hmpp0004	C22H46NO7P			LPC(14:0/0:0)	468.31			[M+H]+	-												29161211.81	19909627.82	19613380.98	30266001.05	9312796.447	15984850.05	18306763.59	14790530.53	12872078.95	11384780.18	10203853.85	3341087.128	6984656.297	12932029.73	6326978.608	3184258.825	1276084.459	44357720.24	2813034.221	10956392.99	10293508.43	5077742.369	14760177.1	6631466.047	8362191.556	17915331.07	37868814.4	2643680.593	32976845.62	38036533.94	49165885.47	43983236.46	12389319.59	48249429.33	14873972.55	50408447.63	20679934.28	10789902.44	9116876.706	6285644.126	7939459.397	15230770.94	29197918.81	18047533.99	21331220.58	19416306.31	18702610.81	15272905.26	18592341.14	18700570.08	19184302.5
Hmpp0004	C22H46NO7P			LPC(0:0/14:0)	468.31			[M+H]+	-												29161211.81	19909627.82	19613380.98	30266001.05	9312796.447	15984850.05	18306763.59	14790530.53	12872078.95	11384780.18	10203853.85	3341087.128	6984656.297	12932029.73	6326978.608	3184258.825	1276084.459	44357720.24	2813034.221	10956392.99	10293508.43	5077742.369	14760177.1	6631466.047	8362191.556	17915331.07	37868814.4	2643680.593	32976845.62	38036533.94	49165885.47	43983236.46	12389319.59	48249429.33	14873972.55	50408447.63	20679934.28	10789902.44	9116876.706	6285644.126	7939459.397	15230770.94	29197918.81	18047533.99	21331220.58	19416306.31	18702610.81	15272905.26	18592341.14	18700570.08	19184302.5
Hmpp0004	C23H48NO7P			LPC(0:0/15:0)	482.32			[M+H]+	-												13698342.29	13018712.71	9575433.953	13465132.39	3998536.588	7257525.21	9340460.831	9351857.753	7628979.625	5480059.758	4626244.369	1860022.378	5843038.493	7174084.137	5343303.039	2706765.617	882621.9065	19547765.25	1320303.95	5469555.221	4936770.93	2846486.847	8134249.163	3342269.052	7047106.5	8352961.07	16385479.16	1701653.482	15044306.88	17224804.15	27511183.37	29977515.63	11101078.99	30533998.27	9577327.497	22694505.32	21414639.85	7916739.02	7764254.613	8210341.546	4995948.259	12928804	11201409.68	10094011.95	8155266.486	11483179.85	9529336.209	9554730.139	9898541.282	10978010.62	11682488.24
Hmpp0004	C23H48NO5PS			2-Hexadecanoylthio-1-ethylphosphorylcholine	482.31			[M+H]+	-												13698342.29	13018712.71	9575433.953	13465132.39	3998536.588	7257525.21	9340460.831	9351857.753	7628979.625	5480059.758	4626244.369	1860022.378	5843038.493	7174084.137	5343303.039	2706765.617	882621.9065	19547765.25	1320303.95	5469555.221	4936770.93	2846486.847	8134249.163	3342269.052	7047106.5	8352961.07	16385479.16	1701653.482	15044306.88	17224804.15	27511183.37	29977515.63	11101078.99	30533998.27	9577327.497	22694505.32	21414639.85	7916739.02	7764254.613	8210341.546	4995948.259	12928804	11201409.68	10094011.95	8155266.486	11483179.85	9529336.209	9554730.139	9898541.282	10978010.62	11682488.24
Hmpp0004	C23H48NO7P			LPC(15:0/0:0)	482.32			[M+H]+	-												13698342.29	13018712.71	9575433.953	13465132.39	3998536.588	7257525.21	9340460.831	9351857.753	7628979.625	5480059.758	4626244.369	1860022.378	5843038.493	7174084.137	5343303.039	2706765.617	882621.9065	19547765.25	1320303.95	5469555.221	4936770.93	2846486.847	8134249.163	3342269.052	7047106.5	8352961.07	16385479.16	1701653.482	15044306.88	17224804.15	27511183.37	29977515.63	11101078.99	30533998.27	9577327.497	22694505.32	21414639.85	7916739.02	7764254.613	8210341.546	4995948.259	12928804	11201409.68	10094011.95	8155266.486	11483179.85	9529336.209	9554730.139	9898541.282	10978010.62	11682488.24
Hmpp0004	C24H46NO7P			LPC(0:0/16:2)	492.31			[M+H]+	-												522173.093	242087.3065	159817.1955	700879.285	108453.477	138323.4655	376416.9595	356116.0455	407952.8665	299333.0095	363065.8495	100892.4315	124009.811	246774.2345	155468.82	68695.2095	41715.557	795324.658	123632.8735	187926.881	201136.9005	161531.6375	286866.253	346588.3645	207360.171	364931.4305	602170.655	91637.736	904611.69	864935.4505	626215.864	833879.627	337426.1505	851252.4315	273655.109	920169.9245	500106.726	237595.563	205715.851	207587.1045	204597.039	321494.7225	432988.612	497589.357	358476.672	360138.3155	288942.2705	321758.665	314735.2945	388509.6235	359566.504
Hmpp0004	C24H46NO7P			LPC(16:2/0:0)	492.31			[M+H]+	-												522173.093	242087.3065	159817.1955	700879.285	108453.477	138323.4655	376416.9595	356116.0455	407952.8665	299333.0095	363065.8495	100892.4315	124009.811	246774.2345	155468.82	68695.2095	41715.557	795324.658	123632.8735	187926.881	201136.9005	161531.6375	286866.253	346588.3645	207360.171	364931.4305	602170.655	91637.736	904611.69	864935.4505	626215.864	833879.627	337426.1505	851252.4315	273655.109	920169.9245	500106.726	237595.563	205715.851	207587.1045	204597.039	321494.7225	432988.612	497589.357	358476.672	360138.3155	288942.2705	321758.665	314735.2945	388509.6235	359566.504
Hmpp0004	C24H48NO7P			LPC(0:0/16:1)	494.32			[M+H]+	-												89964179.14	50507537.38	43884408.04	72859478.75	30721727.1	37445427.77	60225997.11	64035636.6	67364252.85	32269939.26	44082669.81	15109155.78	17627599.48	43459439.84	44337177.44	13565865.93	5930471.454	195183324.9	11078106.7	33334721.23	31838143.37	33565340.82	39920568.75	18269819.05	29747515.21	45634436.67	80875658.32	9919012.274	70976494.49	86315190	87005136.07	96198207.64	70936877.35	88402650.58	104528958.3	139726575.7	60993714.48	42184371.51	49416212.18	22284463.51	27078004.23	44116208.87	79349735.73	63603888.08	40025896.45	61841060.54	57262481.04	53910326.95	46668028.06	59392679.38	64955989.99
Hmpp0004	C24H48NO7P			LPC(16:1/0:0)	494.32			[M+H]+	-												89964179.14	50507537.38	43884408.04	72859478.75	30721727.1	37445427.77	60225997.11	64035636.6	67364252.85	32269939.26	44082669.81	15109155.78	17627599.48	43459439.84	44337177.44	13565865.93	5930471.454	195183324.9	11078106.7	33334721.23	31838143.37	33565340.82	39920568.75	18269819.05	29747515.21	45634436.67	80875658.32	9919012.274	70976494.49	86315190	87005136.07	96198207.64	70936877.35	88402650.58	104528958.3	139726575.7	60993714.48	42184371.51	49416212.18	22284463.51	27078004.23	44116208.87	79349735.73	63603888.08	40025896.45	61841060.54	57262481.04	53910326.95	46668028.06	59392679.38	64955989.99
Hmpp0004	C24H50NO7P			LPC(0:0/16:0)	496.34			[M+H]+	-												13181038.81	10601241.98	9679776.027	13082847.05	6255284.157	5164266.5	5767524.695	11699248.71	12519092.1	5396300.309	6839972.116	2641583.665	6140325.266	5174947.927	6555006.037	3211062.555	2639790.406	12598484.71	4180812.705	5924047.685	6033075.676	5578764.865	7853820.185	3847849.777	8201381.181	8207425.238	13575770.55	3369434.215	8718499.716	11005673.99	20761578.17	15108565.08	19306512.36	20540180.09	18930110.39	25252497.09	19985027.16	13683711.6	17489577.75	14623729.12	10415890.6	14469215.37	15763313.35	13570332.09	8507318.978	12006744.26	10952331.86	10243774.61	12155039.06	12010385.15	12630204.34
Hmpp0004	C25H54NO6P			PC(O-1:0/O-16:0)	496.38			[M+H]+	-												13181038.81	10601241.98	9679776.027	13082847.05	6255284.157	5164266.5	5767524.695	11699248.71	12519092.1	5396300.309	6839972.116	2641583.665	6140325.266	5174947.927	6555006.037	3211062.555	2639790.406	12598484.71	4180812.705	5924047.685	6033075.676	5578764.865	7853820.185	3847849.777	8201381.181	8207425.238	13575770.55	3369434.215	8718499.716	11005673.99	20761578.17	15108565.08	19306512.36	20540180.09	18930110.39	25252497.09	19985027.16	13683711.6	17489577.75	14623729.12	10415890.6	14469215.37	15763313.35	13570332.09	8507318.978	12006744.26	10952331.86	10243774.61	12155039.06	12010385.15	12630204.34
Hmpp0004	C24H50NO7P			LPC(16:0/0:0)	496.34			[M+H]+	-												13181038.81	10601241.98	9679776.027	13082847.05	6255284.157	5164266.5	5767524.695	11699248.71	12519092.1	5396300.309	6839972.116	2641583.665	6140325.266	5174947.927	6555006.037	3211062.555	2639790.406	12598484.71	4180812.705	5924047.685	6033075.676	5578764.865	7853820.185	3847849.777	8201381.181	8207425.238	13575770.55	3369434.215	8718499.716	11005673.99	20761578.17	15108565.08	19306512.36	20540180.09	18930110.39	25252497.09	19985027.16	13683711.6	17489577.75	14623729.12	10415890.6	14469215.37	15763313.35	13570332.09	8507318.978	12006744.26	10952331.86	10243774.61	12155039.06	12010385.15	12630204.34
Hmpp0004	C25H52NO7P			LPC(0:0/17:0)	510.36			[M+H]+	-												416205.5885	333501.061	332273.354	472881.3025	78354.096	374794.3835	261884.137	815220.709	520195.4805	251386.476	175054.5565	109905.5905	228216.813	174980.29	288098.6025	146043.277	65800.421	337741.683	168390.453	141768.553	184152.714	340705.472	266691.207	144709.7195	319805.0485	300979.4085	683601.225	70086.9575	674941.7825	266432.6305	900764.1745	N/A	885909.173	1520198.184	855955.2665	994694.819	697444.125	882754.9215	578576.568	462769.6865	169358.43	501681.139	695974.259	672565.4645	374001.096	444800.6465	333066.9985	443577.378	557959.8175	400192.6465	451944.103
Hmpp0004	C25H52NO7P			LPC(17:0/0:0)	510.36			[M+H]+	-												416205.5885	333501.061	332273.354	472881.3025	78354.096	374794.3835	261884.137	815220.709	520195.4805	251386.476	175054.5565	109905.5905	228216.813	174980.29	288098.6025	146043.277	65800.421	337741.683	168390.453	141768.553	184152.714	340705.472	266691.207	144709.7195	319805.0485	300979.4085	683601.225	70086.9575	674941.7825	266432.6305	900764.1745	N/A	885909.173	1520198.184	855955.2665	994694.819	697444.125	882754.9215	578576.568	462769.6865	169358.43	501681.139	695974.259	672565.4645	374001.096	444800.6465	333066.9985	443577.378	557959.8175	400192.6465	451944.103
Hmpp0004	C26H48NO7P			LPC(0:0/18:3)	518.32			[M+H]+	-												22040833.53	13894146.74	11225767.95	36787999.85	6111457.418	6388080.123	13251191.76	10950770.49	12665182.46	12430174.66	22649162.02	7216698.369	3602688.134	8485032.878	6492447.693	5694593.448	1405547.786	41054734.22	5436111.361	15603131.77	16129552.16	3444125.104	13994146.66	3053308.372	8360771.999	15520264.14	26636144.45	2067793.757	23817331.69	23902820.91	27711234.36	27153967.55	14528222.06	34025560.7	16546842.02	35239525.68	10327660.01	5844568.125	10747772.32	4582647.256	4134470.567	6838781.238	15714423.07	17679353.53	9065043.548	16530329.61	15447906.68	16620651.54	14215191.34	16273908.21	17121981.53
Hmpp0004	C26H48NO7P			LPC(18:3/0:0)	518.32			[M+H]+	-												22040833.53	13894146.74	11225767.95	36787999.85	6111457.418	6388080.123	13251191.76	10950770.49	12665182.46	12430174.66	22649162.02	7216698.369	3602688.134	8485032.878	6492447.693	5694593.448	1405547.786	41054734.22	5436111.361	15603131.77	16129552.16	3444125.104	13994146.66	3053308.372	8360771.999	15520264.14	26636144.45	2067793.757	23817331.69	23902820.91	27711234.36	27153967.55	14528222.06	34025560.7	16546842.02	35239525.68	10327660.01	5844568.125	10747772.32	4582647.256	4134470.567	6838781.238	15714423.07	17679353.53	9065043.548	16530329.61	15447906.68	16620651.54	14215191.34	16273908.21	17121981.53
Hmpp0004	C26H50NO7P			LPC(0:0/18:2)	520.34			[M+H]+	-												23243725.11	20519764.5	21028814.76	17217014.73	10821313.21	11529821.2	10787356.22	25288243.26	18712018.48	11271775.32	16752879.29	6260465.546	8367721.465	9354656.698	12910073.13	6875779.201	5034824.107	18806599.52	7977002.377	14223964.13	12575971.79	7321725.534	13345347.08	4621953.726	15841807.62	14774311.84	18493968.03	5405342.772	19256595.43	20275673.49	29708219.45	33950807.67	29918964.47	32993218.98	29062646.56	25007379.28	22413727.94	18727110.28	24631796.37	15842682.05	12914458.57	15173598.2	23267892.6	19130801.87	13808469.79	19971262.63	17218004.34	16819485.02	18131877.49	19429583.82	20852817.94
Hmpp0004	C26H50NO7P			LPC(18:2/0:0)	520.34			[M+H]+	-												23243725.11	20519764.5	21028814.76	17217014.73	10821313.21	11529821.2	10787356.22	25288243.26	18712018.48	11271775.32	16752879.29	6260465.546	8367721.465	9354656.698	12910073.13	6875779.201	5034824.107	18806599.52	7977002.377	14223964.13	12575971.79	7321725.534	13345347.08	4621953.726	15841807.62	14774311.84	18493968.03	5405342.772	19256595.43	20275673.49	29708219.45	33950807.67	29918964.47	32993218.98	29062646.56	25007379.28	22413727.94	18727110.28	24631796.37	15842682.05	12914458.57	15173598.2	23267892.6	19130801.87	13808469.79	19971262.63	17218004.34	16819485.02	18131877.49	19429583.82	20852817.94
Hmpp0004	C26H52NO7P			LPC(0:0/18:1)	522.36			[M+H]+	-												1015316.12	358620.6125	559327.8675	825842.5545	640737.917	625187.807	399292.086	919330.72	858858.0595	730580.696	776622.9185	270453.3225	319771.5045	623846.547	819654.952	368866.434	260545.7705	1154193.541	338429.7915	546037.642	616513.331	619178.48	445330.12	363613.869	522017.5465	645895.193	923583.173	206936.227	1317592.145	469439.471	911474.355	411332.5605	1417713.78	1294458.911	1263521.241	1194050.36	985626.474	542058.468	1042672.313	444642.881	444538.7585	782007.643	981819.3455	668905.7875	484115.834	790789.5025	752411.0165	652854.0055	909554.1555	794716.216	910302.7845
Hmpp0004	C26H54NO6PS			2-Thio-PAF	522.34			[M+H-H2O]+	-												1015316.12	358620.6125	559327.8675	825842.5545	640737.917	625187.807	399292.086	919330.72	858858.0595	730580.696	776622.9185	270453.3225	319771.5045	623846.547	819654.952	368866.434	260545.7705	1154193.541	338429.7915	546037.642	616513.331	619178.48	445330.12	363613.869	522017.5465	645895.193	923583.173	206936.227	1317592.145	469439.471	911474.355	411332.5605	1417713.78	1294458.911	1263521.241	1194050.36	985626.474	542058.468	1042672.313	444642.881	444538.7585	782007.643	981819.3455	668905.7875	484115.834	790789.5025	752411.0165	652854.0055	909554.1555	794716.216	910302.7845
Hmpp0004	C26H52NO7P			LPC(18:1/0:0)	522.36			[M+H]+	-												1015316.12	358620.6125	559327.8675	825842.5545	640737.917	625187.807	399292.086	919330.72	858858.0595	730580.696	776622.9185	270453.3225	319771.5045	623846.547	819654.952	368866.434	260545.7705	1154193.541	338429.7915	546037.642	616513.331	619178.48	445330.12	363613.869	522017.5465	645895.193	923583.173	206936.227	1317592.145	469439.471	911474.355	411332.5605	1417713.78	1294458.911	1263521.241	1194050.36	985626.474	542058.468	1042672.313	444642.881	444538.7585	782007.643	981819.3455	668905.7875	484115.834	790789.5025	752411.0165	652854.0055	909554.1555	794716.216	910302.7845
Hmpp0004	C28H48NO7P			LPC(0:0/20:5)	542.32			[M+H]+	-												26908259.01	18662693.89	16748298.76	59461442.56	6496865.728	5455566.835	6565517.235	32241523.96	25930202.42	6986679.813	15135534.2	6367920.56	9214683.545	5418727.594	5856828.872	3147709.171	3589079.064	13704309.19	5714163.739	15130930.02	16147519.68	9709396.081	12090782.55	64821272.25	5365825.734	14857801.93	10853881.84	24282133.49	9241582.851	9087499.094	34252025.24	34507786.51	5912392.815	36954792.78	15476770.43	25718335.21	20649490.96	19510238.69	5252835.838	14549615.7	7849084.102	14712279.06	8024298.505	14423708.29	3147366.488	19547807.79	16214928.97	16352699.61	16095170.45	18286220.46	22000877.91
Hmpp0004	C28H48NO7P			LPC(20:5/0:0)	542.32			[M+H]+	-												26908259.01	18662693.89	16748298.76	59461442.56	6496865.728	5455566.835	6565517.235	32241523.96	25930202.42	6986679.813	15135534.2	6367920.56	9214683.545	5418727.594	5856828.872	3147709.171	3589079.064	13704309.19	5714163.739	15130930.02	16147519.68	9709396.081	12090782.55	64821272.25	5365825.734	14857801.93	10853881.84	24282133.49	9241582.851	9087499.094	34252025.24	34507786.51	5912392.815	36954792.78	15476770.43	25718335.21	20649490.96	19510238.69	5252835.838	14549615.7	7849084.102	14712279.06	8024298.505	14423708.29	3147366.488	19547807.79	16214928.97	16352699.61	16095170.45	18286220.46	22000877.91
Hmpp0004	C28H50NO7P			LPC(0:0/20:4)	544.34			[M+H]+	-												59554751.76	41312263.42	38637125.04	41893175.55	23751286.75	20763727.84	19243206.98	71739475.98	51072226.99	20172615.14	25881483.76	20834142.53	29546076.18	16670521.98	26354319.29	13000223.61	30111186.66	34617028.45	32605972.14	37355153.86	39426152.22	47792627.77	26726328.1	20086785.96	35430287.11	31496022.96	33483990.66	26597216.19	32070552.26	35054643.21	74569322.23	86589733.1	72878117.72	91465281.42	73903173.41	97837757.26	70493266.23	106348735.3	59089790.42	74766608.28	48710902.82	61157652.54	46274138.29	69604861.13	18764484.18	58105694.52	45249794.73	49639530.98	50767401.14	51511971.65	58380943.46
Hmpp0004	C28H50NO7P			LPC(20:4/0:0)	544.34			[M+H]+	-												59554751.76	41312263.42	38637125.04	41893175.55	23751286.75	20763727.84	19243206.98	71739475.98	51072226.99	20172615.14	25881483.76	20834142.53	29546076.18	16670521.98	26354319.29	13000223.61	30111186.66	34617028.45	32605972.14	37355153.86	39426152.22	47792627.77	26726328.1	20086785.96	35430287.11	31496022.96	33483990.66	26597216.19	32070552.26	35054643.21	74569322.23	86589733.1	72878117.72	91465281.42	73903173.41	97837757.26	70493266.23	106348735.3	59089790.42	74766608.28	48710902.82	61157652.54	46274138.29	69604861.13	18764484.18	58105694.52	45249794.73	49639530.98	50767401.14	51511971.65	58380943.46
Hmpp0004	C28H54NO7P			LPC(20:2/0:0)	548.37			[M+H]+	-												N/A	N/A	270633.5715	521141.936	N/A	N/A	N/A	239341.328	N/A	N/A	150852.1215	N/A	100796.014	N/A	N/A	N/A	N/A	654204.567	N/A	N/A	N/A	N/A	391017.057	N/A	246673.118	N/A	N/A	N/A	457702.2635	652347.6345	400101.305	606909.898	424662.588	468284.76	708720.9995	827241.4435	284525.3705	280357.229	439701.5155	303032.3635	115632.2585	303668.225	572352.866	408047.86	N/A	464805.872	278428.914	247627.897	282325.44	321163.268	470197.4125
Hmpp0004	C28H54NO7P			LPC(0:0/20:2)	548.37			[M+H]+	-												N/A	N/A	270633.5715	521141.936	N/A	N/A	N/A	239341.328	N/A	N/A	150852.1215	N/A	100796.014	N/A	N/A	N/A	N/A	654204.567	N/A	N/A	N/A	N/A	391017.057	N/A	246673.118	N/A	N/A	N/A	457702.2635	652347.6345	400101.305	606909.898	424662.588	468284.76	708720.9995	827241.4435	284525.3705	280357.229	439701.5155	303032.3635	115632.2585	303668.225	572352.866	408047.86	N/A	464805.872	278428.914	247627.897	282325.44	321163.268	470197.4125
Hmpp0004	C30H50NO7P			LPC(0:0/22:6)	568.34			[M+H]+	-												62204375.94	73545144.13	67175498.17	66352205.33	25412211.68	15738659.21	14367645.4	68715222.15	75342042.18	20533575.3	23656118.68	23157115.27	34084912.01	14701534.69	23961148.43	24597990.07	21875702.48	38917047.15	18312079.28	24420677.73	24404898.46	26793594.45	20698136.62	16783307.51	32111022.56	22970283.42	48185956.31	22061542.07	37600592.05	46605367.15	113171140.4	108425752.7	88357541.9	101424298.7	88391281.82	82079982.2	97168083.53	124700981.7	60017633.4	84485839.99	35843290.11	54669842.83	41303464.06	72933770.01	29447190.14	60681492.22	50444095.03	48396961.54	49044595.92	58432251.06	64335834.51
Hmpp0004	C30H50NO7P			LPC(22:6/0:0)	568.34			[M+H]+	-												62204375.94	73545144.13	67175498.17	66352205.33	25412211.68	15738659.21	14367645.4	68715222.15	75342042.18	20533575.3	23656118.68	23157115.27	34084912.01	14701534.69	23961148.43	24597990.07	21875702.48	38917047.15	18312079.28	24420677.73	24404898.46	26793594.45	20698136.62	16783307.51	32111022.56	22970283.42	48185956.31	22061542.07	37600592.05	46605367.15	113171140.4	108425752.7	88357541.9	101424298.7	88391281.82	82079982.2	97168083.53	124700981.7	60017633.4	84485839.99	35843290.11	54669842.83	41303464.06	72933770.01	29447190.14	60681492.22	50444095.03	48396961.54	49044595.92	58432251.06	64335834.51
Hmpp0004	C30H52NO7P			LPC(22:5/0:0)	570.36			[M+H]+	-												5992047.658	7438941.744	6410969.828	5488365.561	5618987.38	3189412.272	2747588.752	7870987.907	7017933.7	2992272.649	3533023.951	2746788.79	3031539.792	2736950.072	4356428.432	1827561.509	3022035.226	6593649.622	3276851.467	4724244.823	5252585.773	5719478.907	1776868.41	1685330.452	3555724.224	2325190.681	4906670.47	2775352.756	4157826.573	4451518.082	12257454.7	13707996.66	8263342.3	13839099.54	11439619.56	10173738.38	9893410.596	9506776.001	5607923.725	8039846.466	4733936.092	6250634.542	6845309.842	6927520.324	3078291.306	8304669.96	5875665.847	6225357.538	6392857.856	6606325.285	8091077.011
Hmpp0004	C30H52NO7P			LPC(0:0/22:5)	570.36			[M+H]+	-												5992047.658	7438941.744	6410969.828	5488365.561	5618987.38	3189412.272	2747588.752	7870987.907	7017933.7	2992272.649	3533023.951	2746788.79	3031539.792	2736950.072	4356428.432	1827561.509	3022035.226	6593649.622	3276851.467	4724244.823	5252585.773	5719478.907	1776868.41	1685330.452	3555724.224	2325190.681	4906670.47	2775352.756	4157826.573	4451518.082	12257454.7	13707996.66	8263342.3	13839099.54	11439619.56	10173738.38	9893410.596	9506776.001	5607923.725	8039846.466	4733936.092	6250634.542	6845309.842	6927520.324	3078291.306	8304669.96	5875665.847	6225357.538	6392857.856	6606325.285	8091077.011
Hmpp0004	C4H7NO4			Aspartic Acid	132.03			[M-H]-	-												329714.798	349028.3845	290386.703	1086860.085	241277.7275	224808.952	583367.441	135234.6175	372035.0315	494175.844	147250.5725	71021.8475	358569.827	271841.1585	475651.775	202880.7315	202004.417	100913.8375	289923.6445	187154.9345	240016.25	242733.493	202432.4715	289701.7585	159631.8715	179377.71	589673.6125	184532.671	627437.085	859244.7875	724716.6315	671610.9965	385138.9255	769371.3005	536719.272	521476.626	506999.335	446349.9125	475030.5555	436971.234	390978.1175	470767.841	311381.8835	484748.7345	519623.4485	364543.83	378093.92	371574.7205	373013.09	410824.8645	293377.335
Hmpp0004	C6H13N3O3			L-Citrulline	174.09			[M-H]-	-												891477.89	725019.0795	789199.2115	653743.279	440587.9505	214106.6	1236226.877	155143.203	1223311.737	958951.4525	1403898.216	730381.0295	653460.296	579775.934	1414994.325	618122.744	298909.0865	1207281.818	673704.271	936886.535	1065276.909	1132354.735	1168249.122	1265508.091	1269550.363	1091937.424	2384404.302	500747.358	2137156.214	2184168.616	881328.4225	905460.4865	1113527.256	875325.1185	1923497.506	1385165.465	556799.174	1194187.747	1107182.059	1179058.313	1018297.944	723142.46	1409952.823	752258.75	1572397.403	1002467.708	990137.073	980139.4205	967239.3665	958890.761	954201.9195
Hmpp0004	C6H9N3O2			Histidine	154.06			[M-H]-	-												661178.01	703458.0375	728133.433	603257.522	755129.426	306970.5875	422916.2185	440477.3745	824701.548	685987.1695	320161.8605	497979.022	447058.978	344570.589	768712.4245	344267.442	323588.476	383595.5385	333602.217	328090.3415	317398.241	527050.1785	482950.77	458105.579	477232.22	513436.5305	711469.1565	384294.8995	669372.699	675980.7185	821495.276	822007.0165	777969.4505	843966.3005	621941.6795	495926.005	666443.038	786871.2935	721846.698	871981.426	580930.443	641146.195	547963.127	622466.5265	729551.8525	587719.1305	581047.177	664859.1335	557555.077	569794.215	578200.585
Hmpp0004	C3H7NO3			L-Serine	104.04			[M-H]-	-												215701.27	277118.3215	262880.2475	327985.0895	278139.4135	96819.5745	170173.923	248909.005	360128.867	249512.323	172622.319	169112.786	188224.8175	167189.2105	143392.4535	95306.7415	163679.704	106233.4685	63948.989	105943.013	142231.5475	152664.861	107597.1075	196275.856	106728.319	111681.27	357866.528	211572.211	281872.321	293511.009	313944.2665	291356.646	340491.414	331778.9715	379662.6905	286385.7185	265923.94	321860.321	342529.8195	365023.698	159002.424	274317.981	293187.8285	264639.759	222163.0725	271403.2585	229834.421	235599.2485	226201.54	259408.627	229551.34
Hmpp0004	C11H12N2O2			L-Tryptophan	203.08			[M-H]-	-												26204755.55	36159239.52	32668050.9	21032994.15	23069366.55	17267047.95	24650973.13	15816294.13	17673360.95	28263929.44	15977304.19	3348940.473	15758760.58	18660414.78	20902453.22	11402330.4	13632344.67	29486459.2	10228440.19	16167302.94	16758145.06	12183391.73	19314641.57	15741129.35	21267179.88	20916272.61	23903129.46	14419392.56	21333589.22	22533193.2	21777820.1	23008928.21	29193812.87	22934503.16	17171244.17	25007870.29	25551200.69	31172656.57	25860822.93	29427604.34	19434298.24	23274031.79	29352547.76	31619450.91	30749225.85	22742843.78	23937441.39	22810064.03	23462136.83	21864519.67	23525983.47
Hmpp0004	C8H14N2O5			gamma-Glu-Ala	217.08			[M-H]-	-												43318.535	45236.8965	32205.783	21263.3175	18732.6535	9391.6515	30180.8895	27299.1675	64265.9315	42471.1835	27582.486	24092.6355	13010.24	14882.6925	19612.927	21904.8825	14301.935	36778.3385	42737.591	30435.357	9851.729	23639.4385	27761.0265	20360.0675	52415.94	33562.7885	29827.642	7363.349	53392.0385	59317.883	18592.4935	29721.69	21578.915	43736.822	27533.106	40294.0065	23892.91	17263.763	12249.1055	25975.3415	13430.3005	27568.8205	26690.8085	35258.653	53739.088	21214.845	34641.234	31025.7485	21007.5765	20663.747	37275.6045
Hmpp0004	C6H10O5			3-Hydroxy-3-Methylpentane-1,5-Dioic Acid	161.05			[M-H]-	-												186686.818	446594.909	461265.0895	491530.087	439989.767	253381.212	308985.112	362844.1795	369000.3905	311307.4045	284652.934	252047.107	313009.8025	289688.086	173106.3315	183622.5285	227880.655	249016.3655	275600.164	297861.9165	318487.0865	341027.488	285911.364	235142.196	197193.7635	423785.431	152558.8435	259087.43	162966.418	177162.3235	233883.369	223525.404	330570.75	246214.8935	215117.094	231916.4565	396462.615	352260.712	258189.857	508068.4615	281702.7645	347183.38	328628.876	338258.984	229574.7085	300209.687	297878	317013.6145	268715.1335	379868.498	304490.3625
Hmpp0004	C4H6N4O3			Allantoin	157.04			[M-H]-	-												221145.492	250031.3325	266656.4955	259053.0195	510921.2175	258981.3835	197509.7495	132498.4445	134303.0225	201411.76	198362.932	251633.0255	240518.6195	274786.9605	779272.5025	N/A	212240.456	154594.9815	267841.4605	249819.3645	234092.1815	403266.66	1044571.295	650271.556	896818.8165	315658.0785	281952.0115	241881.39	345810.847	321725.922	302389.5015	285978.152	273826.5135	294978.783	446066.7805	243060.232	228234.638	261414.2735	260229.5365	272718.899	269825.199	253631.2445	275580.1585	N/A	255930.736	333775.3575	313013.0145	271396.0355	258974.0975	550276.6075	302309.4355
Hmpp0004	C20H32N6O12S2			Glutathione Oxidized	611.14			[M-H]-	-												36118.8185	113709.4945	27533.5135	92849.0975	73251.0465	39547.0365	91285.869	79853.038	51159.734	89204.1525	28513.2015	85542.504	36279.1265	44946.013	76243.147	63333.495	131283.9065	77235.9085	95789.757	85944.0105	97296.5965	62727.3355	53903.709	48537.0855	43524.5955	44473.5075	66386.8335	81105.951	25982.854	43561.084	69685.0555	50493.089	73557.666	72339.552	42759.6545	34651.202	53001.9245	38113.2915	119694.865	63587.277	82761.004	114906.8125	107635.673	65352.04	33147.2335	43758.4325	84379.0215	49771.9505	92801.789	94234.595	32726.154
Hmpp0004	C7H12N2O3			Gly-Pro	171.08			[M-H]-	-												N/A	8927.71	N/A	N/A	N/A	N/A	12051.0885	N/A	N/A	N/A	N/A	N/A	8250.4935	N/A	N/A	8080.3525	3827.4765	8879.521	4207.9985	12022.2555	7004.4355	68895.4815	12068.014	13271.9655	1650.4895	9809.172	6381.069	4436.1995	5141.8005	6362.5065	3883.5	3805	4375.9535	12035.853	17431.697	9576.5	2522.8785	5726.643	7331.311	1196.2645	1925.4765	3180.6935	3454.4455	3937.536	3191.542	7716.028	9004.2435	8982.6025	2589.961	11430.94	9793.88
Hmpp0004	C8H15NO3			Hexanoyl Glycine	172.1			[M-H]-	-												38844.645	94483.707	100344.854	83758.5295	27286.228	73605.9725	20978.315	112298.203	127608.553	22268.2655	46837.5795	73304.7465	23211.718	35467.602	20593.298	50870.572	56572.7145	151166.093	80332.934	63366.961	69602.3455	117311.6	19811.049	9431.7215	99477.37	32309.781	11042.903	43214.006	6617.467	8670.1595	32585.3185	35510.4225	87263.126	34863.3535	166086.7845	30827.834	51675.985	52872.8105	76111.848	63175.2605	54771.849	59360.3935	33001.7805	37219.54	15928.183	54512.19	46851.2875	63598.451	57926.0975	67203.322	54848.2505
Hmpp0004	C4H8N2O3			L-Asparagine Anhydrous	131.05			[M-H]-	-												221094.694	250761.293	238616.9315	230046.614	241221.0845	63767.5985	173439.8415	68251.074	273729.5245	253684.1915	116753.424	177242.4495	141537.1775	138111.12	119991.248	89770.6165	84531.4385	192716.2975	85506.9715	132369.444	128407.4685	183072.6165	123308.7165	169576.601	153641.8315	99115.1035	303216.428	102988.0345	268681.402	320366.998	306323.7925	303448.4335	216965.006	253173.2675	152889.6555	198216.459	180719.7605	229185.041	200837.9225	369034.187	151386.7625	225839.3895	158774.034	189842.483	213611.128	158685.3775	197824.233	183593.246	182861.8505	223813.257	143661.005
Hmpp0004	C3H7NO2S			L-Cysteine	120.01			[M-H]-	-												319761.162	72944.039	84793.5735	63609.21	515243.301	254934.287	48513.5385	335488.094	208524.212	72336.28	580492.904	270294.7285	91835.982	230765.3225	191580.142	284707.0595	95967.4285	249257.6385	132711.0325	91953.711	113326.696	78544.9805	60782.649	75655.405	220284.98	111503.0985	170350.203	93233.947	188196.487	216862.55	229889.782	342477.5135	127307.3495	331575.5025	811462.442	143392.164	75381.493	128728.323	88689.7785	73630.092	54603.757	57067.9885	122408.265	123714.5035	351702.723	261640.012	175108.6785	142270.676	254794.942	168392.2245	287306.4925
Hmpp0004	C5H10N2O3			L-Glutamine	145.06			[M-H]-	-												1765260.942	1801609.54	1683491.712	1122977.923	1239029.687	901445.09	1544165.121	1272733.373	2327984.63	1246198.581	1371189.334	2926979.587	1086879.623	1095351.806	1203369.154	667106.27	1068112.478	1636368.704	686756.3225	1036281.808	1059102.361	1142167.604	1027097.221	1646376.03	850352.712	911194.473	1476253.317	1296897.139	1366408.872	1458211.114	1557167.506	1400044.652	2206295.006	1554221.085	1378433.821	2216879.255	1024052.022	1649947.088	2120368.069	2226242.186	1060860.821	1210026.211	1719604.266	1436437.675	2018103.372	1419314.24	1453171.679	1413668.671	1464471.034	1474147.501	1542772.627
Hmpp0004	C7H15N3O3			L-Homocitrulline	188.1			[M-H]-	-												21134.0025	25734.2945	29809.6425	25893.5295	83526.9585	56429.658	60004.5615	44270.824	26932.4045	50701.6545	21382.5035	52375.6605	22444.149	76451.897	201502.86	108488.0145	13327.8145	132365.4745	112876.4005	34945.252	41976.945	649870.3	1371198.566	62133.258	182015.762	1570864.791	40556.3175	29894.3255	40581.337	29740.802	73943.248	70523.5135	30912.013	79316.0075	520081.0635	20633.3605	34995.4395	22626.243	22751.8695	18933.794	27911.9435	43087.939	56793.6195	26730.199	27778.643	153930.0655	139032.824	151140.5725	199319.789	139716.393	205898.136
Hmpp0004	C8H16N2O3			N6-Acetyl-L-Lysine	187.11			[M-H]-	-												115225.9175	114041.5695	130670.407	101367.8965	71417.1915	71994.6785	208453.772	219715.728	116902.457	132640.9475	103154.2455	159901.629	118440.599	131939.1995	181932.3915	189166.467	62444.161	95044.167	161899.514	120612.566	124104.5075	210390.877	182090.6215	157470.706	237270.093	239458.1225	122397.6275	94776.018	120014.6795	116885.9065	116358.612	111403.532	137116.4325	86495.924	286731.731	139789.451	97526.1775	109022.577	115192.6685	105332.3025	115473.4655	115031.3325	102111.1385	94467.038	97330.598	132241.641	133449.6425	159308.3255	173126.0265	153737.347	137904.923
Hmpp0004	C8H15NO3			N-Acetyl-L-Leucine	172.1			[M-H]-	-												323408.508	376452.6795	398991.3305	295768.2135	373404.067	369629.224	264217.05	520093.194	313705.711	321632.3435	233010.6445	241910.836	287408.5045	313291.8575	237278.849	190145.62	348543.474	319919.195	369199.8065	320544.0135	343142.1455	544016.3	259195.7485	252895.0615	293129.215	338607.4975	252348.438	327609.1955	193844.352	198351.543	187917.115	192988.7465	251353.476	186118.717	350887.0365	254534.4395	495157.8745	362230.9935	223428.4285	447756.324	483710.3195	478722.59	305319.8685	271692.6375	248592.5615	390710.793	341496.99	388736.396	336934.2575	428037.817	437136.52
Hmpp0004	C11H19NO9			N-Acetylneuraminic Acid(SA)	308.1			[M-H]-	-												14652.8885	25703.069	24817.0575	45202.5355	38041.7875	75456.4505	115006.1305	107828.119	36895.9115	55104.3455	51763.053	24363.125	44627.524	137256.5925	189922.109	159874.7875	23820.439	78836.589	177099.827	27045.283	48074.2015	338265.942	201767.663	60894.308	98202.9385	189504.358	40330.9845	33996.4895	30767.2355	24645.1945	112198.552	93998.338	27512.2275	92206.2485	386888.8255	71087.1305	10229.288	47332.906	36444.0225	27503.0485	49764.483	34806.341	75956.865	71808.545	40211.2905	71943.5295	81563.228	64860.544	71347.918	77758.2375	84784.251
Hmpp0004	C5H9NO3			N-Propionylglycine	130.05			[M-H]-	-												386644.419	455838.666	453757.0345	351141.441	333583.5055	311450.729	329347.0595	232971.8295	470800.055	301452.1595	212186.3205	189290.6275	268836.9	278152.9325	124980.485	118400.324	238339.9855	229578.0035	112916.939	272914.364	298579.4585	229541.028	143659.9395	195377.755	260604.6125	154342.4865	285583.4055	239629.317	230157.531	220088.1	303434.6415	290089.019	330876.104	300563.046	127596.3945	278533.7795	507562.7935	366422.143	325461.6305	555244.986	316689.087	510422.0575	388665.3425	320923.305	366305.951	321283.682	294241.3185	329495.6995	274412.3605	272416.852	288452.949
Hmpp0004	C8H16N4O3			N¦Á-Acetyl-L-Arginine	215.11			[M-H]-	-												12953.866	12137.2755	22077.9855	12421.4245	23700.1985	13639.9285	12159	64417.4885	20838.509	35214.9825	15355.5745	22183.6215	16817.039	17292.925	67639.027	27119.5225	5101.567	33273.5875	45033.439	12453.2665	15791.712	119369.424	76655.9235	26241.223	184676.0415	122511.7495	19192.7975	23362.1825	13771.9405	21103.304	29995.012	38003.2845	31934.7095	28496.255	426872.248	16357.401	20623.085	19370.663	28114.2225	15062.6275	15452.949	21938.8165	9424.1115	15673.822	16682.273	53160.8345	55747.426	35071.994	45183.16	46669.3785	55262.126
Hmpp0004	C3H8NO6P			O-Phospho-L-Serine	184			[M-H]-	-												413870.4745	511323.067	389394.952	227054.428	428229.819	365195.061	254775.4645	401340.8885	252005.426	409811.707	128889.6505	529733.554	349865.279	266106.268	407210.5585	351753.068	213249.789	172200.1275	265566.882	194665.272	237496.8235	322488.758	450206.7635	327156.97	263364.413	405467.1535	281311.7935	266446.0415	260226.61	242940.403	352524.1385	338955.9355	352781.3415	342125.1485	412705.25	181225.4735	416211.3835	500339.176	325171.3335	558590.926	517669.5825	395917.7915	601407.1415	387903.6685	401082.6675	415572.4065	403503.2715	366841.366	421874.5135	446918.5755	360063.3635
Hmpp0004	C14H20N6O5S			S-(5-Adenosy)-L-Homocysteine	383.11			[M-H]-	-												11063.6045	8706.6605	8199.3185	140122.2145	7631.334	19567.35	10046.2295	22321.433	15257.2675	14152.771	21488.6505	9128.891	7873.847	29962.9465	172580.191	24638.797	6694	8179.8315	99640.17	10206.8255	13809.187	8828.865	26080.04	48628.378	43971.7825	36196.53	39204.5055	20147.796	33368.5845	40014.114	21403.7815	21228.393	9284.768	21795.5985	52165.639	12894.7635	9575.7795	12024.8765	4772.8855	6337.1135	10800.414	7975.5	13946.824	4005.48	7713.85	31879.1765	34385.7125	48368.229	30966.5885	22871.7245	41766.9825
Hmpp0004	C11H13NO3			N-Acetyl-L-phenylalanine	206.08			[M-H]-	-												54575.435	65835.1485	47494.8035	104848.7645	85401.368	232413.944	99753.9035	1515845.113	109541.592	70375.02	57901.0195	156513.0535	51262.6745	151380.441	155302.022	117549.545	81424.869	137180.9745	141627.288	79143.938	91608.8255	646976.4135	130380.5805	76719.552	223160.4675	152801.056	73410.1665	95364.9435	78417.5995	63938.8775	43387.351	43766.3715	61563.5595	40649.9365	178388.4335	60989.7405	92521.125	41102.795	60372.006	66424.989	96663.113	91060.866	66555.077	82829.3595	83471.1475	164438.0435	154592.808	159697.3315	166494.3515	150608.19	156087.1145
Hmpp0004	C8H6O4			Terephthalic Acid	165.02			[M-H]-	-												1464633.128	1500816.22	1701756.036	1517250.947	1577141.34	1422199.556	1527786.909	1738718.503	1822730.005	1667108.891	1812975.096	1434449.043	1513991.219	1760927.138	1997345.071	N/A	1615770.21	1431559.807	1910354.498	1647866.268	1885745.39	3053610.654	1727864.675	1680675.016	1594439.992	1697871.105	1633118.118	1634135.58	1780623.203	1650457.12	1483331.168	1530918.278	1848446.733	1377576.98	1796162.069	1638402.592	1830961.736	1565061.408	1463797.357	1621676.497	1500240.291	1525492.744	1641401.435	1716860.3	1532248.568	1552599.168	1319466.999	1653235.266	1603934.011	1742372.416	1687151.328
Hmpp0004	C26H45NO6S			Taurochenodesoxycholic Acid	498.29			[M-H]-	-												133138.611	7192.118	N/A	17547.1455	3793672.14	6939126.248	107752.203	842199.9975	205576.4855	1988369.71	112164.8565	N/A	91569.2245	3090165.197	196603.5805	663988.1525	1635113.064	46850.2715	41727.009	27838.7445	32273.2485	26588.2995	N/A	N/A	95491.2305	27948.4235	37490.3535	1366350.126	80619.7685	49640.813	12688.4785	18362.4565	433481.635	17969.2305	20865.6145	10068.684	117521.9935	361786.115	392271.0875	12822.4095	58061.5735	89274.3225	N/A	110651.4285	4732373.343	643867.4635	686610.1065	632133.434	708953.601	679392.947	645542.447
Hmpp0004	C26H43NO4			Glycolithocholic acid	432.31			[M-H]-	-												89758.4265	96402.238	100829.5435	124351.108	83758.517	123283.751	74875.5295	96164.0575	108499.1315	112737.068	86636.7355	103585.037	107128.6285	109110.644	93182.952	116471.3	94934.2145	88862.8925	81569.4865	101607.5345	120552.09	135767.697	96831.063	96516.9995	90606.1965	101623.8495	99655.1575	82574.778	81027.2935	84319.7905	85995.643	95346.96	99857.4315	87248.556	111007.052	115751.9075	90730.4135	105782.0575	108308.6855	108576.759	84949.112	89892.289	105514.344	106883.6725	98681.782	118900.4965	94744.9545	89407.804	147948.2055	111684.6385	118624.2495
Hmpp0004	C24H40O4			Hyodeoxycholic acid	391.29			[M-H]-	-												886681.636	78923.281	59663.8095	202217.952	9367637.934	40433963.69	187411.444	70345848.55	2765431.033	986646.712	245678.0635	N/A	2161593.89	17389309.75	N/A	4942720.451	15221526.97	2396437.996	47350.7455	144366.826	195282.0885	71513.4515	N/A	N/A	2404934.022	N/A	43256.3025	13218596.19	77066.192	54819.574	104798.4525	61914.1975	79636163.63	102017.3475	95876.5715	28448.25	188988.0155	204633.9615	54560606.73	204724.703	150026.9365	166620.911	36997.5725	4262885.099	3526763.18	7049780.448	8966941.08	7223268.531	5980290.136	9834366.714	8019364.545
Hmpp0004	C8H8O3			4-Hydroxy-3-methoxybenzaldehyde	151.04			[M-H]-	-												123647.215	118994.069	125284.974	102684.0775	108497.244	80498.4485	55587.0355	101513.0155	132216.818	109524.355	124918.5765	130439.5285	106423.0495	58172.8995	84450.5575	46767.2215	88058.8765	123502.985	90648.644	92539.928	102003.089	86103.7345	69638.673	64537.4235	113414.351	94199.6875	112266.4375	69362.484	100786.4205	102392.751	158363.405	120295.7445	171086.5605	129382.5905	132567.1545	145774.7945	145484.6035	137435.488	129133.738	104516.5725	107123.7545	124098.723	83129.5995	110018.744	119101.72	202830.835	212937.6915	205082.03	180173.349	193552.035	205792.1905
Hmpp0004	C9H12N2O5			2'-Deoxyuridine	227.07			[M-H]-	-												3684.0655	N/A	N/A	10261.389	N/A	N/A	N/A	N/A	3667.9025	N/A	N/A	N/A	N/A	N/A	8751	6731.7755	N/A	9512.888	9273.597	8798.9375	4020.4755	4535.497	9810.6345	4367.7955	3434.857	4928.2625	7419.9925	2824.7095	4734.1675	5785.1205	14570.1505	15042.1705	7370.3515	12251.5405	8179.794	10769.833	2494.0405	3855.929	6606.795	2329.242	1843.192	1372	8269.7635	6677.2645	4418.444	8422.2405	5987.961	3309.5505	6705.996	8483.966	4192.1395
Hmpp0004	C5H7N3O			5-Methylcytosine	124.05			[M-H]-	-												56486.8165	55818.6815	58313.4845	110755.101	38239.272	24911.8695	87322.6955	35488.331	43894.3005	69692.333	38357.8535	31310.8795	100788.368	39950.7525	142856.125	39971.6605	19379.7405	38833.938	37145.8105	32812.2445	23347.2875	78162.8545	112408.537	103440.323	72364.307	131110.0675	72496.0515	55496.2755	80620.696	85920.288	177308.242	215753.7375	116394.8815	189901.753	162535.232	253057.4875	49394.1725	164882.196	134949.0295	93737.111	59210.157	46472.9845	139891.998	93399.148	79996.7785	103726.764	82473.319	83771.971	86040.0795	78981.9355	93886.439
Hmpp0004	C5H4N4O			Hypoxanthine	135.03			[M-H]-	-												2457640.025	4936422.773	4285995.625	3214697.452	2501741.904	195371.937	674289.4065	1228800.847	2649746.871	1892441.197	4583011.088	793683.043	2593371.913	318009.477	1656168.052	1019267.335	293676.1015	731563.266	1785256.036	1451890.321	1544521.643	1655659.916	992258.0835	2374970.584	1362261.641	764561.081	2412376.681	1196212.197	2013497.406	2362995.839	25834700.45	24804595.58	3031135.261	25041129.47	20065888.98	4694981.376	2587987.245	2043372.595	2582910.599	4059448.207	2565641.756	2220877.529	2125141.754	2397654.448	2756346.848	4053359.984	5276752.92	4961443.002	4605446.574	4927033.815	4548254.55
Hmpp0004	C9H12N2O6			Uridine	243.06			[M-H]-	-												133561.469	162284.3395	145464.179	260416.8275	115072.595	185205.9015	155474.84	137961.096	151477.372	121954.8275	124229.198	181952.1025	109468.3155	166112.551	195038.32	136249.415	83334.635	157934.604	357458.2295	141569.8935	161569.615	426767.0885	307480.5235	167195.842	242754.0865	403211.41	198994.5575	113054.533	186181.3805	156104.0195	259101.568	289730.783	128527.2035	236096.5755	348413.282	149109.948	147616.581	99559.1415	114845.6445	153712.3915	128300.3485	128756.028	170961.43	170681.997	138540.1775	205309.0635	199054.9065	211669.3735	197737.8365	246428.869	224442.6995
Hmpp0004	C8H11NO3			Norepinephrine	168.07			[M-H]-	-												8906.382	9636.504	12791.425	29606.572	19610.087	6981.622	11699.687	10187.276	17754.1985	8579.808	11716.896	18517.6045	8486.97	9320.5055	26767.0445	31305.618	4962.6745	17701.6335	44043.8755	12802.462	13665.2665	33259.488	40811.8795	11937.481	23713.4745	38327.058	11990.9775	4785.185	20385.563	11235.37	10714.0055	16101.655	13791.8525	19630.5295	33450.93	27802.586	9421.707	8395.354	9696.096	11273.2155	7936.4095	8186.0875	12990.96	9892.2075	20517.526	25573.6025	15706.1545	11489.3325	16563.621	10955.9875	17947.292
Hmpp0004	C4H6O4			Succinic Acid	117.02			[M-H]-	-												566476.28	706395.7525	621185.717	882000.278	598960.148	487834.7415	742782.4335	565133.498	821313.403	850422.552	795846.8635	596530.359	541837.5415	686371.5855	690392.847	465502.4575	578854.957	583198.012	658733.6605	483687.5975	605219.6365	837725.797	802880.9145	695325.865	774944.93	841334.0775	767778.664	635014.6275	704271.7415	846634.587	1431020.651	1268776.345	995282.095	1455038.515	1178906.459	795218.866	715400.928	645555.8945	915868.6305	794165.925	602272.48	710044.7365	797751.906	607921.325	692644.509	800892.1025	676588.2995	747551.48	774958.349	751101.4685	765598.295
Hmpp0004	C3H4O3			Pyruvic Acid	87.01			[M-H]-	-												506938.331	197005.985	214975.5575	267814.085	299238.4125	275686.3985	292098.9085	259019.04	240910.83	328224.3975	201777.977	262685.246	364741.998	274008.74	455174.07	241507.1035	176114.2235	498281.8355	343405.545	221617.399	238933.4915	371583.0625	219041.8185	332165.3965	314363.319	230721.2155	182354.4485	294370.484	214759.6185	196269.111	251737.4085	299529.1175	232800.6	228594.5715	265268.334	318205.935	178089.354	152017.243	215413.1445	134109.0345	163605.071	187819.8025	210529.106	239767.274	159029.4085	252814.579	263479.355	264530.984	241380.838	226196.4925	212684.238
Hmpp0004	C13H16N2O2			Melatonin	231.11			[M-H]-	-												321902.2245	293079.7065	294168.625	554997.1765	410480.3295	72505.1155	15047.7595	58951.0015	443023.6265	491668.8475	191362.9675	187185.7715	160278.022	51384.886	226617.8565	141779.2885	52372.4765	183197.4085	77612.6045	77867.377	95364.7445	225227.476	101407.142	108529.119	178228.3775	101083.422	550008.4165	70353.4755	479614.601	504051.4615	417770.433	404909.0275	303778.049	405431.588	599634.3815	334266.46	421562.6775	470387.8395	271641.188	358251.9145	358807.9135	398416.034	318103.7745	343276.0015	429824.4855	282172.625	291367.06	294203.323	269880.919	306268.446	318362.8745
Hmpp0004	C10H12N2			Tryptamine	159.09			[M-H]-	-												1054138.944	1218602.65	1223245.647	857879.535	957315.09	639350.1005	982110.9225	646666.71	777848.6465	1041946.184	780012.707	153359.8925	649305.0125	740285.771	775485.141	558210.8395	681438.7715	1167249.924	515878.848	749825.2435	709393.324	440677.798	609418.88	698253.38	905178.692	620232.2665	1028529.369	745101.351	926304.5505	993078.526	812251.368	804944.016	1067366.352	775862.1055	549607.2845	973035.9245	947464.3765	988716.2205	929669.3365	1062508.094	746273.8685	935230.521	982852.376	1168164.582	1061548.724	942953.828	846087.0025	875578.694	869315.794	877611.548	880376.8395
Hmpp0004	C4H6O4			D-Erythronolactone	117.02			[M-H]-	-												2665015.259	2637118.43	2716916.081	2688220.587	2537399.481	2722312.519	2516793.485	3201104.643	2458966.917	2145229.916	3303114.444	3045510.624	2813130.421	3016237.615	1858322.399	1752807.386	2147005.452	2125838.611	2216560.659	2455697.998	2697076.534	2400499.067	2203775.505	2603517.366	2645960.444	2862797.054	2514308.19	2403466.088	2936565.636	2559732.19	2520428.033	2609646.34	2465584.538	2200248.696	3080324.766	3050749.489	2777248.288	3093776.86	2265929.581	2900865.649	2222578.175	2161475.911	2225524.755	2421475.098	2863845.384	2890363.4	2688135.175	2566059.542	2396370.596	2410379.023	2391644.496
Hmpp0004	C8H15NO6			N-Acetyl-D-Glucosamine	220.08			[M-H]-	-												63422.2675	102123.207	64127.3315	79658.3045	87164.952	29571.919	127972.468	113220.13	39368.9505	59055.477	105446.1915	40837.2275	50897.1885	44968.232	62331.6855	40312.051	48218.078	38611.807	111336.126	51434.1705	36008.116	29035.6965	83369.734	58935.4325	43342.6485	72352.4195	53958.444	27209.4005	30979.5675	28346.365	47217.687	60898.7185	83633.396	49054.0795	N/A	47773.718	53150.3055	72911.129	60252.8795	73597.327	87482.6345	66028.9135	49660.309	92467.4785	85283.67	37137.444	85814.078	33777.2935	56056.193	105209.265	47082.376
Hmpp0004	C6H10O7			Glucoronic Acid	193.04			[M-H]-	-												40994.2915	N/A	16642.362	23646.6615	N/A	77965.848	98059.4375	297995.792	31732.692	103406.557	26472.537	N/A	19727.901	62445.655	694711.735	155763.1535	30562.1235	58791.1665	395364.268	37068.9095	N/A	174064.991	196208.612	54075.447	75467.127	138521.2845	104334.084	56664.6095	102972.5795	96213.8855	14759.5905	19342.8255	N/A	24654.2955	125864.436	19624.5215	N/A	28284.314	37752.59	N/A	39261.5335	73891.018	51704.9755	23395.691	38040.4005	110573.221	51382.773	91768.277	70046.3115	76593.0745	80713.7615
Hmpp0004	C3H6O4			Glyceric Acid	105.02			[M-H]-	-												26681.633	102521.372	71296.886	111667.505	59048.3135	52445.125	54275.7635	47400.0725	83801.54	71376.5375	39909.3945	59851.4585	47676.5895	69809.3825	22049.668	38216.9945	48081.1005	37182.4565	36474.5065	34186.4595	46096.292	40694.4095	108403.3055	49472.933	33438.0275	93815.692	10314.2955	45794.86	26309.162	19410.9015	47341.1495	52034.9775	44136.135	38388.2735	27838.0605	36780.663	83823.444	106681.669	40133.801	108051.048	123338.663	79467.6155	66309.0235	60227.6295	45690.5345	50980.005	59127.4685	71820.9095	62458.7965	64821.0915	70281.2355
Hmpp0004	C6H12O7			Gluconic acid	195.05			[M-H]-	-												77532.5995	104404.9595	101324.8	76495.0955	57615.595	156167.2085	136666.373	165102.889	68193.947	115318.1215	63662.294	37235.029	55835.561	2646828.087	520180.4895	628683.496	38383.63	963607.2735	644571.1165	87306.1615	65648.068	21872662.21	1378914.146	244085.7465	355952.8725	1125289.813	104638.446	82083.826	79854.561	56589.495	91424.65	123985.5445	50325.6705	101178.9975	564943.1295	68615.4235	62536.358	60439.3315	79632.631	81189.6985	116791.007	97021.186	125160.508	104177.8285	104728.1035	677827.159	525933.5005	527450.573	513148.086	459016.5235	538919.2535
Hmpp0004	C27H44O			Vitamin D3	383.33			[M-H]-	-												N/A	N/A	N/A	N/A	N/A	N/A	N/A	N/A	61693.8575	N/A	N/A	N/A	N/A	N/A	N/A	7788.339	20101.248	14421.6265	N/A	6306.8335	N/A	N/A	13023.537	14489.4345	20985.506	5488.373	16193.305	10413.033	N/A	17655.417	32709.2435	12774.056	20365.0875	N/A	N/A	N/A	15381.1115	N/A	15159.0715	18218.826	7073.711	10993.438	43107.748	11361.426	5701.74	27118.0805	29549.9475	36858.505	24664.042	34021.5525	26384.1475
Hmpp0004	C5H4N2O4			Orotic Acid	155.01			[M-H]-	-												88544.083	55445.795	51028.6445	181987.174	58990.2145	41685.773	59643.3515	121514.012	101432.146	123101.7495	85887.5385	130356.7275	62542.448	46193.1425	149078.6425	84031.635	32574.7945	89848.411	208266.9465	48150.6305	53485.0895	209901.5735	160609.2625	86914.0745	69773.342	154256.668	121413.176	54918.128	124775.9015	103062.6035	90756.485	77589.7715	64480.3585	84164.6765	185208.2125	79715.7395	60260.872	60446.6275	72556.2805	71856.251	59310.216	92607.353	63187.049	55129.6405	64998.631	64544.4695	117988.252	86220.5705	87702.844	100512.8765	113683.077
Hmpp0004	C9H17NO5			Pantothenic acid	218.1			[M-H]-	-												657907.509	733026.9725	612703.784	704544.78	170404.9095	442718.7595	598740.6825	484610.8005	592494.1785	326958.9925	260450.033	3953013.363	263206.168	511825.86	613288.635	497416.4895	12045.1745	679480.8915	538903.0625	409258.6405	446288.815	2626387.753	2298230.442	1755147.201	694411.5935	2540718.625	726035.206	504748.2935	641437.361	717624.072	673125.734	658867.256	394587.2505	614682.8535	1622992.097	909357.316	481945.196	722108.275	502360.228	885579.419	2215871.522	475847.753	905548.12	472941.04	646025.522	945374.9985	869387.3975	912049.115	850115.6755	827653.22	911696.4635
Hmpp0004	C9H19NO4			Pantothenol	204.12			[M-H]-	-												15949.88	21936.9355	14898.1725	4968.8075	7479.8415	13865.9625	15089.147	18412.324	7579.0755	22798.38	4844.153	7380.9365	4881.4225	15238.3905	11384.094	8141.3675	82868.241	11757.3995	11486.65	8046.927	14959.9045	11899.8285	1714.7425	3789.838	7188.6635	9135.8045	10876.175	12149.661	N/A	52786.51	9676.1035	5880.294	N/A	5848.608	6243.4645	13010.5625	36081.3435	18611.8555	18448.798	12076.4955	25432.9405	64469.7735	N/A	14918.0485	67323.9965	22476.3115	18450.724	8959.0235	20886.01	15386.5725	15579.789
Hmpp0004	C11H11NO2			3-Indolepropionic Acid	188.07			[M-H]-	-												N/A	62689.4105	65822.5865	N/A	N/A	N/A	175153.668	24633.917	N/A	N/A	8063.8635	N/A	N/A	84117.1185	32618.049	346945.8315	21825.338	88048.35	14190.841	120704.879	115703.464	65691.3095	21541.152	7765.186	16719.141	18205.918	88073.4975	8556.0085	68420.1935	76034.405	48235.9165	48997.9235	8451.391	44057.884	75030.359	33982.464	72102.263	26452.145	N/A	23057.0165	173325.778	60322.5805	4091.945	31355.694	N/A	51457.114	50343.6675	37540.995	39558.8015	44117.937	53991.4175
Hmpp0004	C2H7NO2S			2-Aminoethanesulfinic Acid	108.01			[M-H]-	-												N/A	N/A	N/A	22908.6435	N/A	N/A	13646.605	N/A	10808.5455	N/A	6655.8545	N/A	N/A	6553.1235	23948.787	12633.3225	3149.226	9098.4565	12415.819	3166.4295	4909.787	24465.5265	27852.163	12572.974	20750.2895	16461.5325	4491.1275	1852.6065	3930.536	4405.1345	39556.095	40315.173	27591.943	29919.365	8177.0755	12704.301	4680.5055	13274.367	23485.5365	11120.474	1764.598	5130.804	3703.7375	6206.6885	5212.9415	12236.9225	18155.754	9862.2785	13493.2145	12959.114	7995.199
Hmpp0004	C2H7NO3S			Taurine	124.01			[M-H]-	-												105645.806	83201.657	63356.0805	202161.7415	43158.831	34011.206	141972.5295	29427.2685	58733.403	133793.2585	91912.188	24175.1465	178118.395	54464.5095	241202.3225	87979.563	42523.6285	85000.3585	57875.7145	47420.3605	45436.1485	105007.565	156617.9525	264798.1865	109565.8045	154451.6185	148534.0185	103862.1415	126179.2525	167679.6895	357737.9485	441297.7355	228026.4	300258.7125	224777.642	433246.969	93878.498	247394.389	190669.786	160726.0845	94792.295	94845.294	173286.2655	188975.513	140271.067	157528.7655	135399.16	127438.5615	140919.1635	152778.214	120697.272
Hmpp0004	C5H10O3			3-Hydroxy-3-Methyl Butyric Acid	117.06			[M-H]-	-												2156314.768	1990726.382	1893475.34	2986401.849	2344129.7	1935982.247	7844911.916	6789016.307	1673260.191	2280864.818	1943574.969	1269331.491	4579042.391	4991755.253	4447141.123	3685540.396	2124463.472	4248474.485	7599508.875	5225741.197	5478092.663	3368318.624	2373231.24	1572058.783	5334412.102	2683846.932	954878.3545	2134456.302	907118.595	904747.567	1209990.872	1221717.488	989806.296	1476771.929	5101696.278	1375451.271	2313699.605	1600863.645	850123.774	2030746.942	2883431.913	2282367.694	1519716.095	1660936.762	1429252.806	3261990.076	3161254.921	2938211.268	3164928.782	3143274.241	3282016.478
Hmpp0004	C7H11NO3			3-Methylcrotonyl Glycine	156.07			[M-H]-	-												41204.037	N/A	N/A	N/A	57619.769	N/A	N/A	336701.467	N/A	43711.81	N/A	N/A	N/A	N/A	N/A	115198.634	N/A	299183.6675	162029.028	51754.904	56494.8175	83144.128	24038.888	N/A	538759.6155	40494.3245	N/A	11291.119	N/A	N/A	47031.124	N/A	N/A	N/A	175272.051	N/A	N/A	N/A	N/A	N/A	N/A	37357.9985	N/A	N/A	N/A	63389.4245	63575.6575	69812.7245	60840.746	61690.6605	59687.8855
Hmpp0004	C5H6O6			4-Hydroxy-2-Oxoglutaric Acid	161.01			[M-H]-	-												161405.0745	102928.6535	85635.957	133315.3835	215906.0575	96929.1805	159516.0935	239945.7265	61476.998	247928.342	68463.677	79100.059	297238.9255	134504.9215	188613.658	329592.042	141693.809	210686.783	119497.281	105171.1675	194847.641	106893.2975	214552.2685	139802.2315	587233.53	87119.3245	120142.467	146607.7335	233401.9855	95106.8125	84754.5645	85743.272	48150.631	92671.9845	125700.555	83506.58	144274.7695	62446.352	71988.106	135408.529	138015.8995	132440.603	119268.3015	164334.797	123707.888	134259.4045	137447.2935	132653.338	112471.7315	125403.5355	126221.885
Hmpp0004	C6H10O4			Adipic Acid	145.05			[M-H]-	-												66050.4395	123785.5685	120452.581	146488.595	103101.774	62425.1625	59452.5805	90203.7305	232870.9215	106500.826	110680.229	466694.332	35102.5385	97664.626	194102.14	117865.5425	150426.8365	136869.655	60226.7365	44186.967	57811.63	1098029.849	140798.184	203950.1495	73622.5565	152291.2015	149039.5735	131992.8785	127920.9655	199551.804	172737.008	147215.767	151478.154	200193.5615	1250674.639	131083.049	235333.565	259860.291	148774.405	114201.497	150587.9035	202448.9395	201139.863	141084.2705	176708.041	230448.262	209147.3305	222396.3815	218072.8955	243062.1095	211900.6715
Hmpp0004	C12H22O4			Dodecanedioic Acid	229.14			[M-H]-	-												3261740.343	3755455.837	3512108.92	3297735.726	1620656.745	1884904.923	2947213.43	2921670.188	3789403.973	2035585.123	3334508.032	7746446.716	3103515.569	2617223.592	2881482.267	2491353.006	3079547.423	3009999.386	2919964.89	3206247.569	3152184.547	2131903.07	2928265.695	3650012.836	3000989.55	2868196.288	3384627.53	3194736.914	3281092.266	3486025.494	3982789.503	3926583.846	3741813.964	3935179.432	5804245.446	3652033.145	3665073.299	3548027.45	3261553.566	3375147.814	3412706.53	3545035.718	3835916.239	3294184.903	3369201.846	3306902.345	3703983.628	3409936.028	3347091.348	3556499.433	3378059.66
Hmpp0004	C3H9N3O3S			Guanidinoethyl Sulfonate	166.03			[M-H]-	-												9447.18	4615.0015	23659.0255	60319.8015	21888.5375	27349.8445	51964.142	26614.193	20642.5535	24659.256	44695.4855	58414.616	24535.66	47342.673	53482.3935	52892.5845	7206.2645	27016.6195	204328.8825	27926.8095	24557.2205	139973.205	180852.663	28626.7385	80436.8065	154009.4375	13022.897	12864.6605	21554.79	23390.94	25622.574	29934.256	19825.959	28156.194	100155.8665	24234.705	20120.935	30462.059	16684.576	27204.0875	34384.817	19138.46	18808.5125	39024.767	21836.318	30165.456	39680.512	35111.1975	44821.964	45712.2055	40701.7845
Hmpp0004	C9H10O4			4-Hydroxy-3-methoxyphenylacetic acid	181.05			[M-H]-	-												2121.3115	14988.987	15621.4275	3639.0415	11685.3675	10946.171	7222.424	9965.634	7788.186	5692.822	9440.526	19178.935	4569.7175	7091.379	17032.3985	14077.3255	4333.098	8682.2895	48098.693	2369.8545	2884.254	83941.5045	17313.0745	7944.226	39307.0875	12512.632	12659.8535	7671.6935	8585.126	9134.922	15488.2545	14985.7845	11809.3335	14530.9155	32958.0215	7707.0275	6242.179	6352.5155	10635.534	4787.637	4851.0115	6571.6325	9084.4895	6564.7045	6709.674	11861.7875	20196.29	13948.472	15534.691	17229.206	15431.4345
Hmpp0004	C7H12O6			Quinic acid	191.06			[M-H]-	-												249894.9355	240820.284	277698.606	217331.054	231707.849	225147.915	174790.1745	447000.552	285559.8955	376103.895	198830.4025	578026.743	170075.2795	254510.282	562300.357	263531.024	181178.3835	370764.1025	263292.9125	196834.468	183903.2305	1452564.577	711747.187	439139.5505	444453.94	979925.18	335882.9055	206762.1785	256558.0575	206886.226	154465.4755	198011.842	151792.8165	175020.5965	645262.9545	184335.447	207742.964	323109.475	226200.3335	351786.5855	333235.031	237698.0695	241747.9605	257454.235	212447.6555	413143.159	377749.252	339201.745	365458.079	422808.905	323647.7955
Hmpp0004	C3H6O3			Lactic acid	89.02			[M-H]-	-												282798.5205	210403.28	224752.8435	570086.846	158403.394	91297.339	241137.1475	155593.6645	404860.7205	387290.521	243855.025	189788.82	291883.295	172425.4525	403646.023	257481.305	71454.1315	256861.9055	263098.757	106106.474	126559.1485	427073.493	194768.4595	311795.5145	265444.5735	234864.744	364413.9675	159252.763	413614.1775	363472.718	594434.7125	613701.294	297780.4615	572556.9105	620919.4965	482239.555	206610.238	282372.2545	224737.595	245476.9325	184867.1165	218892.86	245035.755	251382.068	180532.2	323521.7065	284002.4755	322140.6705	293656.4035	288896.9595	299133.5115
Hmpp0004	C4H6O6			Tartaric acid	149.01			[M-H]-	-												1925.3095	5476.991	7158.0095	14526.6185	N/A	11446.5735	12249.777	9661.736	11147.0585	6526.386	4199.176	2364.3675	7964.435	6466.799	34200.305	27610.318	1668.9705	18910.566	33836.431	5825.1905	N/A	97044.7375	96865.513	7297.1445	15678.61	123704.4415	5894.0695	2613.2875	6177.7045	13329.496	N/A	N/A	N/A	N/A	77704.5705	N/A	N/A	N/A	N/A	N/A	N/A	N/A	N/A	N/A	N/A	19570.2115	24192.3085	16854.392	20932.381	23973.811	15977.311
Hmpp0004	C3H4O4			Malonic acid	103			[M-H]-	-												1762107.247	13544485.8	12814456.79	4946373.71	3252077.782	12821634.92	2021002.608	15153102.21	41322628.86	2120579.424	9406856.609	84475184.55	1339697.119	6290755.793	774460.1235	2047587.614	25014454.21	1647071.275	1016120.355	4058024.06	4013974.081	7106823.685	821431.7505	26797226.69	1500930.945	816142.9405	951035.8485	25532855.04	1018361.204	1065276.634	1463473.946	1564588.971	6721464.878	1592834.208	4273729.971	4339949.294	22323919.04	61903490.32	7288700.042	14187780.43	77793507.81	22663671.05	8526239.566	5980144.635	2792296.067	14954418.01	14660092.23	14845369.68	14021828.13	14646243.82	14302562.9
Hmpp0004	C4H6O4			Methylmalonic Acid	117.02			[M-H]-	-												607488.35	726008.645	598044.193	997166.954	550407.249	313490.0695	717729.527	508537.825	727845.2205	697992.6115	848478.7605	745657.886	468340.5055	570361.67	842241.2435	487068.827	575388.044	607888.3155	641472.003	526937.808	638269.946	906900.906	864490.1415	723564.2335	899805.6495	783410.763	782205.304	525808.3945	720658.1475	750175.2015	1592391.885	1457987.982	1264168.531	1579716.657	1315209.372	815787.9345	751867.8225	778918.755	1029910.866	783068.8585	556458.96	1008587.131	782556.1055	628759.633	613833.6865	945730.981	679104.1565	902085.852	787145.451	820057.172	764912.2885
Hmpp0004	C13H16N2O4			N-¦Ã-Acetyl-N-2-Formyl-5-Methoxykynurenamine	263.1			[M-H]-	-												N/A	N/A	N/A	N/A	N/A	N/A	N/A	N/A	N/A	N/A	N/A	N/A	N/A	8887.5785	36116.662	22828.878	11090.8925	43087.184	58687.8165	24087.5175	23901.8155	67504.0755	69799.2465	N/A	53876.393	87088.7475	1530.086	10434.304	1741.703	2794.9365	N/A	N/A	N/A	N/A	N/A	N/A	N/A	N/A	N/A	N/A	N/A	N/A	N/A	N/A	N/A	40814.191	41939.6665	30563.5495	33759.601	23043.447	37642.4865
Hmpp0004	C5H5NO2			Pyrrole-2-Carboxylic Acid	110.02			[M-H]-	-												10204.5865	9785.7805	11297.26	7773.7205	12192.651	22566.069	12870.9135	9389.425	7393.2495	15588.1365	6525.0725	30977.2765	10607.6835	22362.7835	49749.02	14519.5405	6040.6345	11719.362	6496.4555	9136.595	16123.6525	48635.603	14277.303	35431.1495	22228.83	25485.439	6737.793	9657.7665	10166.1855	14519.9955	6215.053	9909.369	1834.6375	6547.932	35513.201	7205.357	15583.885	27138.6565	5081.486	7389.2895	17261.22	21180.8825	10949.12	9181.666	9840.167	11884.0805	23460.097	20314.812	17629.8615	13761.383	9438.5655
Hmpp0004	C10H18O4			Sebacate	201.11			[M-H]-	-												2113128.982	3406029.392	3172796.03	7659534.56	2244631.385	745654.971	321415.464	639322.5475	5129622.842	3046789.867	953418.5355	4324289.636	966659.4745	652717.984	2426412.722	2665890.901	339307.395	1252637.237	4410707.814	440127.903	532322.2725	5666308.309	2994007.793	903743.93	1594258.937	3012509.916	4783749.479	526451.097	3714482.37	3756144.481	7295891.478	8039397.268	2379532.722	7316696.066	17912932.06	3929684.65	4470028.001	4285701.368	1856640.203	3744519.706	3166461.972	4135184.752	4380170.08	4142370.882	3142564.116	3774027.203	3836140.052	3576876.188	3795919.765	4177284.146	4005875.715
Hmpp0004	C20H34O6			TXB2	369.23			[M-H]-	-												8521.0885	N/A	N/A	710237.1005	N/A	N/A	N/A	N/A	70376.424	N/A	299664.058	6939.391	N/A	N/A	321229.856	N/A	N/A	29761.33	7006.5425	2379.876	4338.043	23258.955	45254.658	35320.158	32367.5335	34950.791	282172.7785	8834.0905	224248.7915	173342.7795	242126.583	189124.6095	38703.8645	216719.129	10273.8145	369470.0435	26324.558	550836.6835	47320.0005	37120.333	9923.5465	20259.629	81881.109	165434.584	30645.703	107731.57	118562.323	118267.108	111464.7395	105663.379	123579.979
Hmpp0004	C20H32O3			(¡À)15-HETE	319.23			[M-H]-	-												3680.9895	5248.3625	2499.859	140723.8305	10941.2715	4729.3425	5957.295	11481.1665	21015.3015	9302.39	46434.166	15604.2755	7186.4445	N/A	29226.739	4704.868	3908.0965	10363.1785	22094.539	4515.354	12521.956	19842.2145	9268.301	21556.5195	9278.1075	12369.041	31544.967	11342.6235	34808.0585	35781.9255	32055.856	44326.226	15570.0375	32098.833	43489.7165	109831.41	10887.332	83363.171	13544.7465	7843.8915	12220	9802.61	35144.389	29029.378	14101.8585	20460.9745	20909.9755	33578.0885	29475.399	29908.051	20549.2495
Hmpp0004	C18H32O2			FFA(18:2)	279.23			[M-H]-	-												63541920.49	354395268.1	266033346	314991315.2	237801726.1	234778115.2	273279224.2	313972270.9	375502266.7	208751986.2	157744166.9	383360183.4	67665889.95	239389277.1	42124801.51	203305032.7	264657595.9	47294791.45	210211103.8	242145159.8	229543646.7	215007953.5	193555877	276353152.7	70742019.29	166835727.2	91712167.74	237536195.7	90813381.01	105599821.9	96197286.41	106259291.3	219031057.6	94111552.35	288827519.4	215011764.4	338535094	262031633	193429719.8	216441442.9	210095364.2	302512417.2	328385426.3	354423416.3	266815181.1	263357296.8	223152945.5	219342508.5	219663897.8	216930977.2	224474515.9
Hmpp0004	C12H24O2			FFA(12:0)	199.17			[M-H]-	-												2039854.9	28131798.55	29427486.66	5729421.457	10953554.1	29826481.91	3076633.204	44218326.64	42632166.94	3295638.563	7958956.494	29677036.46	1313523.44	15371092.61	1973007.241	5979375.694	10431804.49	1362138.336	2926210.316	11369430.58	14948555.11	6439197.324	8388808.896	13139242.5	1257171.284	9091778.28	8284573.47	13765958.41	7934106.217	6660340.563	4174524.31	4456482.211	11155945.01	5119388.097	24342126.08	13431184	27802544.51	15540426.1	8304402.175	3994234.151	5436483.274	24854277.29	7706800.316	7739421.63	9203388.885	16130022.53	10571754.24	12721537.83	8630201.914	12043488.51	16496379.96
Hmpp0004	C11H22O2			FFA(11:0)	185.15			[M-H]-	-												174801.6645	177908.486	135613.9145	156122.862	313690.4035	317227.7805	202833.098	138647.108	120814.615	150776.318	111969.5545	144888.2835	340755.8185	166045.2745	159372.856	128873.518	166096.529	61015.9145	112461.7585	112743.1465	92778.9455	110756.2325	234892.2175	194940.571	97286.988	218393.985	142945.298	188045.521	161565.221	151482.1555	100140.703	98628.3755	366394.804	95057.5815	33871.4155	187854.7585	344251.638	152228.2295	366226.848	170449.355	447432.7845	268166.4635	67861.0715	87226.334	264876.2135	205502.604	220312.4045	239183.0165	163720.76	220450.612	220982.2115
Hmpp0004	C20H36O2			FFA(20:2)	307.26			[M-H]-	-												12196.06	59292.97	76700.579	84624.6805	33523.1855	114614.4225	79545.7835	170147.8025	73873.122	17956.5495	43037.7445	154007.386	N/A	110461.6855	N/A	N/A	N/A	N/A	N/A	50591.886	N/A	N/A	N/A	N/A	N/A	N/A	N/A	121042.437	N/A	N/A	10856.7865	N/A	26462.195	13205.348	37556.3405	72681.4825	42879.022	48583.561	34927.32	33060.3205	22423.28	52213.6525	49607.835	52510.944	45128.0765	67107.1955	60803.5695	51766.0465	48764.9205	60215.3655	54099.5345
Hmpp0004	C10H20O2			FFA(10:0)	171.14			[M-H]-	-												22246.962	N/A	N/A	27811.6165	15818.302	36348.7215	35680.0675	24358.8425	19760.7975	20451.497	28886.2675	76224.225	N/A	34580.724	N/A	21413.408	7005.803	71180.4225	13427.371	49991.944	59905.879	48101.3285	21193.2145	37543.189	N/A	53368.4125	9446.469	26411.021	13613.448	6795.516	17823.9815	12534.0555	26877.074	10834.55	22091.7465	28642.885	27299.4645	29100.719	17787.7275	20145.4435	11697.088	12961.1725	41326.532	59781.721	37386.8025	38049.753	29794.148	37822.019	29463.7425	30581.437	33227.0755
Hmpp0004	C9H10O3			3-(3-Hydroxyphenyl)Propionate Acid	165.06			[M-H]-	-												84367.979	63635.3255	62115.0955	126217.684	59140.2685	19691.4775	12757.117	21819.8885	123797.6075	170022.238	66395.7765	79242.31	63723.857	19758.163	49149.427	18424.901	9443.5995	77897.726	25025.962	39237.938	39656.784	65319.2675	54085.6025	26499.197	68928.3685	71991.9505	181038.6635	21296.7005	174636.187	147153.1765	112123.605	142868.8975	27626.304	114684.7055	131033.319	29536.967	40543.2945	52607.2485	22144.713	28688.4445	31384.317	33126.0555	23241.915	26537.3655	42867.471	69827.756	54819.3795	53919.0945	64093.2115	66179.968	54810.164
Hmpp0004	C7H6O2			4-Hydroxybenzaldehyde	121.03			[M-H]-	-												105721.104	83421.453	93365.011	101447.303	163991.913	81206.528	98077.392	102302.98	75072.498	104781.444	82004.812	384975.841	41751.4575	94003.455	102916.3445	62460.6375	77797.3145	155475.6815	181043.0415	156329.5625	104950.473	487985.516	177028.6635	231967.3645	75975.223	150837.6815	78343.0545	124236.896	54324.571	88022.4025	76750.4585	117514.75	96001.4955	101222.6805	155950.2545	116266.319	114830.7215	85489.088	N/A	60171.485	90769.9895	129697.725	199986.555	115061.6025	70317.496	148909.8015	160440.5835	200711.1715	147587.0105	184928.6005	131897.005
Hmpp0004	C8H12N2O2			Pyridoxamine	167.08			[M-H]-	-												19834.4275	10976.5505	25560.7565	7105.8315	25172.69	15207.0755	7698.643	31756.1785	11260.692	20558.242	N/A	28370.5155	24158.9095	14766.9335	14679.25	11594.2575	15115.8425	14390.4195	13032.191	14374.9585	13499.5915	27516.9615	33942.131	18258.7475	9806.4925	25667.3475	10843.742	13508.2785	11808.5235	9026.4975	16364.3265	19954.092	16390.266	18395.7005	25652.0435	8534.7575	24474.371	17966.003	6771.45	28468.9325	19842.215	8366.142	33080.33	16134.5905	27149.68	11947.8145	19004.0455	9698.6955	22228.93	17304.7585	19266.4625
Hmpp0004	C9H13N2O9P			Uridine 5-Monophosphate	323.03			[M-H]-	-												45336.369	37514.052	28023.091	63703.263	30300.729	17479.213	35758.1605	44391.503	50129.744	44834.333	24432.758	28324.9865	33239.965	29267.0645	32375.332	51706.1565	16920.7985	44698.783	92880.98	40621.8965	28189.092	156365.231	67310.207	45597.4135	34204.283	69507.3605	48005.8855	32039.597	35761.797	34738.551	37260.3115	48154.6515	43402.6285	42761.984	64309.4265	52344.977	38409.414	20133.0035	43254.679	32871.618	18496.7965	34577.1385	31603.0535	35107.475	35006.7555	45218.8785	29375.428	45487.083	31289.0975	43836.463	37121.6835
Hmpp0004	C10H12N5O6P			Cyclic Amp	328.05			[M-H]-	-												56071.804	48614.8705	47388.898	5965.174	43390.3465	87727.8895	40794.7075	57004.9735	30959.983	32244.268	24271.256	71404.7155	35884.306	73626.989	54337.8135	56768.0055	38354.4825	35613.278	22673.133	41917.6875	41393.257	35423.407	107752.141	46321.873	60649.1875	110569.49	13958.353	47134.773	17044.112	13697.0875	N/A	N/A	58639.025	N/A	7421.075	21067.786	49268.165	24850.3285	47165.976	26205.2115	43242.594	45759.58	39126.5	26704.5765	54275.338	45722.0395	42748.136	49458.879	50443.1405	54572.699	42843.3805
Hmpp0004	C14H17N5O8			N6-Succinyl Adenosine	382.1			[M-H]-	-												26047.5375	42454.067	28945.454	34024.6925	29472.7055	63070.551	48490.373	82564.0845	32626.0705	48559.061	23179.47	79817.7955	30546.264	74999.8835	145388.858	127766.4805	19643.479	69580.6285	228722.281	28980.887	34423.0535	634157.5265	330103.936	103623.794	110005.4225	350043.864	43488.3635	42486.0155	47383.9105	34437.661	60994.4195	85044.834	32305.4205	78905.087	389037.309	23244.21	22671.8045	20638.1125	41682.6475	30647.7425	17796.0565	27960.422	32348.482	27871.4795	43009.5435	106563.442	71554.904	81968.5195	103744.5655	101698.5665	99620.89
Hmpp0004	C9H12N2O6			¦¢-Pseudouridine	243.06			[M-H]-	-												2393140.63	2136533.122	2236771.481	2485562.546	3179637.337	4949384.415	3847641.867	5132582.269	2998336.282	3293541.019	2836395.478	4755534.781	1892379.821	4991924.095	8511390.407	6769580.616	1521489.241	4779037.611	10575744.8	2797736.814	2997117.549	18759458.75	16039690.85	5326899.462	11631447.57	16679002.14	2602307.443	2830449.419	2364272.977	2535309.441	2181912.783	2219637.561	2058272.486	2252700.608	14793239.85	1793700.846	2012057.29	1452929.303	1982438.001	1628673.672	2058950.138	1781099.422	2277620.14	1993817.255	2414079.627	5253629.003	5524934.186	5742259.058	4854818.973	5832659.507	5749781.926
Hmpp0004	C6H11NO4			N-Acetylthreonine	160.06			[M-H]-	-												19527.544	23915.2165	18899.993	38146.427	56561.2915	129852.6315	68488.6555	55381.262	44779.7845	65129.993	35347.1985	39609.587	25123.6745	119824.334	62608.97	154202.777	39237.363	68712.2805	200492.2175	69282.0645	86545.3045	260240.378	180408.533	70754.3265	238959.6925	198331.2	28323.8265	59065.704	24519.1295	21619.513	25209.6375	23082.846	23625.5075	31347.311	151307.807	22333.9275	28637.702	27445.8575	28338.3175	20383.45	26667.681	32645.518	37401.856	24590.8255	38157.579	71331.9475	72724.999	87149.162	86341.1285	77071.9195	76142.3605
Hmpp0004	C10H12N2O8			Orotidine	287.05			[M-H]-	-												15218.802	32387.936	37107.621	37753.304	17526.3655	22982.772	20908.0255	31620.8475	61971.5865	11156.5975	N/A	20252.7255	12907.5685	22285.3315	48341.037	8418.6825	25733.2175	12593.052	14911.818	14217.9655	17324.0665	53118.621	N/A	26108.227	5966.367	52896.2695	15490.711	35972.8315	19375.494	19652.7095	39670.2315	27814.1945	30322.064	22590.5565	17311.24	15216.73	33309.221	30567.7945	22012.0115	39938.482	42971.728	30412.885	28122.8575	26450.898	22171.2015	44049.89	21870.9395	28951.385	21179.858	36961.845	45434.1245
Hmpp0004	C8H8O5			Dl-3,4-Dihydroxymandelic Acid	183.03			[M-H]-	-												56153.636	35616.335	38591.7935	49739.9025	24328.945	56431.5655	70337.3795	46802.652	58439.3905	40967.118	47712.122	140917.407	67588.9755	24643.2505	55582.929	39669.477	48378.1765	50763.634	60751.2435	55756.115	64002.2195	56508.3315	50888.695	101920.393	56723.945	63409.021	76068.4845	86017.6685	39663.387	48834.065	50923.5825	55868.894	22795.213	78748.953	84483.6155	38186.927	41997.1755	38433.5715	33666.594	25476.815	33471.683	24428.858	N/A	52421.5065	16312.596	61986.513	56247.104	61851.9095	51577.428	78276.954	57742.7255
Hmpp0004	C6H11NO3			2-amino-6-oxohexanoic acid	144.07			[M-H]-	-												21842.544	14173.038	21268.475	14362.326	18570.3505	16811.523	36855.2585	32743.577	9989.2895	26421.7475	11898.249	19660.963	13725.2565	30283.3675	77998.873	26856.0705	7349.554	32849.2495	47777.0235	11296.382	20847.944	121954.268	41443.8565	35755.5175	41466.2745	59581.422	25524.108	13457.4705	22461.6665	18261.1725	16137.834	8430.492	10780.958	12126.9925	114834.891	10307.11	19008.782	15007.609	11642.538	12120.7465	7390.359	14863.921	18064.7275	11617.5	19074.1995	20544.057	36748.74	37858.07	33534.4765	33467.331	22067.934
Hmpp0004	C20H32O4			8,15-DiHETE	335.22			[M-H]-	-												4209.6695	137326.345	85031.5585	88479.8735	49521.4915	25288.1755	51732.4335	129031.4385	98861.3965	17287.577	54347.5475	149198.52	N/A	79310.269	4319.42	18901.2255	56489.5185	10231.8405	31855.546	74604.6655	89682.5605	43231.1485	44522.8835	67336.334	3122.269	26726.527	33514.001	96971.056	23535.4965	30595.9915	20310.2615	56173.5815	197731.235	35744.4755	247171.1675	119709.4815	97069.8945	125604.8455	66963.7465	23377.7155	34031.121	68350.1155	84237.8455	59286.6135	48116.958	51528.387	97386.4715	89143.066	80635.539	124862.383	99779.9675
Hmpp0004	C5H11O7P			2-Deoxyribose 1-Phosphate	213.02			[M-H]-	-												408100.8755	384113.043	382953.003	384590.7305	281386.874	408729.6465	348237.1825	173870.7385	356266.243	284368.8095	287394.867	334024.104	363279.527	327833.774	301336.1915	422551.8595	497463.084	411688.399	324227.958	425573.2175	336073.5515	224337.426	344752.1905	433846.2465	438080.5225	312462.07	427400.629	469744.2705	405318.3625	435911.122	496998.0955	475547.4235	342094.347	475091.8795	305656.24	378764.454	432230.505	379917.79	384829.875	351949.896	392500.191	447339.8625	351823.2725	341782.1965	430204.067	343042.1525	428547.448	403729.8	374670.308	401948.0205	350576.2425
Hmpp0004	C8H16NO9P			N-Acetylglucosamine 1-Phosphate	300.05			[M-H]-	-												181764.0565	169611.241	170942.056	183080.865	46732.736	103438.1245	502429.283	122693.1305	92918.535	333289.5605	194976.6605	156878.5475	155380.0365	261413.947	859570.8335	1048765.486	45414.908	378504.133	2022969.955	277936.527	322993.387	2576518.178	1409186.645	366624.069	591700.9215	1174820.207	257933.789	170501.992	251752.457	280069.255	167921.079	131110.5875	211064.0795	186584.4345	787054.588	274196.405	113068.785	160453.271	366332.3095	253100.5775	197897.259	133106.0535	429277.714	168385.046	277881.242	290844.8375	400665.658	414649.465	272750.3275	367650.387	363998.5745
Hmpp0004	C11H11NO3			Indole-3-lactic acid	204.07			[M-H]-	-												27846.9255	20454.1035	13821.122	13440.765	21134.8555	95581.3165	28265.5575	88675.149	21965.8465	36790.612	13506.5675	13718.774	44565.8475	51996.4255	170884.1095	102814.9165	16770.3065	58152.5275	755389.5355	21260.6615	26013.151	889686.303	440374.305	24472.531	139254.091	510595.4495	32292.941	10967.8655	23437.731	32143.1095	34129.2195	39060.809	11757.9135	36145.7545	159712.079	6699.5625	54787.8055	39077.63	11942.821	48486.358	41423.273	47767.0295	22411.1555	19760.976	30872.756	67411.3725	72797.53	72176.2255	83233.756	75143.6555	65944.8305
Hmpp0004	C9H12O7S			(3-Methoxy-4-hydroxyphenyl)ethylene glycol sulfate	263.02			[M-H]-	-												47231.666	67025.244	43767.456	127105.947	151478.0145	146935.974	71022.7165	135032.6705	87128.6205	98112.909	80473.3	356663.416	84029.2	159388.848	1041346.881	283700.4475	36934.5985	113876.485	2038487.833	78783.096	77551.2435	1340428.989	635794.8415	304384.845	576293.8445	671224.11	98980.1975	117142.347	116328.5115	116862.0605	57941.2815	90494.7765	71992.462	68597.29	998070.206	51694.014	60704.442	54898.5325	67179.7295	66361.892	80161.624	51170.009	69978.474	62214.8505	92250.936	275167.665	242100.5575	214377.213	240185.348	268844.947	282441.6905
Hmpp0004	C8H10O4			DL-3,4-Dihydroxyphenyl glycol	169.05			[M-H]-	-												431933.264	572630.163	544005.758	1544323.443	687567.6915	83867.4235	34670.916	61095.3455	1106649.883	691487.287	177374.8505	194042.1855	170208.12	54143.491	465421.4925	262247.7405	47421.5055	125340.9865	136908.466	60645.7175	89817.6815	416556.9745	111372.8645	152743.039	314807.812	133439.3735	1246831.425	66603.4905	1137169.619	1134391.21	2499735.945	2682794.098	410424.526	2619999.686	3700624.754	997673.5325	1057724.07	787805.396	392391.25	602757.5915	628147.7985	896458.8215	858390.1295	792520.836	524807.1	877075.4965	737732.3165	747763.9815	808625.832	904309.808	746685.0425
Hmpp0004	C28H46O			dihydrotachysterol	397.35			[M-H]-	-												291999.565	172041.2105	180269.9495	254612.3815	300034.081	773937.291	1185851.577	336404.1295	299486.285	526382.03	250268.384	1115132.546	338963.764	920058.7735	538075.6575	925571.1715	223768.0245	1060843.349	846404.608	395316.772	294945.301	2735009.967	1236251.675	224078.295	668842.0295	1230837.181	147208.6975	177042.932	205647.351	266016.0445	374658.498	378443.348	214213.19	299160.408	865402.24	455176.651	921858.7665	413084.7365	139471.1615	314982.317	997945.474	396129.9185	450969.485	397053.4375	303153.2295	537977.2825	426023.4845	607702.2405	458108.0325	625303.047	587187.542
Hmpp0004	C9H10O4			Hydroxyphenyllactic acid	181.05			[M-H]-	-												1334274.074	1343999.947	1272512.333	1379188.606	2484283.59	1676003.187	918785.965	1664943.358	2089331.326	2075697.033	1022890.755	5262204.743	1242561.429	1724478.355	4832096.621	1791252.825	699945.94	1298534.596	9282751.622	859154.5675	822260.6955	6244349.995	2168467.376	1977237.963	2769986.431	2341338.685	2350125.709	1116793.265	2222707.694	2170331.819	945812.839	1169119.901	894045.5245	1070868.96	1889112.667	328151.903	2015542.311	1640625.225	909206.996	2509821.861	1706829.976	1815434.709	659486.796	1513339.603	1197297.761	2281935.65	2347650.052	2241614.323	2195833.921	2215355.821	2180635.458
Hmpp0004	C14H14O4			Marmesin	245.08			[M-H]-	-												207202.7615	303962.203	287300.806	722859.4795	278718.5225	64977.4325	48385.592	55089.5205	620310.636	421868.4365	155975.386	1078551.474	132126.662	58351.511	224374.8765	178693.835	32193.6395	132845.263	89899.2125	55907.043	80413.647	250637.942	98170.672	528105.749	210859.0195	123961.529	840769.5845	199462.091	730110.4245	752989.771	676143.0045	623262.3445	304912.12	739256.99	1211961.558	386884.454	529298.924	534205.77	243526.747	422241.01	423505.348	469530.933	372957.3995	436845.705	451297.3925	407206.8125	433977.2835	327636.6375	398008.508	397452.744	417479.0745
Hmpp0004	C9H9NO			Indole 3-carbinol	146.06			[M-H]-	-												98323.0925	12515.2025	26765.235	74423.981	148042.536	271336.5405	77539.445	455402.853	72977.469	87873.2825	76877.4255	N/A	149565.646	196936.734	671008.646	667444.6235	N/A	403611.775	1110835.235	188891.5605	138937.4625	1112792.938	1035091.542	87129.182	507906.0555	1095631.641	125927.1875	39754.6405	82882.6195	80070.234	N/A	N/A	N/A	97757.8115	697611.1115	N/A	N/A	N/A	N/A	118778.913	131123.719	N/A	N/A	N/A	N/A	375487.779	335277.1575	387164.779	334421.1365	288464.2835	375445.0605
Hmpp0004	C12H15NO4			N-lactoyl-phenylalanine	236.09			[M-H]-	-												280450.0845	123397.9055	115025.4845	358679.726	397510.751	614338.6765	381236.4885	2126114.624	228848.733	483039.366	179906.772	1312506.182	292076.117	470814.863	496566.845	582500.615	121648.197	582249.509	1792785.051	164847.9005	175980.1225	1496316.083	617633.696	387300.2825	1234449.49	664891.342	211441.747	183766.409	204434.313	210291.4045	192225.4635	215155.721	137546.8445	234315.7065	287284.959	117902.217	128575.99	64889.641	110775.929	100835.6315	132177.489	109916.4325	81130.091	118594.169	89769.6705	471231.222	426448.31	440454.5	434403.336	451772.496	415988.289
Hmpp0004	C6H13NO3S			Cyclamic acid	178.05			[M-H]-	-												2341.4275	42741.172	36323.188	N/A	55654.9145	2368.3825	5795.4885	7130.573	161928.691	9102.467	9620.014	2112.5035	2614.395	11817.633	8652.3415	5656.0335	2895.6465	6041.4785	15420.465	506596.697	486461.047	33602.4515	7681.468	791105.971	4832.469	9960.089	2771.063	262467.222	4698.493	6015.924	163818.381	165451.018	N/A	150636.8315	N/A	10068.389	N/A	N/A	N/A	N/A	N/A	5789.582	N/A	11370.973	N/A	110535.315	124887.902	103106.174	87934.4845	104168.566	110506.823
Hmpp0004	C4H6O5			Malic acid	133.01			[M-H]-	-												188053.4535	154290.3065	158937.34	309490.2895	180100.244	137641.4505	167539.0185	268030.3915	188846.3455	310898.1685	166839.795	301426.5785	121376.53	267121.287	632622.0425	262379.1605	80544.9195	247291.079	319181.1405	116559.7535	81799.669	987504.7105	519507.225	240014.512	403132.209	515790.8915	243914.4605	138628.5395	220092.778	221733.108	622830.0625	624889.6415	242227.515	669378.8455	1409109.259	285790.859	142956.3705	187302.82	227027.9035	186648.2985	154959.2865	131848.1305	200926.301	155582.2785	199817.8735	305159.956	304701.8915	308510.899	317261.1795	321440.0315	293607.1425
Hmpp0004	C14H26O4			Tetradecanedioic acid	257.18			[M-H]-	-												130772.5085	450710.6605	426101.0545	281360.287	440433.839	1504438.46	344080.0925	868913.527	539633.872	477492.4915	291134.6685	3067102.771	213483.4875	810528.5785	895743.5945	268037.1035	374796.8285	346112.613	166336.876	270131.637	239512.349	416060.0495	264837.662	595264.7645	271130.892	280161.31	322734.399	441317.6105	314379.431	298352.2865	303766.768	268261.29	339814.018	310448.2445	338015.311	241041.805	564686.4525	543377.3965	357844.932	177644.6515	219920.6045	543305.849	301043.443	276149.547	481574.0875	523292.93	528148.316	528717.6625	484023.211	530839.752	566610.5715
Hmpp0004	C9H15N2O15P3			Uridine triphosphate (UTP)	482.96			[M-H]-	-												9701.274	11871.2685	11006.911	312063.84	1045385.221	8488881.278	626050.467	5134138.679	13769.998	679026.0075	302968.615	424237.9265	24859.4845	5709526.05	20736989.78	502350.23	1247961.89	3105882.01	56551422.84	1242473.78	1325930.528	17235333.46	6246613.087	1807719.52	2470166.991	6796830.986	11397.8185	1333787.627	9306.0515	9342.519	31978.771	28760.42	43090.8835	25085.686	213764.338	9470.152	27157.0905	N/A	32420.4875	12429.624	98019.0535	35239.5915	48282.771	51525.1005	7744.707	3106579.542	3260226.5	3487858.646	3468741.462	3280611.462	3232449.654
Hmpp0004	C19H28O3			6¦Â-hydroxytestosterone	303.2			[M-H]-	-												11639.5945	15741.9595	16056.366	19098.578	12156.693	14691.547	11791.3485	11496.909	29861.5505	10310.645	11908.6925	15003.0205	12372.655	11803.2615	34303.6265	31480.691	31852.778	14603.9595	20779.608	18186.3515	7866.1615	19464.87	30074.6045	9712.9975	13830.7035	38227.475	8816.1775	34874.81	20995.4435	23786.47	15704.245	19471.5	19507.3695	12004.168	19507.3205	14204.786	21334.7475	16438.455	14980.8675	11429.7245	19625.9855	14052.8515	12363.4605	6361.872	12842.5435	27265.7725	26224.114	31470.453	25413.129	20989.185	25704.227
Hmpp0004	C8H7NO4S			Indoxylsulfuric acid	212			[M-H]-	-												13656.848	3144005.172	2861351.307	3790704.018	4499.014	24589.078	5216833.538	59543.1065	13749.6815	32534.24	57591.0205	6946347.55	5555838.979	2429457.412	18792516.75	23878702.88	25373.4545	7643161.595	122239386.3	3361570.3	3664110.096	51729781.17	55567324.66	3990119.912	12639258.56	65419602.76	21213201.68	1052562.007	18783558.33	19923582.08	244054.642	265808.468	4689398.837	274205.0705	14083804.11	9923.861	198810.1725	674362.0775	4060249.958	4117861.157	4353186.4	180643.6115	6429.5395	3219845.811	1923188.077	11636005.77	11709274.37	11888135.36	12320356.23	11751914.82	10826017.4
Hmpp0004	C10H14N2O4			Porphobilinogen	225.09			[M-H]-	-												810844.3195	464917.194	890340.7065	639384.467	639900.175	590601.7945	550219.2365	483149.431	781577.2425	619420.951	794525.629	741797.7945	616215.2685	716736.7365	704208.1345	605878.9975	606990.0885	960151.4165	1060001.595	889566.542	1007361.154	674685.39	704250.0445	537322.9825	485348.151	926781.6605	802776.3275	898849.3255	1046766.346	884432.52	640833.71	462446.3735	562517.9145	267020.362	485296.4535	543268.547	302583.6095	313945.2135	547060.74	474006.9275	611825.9155	738631.6705	580399.816	478515.67	381583.9565	2048545.787	1805908.189	2115085.1	2514636.134	1890071.875	2036918.737
Hmpp0004	C14H6O8			Ellagic acid	301			[M-H]-	-												5255.027	21263.53	19595.533	30430.197	4369.1375	14886.201	16843.417	33197.02	23741.602	N/A	13011.9545	149091.2255	25129.786	16731.5355	65659.5165	96277.316	17442.999	17972.4765	172246.6565	21911.3795	27234.023	413843.448	82635.4645	83053.731	79586.539	91527.792	20443.7315	31662.584	21578.923	36860.7015	16632.574	12953.434	N/A	13646.1395	772280.1795	8527.234	11682.161	11820.032	17909.188	27185.662	56829.4555	18261.4875	26272.4125	10592.3005	10832.103	99770.2825	106258.049	101004.1435	123252.7905	94647.164	91883.275
Hmpp0004	C4H4O3			Succinic anhydride	99.01			[M-H]-	-												2269546.332	2451084.048	2513713.148	2880818.753	3993904.4	3948754.991	2697884.849	5513146.209	2402837.657	4666561.515	2477432.189	3644760.617	2843340.644	4002581.641	5767423.736	8810751.866	2805479.969	7122856.038	4167117.393	3310820.441	3192652.789	7836266.902	10349247.95	3849905.401	7211847.198	8986356.613	2321915.675	3177373.592	2448439.547	2771349.564	3508632.418	3589069.468	2349575.683	3684994.004	7559280.091	2171443.791	2722348.973	2743818.636	2542611.317	2591412.449	3234630.353	3589815.273	3625907.369	3213197.374	2722110.207	3786583.821	4166708.593	4603380.327	4316221.348	4667763.178	3538122.589
Hmpp0004	C10H9NO			Indoleacetaldehyde	158.06			[M-H]-	-												9301618.028	12450902.06	11757758.17	8656824.182	9339567.283	6360966.218	9025945.968	5870076.739	8016707.93	10348302.4	7806780.881	1547223.794	6621922.804	7348682.048	7453969.332	5513116.453	6923972.047	11268274.25	4837551.811	7536952.343	7773409.841	4436518.468	5856934.676	6929276.9	9356961.838	6200081.957	9748342.773	7079463.519	9414480.297	9397944.722	7874072.139	8506122.678	9745423.252	8475369.988	5829701.468	9944267.867	9904911.414	9816001.982	9401451.473	10608045.44	6974043.165	9250896.837	9788201.074	11074847.03	10510166.94	8786160.658	8368255.065	8476128.929	8166202.122	9019362.414	8787523.258
Hmpp0004	C5H11O8P			D-Xylulose 5-phosphate	229.01			[M-H]-	-												63940.134	44880.5595	47260.057	45241.7255	21325.022	33392.3295	59221.886	16342.3235	43991.6725	43907.9695	75520.395	30970.9495	33574.9605	150506.7595	266379.6985	75959.4	35990.372	65913.258	74090.7485	48490.033	50560.4815	137120.2025	107393.556	45990.24	59731.186	92824.8305	34060.6735	30431.4485	33120.858	42441.5	64995.871	57921.4355	44817.176	83148.751	220865.3035	63802.157	32492.5085	62146.364	40239.153	29737.237	39297.025	29817.279	35109.7775	44649.0595	45608.9425	41120.0155	53292.3095	54742.2	49458.398	33834.479	55670.806
Hmpp0004	C16H30O4			Hexadecanedioic acid	285.21			[M-H]-	-												608045.4535	2267365.572	2199980.036	2239442.417	3170835.648	4585359.517	2539012.825	3110677.261	2511447.465	3265046.85	3550266.824	21274299.45	1182306.105	3302017.473	2642467.58	1267695.422	1888776.899	1515383.785	607990.666	2174487.737	2064423.282	3228431.321	1196354.978	6772691.509	818195.7235	1164143.857	1306059.702	3473708.922	1376147.152	1279223.686	1434251.808	1444695.64	2666674.75	1503954.062	1317580.927	1069040.858	3940780.278	2496239.314	2593781.27	708751.6955	1307305.025	3338075.684	1644429.04	1936908.477	2418743.171	2724896.929	2855856.909	2825713.387	2744058.338	2592200.304	2746923.44
Hmpp0004	C11H20N2O5			Glu-Leu	259.13			[M-H]-	-												1947686.039	2363459.431	2258607.381	1675681.656	1117362.574	1800228.43	1523472.223	3032408.188	2759029.136	1569648.193	885415.354	1808807.372	1557820.675	1695274.447	1484844.239	1031091.06	1043509.661	1286374.751	2885567.763	1147618.566	1235795.129	2014341.033	1323371.668	1261920.144	4032157.344	1530700.934	1327197.36	1167008.67	1234747.012	1290318.232	963165.043	1203937.985	1417658.743	1146449.204	1527552.858	1294392.639	2789834.561	2236716.002	1303319.571	2158185.695	2221273.875	2719182.745	2133758.305	1413654.3	1883531.028	1876726.795	1935156.146	1877285.409	1817970.093	1873913.452	1842779.302
Hmpp0004	C19H38O2			Methylstearate	297.28			[M-H]-	-												316709.4565	340252.418	362520.881	282321.511	345719.3945	254024.115	304832.9565	333362.1915	311641.405	326069.8805	553069.4315	361876.067	339604.395	464455.2705	225020.17	476077.3735	368875.5595	450860.557	545024.4325	468467.238	548075.3565	408329.6785	306112.066	285621.144	296677.4495	446134.8105	539741.2375	407164.2495	324542.716	444762.0005	211366.478	194589.3215	226093.2605	168064.9545	172697.784	175083.04	139573.9645	199755.928	325788.227	282752.8375	248636.848	309436.3525	335634.2105	320835.823	340197.051	937755.334	438921.722	781290.405	789308.492	1007913.094	1033640.791
Hmpp0004	C18H37NO			Octadecanamide	282.28			[M-H]-	-												129845.644	156828.388	145571.485	160342.4585	168188.443	110233.887	158826.7975	208334.5505	256086.8185	174206.9425	92612.6885	193809.546	150926.568	169050.1785	135634.957	131790.175	159536.3135	154533.0265	150520.4485	142709.753	116519.0275	119678.09	147833.645	108844.92	136787.7735	144604.5065	153036.7885	124100.9185	92693.2465	226385.4475	228651.389	142701.684	194022.087	188800.8205	149051.867	157291.1315	174939.6655	141444.308	238884.078	126231.8335	121686.7035	160468.245	241815.134	163220.818	175507.031	218723.1015	214547.372	187526.526	188629.352	189569.3325	222737.907
Hmpp0004	C7H14O6			Methyl beta-D-galactopyranoside	193.07			[M-H]-	-												24197.039	14520.059	12798.7755	19378.552	23453.095	36021.732	35006.08	93839.1745	5111.8575	72095.4735	10356.6785	26642.3055	18062.136	48824.1405	182418.997	81191.5625	13668.5095	52025.9475	123812.5175	24354.9635	19296.954	68370.2685	60766.444	37326.9775	35349.1785	66292.718	42903.2015	29963.482	39626.2765	38731.1365	8185.8565	9260.823	18707.0685	9876.4065	50036.044	7133.715	14378.3115	13503.648	26834.643	6853.4085	14680.6335	14061.1245	N/A	16205.863	15307.1975	16613.136	71921.5055	44065.9805	42996.7495	29616.305	34424.235
Hmpp0004	C8H10O			2,6-Xylenol	121.07			[M-H]-	-												490320.7425	361703.3965	454899.6775	365452.2585	583760.7095	377501.9835	396940.286	390210.7275	494300.4795	431347.34	469524.4755	490446.953	404186.159	348503.272	442407.514	406805.0505	493429.5995	448076.346	464331.7865	483750.1015	393246.485	502862.983	444051.5415	514744.747	468356.2945	413013.956	450285.851	392534.099	419337.085	542478.0425	394131.8055	412394.556	494574.7755	347247.722	499041.5355	488587.326	547707.515	444332.141	400828.7835	353123.184	508232.179	390414.389	462487.741	428975.775	425136.941	443160.8965	469630.61	437739.109	416589.1805	416868.269	493287.9325
Hmpp0004	C4H4O5			Oxaloacetic acid	131			[M-H]-	-												19470.539	25626.935	24575.701	33888.204	43954.275	20333.277	35799.385	21357.1455	31551.5525	49124.46	46766.8785	45512.292	17502.5275	41218.446	150573.651	29451.325	12153.2025	31307.724	44572.028	23094.7435	32284.1765	33622.077	29557.316	26477.5505	22949.3205	36494.5135	51564.0035	15567.2455	50739.844	47889.764	19679.939	12438.522	16718.3475	25340.323	49980.91	18732.438	12897.755	18337.691	24417.6075	25333.123	19537.3765	13067.929	50257.4965	21645.726	16886.373	39033.728	44545.521	40765.41	60489.057	27037.7285	32935.462
Hmpp0004	C8H8O3			Phenoxyacetic acid	151.04			[M-H]-	-												29498.696	69446.3185	58561.169	15673.2765	98733.687	32545.7895	4907.425	149724.2375	195805.3515	22343.702	15049.999	54144.9705	10576.638	358027.281	20125398.46	36877.0175	21789.1165	1620284.92	258769.7895	7203.617	8371.5305	2284473.299	233695.759	5088.0965	1758162.094	229953.2185	4870.6315	18931.5145	7414.526	5529.2195	74680.803	63000.1275	44049.7705	73767.3265	3842546.82	31536.842	24943.0105	39363.673	49940.764	733993.6475	30266.892	22601.0345	69259.6085	463503.585	35946.61	808328.262	866624.825	827475.51	807710.8885	821400.3795	792770.2605
Hmpp0004	CH4O3S			Methanesulfonic acid	94.98			[M-H]-	-												36517.0925	37254.0145	25047.5715	28161.157	12773.7615	29381.6605	34474.09	153316.83	12765.837	41215.8375	21948.14	59327.9375	30371.656	51644.539	150356.169	79149.8175	22699.984	42752.8735	104574.1075	27561.6035	25776.5345	1739219.139	349808.252	108765.072	73388.472	293723.647	32519.375	39045.555	27898.647	31225.0225	56930.6655	70979.2605	48276.308	58302.3425	192029.1045	27321.9905	21142.21	40750.295	27470.647	20998.9615	27774.1095	20767.91	54031.325	29134.9775	28116.692	76938.0105	116510.6595	116474.927	102440.9445	83060.1275	97318.8455
Hmpp0004	C20H30O3			(¡À)12-HEPE	317.21			[M-H]-	-												N/A	N/A	N/A	790327.0415	N/A	N/A	7099.9755	N/A	98556.111	N/A	42660.977	N/A	N/A	N/A	26275.873	6276.661	N/A	N/A	N/A	N/A	N/A	44698.637	N/A	301448.0985	N/A	N/A	18701.5975	72315.4465	37471.508	30467.805	37666.315	36057.4275	6044.4495	25621.8395	23452.9435	116581.7905	1264.1655	93642.9565	7933.5655	13399.13	3710.4755	3159.5355	8342.3965	21045.619	4912.1515	46993.0725	53196.6835	40128.057	56941.8095	43827.3	43634.9395
Hmpp0004	C20H32O3			(¡À)12-HETE	319.23			[M-H]-	-												133448.281	18169.277	36082.2965	13705317.61	31370.3715	27964.713	41897.134	23987.3425	1036448.285	166473.057	3429124.382	71069.3105	307544.91	18596.553	2293798.057	125600.895	12785.062	69902.249	55340.9175	29832.759	31619.2715	2131701.212	137937.1395	2791962.823	244103.0625	175106.8225	2695529.059	744694.051	2054813.861	2433330.899	2530448.443	2093336.623	253264.2815	1974836.331	1587631.324	10798639.76	203036.9415	7839634.621	328634.535	321662.268	122833.1015	167595.7785	941314.1215	1984029.827	128797.1	1570739.589	1785301.001	1650168.086	1470046.786	1232496.754	1311666.151
Hmpp0004	C20H30O3			(¡À)18-HEPE	317.21			[M-H]-	-												N/A	N/A	N/A	309758.1065	N/A	N/A	N/A	N/A	34702.006	N/A	18843.718	N/A	N/A	N/A	N/A	N/A	N/A	N/A	N/A	N/A	N/A	17267.4745	N/A	165692.7515	N/A	N/A	N/A	41931.886	19250.6735	15527.9395	27435.3585	13596.5395	N/A	16126.6985	13275.9735	52377.629	7724.962	50856.4115	4632.9915	N/A	2706.4725	5062.195	14858.298	7588.5	4577.482	21155.996	17937.0255	9282.6765	14082.6155	22415.1055	19176.4225
Hmpp0004	C20H32O3			(¡À)9-HETE	319.23			[M-H]-	-												N/A	5791.977	4013.113	192780.3235	N/A	4672.9155	3203.691	4691.4665	12872.578	7873.1535	41732.935	6173.1015	11293.208	1286.6705	34228.055	2970.574	N/A	N/A	4865.439	2769.674	N/A	35282.189	5346.627	54695.8045	7679.486	6685.714	43144.208	8914.317	33059.027	43726.9745	49218.65	41365.0645	9365.8485	37832.84	29701.61	151890.404	11728.8985	117462.295	4472.798	9987.5505	4244.067	7897.281	8915.2515	38143.89	6794.519	23874.2385	25287.9215	23474.644	17834.8595	29554.9765	22172.361
Hmpp0004	C20H32O3			11,12-EET	319.23			[M-H]-	-												11805.1535	18078.643	8670.015	279945.1535	9771.033	9064.8205	7125.594	18782.2355	58316.472	14703.6205	126006.3895	33413.0775	N/A	9041.972	64312.645	8801.4755	10053.0985	13281.3715	9856.585	10791.384	10671.2705	33182.289	25128.829	41511.016	10192.407	20813.968	71997.1895	18760.839	74607.612	102153.19	47075.955	101853.479	23796.0415	72252.305	28267.153	227111.0995	29638.5245	248455.543	27059.2135	26628.6615	17549.239	24512.5185	64638.7465	81671.5985	14415.6415	58911.2765	59348.0335	48949.2165	55304.899	72228.4425	49104.7205
Hmpp0004	C18H32O3			12,13-EpOME	295.23			[M-H]-	-												N/A	N/A	23304.2025	20596.906	11094.186	23319.0555	13660.328	11548.17	56302.399	33276.51	10183.1375	31242.7815	N/A	14643.9425	N/A	36348.727	38329.8105	N/A	18625.053	30567.845	25611.73	15536.1645	N/A	10011.8245	9963.3575	N/A	15711.7065	35862.0285	14886.4585	27241.4405	N/A	N/A	N/A	N/A	N/A	N/A	N/A	N/A	N/A	N/A	N/A	N/A	N/A	N/A	11293.108	26112.364	23832.2075	18846.338	26530.1145	23565.7035	21611.8075
Hmpp0004	C22H32O3			14(S)-HDHA	343.23			[M-H]-	-												N/A	N/A	N/A	756881.416	N/A	N/A	N/A	N/A	84350.7755	N/A	50105.1375	5496.7515	9964.4485	N/A	69572.0255	12546.105	N/A	1437.931	4987.532	3096.008	2270.1665	169492.333	3370.351	172764.4895	7202.157	6559.2975	206634.2955	73789.502	170177.334	194305.1325	183054.0225	223166.1915	5684.6325	201004.8275	326871.7275	365679.09	8030.8335	190468.3485	6723.507	13979.056	5471.9475	8894.48	17270.862	42692.598	1704.41	101772.6845	72803.224	72939.8955	97598.697	75393.99	96952.4805
Hmpp0004	C20H34O5			5-F2t-IsoP	353.23			[M-H]-	-												N/A	70074.607	73321.0465	N/A	N/A	N/A	49071.3245	N/A	N/A	N/A	N/A	N/A	N/A	318218.541	N/A	18036801.81	11451.07	112187.9285	10854737.91	10580.011	6503.04	8860107.536	6258.344	7902.791	1241881.822	10634.641	N/A	2120.996	N/A	2856.12	N/A	N/A	20224.237	N/A	N/A	N/A	N/A	N/A	14174.5865	N/A	N/A	N/A	N/A	N/A	N/A	1965464.489	2076242.067	1983217.343	1759060.047	1959710.523	1953907.704
Hmpp0004	C18H30O3			9-oxoODE	293.21			[M-H]-	-												23196.3735	7935.725	15154.6845	11142.8535	10674.856	7302.908	7049.5245	15217.2595	35051.8285	14171.187	17409.063	13043.3445	13025.5685	21324.352	7518.998	7049.9205	13693.4455	8779.884	10321.5705	27549.4365	22027.686	10467.289	4261.3795	11368.0465	9675.655	10462.626	N/A	10292.412	N/A	14941.4675	10262.8335	17078.6875	15385.999	6422.635	16256.915	11110.3735	9181.696	12570.9715	5593.98	24961.705	16877.623	11742.06	11505.723	13493.6435	13971.2115	9681.648	17745.507	23968.6405	16198.246	15993.5965	16904.906
Hmpp0004	C20H32O5			LXB4	351.22			[M-H]-	-												26757.4925	28311.117	34235.83	26452.8455	23701.101	19804.4795	21790.492	22223.539	26545.4635	15984.534	27539.124	26476.1465	32776.427	20454.5215	22959.6615	10910.5135	30883.5815	26653.6715	21306.5855	24591.234	24414.475	24375.679	25976.1455	28774.0715	30819.855	28875.135	30448.1095	42912.64	33019.877	13541.787	23731.494	10807.344	23923.643	7811.7605	17588.788	18892.429	19233.1205	11605.6905	21052.219	26837.7945	19698.5065	23774.991	22888.227	20791.045	25117.884	38008.459	22103.431	22784.775	13082.537	21279.736	36788.419
Hmpp0004	C20H32O5			PGF3¦Á	351.22			[M-H]-	-												73407.9915	74042.747	71829.536	76064.5455	66879.6115	56405.461	76011.911	75253.804	67436.695	70593.494	87355.408	86029.9765	77759.676	70266.8025	50300.893	51493.7045	102338.8245	72115.798	57665.315	79185.5635	77115.23	58089.8405	87585.7935	99509.844	97599.154	94721.3125	64766.449	98764.8625	62019.1505	87987.451	79199.505	75132.9365	58793.781	63404.657	53465.9205	63782.567	52555.719	84732.916	57050.993	76749.8025	79477.0545	52273.8765	63383.675	75950.1375	72320.3365	101210.5405	67463.032	57885.1395	62002.5805	91462.771	102309.1685
Hmpp0004	C14H28O2			FFA(14:0)	227.2			[M-H]-	-												8945.2475	87660.9115	43865.994	56637.3885	41164.8555	48670.0085	31019.6475	106831.6785	143892.6765	16890.6795	21826.253	106364.492	8446.342	50190.941	9269.091	20973.7745	31998.01	3817.332	10707.4775	38160.9235	39778.494	23174.403	30279.017	31441.774	3679.85	22239.7615	23296.7235	29060.966	18959.6155	20543.3865	15683.556	8301.982	36630.957	9852.8695	36919.1065	47002.95	68292.707	79041.0455	30441.2115	16014.8475	22317.6005	68167.8685	34982.3805	40293.221	40215.1965	53259.6945	53989.03	39679.7415	51375.299	58586.987	49127.0175
Hmpp0004	C9H18O2			FFA(9:0)	157.12			[M-H]-	-												34105.8935	29393.3025	25188.489	25120.995	18827.0975	11067.195	11794.463	17636.544	21958.1725	35860.7965	24367.581	26908.6725	N/A	N/A	19966.199	17300.4325	12965.229	15517.7145	14845.316	17809.603	N/A	25419.921	18236.3505	12586.3035	15134.158	26706.769	29623.9695	7411.531	26004.0245	40323.8095	22367.9145	28073.186	31909.9985	25921.373	59934.497	27213.2585	33166.5035	38710.011	38221.7645	40155.6945	33171.4545	20522.825	23552.029	33106.3655	36258.8815	29046.475	39358.349	26324.0395	27258.7885	27228.064	29575.9725
Hmpp0004	C24H38O5			7-ketodeoxycholic acid	405.26			[M-H]-	-												N/A	N/A	N/A	130092.258	N/A	N/A	N/A	N/A	N/A	N/A	N/A	N/A	708329.5685	N/A	18838.9355	N/A	N/A	N/A	N/A	N/A	N/A	31211.3605	N/A	11768.276	N/A	N/A	N/A	N/A	N/A	N/A	3651.333	4941.6725	5877.3365	5434.026	9271.4805	N/A	6374.673	1271.674	7001.97	30175.9675	19438.7175	4431.6485	N/A	8415.15	13456.8335	22483.054	23554.0135	24874.688	18772.1005	19763.545	23873.8055
Hmpp0004	C6H8O6			D-Glucuronolactone	175.02			[M-H]-	-												28739.403	29872.8545	48885.3505	47560.9435	84117.8775	78119.8645	150016.388	183383.835	25870.861	381647.2475	32078.8385	45068.376	17780.439	188521.6315	1825948.276	146057.3235	66189.8325	97941.967	296837.955	39515.36	36663.37	629261.1335	133232.263	151546.0995	53049.806	126173.1595	259424.6455	104666.866	339032.9115	390298.3875	21277.8095	16703.003	30514.773	17287.732	104274.493	12212.228	30449.2095	24876.249	17546.3425	23242.2975	57662.103	44120.595	27051.6275	19141.156	72616.6645	146009.051	119195.9755	113469.027	117143.612	110741.615	120546.7915
Hmpp0004	C4H8N2O3			3-Ureidopropionate	131.05			[M-H]-	-												12297.4415	16702.447	13791.8065	28981.7645	36110.23	24227.156	24704.4855	24956.8235	17316.283	36157.264	20303.793	34855.894	15386.3015	31488.586	25126.3645	37611.1985	9328.666	30909.2435	42944.572	15652.8105	13798.2335	57745.8165	51547.868	42156.5795	41340.0145	67545.2455	21526.5715	18866.3855	21503.7525	35055.421	24495.868	17201.086	14833.934	26288.1725	51372.7505	16223.3255	18532.4035	5715.623	15429.757	22520.133	22313.4535	12787.649	14660.785	14657.08	14469.6435	28423.8415	22021.7035	32276.641	18775.631	23283.6965	23961.723
Hmpp0004	C11H8O3			1-Hydroxy-2-Naphthoate	187.04			[M-H]-	-												8881.3625	11044.2795	8012.274	9299.9795	11906.6625	9601.921	43699.2085	33083.98	5000.927	36042.8785	8059.374	27884.0355	9452.7605	28835.088	35434.72	38106.323	4118.4245	24678.8515	30082.2315	31002.284	34115.9695	35764.065	25187.7205	9202.429	40199.436	26000.344	5083.1	13582.6305	9951.285	3365.3375	14810.1185	25351.774	3692.1465	23926.472	17672.278	6016.3455	19270.2605	15084.5905	5500.244	8548.869	N/A	16442.833	9392.68	7565.2995	11939.846	24536.343	25425.24	21451.775	19172.635	23355.015	23696.7295
Hmpp0004	C5H4N4O3			Uric acid	167.02			[M-H]-	-												21820018.45	19212304.24	16068215.85	7905432.923	17172692.74	11983284.95	6498522.918	21063053.95	8487312.045	22994111.19	2693940.177	33417186.26	16204862.63	8975298.756	38619444.65	19897983.38	3340997.321	6307750.162	10103059.63	3191557.251	3768207.268	28339553.63	46553125.45	18912191.8	9127307.891	37776653.16	11248692.23	7237008.241	8181666.331	8618011.489	18848435.47	18219907.31	13552564.73	18800282.2	43380122.74	6778279.411	12951697.53	31258207.86	11823544.43	17605295.68	31910600.05	13061022.31	30456584.33	15250433.55	14121554.29	19308600.83	19559057.48	21520792.35	22598462.78	21906143.38	22135848.39
Hmpp0004	C9H10N2			5,6-Dimethylbenzimidazole	145.08			[M-H]-	-												180228.6395	270512.089	212179.8055	222620.296	188968.042	145643.173	175713.2845	88782.194	139878.886	195778.016	180111.1435	44779.3145	148162.8575	132971.7835	182341.288	113447.691	178581.3125	238585.495	98314.6985	182151.2425	159564.765	115117.9095	152444.011	141007.0705	248247.532	132902.5495	218800.9615	188912.6205	229596.7045	233668.6045	153239.6935	158862.688	244196.782	172185.6525	136507.851	186432.08	192961.525	211780.1185	193561.885	237211.7325	139310.2915	224853.4345	210429.8385	298060.408	188865.0115	225116.878	156873.4295	180788.21	149019.8625	182334.3005	210891.085
Hmpp0004	C18H32O3			13(R)-HODE	295.23			[M-H]-	-												61862.2615	61950.978	99879.195	294419.3025	83082.237	70730.438	63739.5735	96376.486	400152.021	101018.768	43662.162	118931.2705	42585.5195	54052.389	36964.4365	131478.602	32852.9105	36888.951	35753.897	34569.6	56026.1575	112500.745	58218.85	99581.326	50006.3145	69962.2215	87375.183	49142.7965	57670.55	128526.2525	66650.288	80475.7855	125902.283	30226.5495	132956.23	148430.324	153027.901	127643.868	156361.939	78967.207	51769.1545	133654.613	101034.387	89184.5345	76807.926	111070.993	63414.574	91605.278	93572.3575	74818.9565	108022.436
Hmpp0004	C7H8O			p-Cresol	107.05			[M-H]-	-												22985.181	90345.3165	88769.4745	88451.383	47913.417	84442.6055	68021.0995	275368.0415	34261.668	N/A	22119.112	832281.7145	221639.43	133728.4495	227622.658	312246.6815	27606.629	131958.041	643437.6915	129417.025	132697.563	3529090.986	968278.139	172439.7515	578047.3955	1068988.644	234712.9855	79856.173	203956.4765	231619.83	94731.1665	N/A	97080.636	91243.1365	1003731.562	64804.969	85643.287	43945.876	94571.825	67463.574	111124.271	83100.7365	70436.504	31397.814	60667.8845	304592.375	284903.289	297828.1685	283973.1005	298901.0295	319035.8185
Hmpp0004	C18H30O4			9(S)-HpOTrE	309.21			[M-H]-	-												2081232.873	777022.147	688653.9165	1157259.397	1846420.58	2224940.898	1428072.721	1287533.988	968565.6995	3709178.848	4245833.722	5027162.647	1198523.802	1768168.354	2963429.864	1575605.565	1049116.786	777704.732	1162701.176	1206783.199	1518063.425	1109253.284	1957294.907	3068204.41	1574931.237	2142261.911	7162166.752	1802660.756	6542459.806	6972683.466	3062657.435	3749300.239	1229824.92	3581925.031	1532803.47	558799.149	1409638.045	1219154.123	1151381.974	414036.3365	843009.756	827864.739	643568.8675	1051577.35	1582283.823	2308368.257	2186473.822	2408337.987	2283801.619	2077558.669	1792662.211
Hmpp0004	C6H5N5O2			2-Amino-4,6-pteridinediol	178.04			[M-H]-	-												6027.787	6929.7905	6455.907	20896.2095	24312.8675	30805.3255	26626.7615	42880.0325	18176.223	13628.9185	6705.1575	51598.377	15005.5655	22952.107	22915.1105	44162.327	4346.6745	17702.4905	135571.2275	13530.8995	14173.7085	164799.5355	52423.9635	11637.786	65566.123	52778.969	7544.729	16140.624	8198.152	9031.428	12416.834	8891.5515	16208.898	18157.4535	29811.311	8645.4905	23168.605	6370.7815	6441.0095	12180.2145	21782.1765	15853.6875	15693	3776.5465	13098.62	31655.455	33098.187	29125.996	33049.087	29882.482	28379.619
Hmpp0004	C8H8O2			Phenyl acetate	135.05			[M-H]-	-												21569.723	41011.038	43926.0665	17645.7105	26640.233	30351.7285	13644.452	16540.5575	31769.226	24739.4555	29133.8685	50189.369	28620.847	16132.3315	25770.56	19300.3345	29613.6545	26226.401	15641.73	28847.0805	33203.638	22022.107	18759.8295	12590.222	23766.561	22128.2175	21823.502	14727.5355	18767.649	25398.094	47830.26	39313.533	22700.7525	29547.834	N/A	517679.4565	21594.98	18549.937	38932.62	118050.9935	23581.8895	23733.972	26009.055	29810.3965	21869.136	49270.945	52175.0995	46656.5485	38331.953	37271.3735	49366.6125
Hmpp0004	C4H7NO4			Iminodiacetic acid	132.03			[M-H]-	-												355246.8285	417858.43	365838.092	1001745.152	454818.992	223104.26	610418.2915	192599.2725	478427.858	435158.8075	204217.991	76818.0055	405969.7665	325176.9365	234150.255	193239.958	193808.8155	89000.8435	306372.3985	285597.5355	380822.8835	344417.8165	239281.2565	484350.2685	232330.538	206855.1555	563838.0815	208744.3705	569602.668	715664.532	710543.0145	584482.2035	492360.9125	991177.6895	784696.2805	489169.649	578539.685	384426.126	550542.117	466668.1545	426754.665	552133.5875	325702.702	470909.616	552324.691	314021.934	384832.2125	336589.259	281579.962	423520.1745	362670.0985
Hmpp0004	C5H12O9P2			2-Methyl-d-erythritol 2,4-cyclodiphosphate	276.99			[M-H]-	-												40798.9155	66873.0725	46625.7175	64384.3125	63539	46487.8475	63831.5925	63317.7955	59604.211	62242.9415	62245.1815	82935.2965	56908.6935	52519.0855	61572.5025	84873.3665	51123.997	82448.544	37335.2275	48789.6255	50579.8515	157354.276	90541.813	73688.945	73317.254	60933.7725	30938.4235	60563.313	43352.607	61724.2925	54298.6545	67403.517	53271.1865	71671.581	100166.179	48277.7445	51764.813	53255.6195	44609.6225	48939.418	52315.8775	70820.3555	73636.1845	61835.795	58874.713	58919.378	80208.669	54246.618	89797.6545	74051.824	45982.6625
Hmpp0004	C7H14N2O3			Gly-Val	173.09			[M-H]-	-												11001.5585	11321.5495	45919.444	552774.368	18998.792	1849.5	34190.3405	N/A	94059.4215	59563.466	3130.058	2514.6675	17050.102	8709.5085	56029.925	12561.7885	N/A	N/A	N/A	N/A	N/A	N/A	N/A	45837.2005	N/A	N/A	N/A	15799.1165	294119.318	231858.3445	167175.377	164067.6415	21740.5735	129956.27	138377.549	80434.321	16827.8155	54417.2975	27935.818	6473.146	5497.1085	19860.385	268940.8715	35149.951	22541.0735	47378.592	42170.7415	49162.451	59016.778	57607.054	66423.704
Hmpp0004	C18H28O2			FFA(18:4)	275.2			[M-H]-	-												2584.5775	16715.392	12997.2935	214698.9715	12104.302	14421.5265	17595.482	54653.7335	133157.568	15181.3975	39177.9595	66292.914	5555.4535	15452.897	N/A	6887.352	9273.7825	8170.3685	18918.807	11042.749	23282.317	N/A	26518.1785	52222.173	N/A	22562.7525	20406.649	13575.991	21993.3605	9056.211	9180.129	4635.3115	11170.419	6659.6805	49941.4285	17307.0905	13849.3205	32776.9565	12200.0275	6830.633	N/A	8908.534	11564.873	15065.407	8254.9005	31486.9535	19910.0565	26365.1705	26656.7755	30432.918	36323.8735
Hmpp0004	C18H34O3			cis-EODA	297.24			[M-H]-	-												10485.7825	6851.5315	12824.592	7497.7215	12630.2425	8131.61	9193.9995	13046.126	46239.699	14955.2755	12099.209	42292.583	5336.112	7047.8865	11107.4025	32499.8405	7070.138	12018.305	N/A	8170.5075	9195.345	16680.9735	11622.537	20944.146	3662.599	10445.8125	17772.2415	9377.176	12607.889	9411.158	13631.029	6219.594	27269.0005	14989.774	20097.4365	4509.1255	N/A	29790.08	12840.57	8755.764	11819.7965	17938.4515	20694.231	14760.1125	15494.4225	18024.144	14129.226	13486.129	16168.8445	11548.1585	8142.973
Hmpp0004	C17H32O2			FFA(17:1)	267.23			[M-H]-	-												3755205.569	19380444.94	16735876.79	17127532.05	10287874.29	18829962.9	16466326.03	33073224.13	44016753.19	5760615.025	17219773.23	40870349.13	2961882.7	18987649.26	6494611.318	8916407.77	15436841.64	2859321.573	7805238.016	13659660.68	18092145.56	10743630.1	7772055.188	11806312.07	2956484.733	8043898.551	10831726.23	10138699.27	14805946.57	13563391.64	6265976.693	6252061.867	15601880.84	5167752.929	37746219.17	33096845.83	21902642.3	41876058.17	21957247.84	15455393.6	12935442.61	24102460.32	16247033.1	16619887.39	15743954.19	22053900.18	21765625.57	20121427.04	20329083.03	21708139.93	23832516.54
Hmpp0004	C6H12O3			2-ethyl-2-hydroxybutyric acid	131.07			[M-H]-	-												125775.485	106827.0375	88933.6775	197041.711	94913.403	75958.3815	77182.8235	60154.4155	188426.442	162710.214	103064.7005	270759.006	91118.8365	69098.2145	215295.05	187051.268	53630.4215	163239.3315	113371.912	80596.2705	65602.5985	154702.1865	138552.7905	224503.6985	119426.028	142517.0345	224307.971	88640.427	197651.1865	216747.1675	143619.8735	139156.1365	117962.12	122524.203	831763.863	144720.7195	162799.8185	195909.917	131247.842	130495.6845	153785.6965	139952.514	105689.208	152735.269	176464.7695	174834.3205	167111.754	188116.576	168558.3485	167344.1565	147080.2575
Hmpp0004	C15H12O2			Flavanone	223.08			[M-H]-	-												29626265.7	35928329.24	39269619.76	35242618.98	38903750.63	37892393.88	32438806.64	34445709.7	28524526.18	43098929.8	46155862.79	39707995.57	35126263.24	37171298.44	27235002.53	30841987.28	32197920.14	45414456.9	45977568.23	43003404.56	44837658.74	37766601.88	36300624.56	34535055.58	32941919.99	49294282.43	43965275.66	45880622.62	42575822.52	39904102.43	27963402.71	25319259.19	27407692.14	25840536.39	24463067.44	27312469.85	18699518.65	23736517.82	34624278.77	35876830.95	32439481.18	30440728.4	31797807.07	29783710.23	27423997	63101767.95	52565519.59	58034356.15	56995985.05	63418699.21	64868126.11
Hmpp0004	C6H10O5			1,6-anhydro-¦Â-D-glucose	161.05			[M-H]-	-												142572.1325	177638.1975	141951.8705	147924.3085	235290.4545	60954.9225	71046.561	133395.7115	185449.4815	85302.2345	199302.2675	332864.961	220450.2095	114682.639	126017.119	56117.3455	15876.002	220801.954	257339.166	152710.1145	172737.1725	291621.1125	43093.382	137805.9015	158128.2275	118289.5755	62800.2385	123322.9935	49899.616	72937.974	28798.958	93120.3495	139994.9505	29516.419	109645.584	75157.551	159128.8625	76268.2935	53349.3225	149446.7115	56953.8625	36753.789	69593.5185	182370.5135	96642.7765	127875.4405	187181.845	131686.7205	185456.092	241665.2935	156650.874
Hmpp0004	C12H24O3			12-Hydroxydodecanoic acid	215.17			[M-H]-	-												371305.513	397532.238	375287.813	721153.7815	210312.7975	53111.8535	15515.5355	62748.971	589033.423	446890.493	239719.839	295309.3875	184190.4215	57718.101	295690.993	333560.197	68335.834	204159.8105	104699.459	117467.0435	109960.3455	295193.323	173494.5855	123855.8625	239493.33	189105.489	751468.4325	64310.119	669940.28	650627.0155	323502.2345	364191.632	523184.501	323939.3025	516429.42	397114.263	754162.5015	844318.157	464484.513	583357.355	601746.383	601809.756	307278.439	426767.3165	650050.062	429482.9585	406133.41	376504.285	404327.705	403692.645	432676.5515
Hmpp0004	C5H8O5			D-Ribono-1,4-lactone	147.03			[M-H]-	-												76168.1645	59543.773	84037.1195	49317.5965	68953.7635	37629.445	67715.4105	39999.5265	62622.95	53682.451	80787.3415	73719.0555	50028.6005	74490.4935	132539.949	54077.66	56738.837	56445.504	44986.723	47554.224	41534.138	113831.115	54932.1485	50551.1055	60067.3	78233.4115	69710.4195	26893.5645	52012.356	52803.8945	63252.402	48518.6615	65860.2235	55330.419	393644.3115	64769.185	44028.708	40711.645	68848.686	47897.3875	44183.7665	36464.7095	47772.0055	58475.469	56242.44	87546.633	58073.0275	77654.9035	60454.1065	66308.0535	54464.5795
Hmpp0004	C13H22N2			N,N¡ä-dicyclohexylcarbodiimide	205.17			[M-H]-	-												33090460.66	49780349.87	32889329.86	20295964.26	58656753.08	21646090.35	29442843.19	36089967.21	35681659.1	39039702.86	44880712.77	42886763.98	30728424.16	40289822.28	40285595.62	32466053.72	34371197.94	54231815.24	31790315.78	53489682.58	30888852.62	47921195.23	44138423.71	57146871.1	65899458.86	34795663.77	56286074.77	53956651.09	36520235.99	35945008.93	43931845.86	48321548.42	29295785.2	49646264.33	36812689.11	42278999.75	31321338.39	59104122.15	20152705.73	40056484.17	48215562.99	56296044.47	38028034.58	49363871.95	44863873.18	47915182.77	73161442.4	40324669.86	45376942.24	55201642.66	43290129.34
Hmpp0004	C19H40O3			Heparin	315.29			[M-H]-	-												1347574.211	1260463.644	2278388.364	3046338.271	1339594.497	431284.5595	1220062.54	812061.6905	3037279.024	2035101.758	1534400.347	846509.6815	951682.917	1627655.217	832556.011	1052335.912	856804.22	1192548.931	1048501.436	1123634.654	1273094.006	1169607.909	842422.4225	1142269.275	822318.8915	1494776.113	1914971.361	488121.4145	2129343.527	1931364.792	2451632.526	1754463.646	2487453.676	2505752.068	3730894.735	2172416.797	3099510.519	2578270.003	2032542.736	3004445.908	3231530.563	2634925.568	2133295.899	2375172.563	2815832.305	1739769.307	1844558.398	1949494.36	1516079.936	1308322.064	2108209.565
Hmpp0004	C18H36O3			DL-2-hydroxystearic acid	299.26			[M-H]-	-												961679.1025	2272538.046	1501435.232	1641666.143	929657.2945	1299781.274	2358947.388	1512142.701	1297050.543	1281220.889	1195897.923	2341790.52	814944.82	1528284.96	768729.5165	1147355.086	1415905.464	518663.7275	627931.974	1101652.976	1111556.619	1566214.231	1222625.477	1773871.242	881894.3365	1331174.793	1964087.902	1665645.901	1282368.257	1604154.184	618542.8775	864966.1135	893204.564	585767.005	627211.8005	1305730.416	2482443.317	1290684.196	2100972.041	1647952.874	1289090.53	1997496.125	2220761.183	1722812.134	2056763.701	2363436.571	1760668.483	1811747.588	1710697.973	2728862.922	2317853.498
Hmpp0004	C18H32O3			9(S)-HODE	295.23			[M-H]-	-												248764.7455	321083.2375	405898.56	847842.278	273352.542	283481.15	187688.311	380148.366	960630.07	340816.288	411196.5115	544986.891	229683.994	280290.168	177772.7455	374297.716	193069.924	176103.4765	209238.8055	258790.5	254814.9355	339510.7665	315485.2185	479014.912	257226.535	330885.9155	258211.277	305170.2485	283997.9795	242694.28	321269.2025	326270.3065	397753.1085	251001.503	508922.1945	528285.602	412078.8175	630766.136	343246.1375	240636.67	229613.8105	349869.155	248495.2515	365228.764	354919.352	312381.785	364913.998	333327.061	285718.7905	271211.1155	398493.2585
Hmpp0004	C9H10ClNO2			P-chlorophenylalanine	198.03			[M-H]-	-												3166635.358	3456037.983	3280980.774	2932539.95	2947212.009	3197413.088	3244323.732	2996532.702	2937783.247	2777411.183	3002728.898	3028126.572	2890207.796	2941961.375	2838814.484	3140948.775	3255756.585	3211160.437	2979817.458	2963669.361	3010407.364	2633900.893	2880470.587	3235016.86	2920130.033	2948382.744	3266688.25	3089749.062	3225338.883	3045936.486	2960653.539	3384790.657	3293631.733	3253455.293	2662359.633	3182141.5	2936191.246	2864885.778	3349263.635	3289393.052	3338539.163	3181512.068	3105632.744	3293489.459	3100933.998	3295597.878	3152352.055	3208750.808	3270285.008	3278314	3213541.199
Hmpp0004	C9H7NO2			Indole-3-carboxylic acid	160.04			[M-H]-	-												19465.92	31076.136	31580.28	49053.623	26289.522	36010.3415	58740.3915	9237.078	29805.246	46283.903	27101.952	34644.8415	22778.172	45136.3045	42776.254	28575.9855	14332.14	35058.752	84723.4665	31806.432	35612.6325	55428.321	73968.766	37030.939	34300.908	93579.7215	46461.591	22311.774	48837.5395	41769.2945	46059.229	35464.0775	34397.46	44845.512	84444.3135	22464.378	39372.992	29467.8	27879.714	32436.126	34731.18	33610.148	32783.94	22076.874	37261.468	47075.399	39211.9465	46667.996	49019.414	44393.669	32080.2075
Hmpp0004	C6H10O3			Ketoleucine	129.06			[M-H]-	-												47689.62	34338.2035	39374.0835	85565.373	58799.472	20336.759	12904.6135	N/A	83049.736	67721.081	34026.427	42487.433	25265.8415	19874.7415	71983.8755	69244.557	24944.5365	57846.138	30820.587	25828.754	18644.241	16053.811	26869.8995	30904.247	46942.6675	42159.1585	84494.944	22181.227	97666.6045	72727.3445	48350.207	55037.9655	56083.392	48452.6985	67556.5055	49017.0585	87459.29	97944.9615	64558.61	48404.8695	57481.4945	75670.096	64758.0435	76833.747	85535.1365	59548.3865	57565.6715	57512.1475	58688.0045	56404.5975	68024.8115
Hmpp0004	C15H28O2			FFA(15:1)	239.2			[M-H]-	-												1036559.102	420035.9635	1063724.139	320518.677	644679.3855	836531.081	588450.5755	708549.3705	754361.5905	386731.2115	683038.1955	468263.3665	1080900.651	1175936.806	637099.751	2275918.131	502292.292	855016.615	1394322.06	1481318.974	1246008.21	1585119.562	813807.721	696894.907	718372.6765	1014199.831	615377.5095	658313.444	489130.439	1244256.605	2935386.132	566796.0865	822149.0565	753921.307	707996.2335	887814.6925	491183.585	481064.488	1132898.203	737895.0185	868456.455	1013336.735	1329180.552	761430.922	816007.243	8814593.671	4556357.721	5078264.662	6264616.687	6125354.487	7424088.027
Hmpp0004	C7H5NO4			Quinolinic acid	166.01			[M-H]-	-												136496.8535	80291.5585	141601.6635	57023.818	142146.2	77996.936	172570.4805	81298.746	90952.2875	158989.462	62164.242	177427.3255	61476.408	43233.2325	229207.4285	69512.0755	69481.2335	68049.6045	N/A	70606.381	81206.9915	1050854.642	450067.898	117270.6405	44352.3425	454741.306	44844.709	71634.819	52605.6755	59376.8745	57309.4855	85108.7855	95928.387	55156.92	202351.633	28014.366	75986.971	99357.437	79898.9465	130252.466	108619.2765	54498.018	185032.914	81390.957	110941.6515	127834.0435	163518.533	110595.482	88058.802	101381.601	101149.2505
Hmpp0004	C16H32O3			3-hydroxyhexadecanoic acid	271.23			[M-H]-	-												39151.19	73323.71	65484.879	73623.5265	65899.2	70624.046	66901.417	72030.038	116972.655	60026.0135	59922.058	216673.34	42554.9675	65727.349	31497.788	73124.67	35803.025	61631.294	58767.435	90283.4465	90742.511	93256.33	78020.1765	77088.2935	22882.356	56704.7305	54209.7485	62477.436	64054.8115	65085.5545	76934.314	44630.467	78802.3605	45286.05	56742.3445	96471.6165	73616.155	109297.797	79102.5225	61944.8045	44938.6445	80268.026	87036.293	94760.924	67786.2385	126570.993	113844.5885	107604.852	118154.7035	114224.058	146088.4895
Hmpp0004	C7H5N3O2			5-nitrobenzimidazole	162.03			[M-H]-	-												N/A	N/A	N/A	N/A	N/A	N/A	N/A	21724.0575	N/A	N/A	N/A	N/A	N/A	N/A	14042.616	18488.651	3393.831	10802.664	29376.914	8741.173	5483.4245	21759.008	19756.0025	3229.2005	15385.553	22750.5775	N/A	3913.349	N/A	4948.955	N/A	N/A	N/A	N/A	17032.945	N/A	N/A	N/A	N/A	N/A	N/A	N/A	5418.4555	N/A	N/A	8952.8485	12972.659	13867.5785	10292.893	13631.1495	11422.4065
Hmpp0004	C29H37NO5			Lythramine	478.26			[M-H]-	-												3028261.018	1526726.32	1189935.317	1994131.722	994507.376	954799.048	1368576.146	1300817.407	2258916.422	819493.691	1456022.11	291167.611	356687.5065	935569.187	1214268	400506.181	202613.7365	5817661.509	311049.795	698210.278	933009.8425	924007.2915	1208079.377	462871.1685	672557.3965	1167271.776	2302753.674	255700.133	1528995.174	2138837.676	1844829.898	2244612.974	1996045.081	2167195.05	2487099.95	2539976.948	1863451.22	975074.64	1074359.106	636490.2465	595701.6225	811667.292	2290205.025	1727031.084	1139723.947	1564071.991	1677810.558	1373345.916	1543361.154	2192006.718	1412387.973
Hmpp0004	C10H9NO2			5-hydroxyindole acetaldehyde	174.06			[M-H]-	-												740577.3785	2005885.704	2079915.702	963689.95	209557.83	54012.784	247536.427	64848.087	74487.934	385370.838	239960.0025	244201.3155	366144.605	141881.8825	1278603.633	630809.565	53760.318	630100.215	625874.9305	706695.2585	714792.3995	1316868.881	177925.4505	230706.1125	568876.7295	187267.9915	641726.5215	86494.225	552305.8285	564033.799	1156974.927	1206735.839	315645.9205	1231163.735	2299312.395	448565.707	244550.75	921252.1055	282849.0595	621458.824	338608.9805	213006.9075	370399.8345	752433.6765	418471.5	563219.183	535477.655	600153.414	574945.634	537145.133	543296.68
Hmpp0004	C11H14O4			Multifidol	209.08			[M-H]-	-												3163817.843	4449258.859	4522355.425	9920567.525	5142933.647	814573.5185	206816.0225	650198.436	6738919.785	5770336.944	1710933.155	2234769.677	1686089.911	588689.71	2898376.487	1361741.63	417149.9275	1331101.266	978929.9635	683374.481	716587.992	2405463.754	724184.351	1103709.707	2580600.267	744822.7305	8761105.69	624812.8345	7963958.842	7833324.719	13284579.2	11870516.7	4151297.512	13489928.26	14974710.04	7438140.58	6736030.69	5593952.224	3357300.739	4573018.106	4518192.199	5928507.796	6268458.453	5451882.002	3854836.649	6024932.474	5050993.021	5685274.157	4840765.359	5143742.847	5253524.196
Hmpp0004	C10H13NO6S			L-tyrosine methyl ester 4-sulfate	274.04			[M-H]-	-												15968.5085	14072.114	13770.398	25680.8575	64909.561	325353.027	83853.37	177417.516	36857.165	38068.6625	33729.9445	229870.0875	74899.8955	208745.644	559879.9205	241742.524	19502.3475	159404.971	3540604.269	53591.765	40461.202	18670482.89	746724.223	74983.747	1273653.11	1037076.337	67632.2635	32716.5135	55979.7435	40756.868	64051.664	46900.704	17909.245	64275.497	1290312.929	33458.287	40029.3875	14675.414	20591.4755	20451.288	52623.167	40622.748	23763.798	32460.6995	102401.1475	581949.4435	533908.555	679914.8905	560049.4605	717792.3535	558642.841
Hmpp0004	C9H14O3			Furfural diacetal	169.09			[M-H]-	-												876718.289	632680.027	495886.7225	1317962.637	801493.7355	202379.4525	202615.475	245482.2925	1154210.469	1012897.826	376183.7975	729675.782	429062.758	136605.1395	476985.048	541655.637	300476.0695	457725.561	383278.3595	216951.5555	272878.0465	537562.2965	423570.364	286210.6175	618799.3795	321980.5265	1249621.309	151840.406	1207293.611	1238870.606	544390.071	591573.45	675678.0895	618903.9195	762485.6415	953321.4075	1103759.801	1125259.778	744874.488	785011.1645	808632.3655	1103245.396	672992.4065	934863.7535	1027839.474	722807.625	798556.399	637032.5875	704149.348	636991.833	826047.0775
Hmpp0004	C11H12O5			2-Benzylmalate	223.06			[M-H]-	-												N/A	N/A	N/A	N/A	N/A	N/A	N/A	N/A	17680.6775	N/A	8223.9245	N/A	N/A	N/A	17720.2795	343789.112	1720.2005	N/A	25908.5675	N/A	1229.82	23517.5505	22966.5805	3170.7065	39242.4435	14537.545	9688.199	N/A	17464.5125	17002.4745	37986.4425	N/A	N/A	40528.3195	58006.0585	N/A	N/A	N/A	N/A	N/A	N/A	N/A	N/A	N/A	N/A	27147.7995	27404.9715	23101.02	23201.769	8727.8325	26008.8795
Hmpp0004	C6H9N3O2			3-(pyrazol-1-yl)-L-alanine	154.06			[M-H]-	-												851430.3385	984514.838	953740.4185	848957.2075	736095.67	370439.6065	491981.475	565299.6005	887096.915	895800.485	402867.477	654314.1245	567244.0915	443932.6415	804500.653	507937.2105	417265.367	487665.9675	487169.5235	386842.735	415622.441	762700.3605	605824.9715	628382.924	600949.7635	608894.9025	808828.345	492209.1675	860365.8615	973575.428	970902.9855	1120310.086	910532.5425	1078739.197	745782.726	711433.664	874784.952	1059443.685	900721.309	1137498.117	713774.324	789201.9105	690733.58	882249.9945	885446.3375	810389.223	871302.5785	729823.267	719939.877	801874.4405	711349.9595
Hmpp0004	C5H7NO3			1-pyrroline-4-hydroxy-2-carboxylate	128.04			[M-H]-	-												16041.083	25109.0365	23451.6665	32541.162	9098.4995	13113.7575	18301.2095	18793.093	24555.558	21445.177	20905.0575	36689.046	12687.0815	17447.759	27688.4635	12948.7925	18337.5415	25404.0715	20077.653	16685.0415	20305.147	36096.83	21206.3845	29681.2815	16238.5095	23936.189	35986.0055	22079.889	27087.7465	25212.788	39217.237	44246.502	23932.8545	45503.7495	52064.697	30319.747	12911.632	20699.7945	20019.5055	18412.783	8547.3475	18137.9595	36258.2625	19842.2885	22680.772	28740.3675	23269.158	21323.1375	23813.0345	17387.208	23530.365
Hmpp0004	C21H39NO4			N-oleoyl-L-serine	368.28			[M-H]-	-												198340.909	50301.4935	90528.3035	130755.9735	156134.1275	156222.316	346490.569	365760.502	136112.106	N/A	71496.6725	212360.4035	99902.8755	360944.246	242782.6135	141175.5815	134186.875	92310.547	202098.995	107539.593	138485.366	304619.5705	354834.4685	35876.599	294370.0455	264642.3095	92190.9815	174073.4005	58662.106	101448.235	130128.3005	101290.3875	123193.0275	161808.214	327080.3465	197543.669	271186.258	191004.129	81940.694	227137.189	446732.4435	324724.8795	171446.4745	177133.2615	94500.5425	135160.3585	276380.4565	180944.38	190463.9275	143853.1795	272227.8555
Hmpp0004	C5H8N2O5			Ureidosuccinic acid	175.04			[M-H]-	-												334135.3415	368817.808	461376.4095	155022.5625	106512.6245	140324.322	106966.7255	69792.582	234501.683	203247.123	154812.303	49360.643	184117.0695	109477.407	71577.9525	217370.8705	110690.4135	94897.6605	99065.098	150180.852	209104.6685	115756.177	185555.489	196260.8115	277450.1835	200118.1985	93752.354	148299.3105	97577.713	109778.751	75746.6185	66310.4005	138536.22	74102.075	81240.985	188225.5595	468130.933	250512.996	173314.5005	310136.454	548712.735	412379.823	88401.543	308358.013	258211.711	219494.7235	182485.092	182207.373	171347.727	136812.777	197936.1445
Hmpp0004	C8H16O3			2-Hydroxycaprylic acid	159.1			[M-H]-	-												310054.5795	216681.524	187508.753	237431.0335	242487.272	6997647.987	184179.219	10902013.37	262927.6645	478687.652	209934.054	541958.081	259186.9575	2472323.845	3089568.067	353205.587	2425235.918	156808.1945	398156.978	164687.3155	160980.314	280744.29	763245.161	486098.763	423566.8045	844139.3285	428888.6585	1912647.264	384893.308	374736.0435	232367.727	290024.019	239549.952	262503.3235	904167.3895	152651.7715	263117.6175	361046.929	196392.927	178606.336	258340.1505	214383.824	185372.915	243967.947	224460.14	1049011.259	939122.3505	948668.3455	942558.336	966782.2285	1012084.632
Hmpp0004	C5H10O3			2-Hydroxy-2-Methyl Butyric acid	117.06			[M-H]-	-												7652563.63	5866414.639	5195995.761	16090019.08	30915565.2	4667227.547	5360244.113	3813256.555	8719792.138	24256101.07	26437535.57	17894685.16	15761555.7	11334852.53	6351862.558	3485359.599	9882249.801	4427473.574	8773488.445	17069769.74	16856957.21	6494376.408	3490506.953	8047088.267	7540181.141	3854112.722	3813192.316	9456017.607	3393028.624	3334613.027	3607035.036	4377302.062	6409999.351	3431889.212	9231738.457	1932496.664	12721550.92	12206833.83	5116254.236	12950633.13	7755291.754	10660557.26	2517639.949	6355057.831	3274333.333	9455026.581	9844206.235	10191106.52	9801730.307	10155607.05	9773655.84
Hmpp0004	C6H10O4			2-Methylglutaric Acid	145.05			[M-H]-	-												113127.7345	215947.6295	180355.1765	318915.661	214746.2265	122480.818	152849.957	193798.663	434237.8695	244355.5575	205048.0925	723793.316	38283.5215	169060.494	385588.295	278540.018	256024.054	218393.099	173326.0235	144861.055	164134.3465	1883734.895	305395.998	371959.8255	190767.21	385565.8565	330198.4675	306507.5295	263180.914	421572.423	309017.5415	281479.685	295345.4005	341420.704	2060286.467	297401.782	1017250.312	554540.209	315891.819	198538.755	238201.155	948024.8525	321256.21	244677.659	327287.943	415499.0375	405344.674	423778.7465	440940.0795	454098.8755	464836.008
Hmpp0004	C6H10O2			2-Methyl-4-pentenoic Acid	113.06			[M-H]-	-												12353.2555	622777.0125	591147.3685	7951537.598	N/A	33027.6865	2297725.408	6082.9175	18789.6795	4962.678	14932.984	13297.296	12751.224	1162119.417	97611.6315	10510240.9	N/A	16730.331	N/A	10002.6575	7707.1045	2200674.317	78702.7	87783.391	23387416.73	104849.0025	9345.156	35523.6295	7201.821	7525.2745	15346.804	11534.908	786326.587	9544.99	18248.116	2470.234	15133.0305	7807.1175	649920.396	N/A	6196.9275	2821.368	12249.8485	7177.0235	4757.238	1228905.173	1230726.07	1198767.836	1163899.344	1278932.755	1238384.656
Hmpp0004	C6H12O3			2-Hydroxy-4-methylpentanoic acid	131.07			[M-H]-	-												147621.2555	275687.8665	294877.5965	179026.191	175329.8125	54516.397	67301.493	59172.441	204767.744	250044.6595	149316.955	262141.8315	156497.9895	77406.5205	85911.1305	51123.5465	155023.3515	53859.8145	390074.2595	143731.2405	147964.7025	118419.014	148952.793	71069.054	103718.5	93126.3205	102674.6505	172561.3955	92285.2805	97006.435	226906.803	187059.6435	188315.7375	202572.482	143871.659	112050.126	324609.1895	354530.309	148028.2345	517969.6245	184958.124	273049.9695	118210.9815	179402.2235	114007.954	173106.0275	165989.021	161788.242	172276.3075	199686.3735	173812.898
Hmpp0004	C11H13NO2			5-Methoxytryptophan	190.09			[M-H]-	-												8058.0775	11777.3005	11641.838	15217.8035	29797.164	19169.8465	18967.1765	27047.562	7941.207	12326.6605	14784.137	8441.9695	13550.665	20277.3165	23743.4135	12405.069	8469.3455	16408.0805	68228.1875	13979.69	17728.028	48747.025	10132.8515	13182.966	18547.426	18648.871	19481.937	8372.7975	6895.764	10454.9115	8576.9925	5924.193	N/A	2043.4605	31252.7645	9474.9485	9670.899	6672.819	6988.0045	12832.075	11101.562	12300.5635	38766.0765	6920.1265	17401.943	17058.0195	16610.977	17779.4825	14749.672	22571.867	17773.6665
Hmpp0004	C8H8O4			4-Methoxysalicylic Acid	167.03			[M-H]-	-												166714.155	207562.9885	174939.2405	198321.9635	163771.9055	209870.1665	179176.231	223404.772	170918.1605	202312.0545	168655.1315	198527.129	193430.2175	148163.28	136690.3655	187872.761	208580.6505	199724.8965	185841.982	236818.284	194749.8595	173535.482	257993.2645	209318.2025	220972.9205	198200.6215	230533.6825	214385.469	227529.2885	187629.9665	222689.03	173478.57	192849.821	140977.299	161668.963	180348.1315	184439.9695	228119.0215	224141.339	181193.2445	152771.591	169951.087	182535.1415	225397.4295	153038.103	199070.352	153478.2185	197010.1585	198814.3165	207665.3375	207811.2035
Hmpp0004	C10H18O3			10-Hydroxy-2-Decenoic Acid	185.12			[M-H]-	-												88082.1925	43357.2005	48889.9255	90505.7675	52988.225	5836.8715	N/A	N/A	139855.8315	119916.9015	47318.569	42158.218	26396.839	N/A	32924.6515	14790.3755	8536.5455	43102.7835	N/A	30303.7005	23135.386	46249.7005	30407.3845	38192.493	30455.079	52229.7255	139977.1015	20493.9985	152677.8315	160308.3495	45178.926	71783.2435	19021.3605	107993.63	95244.337	30360.296	16188.4035	42191.6945	25093.7705	24823.1665	25879.1025	25639.868	12975.453	11683.6975	42390.522	43548.78	59074.055	48628.761	59925.5235	51042.8565	52726.2555
Hmpp0004	C13H24O4			Tridecanedioic acid	243.16			[M-H]-	-												1505206.314	1553394.723	1451312.187	1451237.553	1459050.335	1419165.424	1416716.86	1470322.868	1354259.585	1420833.179	1565963.008	1522069.791	1496946.419	1420276.8	1321655.481	1507798.39	1467983.752	1442085.447	1583440.118	1513327.131	1617181.237	1433621.246	1445753.089	1548104.82	1333036.796	1556161.192	1567166.159	1444829.412	1534167.63	1488441.179	1726808.112	1768535.586	1664844.361	1626478.394	1799830.422	1647885.293	1500200.638	1749976.665	1481933.693	1696779.778	1590237.836	1558768.535	1581582.165	1393121.294	1616035.58	1581435.501	1670748.778	1354452.198	1540052.074	1625324.123	1620107.436
Hmpp0004	C18H35NO3			N-Palmitoylglycine	312.25			[M-H]-	-												30621.2445	89350.289	90160.4145	67660.9295	105153.0025	127808.1175	51432.122	84289.866	72620.219	73585.8975	68128.8835	277014.6255	19827.2935	71185.458	27476.849	59388.986	102153.315	45060.5595	42797.9115	69683.677	77342.1635	184354.642	80768.3875	65464.881	215721.6935	51498.996	47778.998	109837.423	52810.7905	50663.605	46301.263	43232.2465	97523.746	38710.0355	49040.5095	94285.1005	77199.549	85248.064	85880.218	51441.4925	59283.6905	72586.0145	63580.9315	84932.654	45028.576	103227.1165	91962.9875	90559.8295	80787.865	76353.6845	100833.351
Hmpp0004	C26H45NO5S			Taurolithocholic acid	482.29			[M-H]-	-												170768.2045	N/A	114946.6255	175352.541	357958.448	180752.549	603201.2435	239523.5565	202518.38	1876366.096	144144.971	410200.799	119789.881	384590.3815	494025.7715	191449.5415	158134.6945	189331.817	656279.6045	141035.497	184500.7115	251705.91	386910.263	242216.784	313532.2045	370111.706	249243.9935	145808.934	444324.3915	549672.843	115596.1345	163386.562	N/A	276109.6775	157141.084	18171.785	232822.1545	77188.5385	87043.2395	1143469.568	307126.334	158869.817	24312.14	474348.801	96748.9055	290457.0185	371938.0595	270856.058	395816.7115	382905.0795	250002.9805
Hmpp0004	C17H28O3			12-HHT	279.2			[M-H]-	-												N/A	N/A	N/A	52984.713	N/A	N/A	N/A	6784.8795	N/A	N/A	33298.118	N/A	N/A	N/A	N/A	N/A	N/A	N/A	N/A	N/A	N/A	N/A	5780.322	N/A	N/A	N/A	17131.14	N/A	10579.0535	6747.595	21781.582	12217.1295	4000.9695	24033.188	N/A	30444.86	3832.3085	49841.2435	1992.1215	8570.6585	N/A	N/A	8600.1005	19089.211	3415.8705	9827.8275	11644.976	12020.0095	12362.561	10173.25	14154.032
Hmpp0004	C18H30O3			9(S)-HOTrE	293.21			[M-H]-	-												111022.9105	115752.3235	131623.868	99486.6535	75447.55	64829.98	78605.403	77040.53	76490.751	68512.932	45418.9815	78259.638	101000.5845	82039.22	81938.4315	55451.5495	38821.2635	62699.5275	61403.5735	75473.616	59067.0575	53058.0125	66408.4485	79957.3935	94761.926	73933.855	59822.894	67663.3475	68484.301	68953.231	64864.7745	104043.3575	90362.2905	85934.058	88778.9385	115742.945	101257.3815	93732.9735	133576.8645	86339.553	124659.955	97600.9385	86640.0245	107435.4865	83654.4605	62881.6355	71214.448	85981.635	93995.962	94185.3775	87792.0705
Hmpp0004	C18H34O5			9(S),12(S),13(S)-TriHOME	329.23			[M-H]-	-												29531.5865	12545.6295	8806.2545	38920.9905	30717.9055	8818.2505	10799.321	32485.4545	14911.678	22320.1565	9599.5765	37890.8415	6297.9	12894.607	16801.996	9947.364	13102.765	16530.395	22889.1915	19518.32	25674.3835	21441.4775	14884.572	13763.379	13667.869	9620.0965	22791.1205	9859.812	20145.853	22970.43	17277.197	12767.6075	22328.5785	18549.9355	20657.4795	26215.273	17434.8075	18046.183	16372.363	21123.3145	18196.521	23810.394	33350.423	31409.4995	29241.331	9693.4315	19542.107	17259.1415	25439.149	21967.42	18604.055
Hmpp0004	C20H30O4			20-COOH-AA	333.21			[M-H]-	-												152668.5025	86750.134	103187.096	134002.6275	296503.636	236050.997	131257.6295	181476.0725	100014.032	449385.0565	131364.37	289293.251	125982.003	158240.6835	166425.715	158245.8585	170771.9675	112522.76	114401.2195	138822.2855	168047.344	174785.097	214161.33	283372.753	151093.7365	187998.6705	197786.522	197643.2525	170663.085	187428.611	180315.729	185287.572	178751.6965	171839.2825	88009.266	125671.5225	300245.847	161531.214	165490.7575	101846.433	180419.8145	243798.3315	99707.314	161909.142	209908.696	206202.3165	195402.101	170818.2155	195639.709	158503.1365	154890.3595
Hmpp0004	C20H32O4			(¡À)17(18)-DiHETE	335.22			[M-H]-	-												10099.304	7410.0545	13394.9665	17538.0975	13037.4655	14422.311	8045.451	16897.7555	26004.476	9070.0685	7981.426	50724.4415	5568.679	10754.996	N/A	20826.7425	12255.275	17775.832	11222.101	5519.674	N/A	2750.733	7673.634	62979.191	8017.1155	12894.403	12403.3495	18717.977	12556.8245	7204.1415	9924.5225	6565.328	8120.139	8113.605	6237.491	11199.8255	14314.668	15290.5965	9478.629	17622.9275	7157.652	13617.632	3235.64	4993.015	7819.3095	10986.98	14514.7115	14349.4605	19258.498	14694.641	15209.321
Hmpp0004	C20H34O4			(¡À)11(12)-DiHET	337.24			[M-H]-	-												20819.689	13072.713	18587.24	13406.321	23206.522	18576.0265	11074.815	10204.6155	25653.689	11640.446	7428.652	29978.591	N/A	13292.9825	7365.4385	16909.3775	13494.872	10453.234	19283.2305	10802.563	9603	8260.5225	16561.0685	12798.88	7304.456	7925.7695	14625.3405	14904.468	13338.823	7687.377	7415.0095	7623.054	21072.6765	N/A	7902.7885	7665.338	15546.098	20965.629	18463.41	16214.6145	10666.21	13606.661	16122.8655	14048.1595	13324.048	20427.0675	14457.4825	13725.4605	17333.42	16824.0225	12681.614
Hmpp0004	C22H32O3			(¡À)19(20)-EpDPE(A)	343.23			[M-H]-	-												17286.944	10371.795	9455.6205	632255.654	N/A	5692.2435	3775	13851.97	93424.7905	N/A	44509.3025	24043.066	11464.4215	7434.6	58563.1865	18212.402	3780.471	N/A	6062.2555	6303.3135	16951.7075	128272.3905	7585.374	140580.869	11817.966	16078.46	177436.808	50729.1985	152936.4	147491.3465	225216.754	160397.348	12437.448	146911.641	275945.828	350566.4545	25816.145	230411.3375	15598.351	19862.6215	16608.7175	16241.2025	20499.796	48910.7725	6369.992	118786.6335	81812.2665	73649.666	95414.125	69517.081	91022.5205
Hmpp0004	C22H34O4			(¡À)7(8)-DiHDPE(A)	361.24			[M-H]-	-												37751.3445	50174.356	46302.844	22885.8125	56382.333	42739.644	63308.428	40732.297	39776.0625	20716.08	25463.269	27110.068	124682.2325	33179.815	23026.788	31813.7945	41692.773	24251.4	11636.2265	24377.826	30013.025	23269.8165	51977.0085	41054.9375	11360.3225	45628.6965	41000.5995	33466.2485	37320.9955	28539.9705	28956.271	42870.774	82400.172	39695.578	7556.419	35150.036	75414.619	62388.3685	128464.242	27670.1795	51178.4745	45382.1115	14343.0145	15465.9635	39047.8665	45795.464	44393.265	35584.0465	40002.32	34549.8915	54095.7395
Hmpp0004	C6H15O9P			Sorbitol 6-phosphate	523.08			[2M-H]-	-												7814.6875	10905.1895	10181.062	11534.987	3421.366	9449.947	20575.4635	18950.2635	5025.5	13851.1295	10660.1295	12154.4005	3946.5475	19770.096	14884.068	21220.765	12663.0225	21008.5825	11624.7995	9122.135	15408.0385	35272.844	28513.498	25218.643	11100.553	55802.453	14434.5415	8333.188	11907.801	7990.387	17729.9095	11234.6995	6592.5	17495.488	46562.8425	12877.0485	7744.544	16449.8055	13881.095	13814.756	4392.268	15577.2615	19930.6885	10004.3215	12895.575	16646.659	7206.6015	15127.8735	17726.202	20207.978	12974.2695
Hmpp0004	C17H34O2			FFA(17:0)	269.25			[M-H]-	-												925518.7105	495450.2025	1341537.847	1109897.327	1203393.108	1237439.913	1797356.028	449415.1335	1174281.456	2564347.192	2654838.489	N/A	1549036.961	2022253.074	1631041.796	1510439.432	914292.833	1505523.43	249502.2815	1201343.407	653622.217	1095909.96	1541730.248	1235719.438	1542915.527	1650529.091	237660.3835	1341910.158	844928.258	N/A	520992.7155	1114208.6	1320061.673	1140845.04	640575.705	1189194.946	566420.9165	1012781.527	699676.152	N/A	2246751.723	405369.0695	N/A	1709738.902	1239404.749	742487.0505	792170.031	1482179.345	1552011.427	1286259.827	1441929.608
Hmpp0004	C8H9NO5S			Acetaminophen sulfate	230.01			[M-H]-	-												11813.2585	N/A	N/A	N/A	N/A	N/A	N/A	N/A	N/A	N/A	N/A	N/A	N/A	N/A	N/A	41561.8935	10970.976	11496.0225	80263.4255	23326803.5	20127894.55	233081.869	42926.2845	10010.44	12001.1535	49254.205	4785.0465	15607.47	N/A	6023.6775	18637.8265	11336.0045	N/A	22813.9475	56252.0805	N/A	N/A	N/A	N/A	N/A	N/A	N/A	N/A	N/A	N/A	1235249.753	911512.99	1393777.821	1474504.864	974657.554	1461098.491
Hmpp0004	C19H28O5S			Testosterone sulfate	367.16			[M-H]-	-												121850.572	37776.592	N/A	66092.821	59763.802	105778.05	88929.424	170265.942	122069.769	60691.397	25982.138	248974.5045	105648.4475	89185.5935	134608.7355	68867.832	44293.963	64427.624	91266.5405	69618.7135	77237.939	150531.501	71287.344	45228.744	130266.0925	122864.12	61686.8365	86678.066	31260.448	40219.782	48642.4835	60582.363	69293.3125	46531.228	246807.7365	170249.4465	103432.05	112526.5715	59787.4255	97304.885	82728.232	75439.5655	121793.0755	120077.414	81623.357	117168.6355	104803.4125	159301.7165	86542.402	96200.7805	92807.544
Hmpp0004	C16H28O2			FFA(16:2)	251.2			[M-H]-	-												1060958.569	8059054.425	7367289.268	21639037.52	2412075.526	3702892.117	5062177.34	10112766.81	21531543.19	3489126.289	8157013.243	19822574.94	785461.6895	2540714.8	536265.437	4604252.893	4308251.984	771229.271	4053552.511	4228337.036	5173031.277	3717526.551	3328714.888	11701670.47	1529921.014	4392074.528	3871963.754	4810750.164	3822120.648	4347692.007	2823255.427	1746059.843	6372930.931	2062889.79	15611578.44	3920331.316	8301125.539	8878572.662	5547912.88	2417170.416	3483036.939	6535844.412	4079123.699	3689744.574	5427876.491	5666869.483	6983186.841	5062959.957	6050270.418	5612566.307	6404850.593
Hmpp0004	C8H8O3			(R)-(-)-Mandelic acid	151.04			[M-H]-	-												N/A	231291.893	256942.933	178767.908	25550.981	113970.639	154736.6975	107442.5135	69768.065	N/A	65870.4765	2186431.357	545504.729	139917.5125	207223.8685	384487.195	27188.197	286097.1855	658062.5615	381354.9475	413737.338	4556017.127	564071.533	528614.94	1658167.678	616635.906	620352.8275	136002.791	499095.193	566307.9245	98059.9585	131107.5465	230715.0875	152044.4745	714505.0305	157477.9555	204705.724	131006.404	217210.8525	210887.1745	278753.7515	178234.8655	164189.23	123766.3855	147745.1345	539918.025	436517.4575	443260.5445	387547.854	429758.607	446630.3055
Hmpp0004	C8H8O2			2-Hydroxy-4-methylbenzaldehyde	135.05			[M-H]-	-												77443.1285	107715.1495	107493.263	125552.258	52591.7755	17546.2525	97068.9535	45819.0715	129601.83	38041.1325	95952.165	107275.892	121605.161	37204.3355	78835.6505	74608.4265	76790.6755	116645.6695	111306.637	149223.198	111555.7555	19851.6135	111186.269	102741.1335	110353.4	115805.1405	118412.4035	114746.209	146171.3785	141997.576	88674.1335	68397.656	70138.4195	76447.663	77098.949	106674.5015	94623.139	73921.901	86345.3455	82877.4645	106924.274	98955.7415	88249.271	104772.0405	59392.0065	91228.1835	78933.8755	60115.764	95858.9785	119962.392	131994.601
Hmpp0004	C6H10O5			2-Hydroxyadipic acid	161.05			[M-H]-	-												53425.7065	133988.0895	176383.8065	86917.7595	72086.496	140895.1705	33189.0185	150340.0725	279154.6835	38331.471	170676.261	442698.6285	N/A	102443.149	21329.3965	63131.009	229088.8235	61653.105	207261.201	93442.6635	78658.5	98552.7725	41256.5325	224870.624	55822.7755	46436.615	54811.9405	209994.913	67995.3085	34598.741	49855.7975	41779.2305	128918.092	48538.787	113419.356	104128.999	218561.6265	271796.0325	108096.2635	180055.367	278984.6605	203724.8615	113983.25	106383.757	78813.748	178727.9795	172215.993	183318.454	120791.804	154645.401	157738.857
Hmpp0004	C9H12O2			3-(4-Hydroxyphenyl)-1-propanol	151.08			[M-H]-	-												4909.828	2399.81	3090.3415	4149.9885	4256.5585	12968.529	4599.977	70666.587	5388.01	5429.4775	737.3585	8143.0215	4394.4525	8232.661	12155.047	23776.907	1578.8675	10330.385	29763.243	2191.1255	N/A	50754.1995	53972.8045	4325.058	28407.622	60643.1845	N/A	N/A	3132.4205	2282.9845	5812.31	N/A	N/A	N/A	28090.7285	N/A	N/A	N/A	N/A	N/A	6091.478	N/A	N/A	N/A	N/A	10664.8775	9200.4725	9220.0625	8961.892	12446.5365	8592.4695
Hmpp0004	C9H8O3			3-Hydroxycinnamic acid	163.04			[M-H]-	-												70819.3695	65459.5065	60348.317	50891.28	48996.5305	19182.765	N/A	14350.581	92427.0695	84585.6625	45798.136	55491.3635	54635.7815	11934.783	33498.459	47392.037	14916.531	55038.874	N/A	12224.814	30502.059	44222.4875	48152.2435	20743.17	37143.4425	45191.619	73306.8085	15049.272	69285.407	76188.223	40210.5015	51553.0505	82276.249	42371.277	36212.8195	64845.1305	106004.2535	154355.2375	62995.0865	98841.984	103856.035	106199.935	42976.9685	78715.366	130926.152	52796.863	50775.6825	67878.1095	53224.056	66871.798	63399.818
Hmpp0004	C10H20O2			4-Ethyloctanoic acid	171.14			[M-H]-	-												806090.895	2039245.384	1941077.288	7537629.537	1934150.494	10055622.33	13305045.08	3583618.111	5260267.476	2011936.85	5940970.209	14937291.35	382446.6355	14307632.89	815235.063	6453142.738	2228624.6	17712281.74	933125.713	11866875.89	6612101.559	8890529.918	8864282.373	13454430.03	753395.0275	9211181.15	1892197.59	4990976.116	2011002.44	1926268.041	1972199.646	2075628.95	4073511.524	994651.3335	2583121.473	7646518.933	5005850.651	2356826.986	2152032.286	2323803.79	2643301.652	4045116.526	9664605.734	12078447.89	10018219.11	6212053.788	6716838.954	6062101.466	6606738.941	6394354.168	4848709.465
Hmpp0004	C9H14N2O6			5,6-Dihydrouridine	245.08			[M-H]-	-												12527.713	9383.3345	12239.3015	20550.731	12056.4575	25924.7555	14016.8605	10143.258	15694.377	12190.5565	8376.5025	18419.0875	7234.015	22404.1735	29390.084	23927.888	5852.1585	14192.1775	51887.8205	13309.209	9826.7295	68584.1335	69324.9615	24033.2055	32823.6235	83381.896	16472.95	14350.232	14714.218	17529.065	13508.955	N/A	9325.9645	9617.154	45243.024	7001.1105	11112.383	5940.3535	8861.605	N/A	10918.5	13748.292	7597.49	9427.391	17705.426	40898.388	25014.792	24154.682	21369.366	26989.6045	22194.797
Hmpp0004	C9H12N2O6			5-Hydroxy-2'-deoxyuridine	243.06			[M-H]-	-												585417.6265	626108.8505	557199.6185	700522.5865	687585.17	1360694.774	785748.481	1139485.891	772801.106	709789.3745	593295.3865	1089552.748	450335.666	1243899.684	1628064.643	1317863.534	468192.7135	1213206.787	3344989.823	652358.0435	864747.849	4575618.338	3322207.981	1213582.814	2462125.27	3879694.335	709036.773	790072.384	704025.11	681396.6175	551667.01	560599.35	550724.0375	597095.1075	3854245.017	419048.157	544476.7995	311794.8585	440868.582	403467.5865	535054.592	513340.7955	514194.9575	479283.1145	639068.719	1562230.313	1498002.614	1679520.266	1519282.867	1599351.812	1491167.098
Hmpp0004	C15H10O3			6-Hydroxyflavone (6-HF)	237.06			[M-H]-	-												18871.8475	19718.0985	42587.871	35198.836	65817.853	17665.3575	31978.756	54337.766	74778.018	28159.389	13159.954	22318.426	19972.2885	22227.2545	16308.7415	67490.6145	30996.239	16127.9105	19916.3785	25556.309	13933.7695	17340.639	64190.295	8162.333	56402.0365	50986.612	20217.7835	11033.3325	15722.231	28947.009	27035.1435	14556.6075	30972.7255	17298.76	14994.614	12782.865	14158.594	6049.4455	30149.333	50631.7275	25051.8025	40846.148	29002.9005	24321.1945	40598.692	87698.556	75667.4955	67879.2415	62787.903	62966.4155	71548.275
Hmpp0004	C7H13NO3			Acetylvaline	158.08			[M-H]-	-												283232.8305	270858.074	258543.3255	215101.8755	309146.3295	331750.8445	286608.5285	428372.7595	219183.389	288030.711	176156.0515	317124.4935	249302.2155	328974.994	463003.779	377574.5655	228573.814	390445.9025	610266.0055	290923.397	292314.6815	917900.577	746171.0545	382811.3835	435055.937	796552.037	238500.182	297851.4945	215390.789	212719.3535	256698.3805	254005.643	226502.5895	261435.1245	851248.803	217099.9165	362864.694	251602.3555	202132.472	269604.3065	331759.7805	373048.8075	234875.0745	174078.153	243711.4135	407940.034	355006.1215	358120.401	373213.073	418879.0495	431966.7075
Hmpp0004	C16H32O5			Aleuritic Acid	303.22			[M-H]-	-												57962.5685	56472.664	53729.1675	47909.476	51749.919	53870.369	54519.1685	49449.8175	53194.6645	47231.6145	56795.169	51093.8885	50533.86	56837.8275	44554.9635	41502.0835	51247.054	55411.496	36451.5235	43430.458	57881.343	41365.7525	54405.0415	39641.6795	45419.28	45726.131	42139.98	55419.761	56667.1415	53256.35	49962.8385	48010.597	54493.828	38447.669	47593.271	57796.4725	55975.205	42530.5525	46326.596	54664.959	64302.5095	56685.523	57901.5815	47887.7105	48181.634	52148.2115	50894.7795	41903.544	46417.863	33925.7325	47362.6445
Hmpp0004	C13H14N2O3			Antineoplaston A10	245.09			[M-H]-	-												14723.1025	24667.7805	20888.426	27146.6325	5745.1625	14739.0825	72633.9995	29077.5685	14441.2015	N/A	17751.2945	617227.984	99649.26	42353.013	211944.9765	513210.1215	N/A	88645.363	19543.8745	100871.5925	107878.002	354473.4335	113065.0065	61002.511	166671.3275	131480.155	166748.3485	12831.47	144644.2265	147913.351	10199	15252.91	4615.0475	10401.9225	9522.435	N/A	30795.279	N/A	N/A	15043.055	64589.0635	31663.526	5902.495	48777.2615	15387.565	91906.273	86040.564	87692.472	88803.184	82230.423	91189.299
Hmpp0004	C11H14N4O2			Cyclo(his-pro)	233.1			[M-H]-	-												17388.0515	30783.7925	14739.529	13940.6	30294.0765	N/A	N/A	32215.0685	54356.233	N/A	N/A	57532.328	30046.216	41075.414	53791.0705	62644.0425	32348.5735	58376.5025	N/A	N/A	N/A	N/A	N/A	N/A	N/A	58771.9235	38700.572	N/A	20071.1245	N/A	22385.9725	23753.1015	9118.3545	22791.532	99784.206	15495.6675	32358.7615	32955.96	N/A	15332.7	N/A	19085.3475	32152.5345	29437.961	7504.7865	32716.207	34416.66	36834.698	79396.0345	37065.0565	29078.934
Hmpp0004	C6H10O7			Galacturonic acid	193.04			[M-H]-	-												17021.489	29648.6115	38220.6605	35820.734	47724.862	52027.542	71252.734	166317.425	34736.148	232145.068	48088.86	49041.189	28789.6325	151781.976	729480.421	192006.687	49667.076	52110.758	240184.5395	38642.2225	N/A	252117.4	250618.115	57543.526	62884.0495	251672.959	159293.0225	48509.253	115490.8945	89486.552	34127.7815	N/A	26749.384	39943.7065	246162.1365	N/A	28806.149	31016.679	30847.661	14253.325	N/A	61922.7795	30620.827	N/A	41237.1715	109791.1525	88378.622	60455.0645	54763.8865	71833.478	72594.457
Hmpp0004	C12H22O11			Isogalactinol	341.11			[M-H]-	-												N/A	N/A	N/A	N/A	N/A	N/A	N/A	N/A	N/A	83269.519	57263.756	N/A	N/A	37795.2435	N/A	11189.198	N/A	388660.0035	31917.922	46431.2585	21902.758	68492.247	78268.9485	13798.2305	28669.715	75800.074	7461.033	5066.811	11286.908	11771.7535	N/A	N/A	N/A	N/A	120983.672	N/A	N/A	N/A	N/A	N/A	N/A	N/A	N/A	N/A	N/A	138427.04	105313.442	103959.85	132152.179	116638.248	127113.19
Hmpp0004	C11H14O5			Genipin	225.08			[M-H]-	-												15340.5765	15645.2285	9410.4925	23668.635	20880.212	31660.306	6308.7515	66509.91	28212.212	28507.7405	5907.0295	61337.37	22592.0635	19633.8885	14617.642	9821.53	11147.0965	8457.135	66543.568	18179.447	18045.293	14441.914	27251.3395	24665.4875	36870.062	24429.895	21211.2815	14254.62	16024.605	12045.37	9965.8205	12943.678	15127.362	12748.028	127220.783	7811.348	16978.984	16445.7075	10569.315	17202.433	22478.7015	13890.0565	7141.453	7491.786	5415.1885	27315.915	34012.501	24811.03	29567.9015	28083.3075	26947.118
Hmpp0004	C9H10O4			Hydroumbellic acid	181.05			[M-H]-	-												45277.785	99545.5345	103350.9715	134183.2585	110290.573	96303.639	N/A	80852.1115	164091.9155	119340.1365	100506.5025	107901.348	74078.6895	85157.789	212576.2895	147551.1715	60474.4735	54775.0355	470839.2345	76591.521	49923.4605	2049782.965	179544.0365	178056.1225	140509.338	148643.522	200019.101	86404.006	153270.538	143493.0265	200314.718	214937.1275	138873.3695	203269.965	529187.018	168620.6025	299175.7705	334429.4325	137358.3535	147142.886	224402.179	351481.653	163761.3315	232972.0175	261344.9265	155470.6355	198560.994	224030.7665	225232.599	196123.3355	227580.16
Hmpp0004	C5H6N2O2			Imidazoleacetic acid	125.04			[M-H]-	-												33614.0055	28463.596	32293.4535	57324.3065	23039.1545	12392.297	30856.0395	13709.621	24351.798	30436.901	43693.023	15328.441	62742.0135	25421.291	84916.5935	25939.778	15674.305	29379.0605	42603.5665	21975.326	23520.7105	54484.114	76986.348	56206.4975	51127.7975	84108.408	48748.257	38634.498	34258.8345	41729.7525	91200.2715	100013.165	78303.535	115726.707	98268.7405	128428.955	27155.786	76215.052	82737.2735	53423.1695	45224.247	33377.0055	67958.0415	48780.924	36104.028	48171.004	66595.0755	49621.169	40595.9655	44277.86	54140.8405
Hmpp0004	C10H14N4O11P2			Inosine diphosphate	445.02			[M-H+H2O]-	-												5128.5	3345.3265	3348	4079.109	5337.7865	5636.3835	2866.271	15909.74	2230.7755	13353.8165	3713.985	3581.2745	7546.341	6250.392	9462.781	26372.7065	2405.7755	8361.5525	13330.208	1790.225	N/A	6808.641	6909.2925	4596.285	7722.6675	7945.458	2416.729	4595.2695	12775.1075	1658	6943	4836.6045	5313.0585	8098.6405	11669.8855	5489.7845	9802.109	9945	10069.823	13043.3285	8395.3415	9569.157	28149.658	5431.557	10758.1785	22393.3425	8461.271	11680.5665	9100.657	19671.858	6890.052
Hmpp0004	C2H6O4S			2-Hydroxyethanesulfonate	124.99			[M-H]-	-												160722.8775	139692.4795	172720.2445	255432.9285	129131.566	128108.167	230093.9755	154543.308	120459.5105	185195.3005	163280.111	107771.3515	275541.3945	191407.1825	757851.876	399517.2745	69834.807	172721.601	376558.83	119606.372	106575.374	1391395.776	1674727.81	379297.269	329387.278	1594095.672	177306.861	115401.628	190861.2305	237384.7965	358298.422	403879.081	296551.1465	442007.0575	1208425.818	560062.577	181084.6525	308596.45	341768.206	171986.2345	136044.061	183807.528	290747.6625	239583.6825	172383.5835	371529.763	325842.031	347613.6325	336956.339	341110.569	288571.8185
Hmpp0004	C22H38O7			L-Ascorbyl 6-palmitate	413.25			[M-H]-	-												9146.644	5931.6635	9205.16	7371.708	6042.045	4812.273	4763.245	6459.9705	6978.154	5704.422	5465.622	5456.9885	4434.7155	3508.459	1838.0695	6303.438	5495.365	3454.4685	5682.3295	6358.3215	5205.2205	4496.916	5468.849	7234.025	3994.8	4864.99	2512.3365	3944.011	1457.9585	1018.616	9578.935	9338.4825	8688.5625	6105.04	12228.987	10402.091	6095.4175	7171.0395	6847.3795	2752.223	7123.1055	4362.614	6955.437	6028.2405	6836.473	5328.2095	6760.6775	6318.6925	6730.9785	6862.3325	6380.221
Hmpp0004	C12H14O4			Monobutyl phthalate	221.08			[M-H]-	-												491924.2065	470433.6675	514032.051	547819.7345	547341.6085	755990.7075	654716.034	648807.545	384129.7705	896375.543	455205.5905	513837.954	543363.951	652998.704	328681.804	712977.253	602521.081	611160.8505	419664.4175	531269.7615	452219.0955	734733.131	580672.0125	321389.767	507103.804	521978.144	718895.2565	590715.212	592441.773	750168.533	584007.127	585393.251	664490.866	571292.1495	647724.5235	504481.7225	589300.2435	580014.5575	615826.633	465296.2315	577218.3595	567190.6015	544978.3905	599774.542	654498.999	721532.952	671040.0465	651876.7065	596711.8995	654612.061	617828.773
Hmpp0004	C18H34O4			Octadecanedioic acid	313.24			[M-H]-	-												626116.4635	1149743.014	1001201.258	2502070.17	1040756.255	944400.4265	1506323.712	571147.4115	1613105.611	3343039.445	5552967.692	9352487.155	1561358.33	1318108.467	826229.2145	687113.0605	386196.7815	439499.706	355906.5095	2069116.138	2052919.708	2129704.272	615011.969	5171470.845	486415.941	778304.385	581889.0085	1440379.714	678944.579	543041.499	1363938.726	970592.274	3194560.498	1083467.235	1146557.751	703399.158	2222841.615	1682268.941	2892415.705	754669.786	1044179.224	2223775.858	1339937.329	1429447.679	1259282.699	1956914.358	1588277.492	2151248.534	1746805.942	1657775.588	1477846.555
Hmpp0004	C15H14O4			Rhapontigenin	257.08			[M-H]-	-												3015.9785	7803.2745	8479.3085	5838.605	7912.749	N/A	N/A	N/A	N/A	10139.598	N/A	N/A	N/A	N/A	N/A	N/A	N/A	N/A	N/A	5227.2655	N/A	N/A	N/A	N/A	N/A	N/A	N/A	9118.0455	N/A	N/A	1794.4865	816.5085	2826.18	2594.083	3027.516	4751.107	12968.5285	3237.827	4105.6235	2206.4465	4033.112	15096.9695	5842.6535	3240.069	2197.9055	10282.2695	5678.1685	9235.7705	12058.7925	8317.798	7286.768
Hmpp0004	C10H14O2			Tert-Butylhydroquinone	165.09			[M-H]-	-												324770.8205	284071.884	399837.1005	369840.386	329346.7815	350057.4665	456159.6245	533042.027	439407.585	355725.5615	408477.269	420968.259	385232.372	467193.0575	569888.3435	420207.8065	449991.826	389779.657	526211.6535	555687.8815	502475.627	528877.461	465902.393	538705.9195	517251.4675	398869.934	446706.1555	476202.1195	408013.893	491824.145	254673.745	190467.665	306230.861	337240.329	372330.6415	347333.2695	298951.1265	314951.9525	323698.0315	310639.6325	317350.5645	287023.975	298847.996	369846.427	328321.7105	556737.002	270958.2635	362103.1305	448306.139	516463.029	491768.1045
Hmpp0004	C12H20O4			Traumatic acid	227.13			[M-H]-	-												178646.622	208446.2545	170112.1005	185619.132	99159.683	188463.596	99858.3025	290190.968	380988.5215	213190.5975	222851.2265	2992113.887	222865.0295	109230.3195	413994.948	92088.457	114095.106	N/A	441794.639	175676.2025	124695.064	582087.37	174101.6615	210523.8905	1598172.198	300506.187	149105.537	207341.7725	147226.3645	136856.364	87345.292	98317.2515	170857.281	129633.9915	568778.169	113837.868	233447.924	284911.2455	222136.5995	131516.351	163020.362	138275.838	243437.238	123701.263	357926.5295	328804.595	376585.915	300482.54	384441.6225	286518.9405	289118.4985
Hmpp0004	C21H44NO6P			Phosphatidylethanolamine lyso alkenyl 16:0	436.28			[M-H]-	-												81663.4615	93097.5045	93119.8695	81811.876	82976.565	27872.9315	41168.604	98933.9745	82545.0755	32327.586	67091.4555	19206.114	33129.1055	51722.486	61212.7755	43492.733	22960.3595	58773.575	45939.281	42583.0395	56586.695	61623.1005	45679.953	53703.774	62714.814	66518.576	64571.574	35360.0865	74631.893	51522.746	74833.0575	93470.986	77635.335	141747.06	93868.314	114095.2185	50464.631	54088.8105	74334.5505	57916.8105	29613.5215	53395.602	71870.9585	48736.4155	40605.88	55429.253	73253.5025	36406.11	83617.019	77349.5135	84426.0755
Hmpp0004	C8H9NO			Acetanilide	134.06			[M-H]-	-												7780.2235	12800.674	15003.5045	N/A	14537.186	21920.554	9988.823	161667.205	10330.593	11194.1575	14937.4315	9920.131	9164.8955	24590.5255	184681.8455	222044.372	16048.795	187678.721	281793.281	53418.2145	55193.6695	290990.347	370330.4875	9520.169	177292.7835	310109.1635	17316.07	12716.9695	10834.672	7009.8345	15037.129	16972.0345	4301.8915	12944.4825	213920.6765	5368.6545	N/A	9492.4715	6652.2535	12022.37	13329.7705	8286.5985	11960.226	10263.1765	8492.8255	104886.5895	121972.375	117329.1365	119993.9075	117052.57	142537.527
Hmpp0004	C22H36O2			FFA(22:4)	331.26			[M-H]-	-												N/A	2602815.374	3022979.227	5024541.779	3419235.616	2557130.249	2132712.196	3426344.57	2341849.565	2764846.601	2425394.789	16856746.12	749850.3385	2117069.089	754026.1095	1954411.762	3149643.041	742818.067	2657868.96	3800823.317	3279676.814	7219217.101	1115434.095	5037127.819	865829.868	1545554.979	1974839.966	3662082.081	1640008.833	1110216.461	1141848.355	736700.614	2621281.945	959913.018	6371401.329	5466371.676	5218060.948	5768445.164	2898558.403	2257614.881	3468921.345	4469289.264	4649839.392	6220417.193	1320270.936	3614446.641	3684359.274	3584664.816	2366274.165	3511328.645	4070998.385
Hmpp0004	C17H31N3O4			Ile-Pro-Ile	340.22			[M-H]-	-												N/A	N/A	14280.6065	10492125.28	51703.401	159430.057	11260.114	872180.1265	185152.3315	N/A	N/A	3127371.344	7522.834	82640.4315	48795.461	6671674.599	N/A	N/A	265229.678	234597.877	246441.1735	N/A	15295249.96	N/A	N/A	14895631.78	N/A	N/A	N/A	N/A	N/A	N/A	N/A	N/A	258518.9905	N/A	N/A	N/A	N/A	N/A	N/A	N/A	N/A	N/A	N/A	1124624.863	1031216.485	1201581.72	1129526.752	1324185.787	1258690.387
Hmpp0004	C9H9NO4			N-acetyl-5-aminosalicylic acid	194.05			[M-H]-	-												21425.3735	19667.309	17511.995	21993.0895	40538.3285	26271.134	87928.3105	34492.3545	8868.7175	41130.8075	27044.008	63501.1475	15200.64	108101.212	228527.797	204101.9805	2334.916	87450.463	1756070.487	19099.7345	17191.2135	1157053.958	213869.4475	13412.1085	160380.4215	195035.3725	18457.0345	11210.6895	11884.885	15229.0045	14030.1415	13979.468	11890.8595	20572.006	368408.1135	13408.6555	22643.923	11299.704	9987.8845	19855.6885	22672.5305	18945.4515	33549.9595	16723.4285	29638.4715	132452.8595	115650.094	128237.2685	135097.3335	127167.374	131609.626
Hmpp0004	C9H7NO2			2,4-Quinolinediol	160.04			[M-H]-	-												112960.0345	86217.52	72024.26	67554.433	131474.043	232852.4735	139153.8935	1754190.807	49175.5435	120602.3875	201183.7345	N/A	133349.7805	290214.4225	1356457.352	1394866.133	191231.3685	2435280.636	1480637.221	591881.3835	566853.2475	3435324.571	3212200.14	50096.074	1361613.938	3028430.763	180726.2875	159522.6125	122463.594	116977.9035	208741.497	168846.186	N/A	143001.068	1440491.229	43259.0775	N/A	101325.0665	N/A	107902.019	112389.8555	92693.213	87238.3145	92324.5255	47113.8075	1401721.662	1391401.389	1225056.444	1412798.012	1368731.822	1428516.625
Hmpp0004	C9H16N2O6			Glu-Thr	229.08			[M-H2O-H]-	-												20264.9945	44580.9845	39773.0085	34060.914	15502.172	70820.1885	32701.3395	50425.907	74248.4745	12275.014	21933.717	120061.626	14397.076	41022.277	16017.1925	35719.406	103104.771	21786.2645	12777.3905	33613.454	27289.667	38928.6065	18900.021	72519.9075	19516.643	12194.3945	21277.367	83565.8085	12437.2985	13797.8125	22023.7215	20316.6545	N/A	32924.1435	46156.6375	35898.014	79595.525	84520.5535	43525.0315	46447.003	78565.0855	42661.997	49540.2045	19791.4965	29587.8055	61667.3985	73556.0835	60720.0845	40407.408	38438.338	43487.654
Hmpp0004	C12H20N4OS			CMPentylF	267.13			[M-H]-	-												3447363.662	1840974.635	1644125.729	2434279.296	1102601.252	2708583.399	1441076.197	4935054.05	1158376.963	1581515.422	801103.6775	2976952.376	1976097.544	2214998.052	5941593.074	6401956.618	593916.324	1476413.255	10227766.54	1096686.871	1243710.326	6126998.322	12785003.23	8199578.144	4158376.504	14351377.78	1095608.575	2789865.661	969773.964	897418.314	5107681.035	5153200.468	533551.812	5120772.554	14845179.88	1464439.951	1969103.533	3232578.722	488788.9475	1620848.065	3099551.442	1929861.572	1354270.194	1526151.232	1094918.84	3697146.355	3393635.311	3815832.806	3827822.88	3937063.25	3682030.399
Hmpp0004	C15H22O3			Gemfibrozil	249.15			[M-H]-	-												543965.7285	549169.961	440237.2015	456728.154	410158.876	508280.167	435974.0095	580500.0935	464291.788	484482.9135	437919.4525	543343.214	444730.469	475695.0545	499996.904	621896.9455	551730.906	561973.205	485077.8595	496031.271	545255.409	554830.203	559515.019	483690.707	499387.344	462014.694	486807.0285	452694.7715	482112.9985	405959.2085	515831.1395	446189.3565	485580.054	440017.3655	542227.733	373516.6825	462638.6725	589068.5875	386952.703	1846187.022	529339.78	534294.1705	560585.193	589368.171	567730.0235	644400.9805	599180.986	610350.377	513759.2965	616295.4105	642231.429
Hmpp0004	C5H10N2O3			Hydroxypiperazic acid	145.06			[M-H]-	-												2278351.155	2545258.548	2371614.039	1755989.128	1397246.303	1175552.046	2083634.959	1416086.825	2723037.345	1993606.671	1908019.572	3233327.985	1600259.967	1466819.826	1784879.727	834376.8025	1391242.448	1902110.517	737591.39	1268550.178	1353010.978	1764390.894	1215615.623	2284763.203	1167846.494	1183902.585	1862899.027	1695356.483	1955677.181	1744357.515	2010823.275	2171164.965	2408598.079	2133499.527	1751449.776	3051663.072	1663772.4	2010026.534	2785156.273	2654905.591	1325948.747	1254458.871	2171542.338	2014609.955	2782060.417	1913255.092	2163268.235	1709377.652	2087857.743	1966665.483	1819392.368
Hmpp0004	C13H14N2O3			N-Acetyl-D-Tryptophan	245.09			[M-H]-	-												10815.7705	7949.5905	9704.281	10334.174	11259.432	167145.529	19857.0175	5820006.96	6410.5875	81035.0505	134584.428	50379.913	9874.5395	562704.7345	9411054.325	22891531.09	450213.356	7715770.671	24684545.57	1360996.887	1404785.185	56851665.14	38325056.95	12572.582	7212489.542	39041132.14	26758.7325	334762.084	8295.4515	9729.1265	92332.4225	100037.267	9067.215	116642.575	11141336.74	14592.8695	11728.8305	12186.2	6494.684	12522.456	12161.094	8608.515	13039.7195	18029.9975	22730.016	4512356.635	4731406.954	5326629.025	5524644.5	4926654.655	5025995.689
Hmpp0004	C5H11O7P			2-Deoxy-D-ribofuranose 5-phosphate	213.02			[M-H]-	-												109688.9365	119723.3455	77373.3265	108726.0165	136231.727	94491.37	105211.7135	69378.274	182333.436	115461.942	120075.003	85045.6015	127802.031	95221.584	53631.785	133918.3435	113425.712	202969.421	69778.1115	162380.233	175109.778	67847.477	85004.5885	112757.774	187761.47	N/A	117210.377	121465.4055	110917.4225	136055.541	123249.202	152332.0925	123671.8025	129055.805	59536.4795	112890.081	140674.3695	71943.8175	102692.9665	116608.3055	103754.413	130783.4245	117132.217	130451.107	104441.379	140687.475	117554.025	119791.429	117482.0615	116524.635	99848.4915
Hmpp0004	C13H13NO2			3-(2-Naphthyl)-L-alanine	214.09			[M-H]-	-												119106.857	133081.7475	132398.447	480121.09	169361.5165	77833.8015	139803.1315	225353.509	139459.211	145536.256	137335.629	118865.598	272666.426	187840.521	143020.2525	107686.9745	90766.763	63037.191	122496.361	151317.048	131836.7875	189860.9575	167452.434	73378.6575	58026.2235	159069.1685	124350.5895	47939.679	101918.961	130255.9415	117121.0225	147982.677	363613.846	147639.6015	266006.734	422398.273	294859.442	456714.7845	325360.666	518042.6185	325220.735	241689.304	509860.5115	519736.2605	567872.573	182548.587	171154.4985	224505.0965	205091.1605	196701.443	228768.724
Hmpp0004	C18H34O4			FAHFA(8:0/10:0)	313.24			[M-H]-	-												95544.037	164156.1195	175058.381	109083.5925	73221.332	117053.498	234415.135	60482.2485	28851.11	196407.1505	79283.245	128158.8485	129959.365	167494.605	78057.852	96810.832	81023.4265	80265.123	89801.0405	102545.405	129414.482	64849.8145	663471.708	350429.717	99489.024	633163.3925	69240.182	165166.9995	71808.83	79453.087	174014.765	199728.397	28474.9085	164726.0545	72533.307	119661.1315	364917.83	39855.587	25329.5005	286889.5655	287243.6925	313918.598	127541.868	372018.6425	77381.617	205507.6515	212029.0745	242476.353	172949.5085	208821.2425	173681.7575
Hmpp0004	C12H24N2O3			Leu-Ile	243.17			[M-H]-	-												24693.908	61737.406	52739.351	6658.2365	3359.3275	15815.471	5583.124	4562.208	13572.8335	14562.1495	6118.388	3519.8245	7401.5555	10301.2355	11312.394	3205.4735	12893.2215	7682.3635	4456.555	7579.3175	9579.7435	7926.6475	28182.0815	8168.093	73740.891	31677.4645	3940.331	10387.5435	6879.8405	7608.4935	23988.5735	33349.0495	31211.007	27890.723	21094.1965	21300.864	8258.31	32960.934	15574.7685	40435.6995	31865.141	5606.788	10572.7745	43120.5675	8640.4705	17485.8385	24339.456	23153.0755	22445.7825	17975.8855	15684.1515
Hmpp0004	C9H14N4O4			His-Ser	241.09			[M-H]-	-												68315.9605	718325.4095	737612.2095	424489.1565	134059.623	777119.586	494408.158	1989191.951	1849743.079	66586.7645	632474.7185	4948508.465	611757.168	717691.1905	3352485.539	497427.011	866402.894	360818.988	15930585.51	201384.5905	207052.216	56303970.67	7220482.992	6436105.48	474634.964	7133635.322	125966.0295	2547007.927	96958.304	118451.361	951156.4415	1028184.602	707708.8825	995122.8485	126887532.4	937441.4525	729398.5655	704194.2355	549494.416	795737.646	2730645.3	620300.5515	2289294.558	394052.357	1808397.155	6597234.699	6239262.452	6440082.071	5380824.81	5993928.078	6402463.36
Hmpp0004	C3H4O4			3-Hydroxypyruvic acid	103			[M-H]-	-												117717.9035	1162932.385	1300719.567	239526.314	601198.364	1333465.067	190596.999	3370276.549	4315950.801	106664.626	1810606.935	11384679.86	137329.0405	598797.0055	N/A	N/A	N/A	N/A	N/A	271957.5525	N/A	797551.827	N/A	N/A	N/A	N/A	N/A	N/A	81194.241	N/A	49291.0335	29461.48	824844.029	26487.3685	N/A	289214.422	N/A	4355255.107	918772.3965	2254938.572	5782508.976	1691933.249	638090.459	642008.2725	192301.1695	1235936.539	1252561.345	1107522.817	1160707.389	1190982.545	580200.505
Hmpp0004	C9H10O3			3-(2-Hydroxyphenyl)propanoic acid	165.06			[M-H]-	-												247936.449	180182.555	207183.621	524553.7565	168365.6265	N/A	94640.062	43924.856	384361.051	533030.9935	175115.057	181929.101	230541.557	113722.94	158917.8125	N/A	N/A	253008.784	96628.492	225914.27	183083.623	215285.5425	233394.596	188638.713	253989.103	154905.011	603334.8715	34198.2625	615473.993	555781.377	391896.02	355661.262	119164.489	376785.969	500083.879	273334.3855	151110.1415	189167.5885	147524.1835	112564.966	110340.4755	142292.338	108423.887	184665.5885	204424.2335	306257.3915	228793.3415	224102.1545	214578.191	292411.126	191100.0985
Hmpp0004	C10H19NO3			2-Octanamidoacetic acid	200.13			[M-H]-	-												11841.9	27789.0185	22150.999	27596.287	21791.425	41556.4565	18993.6425	45677.57	38035.391	10679.4295	16208.58	74965.7805	10488.411	28727.1045	4642.6	38953.267	19851.2185	72193.5055	10102.508	29471.3585	27581.505	34292.614	20624.7375	8222.6975	30299.101	27998.5615	12634.6795	19796.8585	13761.7005	15043.765	15073.478	18863.3455	22583.105	14821.9375	40728.6745	21781.5815	26292.0005	12681.2455	21544.15	21770.2265	20488.5735	20479.804	20180.202	18879.529	18519.435	23870.0775	18932.2225	26486.4405	34320.615	22033.393	32977.6925
Hmpp0004	C20H30O2			Isokaurenoic acid	301.22			[M-H]-	-												802019.226	2729290.637	2453679.523	9721225.446	1097296.949	665461.726	629643.9	3344196.932	6159391.998	972123.58	1324050.598	4862650.629	544960.758	615424.6265	923133.514	826578.4955	814325.03	355722.8935	945088.0195	943132.9355	1288555.176	1594323.286	1336400.883	16351067.99	194038.9395	995707.2095	1138909.626	5343295.384	972639.386	1287933.513	2192401.198	1776961.554	752517.4865	1467537.821	3152646.444	2145871.082	2342253.011	3474225.93	798946.673	2172084.927	1264281.048	3146111.03	1355233.771	1853376.976	690741.347	2694924.899	2944206.973	1958451.589	2967554.573	2171836.784	2723325.084
Hmpp0004	C8H6O4			Piperonylic acid	165.02			[M-H]-	-												153404.77	139006.598	194524.502	215967.7265	177891.829	226149.5145	158255.3565	182057.3825	172236.949	208224.3255	264245.498	211992.115	235863.9425	211048.3665	203093.985	231886.7035	190475.9535	267116.5215	291613.672	235063.121	263847.5805	189757.7765	182474.602	190044.511	175459.464	261399.4045	341662.9755	309287.555	290639.212	267659.1865	143872.756	146047.958	179730.2485	178936.286	124957.427	148084.913	107039.723	134152.0745	210256.006	145978.43	174432.79	167874.74	201126.6525	147145.608	160516.2965	817400.695	464192.981	493376.5965	558330.882	627644.028	665501.644
Hmpp0004	C8H8O4			3-Methoxysalicylic Acid	167.03			[M-H]-	-												N/A	N/A	N/A	N/A	N/A	N/A	86547.6145	N/A	N/A	N/A	N/A	N/A	45824.3945	42416.042	84115.73	N/A	N/A	32947.9775	188438.339	N/A	8299.656	103288.548	96669.8245	4337.801	15247.773	101383.3585	295877.302	8622.276	217437.348	235811.6655	29951.2835	26018.4445	23460.7225	N/A	178947.502	N/A	N/A	N/A	N/A	N/A	N/A	N/A	N/A	N/A	N/A	52177.304	43600.627	51186.4385	46800.332	57450.9035	49813.879
Hmpp0004	C7H8O3			3-Methoxycatechol	139.04			[M-H]-	-												N/A	N/A	N/A	N/A	N/A	N/A	N/A	N/A	N/A	N/A	N/A	N/A	N/A	N/A	80719.4425	14586.7965	N/A	93077.681	158764.546	11027.873	N/A	128156.401	34689.5195	18297.971	19436.9625	65330.194	13229.4125	10134.847	16967.656	17437.0845	72704.156	94605.9645	14301.969	83363.895	4078336.067	N/A	N/A	N/A	N/A	N/A	N/A	N/A	N/A	N/A	N/A	110829.842	131416.218	141073.393	151309.7885	138039.0875	142503.481
Hmpp0004	C9H10O2			3,4-Dimethylbenzoic acid	149.06			[M-H]-	-												304144.3855	438249.626	557908.742	595310.726	110347.319	101690.0345	315161.5255	154550.996	654919.22	209475.5115	419562.0765	410915.914	593368.139	247393.0425	438110.6075	239247.632	331198.4305	516492.8775	510069.625	548982.3255	506955.178	107774.592	484706.9095	715265.544	497607.826	568683.9605	402962.785	430141.4385	459410.8165	703354.6275	360062.279	425432.3615	490793.2365	306656.27	297960.3075	396491.4705	334226.45	474779.4915	365571.106	421125.647	476500.699	534334.16	470920.0505	378777.9785	227637.1325	441330.231	432453.7995	341153.909	246268.8495	377410.8025	448341.9215
Hmpp0004	C9H10O5			2-Hydroxy-3,4-dimethoxybenzoic acid	197.05			[M-H]-	-												3089.273	9964.011	9028.42	2602.5105	11153.974	18392.238	2714.065	10776.1435	8648.3285	N/A	7668.496	19122.8845	6942.226	9395.3115	79945.004	34558.0815	6654.501	8177.895	134906.298	4857.3	3413.735	352619.429	32730.6555	10894.247	7778.7765	23201.798	3375.438	7947.5965	7101.938	5741.637	8205.1475	8283.26	10620.2865	7882.592	316732.31	10157.302	8358.296	24448.254	N/A	N/A	7061.85	N/A	3612.5205	4006.0175	8466.211	28325.0625	31459.8045	36280.6595	32992.52	26666.962	27128.0525
Hmpp0004	C9H11NO3			DL-O-tyrosine	180.07			[M-H]-	-												33868.257	22011.5175	33569.725	61379.6415	58161.2045	54623.8015	26467.2805	178801.817	83083.6085	25151.668	40421.8205	122291.6705	53906.759	37958.3825	32251.3285	27659.044	65129.0005	29691.4315	13304.077	7353.253	27661.0335	37453.488	37705.5825	76099.9945	68585.3345	21661.106	32672.576	41460.5015	73862.5335	14339.3625	43888.0875	52247.134	48396.458	78536.0095	30615.505	14747.899	37246.7815	18909.6795	21448.678	6734.649	39870.465	40706.6635	10578.1065	25258.492	44237.5735	58429.4225	23062.208	87955.24	33572.5855	69355.0745	39324.5865
Hmpp0004	C10H8O3S			2-Naphthalenesulfonic acid	207.01			[M-H]-	-												181780.192	238246.1875	164605.8835	150603.2865	145434.681	225805.6885	196200.839	216604.2885	204049.5895	290954.177	146198.97	175406.8925	210359.399	130233.9685	213132.7365	182780.457	265001.0445	152057.148	120616.651	101926.8585	319500.6675	123963.7665	182384.5745	168367.0915	129613.842	171352.6925	156329.732	223387.557	188518.131	247755.914	197122.5195	247441.9835	106980.14	178267.7155	97991.9365	159300.115	287814.472	219050.6375	133821.974	264939.3105	170553.1775	183368.993	51492.5815	251103.151	257372.981	271381.3255	300387.4705	245771.1835	308841.4635	275700.4405	225717.596
Hmpp0004	C24H38O3			2-(10-Heptadecenyl)-6-hydroxybenzoic acid	373.27			[M-H]-	-												10629.639	6195.0105	N/A	18591.618	16443.7945	42083.5855	41086.3145	18551.7875	15414.4445	97949.651	9589.675	13361.986	15250.145	34137.9395	63880.0155	23955.6395	15708.6495	30589.0005	8617.674	25284.293	27628.716	34624.8605	19689.63	29198.4475	24494.15	27460.656	39581.7745	21175.975	17505.645	36014.0785	14423.6635	21600.6185	19843.358	17809.467	19047.263	N/A	18378.807	10704.966	8477.794	12764.144	N/A	17796.518	5372.375	34900.661	14682.297	23071.7595	30797.5825	30456.3765	19386.2835	20489.6335	22543.2215
Hmpp0004	C13H15N3O2			N-Acetyl-L-tryptophanamide	244.11			[M-H]-	-												N/A	6178.0685	N/A	4586.515	1662.3095	8967.3615	5167.2865	13106.6165	17144.282	1310.902	5654.2055	17232.505	2151.487	9778.36	7094.4315	N/A	14688.7995	N/A	41312.0765	N/A	N/A	52402.5775	N/A	5590.5065	N/A	N/A	N/A	N/A	N/A	N/A	2650.894	1115.413	5955.123	1596.5305	66886.6635	N/A	6469.5005	4549.001	7573.7705	5060.961	8864.3485	6041.649	7857.5635	3687.8125	5047.2075	8824.1945	8262.73	9254.8485	11742.978	10511.487	7549.0045
Hmpp0004	C15H10O5			7,8,4'-Trihydroxyisoflavone	269.05			[M-H]-	-												38849.6505	64949.4095	75391.237	63042.0225	48035.1815	41956.212	53666.58	49719.9115	58948.4145	61560.6355	76378.146	62626.9485	69726.8065	55866.9415	86881.3665	8641.835	64772.5965	62713.798	77039.726	60936.285	53354.959	94698.434	370351.064	N/A	63721.856	59541.66	81212.1115	30469.907	63931.7735	66601.0475	53700.2965	71575.312	66246.117	78102.9605	279723.103	73477.521	N/A	111181.787	84929.7395	48185.16	59719.7865	51591.487	25449.417	83789.092	56505.969	89224.4095	61165.7745	61081.425	56458.923	33067.8345	46728.596
Hmpp0004	C18H30O3S			2-Dodecylbenzenesulfonic acid	325.18			[M-H]-	-												3450580.976	3329434.849	2600643.007	2405067.269	2544092.868	3253380.977	2747673.978	2777601.025	2849809.52	2852947.554	3596051.328	3168686.939	3011852.605	3287762.469	3016941.965	2404283.6	3104268.439	2705569.403	2730901.92	2461758.206	3465859.863	2074321.416	2564756.082	2489976.21	2365936.617	3129558.506	3222682.967	3077207.199	3074559.878	4432140.749	1670648.643	3135545.142	2047462.038	2288524.967	2286830.275	5776657.934	3704688.546	3209931.668	3098507.313	3771708.425	2984996.209	2621502.073	3597418.236	3313914.514	3734606.265	4199612.977	3712584.275	3582142.129	4454967.183	4351851.112	4299454.811
Hmpp0004	C11H12O4			3,4-Dimethoxycinnamic acid	207.07			[M-H]-	-												N/A	5718.3525	4127.5385	N/A	N/A	N/A	N/A	N/A	5053.1565	N/A	5826.1335	N/A	N/A	N/A	7525.9045	4870.149	1719.336	5714.3695	4859.153	10998.864	9709.787	3682.739	3105.1695	7180.603	6902.9175	N/A	25435.6795	1395.86	23512.7735	23682.362	21008.519	15732.386	8722.8715	20935.303	12439.281	N/A	10814.7925	N/A	6025.341	2892.966	5700.022	6466.0315	N/A	4660.027	4975.375	9062.0775	7398.2355	8625.1845	7266.734	7101.148	9978.5725
Hmpp0004	C18H26O5			Zereno	321.17			[M-H]-	-												45182.02	63953.392	66469.4055	47064.819	53776.8045	59190.622	49763.121	47826.3495	38150.16	72660.7055	68538.4385	44077.1455	63272.902	58207.5675	47959.9955	37443.0765	54629.773	77221.5315	51673.8075	68895.1225	78946.665	44428.1385	58918.3415	47677.8305	45242.3545	63575.362	65414.315	74232.638	54675.218	49631.9935	39732.6195	38716.8335	38964.417	39799.7905	31344.753	42019.4905	23004.504	52019.544	48492.345	53241.241	48622.4935	51169.223	49890.926	46478.203	27333.9295	100809.842	69325.907	87552.4385	88561.503	94076.733	85727.256
Hmpp0004	C16H30O2			FFA(16:1)	253.22			[M-H]-	-												9884435.657	146637370	137389487.2	124542672.2	93253712.84	85487333.54	77710864.96	229457168.7	308184611.6	32433716.21	90992450.49	244049764.1	5039060.85	102572649.3	6665258.827	41039242.78	89616369.06	10987727.9	30663342.94	110881014	105370895.7	64766084.07	65091094.86	81616696.68	5139367.699	47234263.18	41255460.78	93276813.4	34872815.64	37075584.89	12946645.44	20415840.81	88807935.89	14160996.94	163872108.2	96092643.03	99385713.62	155477141.5	84531004.83	26810303.21	52567916.39	99237839.73	102345624.3	89207275.83	92826464.81	90330727.51	117131435.1	120844575.3	116980440.6	125760632.1	108831353.1
Hmpp0004	C30H30O7			LY223982	501.19			[M-H]-	-												22724.391	31286.1755	21383.949	45100.3445	22201.802	11682.7495	1645.5885	1445.456	45107.1765	57852.5885	18146.4935	20485.954	15273.8325	2880.5885	21841.38	32020.953	4507.736	10278.4665	9861.915	7829.255	10670.9115	23095.6235	20552.478	10597.9075	16017.078	20242.4055	50596.939	8613.5	53034.22	33238.137	25546.8085	33860.8325	42771.4225	21373.5735	21608.5805	21925.656	36601.5055	56247.925	22281.369	38906.889	23863.1075	36553.177	23385.9035	34255.361	62375.9285	24304.53	22628.796	34120.934	28842.2915	25655.764	20148.381
Hmpp0004	C24H40O4			3-keto Petromyzonol	391.29			[M-H]-	-												5414.9455	1598.375	2090.773	3816.986	44550.6655	173550.152	2471.314	329577.5455	3339.5725	4546.3485	4019.638	1839.7275	11352.415	86720.1015	N/A	24098.7945	73820.9195	16047.648	N/A	N/A	N/A	N/A	N/A	N/A	9470.6755	N/A	N/A	42875.0885	N/A	N/A	N/A	N/A	352058.9005	N/A	N/A	N/A	N/A	N/A	322360.092	N/A	N/A	N/A	N/A	21196.8465	22319.578	34255.1275	39812.451	32453.5435	43204.306	34142.5085	37382.5785
Hmpp0004	C15H24O2			2,6-Di-tert-butyl-4-(hydroxymethyl)phenol	235.17			[M-H]-	-												5620000.527	5507614.788	5626529.924	4804530.463	5586721.614	5595800.9	4059291.791	4317282.706	5408105.991	4614865.694	5850152.143	5198322.237	4294623.811	4464265	3845232.493	5038678.393	4255773.494	5271570.774	4915391.785	5071054.952	5074183.642	5376017.236	4956992.425	5382925.763	5248118.446	5162479.855	4516748.004	4748970.598	4902639.142	5088624.377	6299393.09	5386184.531	5711287.803	6183507.533	5800277.951	4871842.136	5907252.496	5774334.912	5733344.242	5551172.906	5647788.373	5151635.446	5807209.216	5391433.06	5014052.588	4533699.538	4964530.143	4882022.807	5071382.442	5056582.687	5045736.466
Hmpp0004	C15H11N3O3			CAY-10550	280.07			[M-H]-	-												2745.289	5373.398	5056.935	19656.128	3522.4725	9091.201	3419.468	3067.0635	13627.57	39945.5765	5836.66	N/A	14276.436	3866.782	24107.188	4578.031	N/A	6768.697	8506.103	6857.3745	3907.0955	4235.249	4229.8535	5871.5075	9686.283	7017.4865	16742.9085	3515.34	14500.976	16266.066	38637.168	32263.585	17737.341	41018.2155	24181.957	7072.18	16866.6255	22678.607	16564.3985	45873.777	10122.5315	12790.9935	13398.614	30040.749	33233.728	17856.8845	14491.438	13939.069	17061.5525	16230.3345	17517.6945
Hmpp0004	C18H36O4			9,10-dihydroxystearic acid	315.25			[M-H]-	-												40135.473	43065.7305	59320.7045	47439.5595	63513.147	51313.766	43940.242	95059.824	344091.078	75968.987	65692.7625	128637.886	58377.9	43268.8515	22254.851	92000.809	36943.025	25631.9325	38444.6435	34446.803	53241.729	38517.21	45318.1205	57329.285	32201.7405	62074.3185	59106.844	51349.63	55580.983	49095.1435	54803.4355	43104.541	53228.271	36111.243	45220.0455	25011.827	47013.4755	74547.548	73580.614	35428.531	42609.098	74912.76	42473.828	44141.4355	66696.958	62445.5185	62824.1325	64497.1475	67208.537	63883.145	76071.9265
Hmpp0004	C14H28O3			(R)-3-Hydroxy-tetradecanoic acid	243.2			[M-H]-	-												143660.983	596300.5665	645356.9215	633626.6695	357793.932	392857.0895	357473.712	542194.645	451105.4235	240074.663	259708.898	1604668.33	157123.767	367638.8445	147942.0605	224314.959	239387.9405	60289.539	212411.4975	327990.285	445519.347	341470.1095	243865.194	631686.6525	154763.353	298036.3895	209880.0485	337803.23	244173.464	182112.811	359668.439	305869.379	682137.027	233613.325	337106.984	576160.1795	843676.232	696317.368	680500.5	432109.4805	408824.0505	755294.599	623179.817	494971.701	278691.248	632525.529	510190.8985	473948.249	441089.9095	494160.642	419686.5855
Hmpp0004	C16H31NO3			N-Myristoylglycine	284.22			[M-H]-	-												184253.5245	349442.902	249414.9225	411178.258	742470.2655	1033341.318	608178.2395	300594.42	628014.7575	644359.102	413638.0095	803335.159	164022.9975	830435.4445	401213.9005	299800.7295	377505.184	346664.3695	519172.1235	522663.487	672604.507	1597457.171	594200.1665	684081.119	1425140.618	851754.0865	347151.5005	458475.765	275606.179	305999.195	195902.4005	244751.847	326448.84	286405.4605	259630.1415	306087.3065	503666.0385	252940.7295	290648.928	267998.296	243204.1085	309293.8485	487810.996	360385.432	316984.1785	397441.0835	520821.669	472826.457	462877.3065	699201.8695	503998.302
Hmpp0004	C22H36O4			Prostaglandin A1 ethyl ester	363.25			[M-H]-	-												54632.566	20079.349	24200.1585	34438.324	60961.3745	60602.3905	102068.0665	70216.0495	38506.9715	191013.6255	48306.925	76090.8695	94696.7605	53081.7665	44339.7125	44328.151	48890.459	33932.727	24045.0635	22984.477	60280.8595	41341.3025	62770.9245	41703.2765	58482.6025	132135.1515	53433.6805	63809.612	44605.2135	40494.4955	64707.3045	57162.2875	97315.0715	44112.618	12147.69	46892.4745	91138.2135	43379.7395	55026.1885	71164.188	106209.0565	72620.605	27055.6065	96778.654	64709.73	65607.2375	59278.565	53719.75	44994.415	53143.2055	49650.5605
Hmpp0004	C14H18O4			Trolox	249.11			[M-H]-	-												41612.554	30314.4105	35642.8155	45309.876	29791.1545	24355.5825	21707.4695	55585.575	59109.309	32499.163	38426.997	433051.996	48867.623	17751.778	59873.786	32858.128	20563.7385	27424.9335	71562.189	53159.2305	16382.1415	221325.8405	32865.0485	67484.23	208087.0385	45159.37	36867.741	40212.126	35263.274	55793.5835	26782.8225	49211.884	46108.974	44507.8475	126002.8735	36952.2545	27634.8015	50338.6045	34912.687	19072.4275	44550.8235	35886.768	28376.0635	28348.016	50518.487	76772.6735	80783.5405	59055.9065	49598.402	53902.147	59433.8095
Hmpp0004	C10H12O4			Hydroferulic acid	195.07			[M-H]-	-												N/A	N/A	N/A	N/A	N/A	N/A	N/A	N/A	10337.3755	N/A	28378.065	59801.112	N/A	N/A	187594.9135	49537.9435	N/A	29766.031	8825.8045	9431.1615	17451.5595	4015.6445	1565.7205	N/A	12070.2775	N/A	55821.753	4007.3295	44642.587	43686.199	153480.5065	159649.8905	N/A	151402.222	29618.3405	N/A	N/A	N/A	N/A	N/A	N/A	N/A	N/A	N/A	N/A	25281.679	29337.708	23698.382	25788.986	21527.7325	23937.318
Hmpp0004	C8H8O3			4-Methoxysalicylaldehyde	151.04			[M-H]-	-												561502.053	518646.044	552197.2335	598135.0555	497042.8275	507119.763	689579.915	585697.2835	465826.0395	638199.9485	279022.506	568992.854	741459.07	559319.302	533388.19	621132.8255	672225.4	766610.051	697921.8295	665763.5995	757299.4785	675024.1245	715748.708	672334.049	740586.427	764293.301	764304.533	686260.759	739464.0815	842062.5175	371476.2945	431488.477	420904.8755	440434.26	446987.1335	440427.849	453857.1955	461029.5995	411133.435	552391.535	626134.412	487102.021	512830.5525	512616.5065	548962.966	759598.257	530605.412	643796.8875	702640.3105	786904.062	775789.6375
Hmpp0004	C9H10O3			L-3-Phenyllactic acid	165.06			[M-H]-	-												349793.48	418968.881	398084.995	549357.8215	667983.7905	808806.46	308493.579	1809929.883	589239.775	860343.8545	323866.9425	1743303.645	583756.6785	672982.423	758418.2665	426398.6225	298130.7615	402840.4985	5366854.252	428244.677	420416.8865	1214841.571	1589478.555	842755.4645	1027718.118	1515218.267	458107.939	459101.8755	382906.1625	394686.361	316165.2085	432360.0195	327093.7975	397919.815	5631585.204	106933.8145	484672.1355	344108.5125	334005.578	482709.89	546277.707	430770.246	257583.3605	312567.745	307290.42	816812.324	770451.3695	897075.5055	920137.7285	897542.8365	861350.8
Hmpp0004	C24H40O4			Deoxycholic acid	391.29			[M-H]-	-												85329.2875	70760.0205	82421.666	4754035.826	155971.176	911156.126	210236.7815	838073.891	1158384.338	76462.3775	463315.794	95851.2915	4938419.929	632811.702	182078.6695	3195294.26	182035.235	137567.433	186949.866	570544.115	660611.788	456713.7695	28853.0545	255477.732	8368636.838	147360.037	302429.5575	216528.7815	183450.75	242362.1695	266456.454	351705.3475	14893430.75	417849.674	N/A	2483089.978	721683.783	594308.0865	11862477.9	134777.164	481485.032	514638.723	603329.096	1954259.07	813614.455	1137646.557	1196953.426	1535031.652	1526643.18	1435955.648	1480811.832
Hmpp0004	C24H40O4			3-Epideoxycholic acid	391.29			[M-H]-	-												1450532.596	158243.1155	228307.433	524313.068	16312026.96	72053397.5	399996.3045	131547342.4	5669986.684	1542285.479	627324.384	N/A	2763809.563	36796881.64	N/A	N/A	32731385.43	5940821.603	N/A	N/A	N/A	N/A	N/A	N/A	4821326.425	N/A	N/A	23054593.34	N/A	N/A	318026.0075	367963.6895	133489282.6	807795.939	403536.793	47147.516	309776.5335	342570.11	102896136.2	288590.585	510694.2985	393277.378	N/A	6241414.24	7097096.749	16932049.81	15305880.09	14076040.11	15878529.15	15396130.46	14822941.69
Hmpp0004	C8H14N2O3S			Cys-Pro	217.07			[M-H]-	-												234774.241	201398.817	216960.5205	208809.799	224111.5035	211153.022	190316.4685	191388.487	198312.842	216006.7405	216202.861	186193.9765	208337.9935	229694.158	206644.7485	181479.892	187677.735	189682.884	218903.952	186691.1525	189266.929	214684.3335	185508.158	201383.158	202297.4275	226607.375	191119.6515	194703.082	222065.515	210533.5725	204725.9615	229783.851	201928.9325	192563.814	229115.7565	243365.4565	215549.333	259617.3485	217051.5335	209235.466	198833.209	190487.138	231810.7765	206555.71	232194.3055	206868.931	230644.113	197971.3325	215452.393	196711.45	223193.2215
Hmpp0004	C11H23N3O3			Val-Lys	244.17			[M-H]-	-												1832.7355	3480.656	3264.0415	1865.3695	18145.6095	15261.9075	10760.11	27982.842	19687.827	15602.934	13784.662	8821.0795	7651.8255	27539.2725	9194.707	31836.2975	5807.3025	12556.98	55628.7255	2846.055	5009.1575	58377.507	21614.1585	9407.875	28765.522	24349.3925	4053.141	3397.8355	5081.8555	5050.9575	9011.0625	8682.331	4998.2645	6995.2605	9122.949	8803.377	9603.246	6159.768	3166.0735	12560.113	13859.832	10993.6575	5071.3005	7579.555	10870.4435	18426.695	17052.4615	18285.1835	20300.5155	14599.0105	11974.6335
Hmpp0004	C6H12N2O4			Ser-Ala	175.07			[M-H]-	-												350041.272	525438.092	506656.489	212451.926	125610.8645	213060.1985	173676.011	112670.088	240204.8705	421361.195	178762.4055	54989.125	349184.6345	114646.463	104480.2215	317267.8955	164758.1475	169629.1285	104725.86	354305.7835	301332.2305	225520.3045	155461.182	349336.769	267094.216	189858.9755	119376.0255	252890.3915	114547.8205	123107.6515	89997.4835	78325.2675	248053.0805	97798.1755	90079.4175	255821.952	661260.06	420904.113	253633.407	626116.0475	607743.578	579779.6335	118631.5195	530873.746	360863.22	325492.7745	271034.2365	207250.166	223834.708	280163.0915	232597.1425
Hmpp0004	C8H14N2O5			Ala-Glu	217.08			[M-H]-	-												47793.678	27647.6645	31945.451	39689.1055	15440.155	8848.795	33475.411	47500.4425	29490.726	26960.17	20341.596	31114.161	25741.6135	31410.194	40169.217	50147.7195	12487.277	31715.702	104229.7985	16556.833	10529.661	123631.192	23958.001	28561.0705	44155.964	19385.4925	34478.6145	14720.152	46616.1675	52993.647	43013.987	33456.285	25121.965	29820.951	30560.97	46240.952	22972.431	28513.533	31349.889	29578.483	17049.2555	29212.5455	18832.4005	32185.0515	40298.678	35883.235	40211.3585	27026.603	33805.407	30662.6905	28066.6025
Hmpp0004	C4H9NO3S			S-Methyl-L-Cysteine-S-oxide	150.02			[M-H]-	-												16803.342	N/A	N/A	N/A	N/A	N/A	N/A	N/A	N/A	6193.033	7996.075	N/A	N/A	N/A	6096.9205	N/A	N/A	N/A	N/A	N/A	6681.5975	N/A	N/A	N/A	N/A	N/A	18566.504	N/A	N/A	15986.863	26654.527	31673.638	14367.297	37942.16	29502.66	3773.851	3145.6215	7101.735	9003.865	5565.0715	1865.8695	1195.931	9409.304	3540.711	8632.288	6523.2925	5979.8985	9114.674	14953.5755	9514.0705	8680.2405
Hmpp0004	C5H10O6			Ribonic acid	165.04			[M-H]-	-												142059.9665	146597.947	123334.4095	105276.625	165174.027	149199.8185	292458.04	145058.125	93396.051	223563.7475	175446.2825	92333.082	92897.6395	789537.856	1185355.789	790925.2	59259.191	565201.787	779856.5725	214450.04	227828.3155	1717489.31	2014502.412	210135.5395	674559.9775	1415547.492	284859.1985	102935.5345	221721.6985	243260.91	210578.2095	300437.035	110078.5795	217065.9605	1131708.156	122182.283	123329.461	140590.844	183862.392	152613.7575	179296.528	124772.665	360369.3525	192965.714	199938.027	290841.2385	368573.991	253922.605	365849.9725	381536.3675	232984.4585
Hmpp0004	C12H20N4O3			His-Ile	267.15			[M-H]-	-												11886.4985	31812.2895	12113.746	21438.32	22892.789	7488.794	N/A	10905.6305	12084.1935	12865.341	7867.733	52719.013	9755.218	1315.6575	14602.819	11966.0645	2426.866	6983.86	13209.4275	5691.6105	4088.2135	7006.566	2223.344	4292.7355	8575.0635	4722.5795	8788.5955	6372.9025	7987.721	17502.8315	6139.5585	8865.9825	9160.0555	7210.62	20491.8045	16809.2805	6995.5105	6660.278	9311.962	12442.1765	10205.1215	6848.9115	10297.202	18989.1185	5142.3005	12290.7155	11538.565	12095.8945	18767.5545	20785.795	3323.069
Hmpp0004	C9H18N2O4			Val-Thr	217.12			[M-H]-	-												715767.2325	618107.936	646684.5785	657537.302	663772.988	630772.073	614759.375	570142.2145	600163.453	654307.51	654974.806	640860.941	622663.113	677446.8805	669775.8955	614591.294	655368.888	576626.544	606421.245	664442.0555	674763.1105	581178.2555	593882.017	637380.9325	632488.611	653616.2225	619410.42	647151.9475	689171.4725	760940.761	620242.2565	681417.7325	637789.5365	634592.778	765765.2835	720143.0425	660763.702	787825.4905	636872.6495	567509.6105	671595.1495	637450.323	531166.15	681089.8145	625405.4775	649886.2375	651768.738	602838.3725	687779.6105	578498.716	632199.905
Hmpp0004	C9H16N2O5S			Met-Asp	263.07			[M-H]-	-												383562.103	300356.128	269014.933	434304.9915	289608.2205	209512.461	366483.218	195403.907	357945.9965	277760.052	358991.5965	231153.2345	358475.0125	219928.3435	200411.463	256888.963	261876.6965	331513.0025	281154.5205	318365.9715	278870.9635	133331.7365	179822.4635	277730.7585	290286.2055	165374.433	442684.3885	292393.2025	355858.532	379633.8965	372871.8395	377777.624	275675.0805	423373.671	301185.013	328104.324	315595.6915	256547.8435	353715.2765	270640.21	194836.2475	263782.3815	315644.106	324575.6645	309157.944	315964.695	319151.1235	290240.963	270747.387	271854.325	290455.042
Hmpp0004	C2H4O5S			Sulfoacetic acid	138.97			[M-H]-	-												7463.448	13579.3265	15569.522	16433.5225	10222.1315	9014.159	11953.042	24524.602	5649.241	11496.266	8943.149	14106.9105	10409.494	13226.856	67012.7305	44942.6415	7197.496	20368.483	26363.6785	6589.9575	12345.423	228618.1975	282055.7415	11537.242	45519.571	187597.607	11961.203	9820.841	18015.2495	12082.063	11728.1775	8215.26	7001.0805	8162.364	119306.6395	5238.3465	9863.559	8560.4585	11627.641	9532.631	15303.1015	8203.74	12231.3485	13358.6035	9719	19587.7065	14011.3345	13339.3405	20879.8245	17652.286	31868.1515
Hmpp0004	C7H14N2O3			Val-Gly	173.09			[M-H]-	-												49310.5205	44302.915	70976.449	372839.6325	35097.2045	25630.0155	46791.7625	45105.2945	75814.6855	76761.796	62685.6605	42007.1105	35469.528	34482.7545	75320.531	44101.822	12280.689	38182.153	66893.4995	14425.7445	25744.7505	285175.984	96198.851	77796.382	42920.2315	103242.732	186310.2175	51516.683	227364.7515	193072.828	135971.664	160159.891	51024.087	149301.525	173601.3595	71887.2645	33462.609	45226.397	42160.1665	13538.445	27670.3	26331.6185	138270.2255	35141.3455	40251.7415	93019.8325	79540.219	111866.373	89687.895	64600.6265	70999.166
Hmpp0004	C6H8O7			D-Glucaro-1,4-lactone	191.02			[M-H]-	-												326663.131	382731.7835	336208.785	282641.348	268767.2335	260586.6395	274594.8535	334828.5785	306871.8135	429302.3705	277134.9885	574791.253	252909.413	311418.637	680152.4745	540203.8505	251576.4035	332015.3535	405646.3675	228613.0205	280048.313	1759993.353	1213220.508	463152.78	493108.7945	958531.07	457341.935	258684.0525	347903.2225	312607.055	254542.059	249607.2345	228591.1795	190717.9245	678441.638	181732.203	197525.823	373601.515	352811.2875	298263.579	398859.022	362136.2855	362032.2795	275407.505	321869.8345	473237.0955	330519.5015	409038.4565	547084.3785	586400.249	493467.1875
Hmpp0004	C7H10O7			2-methyl citric acid	205.04			[M-H]-	-												14223.4725	27450.4845	34066.966	18703.06	13180.3215	23940.601	9691.414	200275.0085	27873.7845	75678.9895	19720.849	71601.6975	20548.5745	41452.9355	135898.8375	60653.6225	16786.0115	94572.727	162925.327	15684.175	14175.367	435837.054	371207.74	22001.357	112666.1	419121.582	20593.4345	14250.456	15528.79	16238.118	20156.7995	16949.9575	15933.2975	12416.639	310630.76	18907.9025	8944.8675	20822.676	14240.2795	22333.3725	16715.883	14049.9195	18452.5485	17414.5675	11109.9715	59241.1305	56932.2785	46195.628	50374.2805	40047.7495	51110.4565
Hmpp0004	C7H10N2O4			cyclo(gly-glu)	185.06			[M-H]-	-												50663.3005	64682.008	70014.463	563415.761	32130.3775	43332.763	115026.357	58659.1115	45514.0475	106939.516	40963.3105	36045.3375	64926.338	41299.2345	30496.1925	41501.949	98995.1375	84379.715	46576.4195	79255.6845	63718.124	61402.0745	25494.896	46452.5775	39499.9435	23623.179	185532.221	52764.5605	182792.891	228570.0045	35755.419	34197.419	71735.534	39123.179	50771.582	130814.6145	131634.131	62914.632	41994.173	57923.1855	48771.948	94749.496	67668.281	37770.8805	42333.539	64852.0905	42464.1605	74256.7225	72181.0155	59597.758	52160.895
Hmpp0004	C5H8O5			2-hydroxypentanedioic acid	147.03			[M-H]-	-												95605.0255	104537.7115	112764.8515	198758.4255	144909.2855	87797.894	145245.7025	102233.173	173105.103	162299.276	122453.6305	169791.804	95845.205	137124.4135	163679.495	111980.0305	52474.725	154107.924	179096.938	103556.17	105913.454	256478.824	166487.412	179324.3895	154104.426	177699.398	143311.8145	97508.7325	152716.0605	170246.9285	207727.2965	217283.4875	157617.7825	252199.055	415528.0815	198704.1845	119726.6465	171898.8845	127867.9365	110614.8405	107809.8455	124943.755	165530.5615	127678.2205	165212.5555	159829.841	173768.0595	184522.8265	147118.8605	148303.089	167075.843
Hmpp0004	C9H18N2O3			Ile-Ala	201.12			[M-H]-	-												298120.5425	181388.7275	152923.8665	29079.6455	23101.123	97465.208	44235.673	15607.3405	122542.6405	107987.0875	46151.741	N/A	86605.417	24829.077	22436.2835	N/A	34139.269	19809.8435	55761.8925	67967.312	71972.885	29375.0325	33690.2255	72918.4075	63740.7915	39616.626	12816.374	37154.1055	18907.191	14186.3295	37903.948	45692.418	137559.589	29533.617	16783.77	142246.1215	345060.3035	130579.458	117166.4915	199667.4025	134155.704	288944.5765	12653.9785	379186.4165	104913.561	90194.632	75173.3375	97179.945	92603.242	82002.1085	103989.9105
Hmpp0004	C10H14N2O6			cyclo(glu-glu)	257.08			[M-H]-	-												89597.2555	122681.391	114390.3625	127313.874	83071.8475	118909.749	116799.302	66307.5685	133238.0415	52442.675	61617.801	71914.2885	89779.832	104396.97	57164.1215	85764.8425	64753.0495	68782.035	291271.1585	72026.4975	100191.988	351836.2775	50381.671	67689.499	97908.738	45110.17	74166.029	58882.8925	83603.517	69145.479	127328.813	106216.1225	107413.975	124600.3865	125730.923	103528.033	134556.7425	126290.8055	93721.127	130713.083	113570.53	133025.7865	120723.045	84431.5465	87431.261	107168.6115	112013.92	108978.105	107534.6235	96253.0185	90678.2645
Hmpp0004	C13H15N3O3			Trp-Gly	260.1			[M-H]-	-												47942.82	62036.4605	31423.8135	44648.4665	32186.1185	49766.5045	42185.6405	71464.026	62959.6865	46334.75	16552.461	49502.681	26864.8515	60751.5145	35021.4715	24116.4625	34695.589	42635.5675	67218.689	50967.7165	44393.235	53021.933	37296.7815	35174.777	103440.8265	38076.873	31692.5135	26165.957	26982.6095	25993.254	33399.355	25145.903	37574.3905	35484.5715	N/A	34757.1705	54989.86	43507.873	62668.116	60036.0505	44413.296	66732.728	55201.3405	N/A	42567.061	43556.048	60529.6685	43910.324	60113.99	53041.9905	47055.999
Hmpp0004	C5H10O3			2-Hydroxy-3-Methyl Butanoic Acid	117.06			[M-H]-	-												11079909.76	8197655.054	7851207.663	22238194.92	43605696.69	5908575.82	6918860.574	5683204.68	11885585.47	39229796.97	36635405.52	24648457.75	21903703.69	16254831.47	11577117.67	5354725.02	14592511.31	6612870.096	13494207.36	23385672.44	25131918.24	9630856.365	5886746.735	11609027.03	11064625.28	6953903.584	5178241.462	13984161.33	4325480.082	4907433.307	5640712.274	6246816.188	8325283.969	6116456.756	15042332.7	3116145.091	17127855.4	19803963.61	7138473.068	17983358.13	11767326.26	15451528.08	3444994.007	8640793.897	4328128.14	14717596.5	14127020.56	13862789.06	14192600.86	14966353.84	14526098.72
Hmpp0004	C17H23N3O3			Trp-Leu	316.17			[M-H]-	-												23618.9315	14167.776	17442.768	19357.856	3548.496	12245.52	10108.672	5337.584	13544.72	12429.088	6124.608	N/A	8245.216	11334.176	24542.939	8894.368	7200.704	6025.936	14723.968	13488.832	20035.904	13615.952	9286.592	9334.416	15216.768	18670.288	24532.032	10950.576	15603.616	16449.216	36225.864	35782.1245	18138.2185	28521.085	16969.68	21492.016	16550.576	13220.256	18050.144	9338.448	12299.952	13816.208	15377.264	13516.832	19527.536	16593.248	12693.072	14978.768	16259.712	20353.76	18373.264
Hmpp0004	C7H7SO3H			4-toluenesulfonic acid	171.01			[M-H]-	-												20837.014	13796.1575	14720.843	14452.5325	8955.339	13049.3685	16429.654	51140.518	22086.8985	22401.4905	16474.784	12266.9545	16095.352	23932.158	25692.0115	8292.1755	12729.6245	23139.728	135800.4735	13694.6205	23327.44	63246.2735	251133.414	15061.6855	20751.4165	215295.9645	8397.7865	12918.117	14554.1495	12719.1455	12068.581	16954.1915	13837.366	12299.561	20409.1885	17150.068	21635.835	14768.078	11319.594	20744.5065	16013.5345	16639.764	13289.8535	17807.521	17386.3395	37014.545	36407.5175	41119.4035	43888.921	41474.6095	38669.416
Hmpp0004	C10H16O4			(¡À)-Camphoric acid	199.1			[M-H]-	-												188767.379	235985.8285	286506.438	649976.083	154039.9495	41365.404	19147.336	82892.7845	237267.559	648692.6365	128510.281	311741.3325	227813.8085	56992.196	217587.9475	152111.068	44747.3225	118623.656	85979.499	62349.476	94844.302	221593.476	88305.6405	20871.091	237348.5415	77338.1195	204831.0835	42729.169	199098.857	163932.555	165298.4275	149156.886	435733.778	116565.3215	161574.0955	348913.1215	956978.8665	752422.2655	326208.668	357701.378	590123.9085	768564.1945	234529.401	330637.2315	367031.878	212404.194	259910.2845	278971.0495	240546.301	261523.5515	238363.3815
Hmpp0004	C6H13O9P			Inositol 1-phosphate	259.02			[M-H]-	-												189027.8185	265011.579	207321.5285	55008.7635	206111.508	110109.701	68515.057	33252.4655	62173.1805	106528.9845	120112.409	123453.8095	253933.917	80930.044	47791.0815	203158.857	62202.1655	139530.894	25784.0275	93297.505	72957.1645	24092.4755	77906.7325	84259.243	157710.1795	48200.4945	69391.2655	54182.8115	89978.7775	78970.668	45652.599	87271.0455	113907.533	94517.2765	24726.184	121146.983	173846.1675	146103.57	191979.0805	96473.3735	190583.606	236711.148	80414.399	112764.7515	89612.668	115904.878	108885.2865	141273.5265	97817.045	68240.7125	106805.8135
Hmpp0004	C3H7NO5S			L-Cysteic acid	168			[M-H]-	-												6061.29	12799.2225	10464.461	4936.341	10064.0285	8052.8425	7435.816	10911.302	8587.6185	13141.0475	6098.5	11165.3675	8300.7685	8169	22677.6035	11114.649	5094.241	10535.509	9628.5015	7054.066	11204.329	5594.66	16436.62	11275.9785	15339.6125	28343.5365	17226.191	11862.9335	N/A	7182.9935	12051.1245	13118.3965	7191.9115	18685.774	22535.316	8047.1805	6719.187	8352.995	7427.361	12741.0645	11744.4295	6847.331	20875.441	4204.9315	10597.2605	13394.659	9227.9735	13604.3825	7214.782	12089.8255	11369.9985
Hmpp0004	C9H6ClNO2			5-chloroindole-2-carboxylic acid	194			[M-H]-	-												161201.328	113148.116	140186.474	119962.966	144744.6555	132138.3335	161184.0405	191925.9635	146173.662	150579.288	171305.623	178165.6315	166916.4795	138258.2795	173639.2795	131651.1125	183631.887	179557.2555	207331.277	196443.3655	206806.451	208515.2565	213647.846	185017.3735	192885.9885	189660.9725	185084.1755	220174.4875	181727.374	197756.252	119581.4535	88221.558	124025.6475	96867.3755	144452.146	129356.4965	153773.4065	103607.0985	134533.8685	137298.395	148924.168	153707.0965	166217.1955	130184.7625	139911.6225	214764.697	141105.786	138046.2955	179087.6285	184758.148	216931.5285
Hmpp0004	C4H6N2O			Imidazole-4-methanol	97.07			[M-H]-	-												628601.1855	865963.5485	916806.846	808332.8005	712637.489	713122.004	948172.41	1069216.363	602142.9375	1003414.194	521783.6245	587798.998	593081.041	965872.96	1676731.642	1331455.756	686686.4985	663163.451	524610.602	598258.0875	633071.707	2241130.546	932260.8035	999210.2395	1014906.741	896804.0295	599555.953	624069.494	568597.059	512983.1675	1467434.529	1161210.503	942750.2935	1127853.166	1040455.584	1045653.156	733804.6265	572458.2195	1005997.079	856067.9145	680142.983	769561.546	1138527.167	876831.3945	703959.2095	706081.17	554204.272	698171.531	758755.6305	757163.1155	651835.933
Hmpp0004	C6H12N2O4			Ala-Ser	175.07			[M-H]-	-												297184.903	434290.9795	562511.042	166950.992	105681.4865	198686.2735	163521.402	88844.9955	206010.79	386967.4345	147602.2925	45728.8525	272704.4065	114679.626	75779.6735	289195.094	149846.1735	131646.554	99431.7685	281446.534	291262.122	166167.258	118371.278	258914.1075	309122.3355	157259.681	73337.1405	210255.0295	76006.554	110639.3745	64303.87	60446.352	189169.583	71729.8775	56355.5295	223192.22	492996.6105	381712.087	214384.595	571899.9425	513855.608	498898.107	102624.785	402358.0935	272937.949	278849.633	241685.7635	218069.6495	205271.4325	200161.5485	186853.6245
Hmpp0004	C6H12O6			Rhamnonic acid	179.06			[M-H]-	-												156533.7215	128527.348	153675.07	233100.437	309191.102	241941.3055	420221.841	435172.8445	245720.237	352974.259	333652.18	342395.2785	171946.925	653524.94	1694558.925	755137.6735	129349.349	611167.2275	2288825.617	173359.6445	206467.9015	5081727.011	6299809.259	1300750.696	922693.427	6851320.448	399096.2815	412388.8645	350496.006	337603.2495	205743.9235	198825.8545	168676.854	179219.2325	1773501.966	190416.7165	255186.1575	214681.603	197100.2505	200501.398	115259.9395	255210.1385	261089.312	181987.7705	354518.003	879462.879	777611.3415	679312.2625	834129.0875	821789.229	687129.7815
Hmpp0004	C8H17N3O3			Lys-Gly	202.12			[M-H]-	-												33007.44	41821.555	N/A	34654.2205	19498.317	16965.107	23896.1145	34253.986	46963.119	28609.994	45255.562	87479.578	45543.1635	35651.6085	28649.356	46448.2965	30500.0435	41577.9135	87422.1625	29648.1605	19981.837	60862.7025	52182.8025	37937.702	43663.852	34560.4295	74536.1385	18734.3365	75418.017	61668.7815	26342.939	32485.2205	36191.637	37150.278	89635.994	47055.102	45774.8935	48292.195	50860.978	24411.903	35424.6985	44776.945	25983.216	23542.5725	41099.5265	43214.637	54800.1945	37068.2975	61716.421	42795.0575	51735.6775
Hmpp0004	C9H16N2O5			Hyp-Thr	231.1			[M-H]-	-												33282.641	25112.9015	23015.348	65944.201	10924.5015	24005.938	30955.93	78579.7635	51496.568	25511.498	43090.593	73529.6245	26293.6495	43555.824	77533.347	73561.109	17015.6065	30921.2705	301537.449	15604.794	14884.5255	199609.421	73853.4	15561.616	29449.032	49472.438	49632.2615	25246.882	32158.2305	29449.756	46292.379	45885.2985	21399.25	48701.1625	101308.7015	47255.357	14971.6595	21819.901	20784.057	22714.018	38208.925	51472.6895	26038.218	35168.462	15657.628	59594.0745	56334.3315	34716.1485	43223.8005	62152.466	40590.2735
Hmpp0004	C10H21N3O4			Lys-Thr	246.15			[M-H]-	-												10958.873	13142.208	12790.315	22511.0965	N/A	14781.9905	26992.7045	22654.81	6203.9745	20106.872	N/A	6995.5105	11792.841	17345.0935	34235.6815	15943.283	12815.2075	21393.615	36652.24	17943.62	18850.0305	88294.804	37771.8035	17544.879	23485.4005	39839.0255	5863.5	15811.486	N/A	14135.013	N/A	17985.3585	24598.114	12539.8785	76636.717	12566.4565	9345.5255	14263.023	N/A	13822.0295	24496.5995	18573.5555	11391.537	21356.9975	9685.9695	14918.7595	25871.448	22241.17	29372.014	29592.3875	15258.22
Hmpp0004	C15H22N2O3			Phe-Ile	277.16			[M-H]-	-												571622.6455	2999719.727	2667442.07	2611690.075	42672.385	44359.804	224137.5965	54161.668	256287.8715	1413332.761	117907.352	9740.143	789662.5005	114657.437	281112.822	163325.4565	33450.8615	43856.248	336037.7095	431531.567	466512.0775	154973.4135	31493.6025	407486.237	275770.4745	35833.61	709883.3515	158449.9405	621388.6135	644392.51	95749.3785	100791.794	485745.5065	112898.741	118045.325	974564.1605	1126496.847	671120.0645	436952.1735	937464.945	280404.897	999040.9435	690191.1345	588419.85	432287.6955	550507.308	538632.3885	573448.8175	570391.0525	626149.464	571682.9815
Hmpp0004	C15H18N4O3			Phe-His	301.13			[M-H]-	-												3931.776	6457.958	9495.583	5260.916	5627.3375	12320.645	18291.266	10451.187	12385.923	8415.81	3254.855	9125.6885	7228.209	10819.315	47793.974	21671.813	8313.768	5334.8755	36155.4065	2938.2715	3019.2855	38480.1505	64646.11	13314.119	12818.8685	64666.5685	5095.8725	10426.2915	5188.824	6641.233	6518.283	N/A	N/A	N/A	37476.222	N/A	N/A	N/A	6436.1975	N/A	N/A	N/A	8065.06	N/A	8684.131	5214.1785	13152.87	10508.9715	10758.4115	17264.559	10344.311
Hmpp0004	C11H12O3			Dehydrozingerone	191.07			[M-H]-	-												10753.2265	14229.424	8954.544	12294.452	13751.267	14957.825	17831.554	16131.333	16580.87	16405.5135	13165.074	12446.5135	10981.106	13634.7345	14702.5065	13586.894	6013.313	14144.7	14294.6105	18866.9835	11794.6065	21283.2175	16490.295	14753.532	13601.7865	21586.6245	10215.987	12926.632	15097.4765	13777.166	7128.8395	16935.3805	8965.244	10350.2805	8075.593	12432.098	12455.912	14181.5045	14213.5175	10955.5365	15737.115	4840.484	13403.004	13120.0965	16170.407	23222.033	6855.2395	21214.357	17530.566	9411.416	18846.1855
Hmpp0004	C10H14N2O5			2-((2-(2-Hydroxyethoxy)-4-nitrophenyl)amino)ethanol	241.08			[M-H]-	-												N/A	N/A	N/A	N/A	N/A	33679.0545	104376.7745	N/A	N/A	N/A	N/A	48529.9925	N/A	N/A	126284.317	515810.319	4802.6945	389633.958	145869.314	N/A	27094.953	2764751.224	93316.553	51703.1085	69613.468	86042.919	N/A	N/A	N/A	12523.0045	N/A	N/A	N/A	N/A	287475.7895	50607.879	N/A	N/A	N/A	N/A	N/A	N/A	68309.2455	61208.771	63183.6125	167974.241	124144.7385	163979.823	114372.9785	158741.193	128483.5555
Hmpp0004	C12H10O			3-phenylphenol	169.07			[M-H]-	-												N/A	12095.538	8253.097	N/A	9514.0545	19426.9155	7002.5425	77051.887	835.165	56288.969	76095.734	77493.4195	N/A	25457.4975	61832.3555	103245.776	14130.1495	87806.941	59018.8175	N/A	1133.9	32937.8955	130509.073	13603.8685	106194.5575	75119.306	836.993	18124.413	1254.5955	N/A	N/A	N/A	N/A	N/A	29370.806	N/A	N/A	N/A	N/A	N/A	N/A	N/A	N/A	N/A	N/A	26721.992	30937.022	18859.2445	17827.633	28105.8555	19896.564
Hmpp0004	C13H11NO2			N-Phenylanthranilic acid	212.07			[M-H]-	-												133748.7235	95774.9075	103545.4405	83269.684	83912.4705	105647.8395	99593.886	87730.602	105783.6535	73133.4505	85442.289	87403.578	122828.3505	84806.899	80091.13	85389.3285	108468.437	102252.328	85993.368	117051.7405	140966.237	83537.542	62054.0985	78461.597	91375.343	100603.758	104719.517	108430.1975	74147.937	63973.1905	103297.1405	87076.203	100063.6455	123430.9945	98341.39	94036.5085	111953.197	93089.5945	94806.434	109780.314	97484.1365	104312.98	65216.868	96771.641	81127.5675	107882.2625	110462.0075	92482.359	106132.417	108234.984	99539.1935
Hmpp0004	C18H36O3			10-Hydroxystearic Acid	299.26			[M-H]-	-												26335.2835	25693.688	61306.5755	30726.5515	40126.578	31746.9775	35316.1535	60558.0055	301237.444	15899.832	57306.203	281369.927	18589.042	53424.439	19986.5185	N/A	9368.206	24967.3525	39020.909	74635.464	75057.2025	51537.769	51299.538	229484.9515	23813.4255	42642.9015	122593.5675	67535.957	186940.2215	160763.0615	27669.3995	36725.9495	56089.925	58160.004	77697.6495	33516.891	44031.3485	95723.206	47740.0915	16632.1855	27176.229	35551.064	27320.8565	29172.139	34480.4535	107753.295	69708.738	79666.8755	47177.188	90679.3175	78591.9515
Hmpp0004	C3H4N4O2			Ammelide	127.03			[M-H]-	-												17326.458	22859.658	14405.297	9633.3425	9974.968	4986.1915	16579.378	7354.8695	9946.263	11685.006	6741.94	10665.171	11832.174	8345.5435	11937.953	2391.862	10766.3245	4840.788	8328.4555	10172.3885	8241.5305	16790.2675	7593.3655	16670.2415	N/A	7820.8445	6189.258	5635.032	9239.0655	9958.4085	6768.689	15651.674	13454.5675	10791.523	12628.888	19415.979	5348.0325	13172.38	11106.0035	7862.4125	7183.1305	5933.822	4397.4245	8571.147	15087.0965	5305.948	17086.376	10177.835	10004.3765	14675.3415	7450.81
Hmpp0004	C24H40O4			Murideoxycholic acid	451.31			[M+CH3COO]-	-												14175.175	14961.6445	18788.6195	395001.0765	16410.14	243480.9725	32517.886	13641.2085	179749.0195	10459.328	84919.6695	3398.8305	574322.961	114574.4255	15718.4635	313947.622	20114.4885	10058.2555	20073.222	96559.409	94984.194	65898.14	12483.294	43100.717	597893.9065	17221.33	37147.768	19305.036	36598.9535	30349.4975	35236.0805	52810.7375	1671850.269	47383.32	8270.759	378332.286	53230.038	119299.234	1372329.859	15049.7495	151073.025	44485.874	67855.9985	198089.4025	167798.842	349510.305	252516.241	159863.639	129112.065	146060.7635	173232.5875
Hmpp0004	C12H22O3			3-Oxododecanoic acid	254.18			[M-H+CH3CN]-	-												31707.472	51656.378	29563.1515	123052.7185	13999.0845	138061.786	122104.501	59305.843	80308.207	17299.8905	133086.8675	232554.763	13576.0445	192729.2215	10617.6515	108098.023	53634.682	199975.9355	33768.3345	250332.526	125713.256	93140.792	219731.3065	250555.877	16675.642	68707.6105	37050.9905	115507.707	16997.3545	36277.1755	35830.9715	20187.401	69589.5115	23640.331	66005.493	29225.2865	93739.6535	70217.105	61472.3125	46768.276	51514.6815	68307.3825	105278.08	193294.3965	165264.72	145294.6425	97253.472	103839.4055	115945.9405	157034.9805	166510.537
Hmpp0004	C14H20O7			Salidroside	281.1			[M-H2O-H]-	-												4755279.664	11496438.18	10283724.93	7045968.494	4472844.786	4651848.511	5813507.154	2943926.941	8420358.898	6458595.419	4070938.097	2176125.397	3097247.724	5050299.09	1206397.781	831278.375	5485851.299	3665787.2	961815.3575	5762966.325	6251207.684	1952003.445	891071.1655	2590307	3075703.663	1166552.149	2330684.658	4579878.022	1925309.904	2025674.945	2897195.461	2968937.663	7248112.344	2811281.835	1117435.354	6166230.095	10412962.83	9348898.748	4596619.347	8360893.341	7259243.761	9413141.875	4657287.491	6146155.303	3211402.882	5315346.679	5503848.549	5141445.3	5630394.23	5026513.444	5571533.126
Hmpp0004	C22H28O3			Norethindrone acetate	339.2			[M-H]-	-												25143199.85	50966205.99	43844759.54	93961939.2	46650150.01	31320846.47	37196007.1	33248316.9	55410514.06	68701041.73	68475718.61	15678605.83	24909615.29	29799734.58	57301613.37	41807826.08	16292958.67	28011861.7	36631500.6	37083910.32	40169339.86	60063877.44	30033691.49	30965958.81	50029755.65	23915704.42	64488763.39	20520061.58	47218580.98	48376390.16	70451402.79	70262102.01	76257509.68	74496760.81	77789800.71	130362585.2	47384556.1	60325604.3	74919993	126520907.4	53823336.46	59562966.05	123689274.2	114940440.3	101550227.9	45383724.75	63992894.85	60635262.19	54324173.45	56072580.92	53990630.46
Hmpp0004	C8H12O4			1,4-Cyclohexanedicarboxylic acid	171.07			[M-H]-	-												141230.721	146598.2665	153807.789	339683.9115	170812.638	63655.212	N/A	54095.236	280295.558	283071.477	165815.1015	200895.873	107935.0335	43319.9995	163200.87	139209.6285	44737.895	131267.9585	83315.3735	63814.8535	74346.18	166528.0425	100333.066	28594.667	128361.0855	116390.774	429805.6255	40221.6685	387690.3835	340085.747	201609.397	212820.14	104581.265	199584.333	208989.8775	143868.8045	139139.948	208837.559	99307.814	88452.945	83986.466	105757.561	65978.263	89513.405	161994.379	140973.791	155462.168	177769.9645	128204.4885	174127.7245	156810.6025
Hmpp0004	C7H8O5S			o-Methoxyphenyl sulfate	203			[M-H]-	-												92016.585	61051.7845	53940.38	222712.8215	31104.2285	251988.37	471479.1145	45322.6985	83124.0125	70939.7585	103429.3015	216582.4585	18053.957	342602.7505	6684810.368	5664556.609	31467.5855	1126811.998	3565039.975	1415660.337	1511304.64	222394.02	286868.9125	44095.316	186669.3325	289303.1435	79293.691	N/A	72648.4325	111179.167	118566.3075	131808.9945	170656.7605	40167.6645	1707711.059	72491.4605	61368.1745	68173.826	15969.066	2491996.235	826007.8925	54768.479	68370.0985	195865.6785	233696.5185	741924.6875	720935.4135	659700.7035	746495.973	774770.2025	735054.5225
Hmpp0004	C12H16O5			CMPF	239.09			[M-H]-	-												15999294.78	12944970.42	12586303.59	19786151.21	2158383.915	2660096.23	4161453.483	7040045.751	22010617.46	8169464.648	1347011.939	22568681.44	21654639.1	4612412.508	28204066.09	26133613.93	2509671.818	16697777.36	4717855.002	3155882.222	3240247.082	22056713.73	28430731.19	25224635.47	7617911.715	28408845.87	2873642.605	8914175.436	2494707.028	2621929.28	18753189.24	20845211.16	2345991.452	22125769.3	12323578.84	4583458.318	20549896.2	54269481.72	2342971.859	16371205.46	12196389.03	19445460.08	4758936.05	5621549.926	11790871.51	14591512.81	14123862.54	14027953.53	14388579.69	15118566.89	14641506.74
Hmpp0004	C13H16O7			p-Cresol glucuronide	283.08			[M-H]-	-												N/A	7032.7885	6907.6595	38575.4365	2636.9305	6253.0975	122559.6105	30246.3785	N/A	4314.851	4123.9145	7849.4425	2576.068	52650.3295	736223.6815	1568103.448	N/A	259920.0215	608366.683	122078.289	129268.411	51883.039	261676.403	7764.9305	7051.487	301357.954	5219.4765	N/A	N/A	9099.5345	N/A	N/A	N/A	N/A	275767.804	N/A	N/A	N/A	N/A	135352.8345	37759.247	N/A	N/A	15444.491	N/A	119609.4025	119270.7055	117919.418	121298.5855	128370.3725	110819.7025
Hmpp0004	C23H46NO6P			LPE(O-18:2)	462.3			[M-H]-	-												222759.4575	159680.594	188847.9595	405874.1625	266876.293	176842.1245	120760.6765	463404.308	340171.8005	233458.4635	249912.229	194960.0265	126212.38	133339.7435	277680.4705	170788.8305	104766.0855	147675.0725	237814.917	217205.8715	176584.5615	461841.3845	162154.477	195584.474	183018.559	238246.747	540189.5745	146746.171	273769.3235	381371.5485	249411.4785	303692.967	50468.7445	361178.773	313828.893	220345.187	237472.1205	295458.014	168157.0375	238964.8485	355817.2805	246624.444	258098.3465	265460.6605	70891.1255	363676.423	267637.95	316691.146	252551.174	442313.146	327014.132
Hmpp0004	C21H18O10			Chrysin-7-O-glucuronide	429.08			[M-H]-	-												N/A	N/A	N/A	N/A	N/A	13688.048	N/A	N/A	19229.1705	18908.739	N/A	191676.4965	N/A	7295.1375	16750.6855	7443.4405	2253.219	N/A	107178.7515	N/A	4274.8455	232086.205	22103.159	N/A	8516.781	28151.472	56320.464	3292.6575	54149.4815	54977.4365	N/A	N/A	N/A	16827.5045	170676.751	N/A	N/A	N/A	N/A	N/A	N/A	N/A	N/A	N/A	N/A	26801.775	21226.4125	26991.6135	25592.632	23333.04	27199.0335
Hmpp0004	C30H39NO3			AMC Arachidonoyl Amide	460.29			[M-H]-	-												68543.2615	52709.871	52192.237	142256.0305	85699.0795	43320.6905	55613.4745	57702.372	148863.7055	54521.116	75521.1695	48981.283	45666.6845	40999.015	88757.695	61904.4495	24687.8005	36859.1685	63668.4835	68699.653	40771.458	106974.4215	37374.416	59631.0465	61759.118	78991.041	171578.367	38141.747	95606.373	135868.1015	175006.2265	228283.341	46729.483	203227.3395	104540.9685	110118.74	48676.7605	76316.3615	61957.8945	75181.9095	94848.418	42840.927	61257.2695	101985.742	97602.218	104507.331	105727.109	89227.09	79567.335	120025.9875	90985.941
Hmpp0004	C12H16O5			Isopropyl 3-(3,4-dihydroxyphenyl)-2-hydroxypropanoate	239.09			[M-H]-	-												589356.4465	1048962.936	934800.175	591831.512	1094421.639	1132574.674	682632.6075	987896.097	446783.6375	802829.4835	1523399.692	3553834.198	983027.098	764499.3975	565068.083	482096.9845	630793.4605	752056.9875	1233297.967	1147252.66	720429.8345	1108866.643	727707.881	899368.817	954006.342	681829.4095	603976.907	764305.405	880172.5005	1222124.204	1122620.353	1287558.91	997383.615	1048795.425	1450689.205	304731.1595	1259207.465	706801.0395	1321028.217	839893.7145	690106.9245	842935.4145	976980.39	952677.7665	792118.6555	809412.7155	856188.387	1911665.965	747103.636	748854.1085	968093.9495
Hmpp0004	C18H20O2			Diethylstilbestrol	267.14			[M-H]-	-												N/A	22681.7795	22600.192	31901.491	31791.639	54750.314	17525.7265	62857.8565	N/A	14730.947	27683.8605	64101.926	17871.4615	52399.076	116583.561	36868.1585	N/A	35798.4355	165007.512	14593.4415	12747.038	132725.9345	103020.396	89675.0775	31569.655	104207.1975	23692.382	26169.6595	N/A	12407.1245	35062.9535	53288.684	6826.85	43508.5645	237501.2445	19779.0445	25889.8765	47361.36	18699.809	20850.1585	29518.4	N/A	25318.942	N/A	26562.6335	47488.682	42649.356	51126.761	51861.6515	35801.644	42327.659
Hmpp0004	C26H36O3			Estradiol cypionate	395.26			[M-H]-	-												179025.9805	183435.118	165610.212	141026.9875	150586.553	148591.8425	139276.0335	99851.7405	182134.709	142500.5725	202818.0825	156624.0445	142014.6405	151660.5405	91511.051	120368.14	140156.6135	126764.022	127748.2245	165824.3385	190189.7085	101369.956	152964.1255	123441.74	130989.818	158171.2535	126266.4535	159280.397	128413.384	104006.581	123009.465	122509.686	151878.918	138759.3025	131091.3625	184888.1155	128151.5875	140980.9985	201798.168	157925.376	157725.296	139076.495	155381.799	141780.254	150478.463	261195.8555	253314.6705	244571.7965	225081.7195	251262.9995	254071.728
Hmpp0004	C11H14O6			Elenaic acid	241.07			[M-H]-	-												37293.587	18334.4785	23030.697	13664.4885	15187.9195	26998.6	14543.3725	23916.323	26223.956	18865.2455	25789.1445	10891.5785	33887.6	42084.3575	17794.0065	78296.8095	14718.9385	25318.873	43695.845	37157.093	49260.731	49157.8025	26572.241	22615.3045	26397.8295	33486.4165	24383.736	33470.4625	31362.7875	53530.5795	11517.311	N/A	14877.3955	14081.6295	16552.2635	13737.7315	9421.9635	7960.6095	16372.6225	N/A	6447.0475	24020.027	41551.0715	18044.778	16864.0615	389995.045	176586.007	213398.2825	235744.883	286026.5105	354461.7715
Hmpp0004	C26H43NO8S			Glycochenodeoxycholic acid 7-sulfate	528.26			[M-H]-	-												203506.0025	N/A	16286.821	43867.8255	36953069.79	49923533.8	697799.0815	17152536.94	580570.1395	40155809.88	81860.076	N/A	110914.9165	22113667.46	1703518.884	1138062.386	8683844.621	636342.267	412240.0675	61432.7745	98282.7905	22376.486	N/A	17304.6785	191086.4025	10311.017	907366.8935	6409425.662	1117068.534	1011978.468	47556.769	54850.2465	1292620.016	48154.5375	38098.6695	N/A	122733.8155	58725.369	1030309.98	16163.3115	304116.3865	103611.84	5153.5365	358905.3875	13002420.4	3304114.777	4120909.955	4242738.008	3857996.418	3626535.729	4186196.763
Hmpp0004	C10H19NO3			N-Acetylaminooctanoic acid	200.13			[M-H]-	-												199720.3935	45887.3265	49426.912	45569.056	63230.551	2160905.854	34043.954	13922291.8	115669.624	139644.3625	38788.869	326692.7125	128634.052	715253.844	7012287.435	85903.644	1387327.236	21310.9865	226830.049	23887.654	25252.208	332022.513	319209.648	345792.785	147000.954	355256.599	496997.986	1105991.574	412230.9495	430286.1265	201760.395	242467.3525	101872.8145	241204.1775	2068039.881	93181.703	46434.144	90721.123	94014.925	21041.4175	98929.5775	39479.1045	71222.667	87221.254	87600.501	803749.4205	771065.222	760970.51	692144.9325	855841.038	861271.052
Hmpp0004	C23H39O7P			Arachidonoyl LPA	457.24			[M-H]-	-												120245.5745	132458.495	120770.6045	127531.8895	198541.8665	112116.6225	130905.1425	164282.2425	148180.707	97088.2275	75491.5135	283578.2425	53528.515	50245.6925	94741.5455	88043.763	92380.3765	84623.7285	128875.828	70054.2955	138780.011	227483.345	68089.7945	180556.9385	105106.997	72829.1445	162821.9405	128130.3655	108327.671	64454.9795	22018.454	27048.8225	39378.1335	26878.1145	48389.7565	91676.484	205349.2295	38376.1955	111392.721	129801.542	130690.589	166575.045	61795.9245	105739.203	62394.8355	113939.497	125580.1975	167694.909	159184.365	136414.258	187644.1915
Hmpp0004	C22H36O4			11-deoxy-16,16-dimethyl-PGE2	363.25			[M-H]-	-												N/A	N/A	N/A	N/A	N/A	N/A	47902.3565	N/A	N/A	N/A	N/A	N/A	N/A	40759.5105	N/A	107840.5455	4073.528	59762.4705	14035.5965	13756.572	3419.3605	172529.74	37746.7585	N/A	N/A	27371.4835	6095.49	N/A	N/A	N/A	3602.8275	5155.4975	1471.151	10776.039	N/A	65524.7815	12308.725	N/A	4865.5075	7295.9415	2731.6725	3797.153	25095.091	23647.656	23585.8365	14784.1425	18410.798	13988.3405	27489.6905	25691.272	12466.495
Hmpp0004	C8H10N4O4			5-Acetylamino-6-formylamino-3-methyluracil	225.06			[M-H]-	-												829334.401	885360.89	918490.187	582463.856	672398.49	530654.289	696232.9915	351816.621	562466.5045	728923.55	426742.7175	107268.836	530100.3785	556203.0605	628091.3645	393693.185	465241.879	715464.016	261493.6155	579126.627	521197.8175	276905.1835	583477.556	486853.9615	614334.211	566288.144	712053.187	488951.8135	646512.807	774925.1815	679626.302	699003.3175	781268.321	760957.494	433306.5075	727976.524	718306.762	856267.3185	787698.9125	881288.3615	640243.974	698159.778	812221.01	868000.3455	920208.514	647055.856	639627.2325	626826.7725	634774.33	556572.9885	596885.538
Hmpp0004	C5H4N4O4			5-Hydroxyisourate	183.02			[M-H]-	-												4896417.998	5185016.325	4705902.78	2217268.1	5488401.012	4382344.028	3098131.201	4480833.58	3335505.993	4444193.421	1594095.233	5145511.423	3895253.861	2886584.233	4294351.703	3343066.797	2307681.013	2288205.988	2730010.119	2225097.383	2581037.813	3171671.543	4630300.514	4203531.474	3355692.135	4905344.215	3194571.44	3256714.894	2883356.942	3195484.305	4348924.011	4348424.42	3824425.38	4084791.208	5505694.307	2487842.139	4166824.295	5500966.297	3256087.659	4725764.621	5864648.711	4556480.809	5990889.604	5006319.538	4699374.625	4690651.074	4581457.686	4822321.366	4326595.699	4122581.975	4805522.261
Hmpp0004	C18H26O7			Propofol Glucuronide	353.16			[M-H]-	-												7229.2565	3860972.351	3438329.657	6210.111	21494.8555	49289.4065	1845296.178	8644.9555	8430.3805	6635.915	17217.7955	11163.619	17394.7605	15264354.91	57270.637	539103677.2	499495.604	5015938.034	425182071.8	357352.2865	135346.496	323805612.8	473547.477	247445.521	55033041.62	416734.564	9929.0045	N/A	14729.807	25306.4425	31121.413	3551.217	906919.98	9349.4475	10725.581	5356.9535	7429.8605	2632.8985	797023.014	17120.492	18064.355	12656.5945	5345.4395	13087.6545	N/A	99249558.8	88553157.08	86400247.56	87940607.73	86331077.92	94412063.19
Hmpp0004	C19H28O5S			Dehydroepiandrosterone sulfate	367.16			[M-H]-	-												17867903.44	12802039.43	16433772.39	34643546.44	29528180.94	42247961.34	215435086.9	71776178.6	14367571.56	3976130.49	16970999.17	45476629.63	20561832.54	100085772.6	42064100.95	31948020.34	30319196.17	27555196.92	27663370.67	22224477.67	28150433.87	57424398.32	18951569.46	6131200.26	49612613.12	22083895.44	9226840.583	20701312.43	8152310.564	8525629.109	4661354.476	4579675.414	10688153.16	4260672.871	31058767.2	19915054.61	53895498.63	38964951.82	8524457.465	22731970.69	83429989.26	42351911.37	31600865.18	19539699.51	13209955.6	38095252.22	17747000.92	32647687.8	31702892.77	33460009.53	38525206.4
Hmpp0004	C24H38O5			3-Oxocholic acid	405.26			[M-H]-	-												N/A	N/A	N/A	4111360.678	N/A	N/A	N/A	N/A	N/A	N/A	N/A	N/A	18226848.02	N/A	N/A	N/A	N/A	N/A	N/A	N/A	N/A	591991.995	N/A	520778.5035	N/A	N/A	N/A	N/A	N/A	N/A	8446471.687	9229243.77	580524.726	8552640.349	14125518.28	N/A	891972.594	321068.575	605090.5925	843703.711	1310285.539	708825.377	N/A	295576.046	203233.1605	1930840.181	1503703.471	1249659.537	1633824.667	1548201.621	1819975.425
Hmpp0004	C15H30O2			FFA(15:0)	241.22			[M-H]-	-												4386879.194	11585100.92	10956345.09	10795449.47	5958747.911	7878127.245	8363715.83	15488335.52	14873708.34	3812392.146	4477287.572	12650127.99	2619150.775	10337444.02	2077196.226	6123462.101	4451736.994	2612705.676	3286697.907	6197139.634	6251379.55	3729298.686	2816088.274	7884997.142	1577778.213	2928633.741	1531445.277	5495628.416	1631343.927	1484539.898	3021167.068	4539018.857	4832830.37	3020762.22	6479848.765	7038168.455	11648271.75	8459037.725	4685910.968	5692947.707	4807182.708	12473354.51	6130294.915	7036050.302	6248083.594	7911336.229	7058353.779	10054883.84	7892022.28	7748948.657	7536648.034
Hmpp0004	C14H26O2			FFA(14:1)	225.19			[M-H]-	-												3854315.244	18364686.75	22632687.72	11455755.38	12141011.56	20029272.41	27212849.59	43593055.38	89949376.67	6582680.637	10603150.82	76514464.96	3761169.785	16879701.62	2657405.92	6592310.287	14942463.79	9820058.863	10313162.22	16266769.54	17071415.34	20548733.97	15283448.18	13568211.99	10203122.29	17691866.54	7890781.173	12607031.79	8628547.792	9219348.091	6095492.126	5300634.967	13679641.62	5428897.539	30339168.77	12985953.64	25511569.35	35441850.48	12944254.34	7138184.614	13972959.55	28763082.6	12981104.4	11190681.08	13702136.04	21368034.14	20227022.67	18612409.38	21365506.86	22403255.51	18105518.48
Hmpp0004	C22H34O2			FFA(22:5)	329.25			[M-H]-	-												431278.1065	2345448.58	2401758.106	3534085.006	2054294.812	1129041.739	732574.613	2583273.195	3118404.72	1184415.678	1266883.019	6037494.269	393047.249	1087639.867	565443.9865	878760.212	1175948.331	261152.971	1222365.465	1256801.012	1290524.957	2380247.54	869688.5105	4071516.115	262276.0695	1029790.242	1079610.813	2224312.335	792551.454	815788.298	909006.7075	695995.2465	1249592.414	644838.2095	3153614.139	2221195.932	2030719.26	2029822.3	968713.1385	1454914.218	1017657.945	1938360.297	1318170.875	1930492.883	1161192.802	2145694.213	1996414.615	1836332.396	1212935.494	1877839.721	1281840.912
Hmpp0004	C22H46NO7P			LPE(17:0/0:0)	466.29			[M-H]-	-												353481.3675	116483.905	181391.486	338045.661	280346.2715	483129.9195	156538.581	782588.9115	154699.9665	439542.5495	117898.852	291634.015	110243.665	112513.025	297800.3865	192642.358	54895.4345	696969.54	100271.914	122722.525	127723.115	265807.943	119202.303	66140.0285	262025.7935	199380.512	412962.2265	52614.612	292470.23	315805.5175	156482.274	N/A	140713.057	261293.328	188322.7605	154589.0705	315895.65	262576.7855	201454.4225	395548.6445	345206.5335	446353.8995	422039.388	303179.9715	191306.429	400792.5505	380794.6195	225871.724	274929.907	381576.738	327405.0435
Hmpp0004	C22H44NO7P			LPE(17:1/0:0)	464.28			[M-H]-	-												530202.157	185724.862	164341.1335	329810.5935	369866.0305	434010.2655	204510.1175	388050.509	332705.195	294281.8465	398994.065	261757.452	77573.8255	186886.0305	177432.915	151895.8905	61626.4755	1484437.564	75637.6125	157481.03	213162.9195	114293.003	134242.0255	67701.9075	170788.3395	81144.2115	503280.617	50641.694	567337.375	502721.97	307922.2305	217618.708	274829.082	426259.9885	416321.4535	377340.006	340078.198	169831.485	311969.1805	136031.4175	181837.4995	389786.752	385968.238	391875.0345	148895.3375	221731.052	391949.9915	416423.3995	368785.6185	333669.6115	410775.284
Hmpp0004	C22H45O9P			LPG(16:0)	483.27			[M-H]-	-												56682.4905	24209.2755	69876.696	47269.9485	44573.9965	27779.79	17919.8655	64895.0225	52483.434	28639.159	41672.8215	26661.4255	25436.834	15425.9015	35595.762	17544.59	8237.0595	47274.108	19031.0575	18867.6465	21314.2015	27980.891	25390.239	13205.617	47181.366	49557.593	50458.778	11645.8105	49691.523	46197.788	34141.5445	63534.748	84652.627	98403.0485	68731.371	76319.703	77159.8185	48725.886	55207.8425	44781.7485	43612.941	70962.4285	82594.776	50649.4895	18617.109	67527.9855	54686.622	34566.1	55386.0985	42916.251	60438.4515
Hmpp0004	C22H43O9P			LPG(16:1)	481.26			[M-H]-	-												21294.532	19514.7575	14765.108	36159.89	10989.0705	10524.312	17408.4555	5963.6005	20304.0985	13185.8195	19016.674	N/A	22752.978	5512.248	14089.635	23414.629	10121.569	56008.123	6084.809	9330.3145	9756.6375	10384.032	11382.4075	3960.2035	14613.661	18608.683	30928.8215	N/A	26020.3805	21890.894	47958.881	20287.046	35650.6965	39403.2785	35924.0525	62616.1335	26399.8095	8478.2915	27885.411	8723.517	3375.9765	14079.0955	41568.617	25969.9505	19522.564	27072.8855	28804.5025	19346.318	26031.7915	25735.502	32734.461
Hmpp0004	C24H45O9P			LPG(0:0/18:2)	507.27			[M-H]-	-												1240779.837	888032.464	1028905.73	1012444.237	1260847.209	1205774.096	985029.298	963885.9365	1803008.798	876688.313	1209031.133	1084054.028	2308885.87	799618.9655	1161759.145	1650876.426	891638.6485	719295.3955	703683.7865	958125.904	1128095.352	1151129.266	709910.5695	1457243.616	945873.764	1644154.29	1733934.1	3498025.797	845107.6875	3441559.344	995630.563	842984.791	886205.886	1018178.637	712543.487	1118745.611	976621.537	775431.6405	786585.961	1517340.352	1564252.039	734918.894	1351315.462	1014177.88	1842538.605	1723391.368	1863177.12	974214.3435	1868831.289	1104553.312	3402406.025
Hmpp0004	C24H48NO9P			LPS(18:0)	524.3			[M-H]-	-												705965.378	501854.2285	658392.4725	740773.6595	425546.893	299625.483	149350.323	736077.6985	818053.6765	219038.9685	517777.369	691493.787	255585.725	187804.559	174225.5555	400801.3	279791.144	739924.288	402592.677	294827.4615	225032.2675	395061.2495	191724.17	203178.2145	295968.679	240925.424	675058.519	260134.189	587363.6535	489521.906	786286.6245	585107.1855	532962.57	588155.6025	981107.095	739740.29	713244.6105	548335.7535	532187.4795	576918.69	380321.0725	709782.267	302214.331	898021.7925	254908.3895	480097.272	580449.376	499187.5975	535751.787	605497.396	606536.3685
Hmpp0004	C26H52NO9P			LPS(20:0)	552.33			[M-H]-	-												61086.134	126467.7375	74097.3535	35105.9885	29547.466	11851.396	7607.9655	93762.6865	90038.7475	24891.184	32570.686	15383.347	30262.3845	34698.7665	18099.4055	33449.104	33008.2595	72232.542	24643.261	24683.478	25108.4955	27771.1415	27101.146	18115.1665	27061.7815	58803.121	39134.9035	39796.1825	33543.723	43803.5485	98057.371	142900.592	49617.4775	78589.853	56218.182	60225.6625	97655.888	83016.8665	58703.5865	115925.0805	33421.054	68557.878	36209.556	66089.375	46935.998	54149.1195	52499.6195	43265.082	65628.4775	63955.9245	61559.848
Hmpp0004	C21H41O7P			LPA(0:0/18:1)	435.25			[M-H]-	-												195214.422	56924.795	84061.9665	97048.8225	32576.514	111637.563	N/A	242369.747	123981.592	125863.9415	126141.7365	99006.061	N/A	N/A	70485.842	N/A	N/A	148849.6475	N/A	N/A	N/A	132048.154	N/A	N/A	N/A	N/A	146064.654	N/A	N/A	187243.773	81711.9205	133813.7315	132700.812	183455.316	126121.192	213835.624	58729.907	173644.892	242415.0015	113615.2265	55833.921	109682.929	204920.396	259540.793	72029.949	187771.152	80500.4025	216383.6045	153691.073	70386.4805	97451.7755
Hmpp0004	C21H39O7P			LPA(0:0/18:2)	433.24			[M-H]-	-												2263692.586	1453486.897	1681616.208	1199529.261	707130.3315	557353.0145	731774.2645	1650773.503	1544290.077	432443.7985	1417697.632	331179.5005	676047.23	563836.3115	588461.4195	374261.593	332185.9595	1066116.465	734684.1805	1009440.854	789547.4675	683799.7175	864275.7405	372539.458	1021338.317	1136604.31	863428.5045	429343.65	1136724.769	1026032.374	2081747.62	2533153.333	1831933.36	2668718.141	981746.5665	2278124.708	1571434.323	1129719.58	1581528.427	1210001.067	540427.0175	1279864.078	769255.879	1355204.876	670758.9725	958250.9055	1164497.643	1270550.012	1325610.171	1395312.205	940696.4725
Hmpp0004	C23H39O7P			LPA(20:4)	457.24			[M-H]-	-												389755.275	246064.5745	214039.7915	329346.325	128040.6835	109569.1615	149059.9355	375384.704	347465.3095	69855.075	145107.3775	136131.233	127741.3045	66927.249	315169.657	134115.535	200085.244	123491.9255	235428.265	196988.3955	108029.4155	328916.8005	215216.6705	159835.583	228825.447	204383.961	256204.6985	150668.3885	267156.778	141089.057	386395.1495	426614.593	281887.722	754275.0035	284593.2345	428565.1065	472430.0245	507594.2815	253008.469	551077.817	210609.583	346758.649	275528.1965	429150.7795	51048.227	205083.734	375408.612	229078.191	367494.6635	224530.294	318733.698
Hmpp0004	C25H39O7P			LPA(22:6)	481.24			[M-H]-	-												59911.5775	49993.9145	79270.726	83647.8345	35509.0445	36592.145	34181.631	60748.2265	50986.051	27834.584	20378.2625	31238.3405	27241.645	32409.9005	17294.3425	19790.014	16146.595	66379.165	27456.8245	38201.648	33834.368	41269.2925	26793.444	21030.4675	50662.549	40707.022	55955.955	25840.868	45760.1005	100692.71	81012.2895	87994.3685	69700.1055	111281.565	91193.0225	106215.272	98321.4565	80942.7015	79634.7665	92683.2435	60714.0875	69262.4	98369.2005	57633.554	34918.153	51699.5625	77297.9705	58544.1705	76980.693	40002.1725	37793.2565
Hmpp0004	C19H37O7P			LPA(16:1)	407.22			[M-H]-	-												308971.236	157558.6235	169260.231	253939.0945	134300.5025	160167.754	162547.336	163699.4565	208172.812	100473.4725	234759.02	82945.1045	64112.7765	143601.178	106103.185	74297.4275	29161.8365	772222.272	89415.565	99737.7795	82527.22	156153.382	139050.3095	86715.2405	102394.5755	186369.77	295940.8945	70090.6915	280072.461	366399.788	258424.5705	247825.3025	234621.946	293791.908	301787.2995	291663.684	260968.165	160530.133	129442.3305	45205.1245	86157.0535	78717.402	307829.4515	184326.968	153906.991	166460.713	187400.0415	152337.52	223594.7975	225655.019	165148.3125
Hmpp0004	C23H37O7P			LPA(20:5)	455.22			[M-H]-	-												91372.4585	52882.7405	76997.1075	147462.31	54402.8205	46504.6645	10445.809	52938.42	103978.6005	46357.4505	54894.7465	18802.5805	52348.2875	N/A	17137.374	41689.064	6033.6855	38910.472	43378.977	68084.743	38200.9115	31966.1735	31352.861	186992.639	N/A	35223.745	42820.436	49592.987	40508.649	48630.884	65742.013	98013.1495	58751.316	59009.8995	47916.7625	N/A	108887.16	57169.9595	12177.2495	25873.243	18431.5605	32013.7805	18418.576	37152.723	12654.215	35468.608	47969.5645	48587.935	51381.0175	41508.717	27959.475
Hmpp0004	C17H30O2			FFA(17:2)	265.22			[M-H]-	-												295402.0475	906576.17	874742.592	1169882.684	576378.6585	401934.4405	411174.98	876231.5535	1918304.61	438609.0305	587091.778	1823694.045	N/A	472423.398	342182.786	762881.544	398546.557	84768.883	202376.559	560273.266	798595.6715	721167.032	491151.998	928558.1125	N/A	543011.6595	619906.563	816578.699	394505.2235	585303.274	365004.752	341576.372	661744.6355	392898.8165	867581.994	481080.5585	880443.6995	1441326.795	602717.77	585853.5035	N/A	1455238.785	592170.751	889406.528	743988.907	749477.6975	564809.5	734904.2425	523318.3415	914726.641	567478.7795
Hmpp0004	C19H34O2			FFA(19:2)	293.25			[M-H]-	-												N/A	N/A	N/A	794928.456	555215.1145	N/A	N/A	740580.013	1273510.007	N/A	N/A	N/A	N/A	N/A	N/A	336358.442	418690.7265	N/A	202285.4185	472745.9185	N/A	313958.0535	350188.747	433432.309	681647.272	461001.9925	3228766.726	351707.4895	4526396.255	3672019.302	1199954.832	918989.4255	758183.258	537293.082	607268.955	16751622.43	733398.2705	964238.25	1120377.67	385985.6945	620217.714	N/A	820406.353	567611.416	897333.4025	1382804.921	2500628.417	875137.8225	1366462.488	1270154.16	1449243.57
Hmpp0004	C16H26O2			FFA(16:3)	249.19			[M-H]-	-												5507946.561	2710570.215	13165260.48	4514663.816	3480093.081	3909969.777	1654928.692	3329104.417	5818185.81	1859817.327	1797690.611	8134424.086	5325352.101	1983836.999	423700.1635	1483682.94	2811068.51	3908866.327	1097023.26	1610263.435	2892283.355	5140798.037	2721554.732	8517538.558	N/A	2954403.03	1765908.759	2000518.729	1609068.503	2108534.994	7967944.77	9648853.046	7897411.389	9208399.003	1985546.822	2148043.973	3615452.334	2577399.029	7616488.381	2837189.296	1966514.849	2779986.877	1584012.999	2863032.789	2525487.181	2886139.892	4208528.947	2373439.088	2662043.407	2565253.938	5768036.7
Hmpp0004	C16H24O2			FFA(16:4)	247.17			[M-H]-	-												15243449.74	76756998.64	66803871.87	11407570.02	12659675.05	13734001.96	9014275.477	11673576.12	10247399.67	8330084.845	5297670.142	10241870.54	28980308.97	12077557.76	6831647.082	7780643.785	6730615.736	4090631.23	4112058.49	4415936.415	4397838.138	10459515.94	9831529.519	10226723.45	4839218.735	9793707.872	8952183.628	6694353.987	8200099.396	9354329.489	35774959.68	32327542.42	24997346.72	32119443.5	1705746.459	6860711.561	9157331.112	4732936.406	18929378.28	3594977.912	3556481.243	10597087.51	1523250.532	6836410.119	8559811.636	14323844.37	14408511.28	17007156.37	13358924.57	16502779.06	16152520.98
Hmpp0004	C4H9NO2S			DL-Homocysteine	136.04			[M+H]+	-												805941.6955	978745.229	1135638.032	910992.6545	1311959.448	516106.477	757066.954	589065.186	1496116.405	1055894.517	749766.676	1911485.08	460240.9445	703201.511	1268261.629	681346.857	543252.127	1276693.904	564589.949	683513.1485	863204.5935	543012.3995	633741.3015	829110.078	841992.284	868181.3345	1970959.275	933274.8395	1930228.491	1334124.663	848787.685	675733.738	1052143.104	735720.422	423018.4335	646068.6985	1220563.51	873546.852	1048546.039	1403741.397	715094.3925	871465.5505	549754.162	1434975.927	1046400.938	1000455.233	1193555.038	1201865.605	947064.338	1121296.292	981554.8605
Hmpp0004	C6H12N2O4S2			L-Cystine	241.03			[M+H]+	-												694494.703	1110300.01	750571.1445	491554.641	1678677.102	920034.524	531451.0225	1426995.337	1087667.99	981678.205	730089.0405	768552.626	882316.626	683033.3745	329894.5455	772828.804	1108700.848	1090228.315	281791.075	715592.044	722181.5235	2639680.81	350421.7255	648202.9385	438544.0815	444394.614	507138.5325	731963.2845	619972.4395	743734.5535	679461.637	1108010.073	872222.284	1288119.938	1177612.86	977238.3315	962093.0675	868861.3185	968943.7025	767894.584	939223.3855	838583.6155	936598.6485	631987.9055	984549.8705	868572.3045	819040.7805	726471.6435	1163375.994	905544.374	896320.259
Hmpp0004	C6H14N2O2			Lysine	147.11			[M+H]+	-												27881996.47	32027482.11	30461847.15	29093042.22	28431534.19	12466023.58	18733855.17	22130397.59	41221493.13	26840455.77	29115952.9	26869541.58	31909995.35	16317345.71	23243822.18	11636094.83	15960544.83	22398956.34	12752455.1	18763613.29	18950576.24	20156050.19	17772403.26	21758466.73	19258387.72	19628415.27	20689278.86	17499528.4	19298457.17	23587184.38	31093376.82	33013688.16	34117955.24	30500705.59	24969352.57	26548842.81	30733493.06	32138060.06	32060231.88	54805161.67	28416843.59	29679647.81	24788020.15	32256262.13	24638484.64	28618754.84	27627865.94	25959047.49	27784755.08	26465845.82	28926783.05
Hmpp0004	C5H12N2O2			L-Ornithine	133.1			[M+H]+	-												863700.7185	730946.388	709849.585	972271.3675	1790484.78	587163.2765	669690.202	1279229.113	1383215.179	1241360.839	1126498.947	678931.538	804205.5175	524128.192	958672.5485	353690.8635	570464.819	688323.64	252247.8105	615427.735	692758.786	1159331.575	823535.6175	844831.74	706084.915	798968.75	1391819.764	574187.8325	1229853.36	1298293.08	1196012.194	1297510.037	868207.5065	1303197.711	1501402.072	1071881.897	587095.106	936083.784	905105.852	1176678.121	1000497.984	558524.8455	725376.426	790119.321	867224.9295	1111976.809	1041001.18	1024272.441	918779.1325	1022023.846	1042138.355
Hmpp0004	C5H11NO2S			L-Methionine	150.06			[M+H]+	-												2954407.169	3139602.402	2176076.296	2809148.784	2360500.706	768187.524	1051133.613	1655877.097	3523472.059	2442032.904	1565458.629	1632864.404	1524887.614	1206676.343	2355132.305	961151.0105	836567.739	2448377.877	738870.141	1305153.557	1640431.4	1698042.006	823070.7595	2240324.257	1382841.574	1194140.702	2691158.617	1242481.504	2321806.258	1804541.835	2006601.126	1926432.889	2771656.893	1945605.932	1463580.433	1681646.727	2567859.093	2333770.371	2087902.864	4105949.219	1499260.689	1899040.447	2436385.768	2525261.336	2030469.513	2329313.67	2045900.498	1892170.472	1862900.699	2140393.756	2016443.855
Hmpp0004	C9H10INO3			3-Iodo-L-Tyrosine	307.98			[M+H]+	-												19546.5925	24357.864	27245.211	27316.2005	21994.4945	7929.882	27534.4495	28481.6	34077.3415	27636.985	31970.298	13363.3265	17452.272	55003.388	71707.3075	12450.6235	N/A	28310.587	30248.052	39544.6015	28062.0535	42974.7435	23271.6565	22950.8265	27590.6195	14875.9655	32339.6065	17945.2995	54817.9875	33100.917	49932.224	47642.5595	35797.23	28686.377	33949.189	27287.6225	26793.327	21412.791	30131.298	21502.0675	26320.392	13775.083	15489.736	28177.728	21389.0795	26553.9615	23083.0665	20287.076	18211.943	39391.8575	20842.714
Hmpp0004	C7H13N3O3			3-N-Methyl-L-Histidine	170.09			[M-H2O+H]+	-												1333369.983	41547.554	N/A	42892.9605	184527.458	150990.0695	65267.8695	129431.594	299608.0305	132596.243	128123.186	83180.7625	55080.233	96469.127	364308.426	240691.1035	43211.8565	84512.0355	145697.84	68598.699	82297.4855	472942.36	478827.283	98201.3735	281615.732	476330.3585	217491.51	73053.93	192158.189	220092.941	185089.8705	177574.353	85429.184	211208.334	2834124.175	44791.6365	72881.465	117022.572	N/A	90781.6205	92987.7165	52402.94	114506.0285	104302.2155	59646.499	247328.657	242455.6255	269313.63	334979.377	233723.951	233466.0665
Hmpp0004	C5H11NO2			Betaine	118.09			[M+H]+	-												9186726.76	7278329.963	8110323.18	11415058.73	7836229.476	7461709.643	28717085.89	4392257.992	13418813.75	9191917.651	13013502.96	8304811.874	15499472.74	11607502.73	9340011.759	8238016.135	4170882.46	12439890.52	10682774.19	8993409.991	8945436.766	10125264.36	6711325.346	24528655.25	6765221.386	8652576.888	11381075.72	8383915.931	11115092.99	9642442.966	7349609.902	8899928.136	9352646.171	7079405.191	6137792.863	12238206.91	12360467.84	9069832.091	8942796.426	11478758.55	10707539.35	11074510.84	9180346.77	13812130.87	17300686.16	11085660.33	9959508.491	11556210.05	9564917.855	10180083.05	11114014.3
Hmpp0004	C8H16N2O4S2			L-Homocystine	269.06			[M+H]+	-												61483.0105	164591.7335	129697.4435	56253.746	46759.246	76003.0315	22691.7485	45692.0315	56906.8035	118125.728	97033.676	43506.194	89946.0485	84635.4195	55375.328	63561.3195	80049.9055	45723.2765	44247.163	90360.497	71000.9625	21481.2325	61559.715	31668.839	56463.981	49132.869	43050.2005	65473.2865	69476.981	103047.7635	77143.609	37952.33	65981.4705	61858.87	65774.7005	81030.4575	237694.225	76657.537	62318.037	117746.6355	74047.983	257932.9295	68118.1375	92344.235	87270.396	53085.1215	68236.947	77690.196	57799.37	60699.54	73812.9325
Hmpp0004	C4H9NO2			N,N-Dimethylglycine	104.07			[M+H]+	-												80940.615	50819.1655	54086.788	179547.288	36445.6135	115235.583	93608.257	113399.952	159663.543	40722.858	54680.8515	32004.733	62008.332	55816.285	104433.674	110006.7865	21518.417	119383.988	127965.8275	57271.848	50102.4475	69939.076	99141.2435	85991.441	360355.7285	109970.6905	78564.1115	43440.5775	85184.9855	91814.352	118512.2885	131644.28	51668.301	100306.8025	193946.451	98021.576	101224.904	57948.807	50097.524	104278.575	83894.2345	98718.7165	122242.6035	85043.727	49930.534	101336.822	101101.2195	100839.9645	130058.225	138811.3505	209350.9395
Hmpp0004	C6H9NO5			N-Acetylaspartate	176.06			[M+H]+	-												31522.351	29956.3325	59420.247	102407.246	242479.874	29854.057	39761.4915	83785.5935	19445.505	59669.56	35699.8275	184566.323	90979.62	44851.5955	117542.6365	479755.6245	29269.383	158534.8105	234570.2975	82659.256	73298.5455	356314.218	584427.4355	33690.417	293670.6255	588425.436	27918.632	8816.9585	17008.9295	30371.585	82370.782	140888.4185	32458.5905	43096.91	961003.676	59998.1905	57707.695	36381.1565	73354.8465	68936.269	70319.6235	20428.341	67303.8855	69944.1075	33922.927	128308.1495	112277.0515	155221.7975	159563.4915	89136.088	165017.801
Hmpp0004	C11H13NO4			N-Acetyl-L-Tyrosine	224.09			[M+H]+	-												59120.013	80422.61	54389.6405	61926.6525	68625.7215	N/A	89613.0895	172081.6045	83133.8235	93404.593	18760.727	115793.889	28668.6525	69884.6285	297220.979	180462.5785	N/A	118906.755	102106.189	91383.267	90803.611	655914.849	139118.8625	77498.088	108764.221	140790.5115	110803.1555	75197.3635	117306.803	143662.751	51211.919	62414.768	66832.9965	52783.0485	193473.8295	55377.4505	75878.201	51235.2845	68478.2325	78481.2865	78022.8165	65176.1785	70814.909	96487.532	94546.684	128344.78	132201.237	92209.298	131857.2425	136990.6445	106621.706
Hmpp0004	C18H20N2O3			Phe-Phe	313.15			[M+H]+	-												18610869.78	26525308.91	26617895.56	41172574.52	2879353.104	3615481.69	7562168.718	2911766.89	17866080.06	32342400.37	7093189.529	687559.3315	17720425.69	3839855.605	6993393.421	9345189.171	3366277.924	5851741.576	5397990.192	16905355.39	17318420.71	8137446.994	3211643.185	14090749.32	11910999.3	3606941.653	31567476.31	6012113.846	26295696.58	29515225.18	14956488.22	14281234.46	18592224.69	15269494.17	15715745.73	20087757.57	47019076.77	19403742.64	15222065	29503194.14	22359119.69	43125341.7	22792493.01	24655439.9	18747634.78	18492363.19	18264810.54	17790619.55	17367484.48	18823595.99	19100985.96
Hmpp0004	C3H7NO5S2			S-Sulfo-L-Cysteine	201.98			[M+H]+	-												78225.729	100483.8295	118145.922	123681.996	62457.6725	240483.976	34913.2855	287917.764	144711.9465	98425.657	80940.3405	55060.706	40247.98	64947.7105	127760.973	146049.615	72472.5325	80008.0605	274602.4815	31089.482	110026.814	60563.696	50909.1275	55443.46	95458.8455	68399.757	109716.134	177253.1865	176356.309	90394.048	174254.1015	80781.782	134618.6015	168448.681	156529.3535	61401.1685	78556.476	106219.346	152159.995	99463.816	25054.357	36823.402	60403.1245	109936.0645	93252.594	92230.1095	96515.6	106345.472	51311.4815	89228.662	91257.0595
Hmpp0004	CH4N2O			Urea	61.04			[M+H]+	-												21632721.71	23460036.03	20028933.44	20682376.43	48617051.79	22861523.11	28353828.97	46353812.37	7380664.621	30069127.15	9655645.727	33774882.76	16742985.69	30171295.63	59988880.51	60003916.76	13520491.71	26628685.73	31161421.84	22588948.35	21274989.48	73470281.02	89778166.53	18103514.43	63351002.46	92079084.61	13010968.47	13290432.07	13241575.21	15000047.25	21864330.27	25789055.08	13059340	23642058.07	76506032.9	8086797.885	16637270.37	17548821.19	12573492.45	22033579.4	22351880.64	17326476.24	17073409.76	16348437.47	14271124.33	30627573.52	27134499.71	26950187.59	34701954.76	27755014.93	26090695.38
Hmpp0004	C7H11N3O			N-Acetylhistamine	154.1			[M+H]+	-												36189.7285	9918.6845	18825.4475	9632.9735	5508.5725	51185.829	25931.4985	53767.28	12770.0175	17034.829	9549.6635	68480.942	29896.2125	65154.518	170362.996	47937.088	56810.811	74266.2555	101773.8655	12867.737	11719.367	359924.9915	267188.251	42593.6255	120850.205	322243.1515	17383.825	78415.6775	18009.599	10533	21860.0405	31213.115	16936.3925	25610.733	139524.7295	148025.067	131534.6875	224686.3425	34368.651	182373.0025	95893.2295	139683.442	52967.469	153243.6685	26752.9875	92004.339	98936.0305	88567.93	69057.877	142590.761	96510.704
Hmpp0004	C9H8O3			P-Coumaric Acid	165.05			[M+H]+	-												8187038.887	9004176.121	7753288.301	9171076.3	12603132.02	5735492.417	7236007.203	6648894.333	6957021.899	7181294.136	7670812.508	16634659.85	4727557.36	6195682.619	7718465.372	5488846.437	6532274.785	8094659.217	5255679.176	6030317.162	6320618.534	6076303.416	6506400.914	7992198.707	6864321.844	7495081.643	11791927.14	5895528.758	11350971.76	13806933.5	6289266.073	7874557.85	6898836.695	6216078.057	3063157.014	4423571.781	8726122.022	7683873.468	7246180.558	9630413.117	4734139.295	9217949.068	5467649.132	9316232.029	8780490.237	7455958.428	7056772.278	7115008.317	8939110.417	6524066.051	6472639.957
Hmpp0004	C7H8N2O2			1,4-Dihydro-1-Methyl-4-Oxo-3-Pyridinecarboxamide	153.07			[M+H]+	-												2234108.552	980210.412	1025485.21	1089072.208	1306193.636	3665082.61	2413524.859	3565420.632	1369992.822	1794106.379	705249.0355	5026452.923	2814441.655	4633867.664	16400642.69	5870726.542	1707417.092	5367931.091	9690220.52	967916.8035	1104744.237	24468200.43	25941279.6	3195276.696	9235853.47	28375885.41	1608132.131	1307899.021	1585196.847	1436745.111	2391942.06	2460098.761	1797032.13	2351067.405	10327011.33	11484780.55	13962869.21	18942638.22	1787853.353	16324164.28	9426888.806	12864553.59	4326498.299	15730964.23	2867941.429	7174118.372	6930855.442	7452031.117	7119034.699	8107309.562	7633244.989
Hmpp0004	C7H8N4O2			Theobromine	181.07			[M+H]+	-												27388.1095	8467.3585	4946.2685	N/A	112321.081	1460614.246	7741.8875	94766.4525	N/A	480364.0535	7175.9295	N/A	2675.119	572744.1455	23314.757	14323.2245	27061.102	11072.226	17781.54	120437.667	152289.798	51434.1495	8752.458	25351195.08	9842.069	6994.3455	1222.3415	7775508.498	7907.881	9519.418	93153.033	116410.3925	N/A	99585.8795	419664.6595	N/A	12850.7695	N/A	N/A	N/A	28762.8575	N/A	N/A	N/A	N/A	836941.757	826006.7325	750363.5185	911895.864	883517.016	770954.542
Hmpp0004	C5H14NO+			Choline	104.11			[M]+	-												12538249.93	11338275.38	14815109.94	37300890.45	10359804.89	17050007.59	13927575.49	20022906.64	19936477.39	19142177.49	10241273.7	6044219.592	13170215.91	22131397.96	28466885.45	19514445.12	5276630.084	30093773.15	17715977.64	11341761.48	15773962.1	12660729.3	20005389.31	13419875.83	60505345.02	30303103.22	24609824.38	8654141.79	20426596.33	16064109.39	28911273.43	17690562.03	15992116.77	23991845.9	30936162.61	12185033.73	25343471.43	15297416.57	12250672.73	28050282.62	17254645.83	13473972.14	14661830.68	19142751.71	13789846.68	27043754.42	19710851.38	22773610.04	22031711.03	20173279.62	24012841.46
Hmpp0004	C4H11NO2			Diethanolamine	106.09			[M+H]+	-												65358.8905	103282.6835	44059.4915	75811.721	37588.4305	25545.792	36605.8125	40953.429	72205.4845	83828.1135	93357.626	42929.376	48740.7015	53354.8195	25319.689	50382.652	35756.9675	23419.5135	34886.659	32432.318	52201.1115	85655.4455	34784.3505	48499.9375	12370.4105	56061.8175	31654.233	42211.0045	115666.942	70368.1495	21201.0615	63180.3265	45673.4115	92392.558	166140.5395	104451.3505	37457.143	79541.6095	51231.8765	39294.1645	45264.3115	54905.3415	70550.063	42642.4695	113554.0785	41429.65	29294.86	29109.8935	67374.3745	27601.8875	43686.05
Hmpp0004	C10H16N2O3S			Biotin	245.1			[M+H]+	-												659709.6155	371178.297	425512.6505	829909.244	548550.0085	197227.769	111933.497	176498.0525	962560.8035	826077.9695	576848.277	572783.464	384260.9985	224318.5945	356134.709	585761.812	131804.908	513960.893	289631.4	286751.851	273587.9245	524154.3475	366439.554	281902.959	480862.056	362095.3005	866318.311	228208.7785	619088.347	342339.161	392203.464	342302.836	710259.101	330576.8625	626092.766	439177.789	586075.566	1114126.401	654201.465	734420.0725	616622.81	519519.557	402751.999	744216.0055	1093741.875	544238.693	574614.847	462374.3065	538584.0645	582269.2045	531421.6845
Hmpp0004	C10H12N4O4			2'-Deoxyinosine	253.09			[M+H]+	-												22488.649	36491.1965	29206.4475	N/A	27256.988	N/A	7002.5025	25244.329	29542.2915	16948.8265	32704.2435	25650.7845	11845.7975	N/A	67237.603	N/A	N/A	15414.9745	15756.0055	19958.0085	N/A	N/A	39384.313	30408.196	103744.231	38293.493	N/A	24044.2015	25218.694	42477.632	35044.1855	35357.038	46780.0125	39639.6	34427.664	27302.362	22150.252	11372.069	33682.7075	39966.5435	15293.354	23680.8175	15883.2395	N/A	41224.3685	46510.736	21514.9045	26636.768	32845.0595	32356.4675	18338.379
Hmpp0004	C5H5N5O			2-Hydroxy-6-Aminopurine	152.06			[M+H]+	-												164933.4875	134948.044	108671.967	198581.8785	206651.1975	3172198.848	145943.034	1157593.123	182497.733	102082.6325	141192.674	1748758.282	120211.276	1184844.754	156027.48	108157.32	2255556.878	101377.34	115347.594	85710.482	78910.11	134298.7035	118884.432	103190.8305	79484.673	155549.802	134736.026	1845089.556	198649.563	148912.396	110532.619	128328.7305	170767.1975	134659.4155	164432.5595	84976.7635	208570.979	150407.3555	187604.7355	161058.5305	103996.0795	104869.9745	137381.597	169881.053	151892.907	439904.334	383571.664	362288.159	297884.217	408250.831	400596.201
Hmpp0004	C6H6N4O2			3-Methylxanthine	167.06			[M+H]+	-												273067.395	3933.537	1616.929	3407.695	8396.317	158934.897	2987.8805	57187.594	6225.2695	27736.7835	5572.1425	7357.7475	N/A	82196.711	4387.9525	N/A	N/A	N/A	N/A	N/A	21757.726	N/A	N/A	479670.461	N/A	N/A	N/A	131247.5885	5876.0705	N/A	35750.8535	17008.781	10801.937	26784.2205	909038.5855	4203.1665	5997.062	8979.056	1235.8525	4519.3925	5255.9505	7412.727	7868.3095	4026.6515	2498.3705	65473.3845	35368.642	79022.348	52919.3045	49952.6935	81507.49
Hmpp0004	C5H8N2O2			5,6-Dihydro-5-Methyluracil	129.07			[M+H]+	-												120275.7455	86060.1405	124873.6875	151669.8655	49769.8825	24120.7695	144139.7795	48725.0225	62275.689	162537.523	122572.728	160369.5825	67126.9735	62891.8385	210564.8835	89961.8795	39217.926	126820.415	173989.6285	115735.8295	129019.142	152556.933	416906.5935	252932.7075	75872.993	397114.717	191654.414	111587.276	183371.244	182194.662	167648.003	132960.1925	164642.001	174885.8025	168331.9085	115289.4665	100707.1205	108825.657	129814.173	119260.282	105999.211	165963.067	92099.5725	113753.027	127419.808	139455.3675	125569.9575	173780.172	133842.9545	133220.667	232006.24
Hmpp0004	C10H14N2O6			5-Methyluridine	259.09			[M+H]+	-												24752.1865	28408.442	21726.978	27552.007	25993.828	64597.156	24865.461	61169.806	27130.381	35890.1235	23754.331	64067.5355	22732.6315	48213.1725	134318.4555	66016.149	36105.678	15789.3115	107047.159	28000.4265	26505.598	229610.424	117767.289	42131.152	96405.038	189934.041	25096.6505	29501.352	N/A	25516.907	23870.6495	26795.7155	25146.8945	29537.8315	226028.267	17890.0115	22848.944	24289.1645	21669.7835	30787.4765	34034.268	N/A	13288.2915	16435.0565	27924.556	42858.809	34038.713	49958.6265	40348.972	38274.355	43636.8435
Hmpp0004	C5H6N2O2			Thymine	127.05			[M+H]+	-												86467.7305	132781.551	84203.261	157627.3335	54687.462	67261.3425	52704.212	51936.8855	53574.8535	87980.2535	89088.1485	110049.454	90101.1545	102224.2645	115859.7195	117903.908	77679.8595	55607.013	118392.309	68288.105	43210.6065	95492.3745	388975.008	90554.7765	178354.2355	350584.8155	131067.584	63106.179	112555.8235	79376.586	95172.197	69137.623	82749.1565	128778.633	152060.3955	86733.1155	82117.3625	90732.7785	93236.2405	115033.023	80394.571	93777.0705	89230.949	116305.3085	111058.9535	83987.0405	78581.9155	150316.435	161532.1305	94467.239	99751.144
Hmpp0004	C4H4N2O2			Uracil	113.03			[M+H]+	-												330182.28	302666.7545	404004.8855	682925.0425	193724.3845	298020.847	302584.9785	197433.8765	203571.7005	284290.2935	241294.2835	233477.6225	253553.2295	320418.079	545514.401	222269.205	200438.4025	262970.861	344328.5035	244431.303	363552.279	261992.874	340389.6165	380822.6045	373620.994	342425.5635	487053.9555	271192.443	478117.2115	366589.757	889144.2755	734281.8135	282939.1835	738723.9395	554118.3175	508815.9155	291771.792	334011.4425	257643.731	365145.678	428005.9935	252601.6045	421462.867	534688.47	308783.584	366920.495	366958.733	382499.235	400073.1205	430131.5885	342428.2245
Hmpp0004	C15H12I3NO4			3,3',5-Triiodo-L-Thyronine	651.8			[M+H]+	-												30020.4	14482.814	5917.776	13201.208	809	24883.6265	10001.0535	7327.3555	14896.563	9808.581	11454.872	9550.672	16800.7845	20411.5045	11292.153	5565.787	11536.3085	5908.538	13433.9055	29751.107	21272.5285	2131.423	8052.2105	10709.77	5797.2345	3454.367	24701.4215	3203.903	24082.2275	15622.016	22361.7085	26495.8345	20413.162	26763.5855	23271.283	41236.1115	24660.8555	30952.9735	27279.105	22729.459	16666.6105	7240.738	35228.1665	29300.73	22446.713	29762.096	26045.494	19304.1115	26786.74	21277.162	13107.7325
Hmpp0004	C9H13NO3			Epinephrine	184.1			[M+H]+	-												33384.2755	15836.9905	22685.1675	6326.4435	32536.136	2771	9549.257	22062.4235	17979.765	61205.665	18627.598	47466.6305	20172.1605	14022.3075	54792.867	25962.843	36366.1775	38962.0365	12728.257	25906.6105	32444.058	17342.5125	49095.459	26417.967	35402.725	28403.3415	37939.5655	7176.9235	24879.327	19193.458	29925.08	31075.143	50581.914	32622.1475	22755.52	7615.2295	14773.5105	15564.022	22871.014	6026.181	10947.369	23870.458	10226.3565	27093.542	22670.514	33468.537	45738.1945	21893.2345	24374.5335	35853.836	27880.2385
Hmpp0004	C15H11I4NO4			L-Thyroxine	777.69			[M+H]+	-												1726489.669	1368607.15	1601668.308	1684921.433	734975.44	1842437.334	1011238.693	681223.425	1201738.797	995523.794	630127.076	723970.1945	1495020.351	1252348.094	545536.382	437177.7075	985648.596	623062.6035	550766.421	1099013.378	1159629.362	540735.168	998842.9495	943869.5285	1115877.621	1164474.995	1610657.129	1064238.51	1327010.986	1250729.33	1556717.577	1582740.191	2145084.35	1700675.373	1612567.187	1332395.635	1789776.075	1610404.409	1960601.837	1371616.292	1338601.873	1453661.473	1170594.227	1597048.132	1620169.194	1369530.603	1240772.673	1465457.056	1344805.134	1231311.274	1259581.731
Hmpp0004	C21H30O2			Progesterone	315.23			[M+H]+	-												36458.6635	30940.7085	29966.5	74743.262	47787.2305	16075.9205	4178.6195	9127.518	54342.395	59026.048	53994.7135	62679.525	30846.927	N/A	61791.3665	50451.0495	21311.366	38596.5505	20840.464	59718.725	36064.4525	59315.679	87261.364	29897.506	50458.189	86113.125	70294.7975	23346.8405	92303.906	108719.4785	56235.19	47529.42	146113.026	20992.433	40918.6055	46477.36	170584.353	255603.693	74274.42	75498.302	71544.377	80806.8865	19992.9465	N/A	97519.697	44216.509	52391.916	41856.3345	38166.853	51871.811	65885.5885
Hmpp0004	C6H6O6			Aconitic Acid	175.02			[M+H]+	-												46460.4075	22087.091	15464.739	32753.2235	20995.362	26237.596	20051.8885	19642.735	38467.643	27639.3325	40498.614	51558.0235	50287.3105	26564.681	14856.532	31452.0455	25560.743	38065.4385	48825.197	33867.5525	16026.141	18593.929	16206.2785	19984.6265	26782.0025	22894.955	35424.994	48117.8225	36763.9835	45543.348	30813.8155	30484.4175	35916.7725	29197.861	22552.4385	32978.5045	31183.031	41436.495	14698.7355	42407.8545	19504.1225	27715.7975	10687.9995	21424.9955	38416.7315	46531.4265	14978.347	27027.1865	36260.287	40968.446	44275.2165
Hmpp0004	C6H6N2O			Nicotinamide	123.06			[M+H]+	-												252842.948	774989.07	587692.8535	407706.706	96798.832	83883.366	205876.799	165283.145	201817.6215	405046.876	311887.02	527175.137	178608.4835	190398.991	762897.6515	193452.371	167616.911	296398.8635	978927.76	245925.66	362508.2015	912913.587	494940.2935	155330.5515	214148.191	558348.8395	739691.889	136208.9355	858151.367	822398.0615	2407355.866	2195007.497	516461.306	2061332.709	2158144.256	1341238.322	749978.351	598879.8405	485026.876	1372520.692	374574.6335	751697.721	741796.175	682836.285	466263.3385	801325.165	531396.624	724569.1175	754140.274	646040.0565	830502.9145
Hmpp0004	C6H5NO2			Nicotinic Acid	124.04			[M+H]+	-												286437.0335	334253.1775	282349.461	310639.93	431755.664	250128.7235	246789.0465	230406.5715	323355.7535	382996.879	308003.159	753539.7015	187803.784	255385.7175	281065.65	193204.4775	204574.3635	332278.949	240891.9	242963.869	209567.423	250174.2255	225576.4235	283251.586	244912.236	315017.529	421708.655	232803.8055	430878.577	463417.865	170647.8245	299033.244	242434.528	199679.298	166356.82	209338.4875	353852.068	261219.225	256675.443	317202.0525	216849.9335	333116.765	211893.942	302964.046	311038.705	278385.0005	270498.786	266806.028	297397.7375	276224.276	244771.8825
Hmpp0004	C8H8N2O3			Nicotinuric Acid	181.06			[M+H]+	-												342270.498	379563.5225	597281.1685	329393.9695	766106.7925	191264.8295	468062.937	213032.8	822381.2095	459380.083	406976.219	729941.531	206567.981	333060.694	231470.539	228046.321	353512.39	744513.587	239429.107	441868.503	546612.5515	173883.135	135207.3525	332152.784	345167.8425	139552.0795	967902.1975	381595.4305	958327.1985	852160.0735	341381.0675	286785.992	595287.709	289579.851	111638.858	316886.896	626699.341	261608.9835	475963.2	563764.41	205608.802	458396.464	312108.0265	845067.36	548417.07	432504.482	416469.4415	573988.9745	396039.7305	432762.6385	157034.478
Hmpp0004	C17H20N4O6			Riboflavin	377.15			[M+H]+	-												203175.768	323493.9365	371790.308	359323.5445	299774.6425	398993.84	331962.843	354048.7475	335794.6955	341021.469	211370.752	350586.4245	285609.3165	425443.307	896267.2465	396298.29	184944.0225	551868.3735	369044.073	245639.554	216553.618	389956.0365	447768.563	497279.7095	332365.3945	497062.3245	448180.1745	241236.2135	466849.6385	423476.634	283035.722	261531.971	229059.8065	367468.288	257788.227	237076.7905	292629.267	281652.6955	272550.813	501147.823	312175.5715	283841.3865	305593.2125	333793.9075	372527.212	315165.294	287454.1365	281407.6685	304399.6695	342334.3065	340206.268
Hmpp0004	C7H7NO2			Trigonelline	138.05			[M+H]+	-												129144.9025	90444.5395	102649.81	97088.3745	170599.8825	113744.6025	N/A	114453.3185	139422.2155	98726.0175	120711.235	89151.597	91720.4615	124515.3565	122240.896	136410.008	100142.9335	193944.6315	86917.67	195872.0985	91132.8555	253611.0195	181589.921	100211.365	219972.365	151047.5955	98319.4515	60651.8235	125379.7065	118766.5235	331221.2545	350207.546	118703.6555	379507.48	1190299.918	126340.5955	81558.582	148094.4305	N/A	132790.3515	59644.2405	37361.6775	N/A	105485.6825	94405.0765	174030.1315	125592.352	104090.4835	212982.04	101154.5215	128838.5475
Hmpp0004	C12H13NO2			3-Indolebutyric Acid	204.1			[M+H]+	-												102399.1765	85932.5885	60277.1185	64158.652	36518.4555	85588.203	153033.742	273814.295	162185.9405	55377.9735	53414.6035	67197.2175	21886.4545	127236.079	349332.1675	113262.7545	50898.9025	113957.1375	278950.221	116416.743	89368.166	159438.6505	190654.7235	15861.317	77814.998	254043.8815	58132.763	48891.3645	58512.7205	54021.738	57852.052	109865.976	17162.577	60044.423	464340.183	78399.2945	32892.355	66709.488	N/A	24953.2005	25173.1375	31969.886	33954.338	25673.299	29701.6515	100594.738	147456.1555	104638.366	96749.6505	117228.977	93049.758
Hmpp0004	C10H11NO2			5-Hydroxytryptophol	178.09			[M+H]+	-												32432.9395	N/A	N/A	N/A	15883.5485	22037.405	38158.957	29392.9095	N/A	N/A	23319.571	21296.6315	N/A	44108.7075	25714.021	53658.2495	N/A	N/A	51690.832	18761.965	10754.3145	123218.1225	65728.154	27681.268	62276.986	98623.8655	102351.463	8519.1775	93260.709	102872.0065	N/A	86546.9255	N/A	37807.279	292815.6495	N/A	N/A	N/A	N/A	N/A	19822.8125	N/A	N/A	N/A	N/A	36586.654	39855.7945	30265.5385	38224.677	18225.4075	44349.503
Hmpp0004	C9H7NO			Indole-3-Carboxaldehyde	146.06			[M+H]+	-												242489.417	774039.064	638893.486	338226.613	72190.584	16222.7405	85152.8485	22236.064	24740.404	127545.4385	80407.743	79199.388	103785.1355	54779.001	356941.7345	225846.6915	18352.467	190143.9655	251483.4555	249223.3495	225365.2735	295114.3455	60474.691	47828.5015	175426.1945	92159.1005	174414.609	35076.6965	174365.7245	190699.1365	353563.5285	330571.0515	118616.4775	362281.629	743845.9925	159402.256	70238.602	265761.6795	97840.4325	206365.1745	111076.5685	61136.0035	131974.9505	279121.25	106500.6055	230970.811	205983.215	198601.1155	192256.157	172885.7305	171406.168
Hmpp0004	C11H11NO2			Methyl Indole-3-Acetate	190.09			[M+H]+	-												600220.577	293440.9495	253525.7665	191833.228	338482.7225	450666.1455	155650.5775	596144.467	280426.361	192457.5625	225454.7175	78508.471	262026.807	63851.881	86465.77	189953.1415	149130.032	594443.361	544558.2945	389509.0115	428152.043	518067.5005	151856.9375	122713.848	440154.953	213739.1565	328072.1685	203793.3135	302222.1565	295547.0355	264051.8805	265960.503	279422.6795	365146.8415	1342051.13	228100.3285	261190.3265	229161.1235	181670.3655	237321.8235	310088.109	308870.365	336049.0765	279668.778	202380.062	510493.807	478959.11	486557.9305	477520.7185	435373.7245	488020.8075
Hmpp0004	C8H10N4O3			1,3,7-Trimethyluric Acid	211.08			[M+H]+	-												N/A	N/A	N/A	N/A	18339.399	603417.845	N/A	N/A	N/A	N/A	N/A	N/A	N/A	281981.5875	6743.5425	2131.8415	391921.841	5644.8185	29317.7375	65427.254	86476.849	306711.673	4488.1345	2399.1605	196164.915	N/A	2682.4905	258471.905	6377.0515	6039.3485	N/A	N/A	N/A	N/A	N/A	N/A	N/A	N/A	N/A	N/A	N/A	N/A	N/A	N/A	N/A	72443.6715	60788.323	63241.018	72631.94	44485.2255	54628.49
Hmpp0004	C7H14N2O4			2,6-Diaminopimelic acid	191.1			[M+H]+	-												20293.94	N/A	23077.9665	19271.739	25516.527	43214.85	23682.815	65859.9065	17590.599	21845.276	10844.81	9661.796	11944.3085	20285.895	29622.7285	33120.1915	6433.2915	29148.9405	24512.6005	18493.415	11312.341	234902.899	153305.0985	15527.611	25286.605	95426.0785	21166.103	10587.2365	26365.768	9472.636	30367.331	13117.731	6066.2945	6710.5615	33430.579	12640.233	18093.949	8332.9575	N/A	12618.505	11343.5195	10349.523	15046.376	16427.305	18449.8645	41783.377	33703.4505	17034.676	27098.6405	14407.825	19211.03
Hmpp0004	C5H11NO2			5-Aminovaleric Acid	118.09			[M+H]+	-												9517938.282	10258937.08	8947610.407	7816964.669	10866453.37	8714269.003	7263475.527	8365425.43	12183109.67	6994767.554	5919824.356	5726424.939	8380171.82	6913450.288	2888009.863	3830401.849	8334572.033	5091857.217	2979670.729	7288436.542	6400436.233	8970466.428	5076750.764	4224290.277	6088263.546	5044418.819	5929425.779	6682784.606	6282203.93	6537157.71	6465164.389	8210729.196	7647975.035	7515315.966	3459169.416	7883618.912	12184643.16	11004422.56	7002327.315	12341205.48	11456863.68	12526151.3	7748973.666	6821275.483	7313921.955	7466604.64	6911004.606	7178711.692	7733669.719	6689514.065	7511946.969
Hmpp0004	C9H16O4			Azelaic Acid	189.11			[M+H]+	-												532851.2425	630231.2385	718957.491	1722708.476	807549.072	106156.504	44252.0355	65946.645	1246482.261	855524.158	218299.693	300386.797	254087.972	87417.234	471423.508	334373.125	65591.577	161870.7725	174898.1155	95315.5245	103788.5325	511911.373	143639.2835	160486.4305	355973.68	119997.7255	1452776.009	101453.0465	1441766.581	1280062.95	3207481.638	3184856.867	556943.451	3257770.419	4385750.233	1208102.532	1110296.689	1057836.166	498681.82	763043.523	773607.9035	1094846.677	1115344.866	828854.652	763959.8325	913729.5985	899840.3045	932226.3295	908022.2635	942938.306	1001106.241
Hmpp0004	C8H17NO2			Dl-2-Aminooctanoic Acid	160.13			[M+H]+	-												50088.0675	25233.8705	25559.947	14530.968	7150.4455	180014.1165	24210.8	675362.366	52123.4135	22906.187	19787.412	96721.4985	27907.09	78249.307	341063.1195	13992.9505	325344.373	4047.8565	9999.635	N/A	16349.86	29350.6065	49123.443	91149.731	14802.5735	53304.3505	78562.996	302404.628	83338.179	86561.0815	36244.0595	37130.739	21580.203	37713.7375	93499.1605	12191.128	13686.774	20962.5025	17700.761	6858.9595	17587.9395	9069.4485	11499.453	20936.153	22369.9935	89485.4365	54632.0395	76816.607	84298.6045	87843.2895	81448.865
Hmpp0004	C3H7N3O2			Guanidineacetic Acid	118.06			[M+H]+	-												43941767.34	47947770.81	49094303.23	33663211.56	46012249.23	38130254.22	30410298.88	34231406.61	71171395.96	34276462.42	25104691.51	27612986.58	34069746.68	33072833.33	15188493.67	17202163.01	37464759.8	30568163.93	12675505.88	31323921.04	30959798.66	37580374	21301781.32	18370531.98	34756453.62	23575232.96	35236493.09	34293524.23	30788901.82	29886148.63	42466276.25	33629549.57	40844353.32	36461803.15	13714213.97	35579828.69	60651819.65	50622592.66	36593026.46	62916056.24	53046273.23	54400592.06	35499159.05	34573052.85	36800641.03	40113610.93	41368067.08	39442813.13	36996373.55	40974065.63	41363202.7
Hmpp0004	C8H14O4			Subericacid	175.1			[M+H]+	-												79349.9175	90127.8165	75995.45	151660.436	79106.879	31860.6325	30817.2995	6976.3665	129841.442	78937.738	45614.341	91617.3415	29292.45	48132.678	73796.682	39646.4245	20317.975	41460.9975	24471.06	20172.7645	12665.697	103569.853	22566.6215	52297.396	51876.489	15635.383	168014.059	24442.15	151437.8475	123846.7295	282843.0265	335164.826	59745.8635	338109.2515	565003.3665	130491.931	170552.935	93486.2645	64619.5095	86444.519	112601.7175	196423.047	132291.277	100599.1215	94852.8265	113173.515	109166.3695	101026.3385	122879.1575	116442.1535	110536.428
Hmpp0004	C6H6N2O2			Urocanic Acid	139.05			[M+H]+	-												1119612.256	800151.5565	1136201.218	1289554.776	777780.219	1251784.524	1375841.646	2432370.912	N/A	1158574.351	1203426.472	1176709.199	1305338.301	1450108.138	1247133.273	1064944.77	1401573.273	N/A	1134557.329	1129454.165	1259789.4	1346607.42	1164887.908	1307228.702	1095959.313	1191704.798	1068449.616	1064728.933	1236829.535	1220651.382	1285194.162	1288568.359	1186877.559	1295463.304	1207254.876	1255604.305	1151854.301	777826.2585	1220510.342	789306.8825	1208832.103	1214021.623	783494.2555	1377757.395	1233980.11	1284242.496	1178765.924	719979.75	1332788.106	1234798.065	1339593.929
Hmpp0004	C10H12N2O2			Trans-3-Hydroxycotinine	193.1			[M+H]+	-												N/A	N/A	N/A	N/A	5979.741	N/A	N/A	N/A	N/A	N/A	4088.812	N/A	N/A	25617.7045	5074.752	N/A	N/A	N/A	N/A	N/A	N/A	N/A	N/A	N/A	11770.354	N/A	N/A	N/A	N/A	N/A	N/A	N/A	6620.4575	1400	5328.287	N/A	14349.5995	1348449.453	20593.188	N/A	96652.6825	10485.3925	169743.7945	4164	328183.269	51862.147	63718.945	56754.0475	53365.6705	45501.847	43720.02
Hmpp0004	C4H9NO2			¦Ã-Aminobutyric Acid	104.07			[M+H]+	-												2740176.347	2089723.023	2229563.613	6961035.484	2166292.424	3163022.507	2906691.947	3668094.304	5427734.117	3351694.861	2189276.078	893570.2015	2381283.078	4125113.891	6440240.403	3722553.83	954048.5225	8817313.462	4616454.627	2417742.876	2755242.619	2377772.549	4403038.973	3236789.828	12844238.76	4681791.684	6043136.232	2146839.772	3750732.017	3075322.469	6341880.617	4915618.246	2700536.787	4253885.625	5991812.942	3327764.285	3548045.358	3250371.84	2393838.304	4189451.997	3261276.181	3144785.743	5243493.139	4127432.253	2509197.925	5039577.684	6646470.259	5882807.563	4380797.308	5479833.357	5713698.614
Hmpp0004	C14H17NO8			Acetaminophen Glucuronide	328.1			[M+H]+	-												N/A	N/A	N/A	35533.0435	N/A	N/A	N/A	47029.472	N/A	N/A	N/A	N/A	N/A	N/A	170529.125	457706.2885	34852.7035	10728.4385	23163.49	4976.655	10163.168	529895.7195	N/A	N/A	125864.1295	11162.1515	11123.222	15007.162	N/A	1696.483	N/A	N/A	2966.502	N/A	N/A	N/A	N/A	N/A	N/A	N/A	N/A	N/A	N/A	N/A	N/A	28102.74	23720.6855	31332.8165	39582.326	40556.4245	25974.2875
Hmpp0004	C4H7NO3			N-Acetylglycine	118.05			[M+H]+	-												5365415.669	3802713.921	4905624.879	5944973.452	4496762.195	4362113.033	17218473.66	2525065.276	7952957.102	5275202.198	6895228.963	5333015.886	9788031.728	7854470.191	5307587.293	3999883.927	2849985.07	6982509.956	5694415.576	5262453.12	5464920.785	5524472.816	3863368.42	14365103.33	3697010.904	5403859.891	7048618.454	4812131.458	6219640.878	5054736.014	4251862.773	5345340.302	5151444.33	3995239.012	3727620.779	7331174.346	7697718.797	5064644.755	5609625.493	7118726.043	6120972.63	7172019.607	5193939.772	8370216.44	9499102.879	6218431.291	5488184.914	6694881.093	5264406.413	5825297.391	6224351.83
Hmpp0004	C12H17N5O5			2-(Dimethylamino)Guanosine	312.13			[M+H]+	-												519496.6375	667852.217	669847.7305	1140996.791	894576.4045	1689726.511	1192716.78	1833461.862	758084.5645	819448.6625	573600.0775	1801139.717	635941.7295	1771212.944	3266554.194	2374054.865	380845.1955	1327768.351	10981324	595571.684	597230.4765	20749764.21	4535354.015	1700816.674	3555287.98	5284408.552	965842.7	712609.7465	797626.452	916871.561	733581.217	768597.3025	604131.985	720604.3415	5841694.155	505186.727	791197.3915	439864.842	564305.764	567016.585	924823.2365	725187.441	750762.1685	459129.855	780087.802	2169613.119	2069361.775	2070070.824	2163125.019	2294810.886	2453910.779
Hmpp0004	C6H5N5O2			Isoxanthopterin	180.05			[M+H]+	-												17611.971	11211	17095.105	28622.648	29122.8155	45357.779	31909.537	110631.9915	50669.3975	21829.65	34305.7415	87363.1665	44329.96	23315.3105	71591.466	49491.98	42614.945	43585.54	195293.884	19243.3685	13218.043	331892.241	158600.1075	40216.8915	73573.862	148214.514	10161.274	28418.658	8411.0275	10406.483	N/A	37771.188	22889.5295	15973.2185	52230.0825	14702.5985	11020.719	43709.7655	8969.931	11393.917	16029.3325	18427.6585	15309.729	27396.567	17963	56771.355	47591.1835	39530.6405	47322.501	39012.2215	39868.192
Hmpp0004	C7H16N4O2			L-Homoarginine	189.13			[M+H]+	-												347867.245	332650.4925	501617.5315	176677.726	152007.6485	67560.397	55893.454	40780.391	237807.432	410902.9885	198276.013	109672.8735	194502.6845	86655.46	77593.2	28820.796	77347.425	19637.5	101929.697	82538.74	175700.97	142243.302	79434.9375	125466.928	78045.475	93961.3455	196366.6615	153246.4965	350349.4315	207670.232	85060.6555	79796.2515	268734.0425	75770.6995	57561.501	177473.264	391984.235	295280.0925	306482.639	682590.862	210073.196	227592.615	154811.7835	251991.458	138911.086	157615.9125	115687.2865	199974.6465	191808.9125	60757.081	67627.176
Hmpp0004	C11H15N5O3S			5'-Deoxy-5'-(Methylthio) Adenosine	298.1			[M+H]+	-												1387652.592	1217486.651	1132953.588	451303523.7	1407745.599	1548150.31	2104532.913	1722755.068	1350985.92	4342257.599	1387628.821	2119370.045	1440023.156	4639466.188	398945547.5	3372906.373	829467.4385	2323762.907	6295321.478	1329154.274	1289583.25	3085739.259	3789779.974	11551627.97	2398568.47	4218840.431	5449408.169	4328750.087	4916433.768	5454382.358	949754.3155	966564.208	966754.84	974948.706	2266635.631	938429.111	1627065.941	1149498.753	1073637.055	942446.795	1394497.442	1508301.343	2341587.128	1347310.106	1584158.522	50154619.9	40417349.67	44857926.01	46779337.29	44979040.99	49690049.04
Hmpp0004	C27H46O			Cholesterol	387.36			[M+H]+	-												339054.9145	214177.249	234038.5345	578892.9725	184857.806	251356.6345	1146781.116	378648.7225	379772.466	303506.5215	270554.7195	199547.301	215855.703	226559.3505	204010.084	278192.0175	869147.971	238068.6545	267009.7515	401169.6065	237565.12	300395.594	264651.404	223864.107	381526.5235	243035.4855	254836.5565	718079.281	268933.202	737195.2065	486712.223	299400.913	427216.771	514565.808	437102.2505	331401.779	1338904.849	394551.7675	293892.189	297954.716	238529.046	361305.154	328295.4285	230515.0835	331828.733	533570.14	478505.979	445347.4905	429390.5165	529058.0695	547913.063
Hmpp0004	C9H15N3O2S			Ergothioneine	230.11			[M+H]+	-												311900.84	3176044.75	3287567.587	171665.257	554455.485	228920.2595	124378.3425	656610.8785	421271.65	49373.44	195108.2935	58373.2185	370339.601	178476.783	213753.1235	257256.801	253047.527	263390.2215	42150.715	154763.5825	80123.7995	181210.1835	78608.2815	183259.363	130676.019	112812.5845	112751.2565	273422.4275	112060.665	77363.3365	412529.7035	355777.3835	451916.5755	319910.2925	359510.3575	586946.8355	346695.7705	209942.9215	297883.2315	868703.9515	220762.541	305506.79	310251.071	426880.2065	155404.3455	362178.994	414541.3535	323931.1865	436575.097	448797.73	384173.451
Hmpp0004	C8H20NO6P			Sn-Glycero-3-Phosphocholine	258.11			[M+H]+	-												1345897.289	904476.968	877665.5485	1187628.215	456487.416	260212.94	212246.277	1085117.481	826531.4325	678798.9025	1324902.961	350648.9	691640.9425	226193.449	825296.6965	302033.8435	191975.9175	1385087.235	326213.0185	404378.6545	537188.926	1053733.2	378600.974	340656.9895	697814.5425	497829.4575	1928270.338	302095.5015	1582833.075	1360372.432	1978621.247	1162820.528	1557839.788	1367051.594	937036.8595	1883780.153	1077937.843	1122055.644	1622259.55	928146.001	760333.476	648473.0295	1899139.534	1700828.811	613445.486	1180356.582	887970.4495	684518.126	945426.152	713275.562	610609.071
Hmpp0004	C8H7N			Indole	118.07			[M+H]+	-												8884687.502	13269908.76	12155146.71	8708318.903	10406739.03	5467166.382	8816944.197	5735043.247	7254745.629	11575427.4	7478356.833	1301928.124	6318073.518	6196582.625	8347096.371	4281501.621	5724154.933	10678988.56	3586840.076	6781543.503	7466923.612	4723123.64	7021439.247	6271442.392	7880588.415	7151366.726	9203898.337	5722694.632	8341395.673	9514907.425	6917096.98	7127017.575	9539888.547	8361675.158	7713953.309	8387704.165	8567569.082	11288944.94	9140787.048	11079926	7178018.253	8419023.728	10522893.95	10568242.67	10299397.28	8213840.05	7580148.275	8689083.965	8920389.112	7621759.872	8338184.6
Hmpp0004	C9H7N			Isoquinoline	130.07			[M+H]+	-												785210.8575	3426717.941	3072302.715	1390333.293	339895.128	94465.0415	314648.757	140974.531	117022.416	465054.1275	289693.9545	282851.637	312453.026	168821.2355	1561840.835	1047370.159	84577.0625	784941.574	703971.936	893450.715	888689.3535	1408981	313189.79	231563.401	773182.935	292386.657	870825.155	111936.998	787526.7135	652241.6595	1365712.679	1520853.904	346884.1355	1776545.444	2481600.207	571086.2675	228164.1975	1009090.735	397968.4955	706319.752	367745.3045	259994.4615	477604.854	972912.667	362443.4185	935403.1705	870660.804	862578.5725	824035.199	758992.2135	761973.4575
Hmpp0004	C5H11N			Piperidine	86.1			[M+H]+	-												3059693.127	2800092.777	3091324.454	2238069.799	2365693.673	1773795.811	1609332.386	1094358.201	2758165.97	1308622.911	1924672.962	1999797.541	2399321.562	1436787.216	718015.509	737365.292	1412153.876	1471897.077	877358.565	2391249.682	1938999.553	1331956.111	1061922.387	1750410.304	1781552.404	951318.077	1640632.978	1217338.414	1684731.452	1820212.324	1829174.734	2437773.148	2195291.561	2097592.851	1961210.334	1960835.919	3189064.469	2830350.314	1972512.396	3761526.401	3281637.393	3158801.478	2970455.548	1892113.086	2406095.567	1820175.116	1732868.378	1771653.517	2247183.255	1759990.48	1638639.839
Hmpp0004	C9H8O3			2-Hydroxycinnamic acid	165.05			[M+H]+	-												8176710.688	8259128.884	7890580.675	9433255.917	12334823.52	5589518.215	7274457.566	6185991.224	7618001.29	8031246.516	6962183.082	16580675.92	4757987.426	5663309.407	6661606.419	5647791.819	5885278.1	7350567.419	4344645.999	5705136.042	5856527.221	6374821.407	7401106.762	7775868.671	6488667.628	7265170.009	12120322.92	5433019.048	11767617.18	10655145.03	5409953.087	7401437.578	6671344.216	5902035.334	3156087.134	5130732.531	8964519.888	5911516.556	5915939.832	8719937.351	4627675.436	9203728.037	4806671.269	8671034.999	7692878.756	7043883.009	6195712.783	7021050.169	7621471.826	6073231.588	6927724.986
Hmpp0004	C9H17NO4			Carnitine C2:0	204.12			[M+H]+	-												110201955.9	197923477.1	145815503.9	143873820.4	124806127.7	86811783.29	109695293.3	141007355.6	199902851.7	92211353.8	242830141.9	296375165.9	70406355.54	92366737.55	188223600.1	116058176.6	154799350.9	99442530.73	152149103.1	115958973.8	97903344.51	158865780.5	129549094.9	87372956.24	85530464.98	122847505.4	66072759.74	124113705.7	65555104.29	78310330.32	100015286.6	101896841.6	191733788.4	93110856.16	104151492.2	114439786.4	136486673.5	236933661.5	183808376.8	156153235.5	233766349.4	164936004	171881888.9	153924946.9	94514658.81	146305442	130065676.7	129866639.6	170961025.5	117786611.5	143361691.8
Hmpp0004	C16H33NO			Hexadecanamide	256.26			[M+H]+	-												257362.7425	902305.063	652799.5425	441834.388	434889.065	303054.9215	313283.251	500477.69	889897.1795	833638.54	583715.9485	702561.6755	680396.351	539092.3505	560822.9245	1444962.33	696210.4885	1327738.899	1376730.738	587752.224	410576.6675	354103.4265	942582.49	298679.001	672734.2535	1889504.762	1416972.733	438929.4605	573473.61	708040.273	9865180.146	3537948.727	1660461.587	3535869.428	2723690.327	1447250.797	1412927.092	1999837.416	1862996.593	1008625.87	586154.629	678205.3445	554038.0265	569185.438	710766.0825	1135597.048	1192036.291	900149.677	935711.004	1142737.039	1329882.494
Hmpp0004	C12H17N4OS+			Thiamine	265.11			[M]+	-												10228.274	N/A	6526.047	10500.554	N/A	41744.939	60837.1225	11408.6465	16726.5325	N/A	8837.717	14413.2695	9416.369	26044.427	12869.12	20289.25	N/A	59553.128	22990.1325	7044.969	1559.446	34117	56435.338	24736.111	15326.966	44074.1385	5673.5085	7914.19	2337.5	16364.8375	16039.869	31264.092	11067.977	26559.5975	10459.476	54054.3995	10316.554	7949.0085	3925.244	15866.446	8400.532	7024.8175	15089.559	13433.6125	26182.838	12720.2565	17771.91	20323.65	12058.426	10360.566	8633.793
Hmpp0004	C7H9N5			6-Dimethylaminopurine	164.09			[M+H]+	-												2776744.913	2797413.305	2863761.853	2984556.523	2822648.536	3018520.839	2491257.469	2945879.938	2931125.329	2965539.454	3048159.592	3209077.925	2996470.34	2848138.532	3018727.073	3132165.26	2781004.457	3307071.412	2960422.712	3164290.467	2986345.434	2824485.513	3129782.602	2962656.108	2782332.851	2991226.683	3180170.035	2909513.02	2971832.066	2928334.363	2523784.798	3167841.266	3253147.562	2791421.132	3206457.306	2826511.536	2990045.88	2852168.614	2984326.269	2929815.447	3112602.032	3103020.184	3227545.926	3090155.208	3154902.28	3234832.004	3111928.139	3225502.902	3333381.665	3087632.109	3089212.026
Hmpp0004	C10H10N2O			Indole-3-acetamide	175.09			[M+H]+	-												194473.232	238401.6185	180118.7705	159937.5095	414676.011	345344.6195	346018.1695	432569.1435	305247.794	155731.8125	205878.222	334102.1455	149288.1855	352758.9785	564140.049	407800.51	82051.8525	383472.3475	754127.86	242452.3135	237097.1625	1652138.127	979619.2045	244992.445	332204.4735	965413.1475	137958.5015	154278.023	270363.224	230246.84	148694.9275	206948.1815	184062.692	185465.1435	1121700.284	205260.1785	135350.769	150568.3325	183702.445	49964.587	124004.5735	209693.2365	218402.987	165008.328	288331.208	415808.6325	397222.721	377937.2985	436238.8025	328830.186	339712.9685
Hmpp0004	C6H15O4P			Triethyl-phosphate	183.08			[M+H]+	-												33302.7435	59515.218	50404.845	54154.009	44098.065	98629.7385	93962.5425	55146.479	73379.4055	49289.4505	50201.4565	171084.2205	86672.599	331970.633	202400.711	862250.408	537836.5655	76079.2105	397253.06	77613.4175	28985.909	46175.5105	221197.787	53391.6885	67335.606	252784.5285	75882.23	491056.286	49884.2475	70312.283	58382.912	45204.8225	52984.153	78882.8195	48105.129	47587.5105	50568.455	37434.3685	43078.6235	50726.514	54507.5005	62353.214	58066.0545	44457.662	59853.0435	187734.3305	177074.4505	128186.13	144942.8535	141197.5115	167236.9045
Hmpp0004	C5H9NO			¦Ä-Valerolactam	100.08			[M+H]+	-												166924.892	13370609.48	11933050.15	1585035.243	175374.942	212064.984	22542319.27	76894.6145	204329.5805	264923.3595	730919.956	24406320.14	22323860.99	10729722.48	266133.83	3591016.594	160609.5595	4157797.955	3816656.626	1423854.944	1414973.993	6032716.268	485755.144	923485.5915	302025.067	583977.4255	1444664.375	324966.6675	1213132.045	1173878.088	450587.1045	503667.2365	293058.4755	598884.137	3590254.272	384111.597	523684.745	1572527.837	262083.2735	5262895.499	1961577.678	348894.6945	161927.8135	12282422.13	347317.758	4263716.858	3531524.222	4353131.42	4191344.177	4003420.109	3838588.287
Hmpp0004	C4H7NO			2-Pyrrolidinone	86.06			[M+H]+	-												2128540.095	1687959.295	1611267.906	2235879.242	1886554.105	1555810.078	1634738.254	2290381.235	1794096.051	1893122.026	1994401.918	2296862.701	2009839.157	1662148.317	2792041.768	1844805.635	1000095.192	2594952.438	5738366.726	1331514.917	1374737.325	8740715.215	2739069.565	1722250.836	1763821.692	2594174.18	2468009.367	1191607.6	2264845.793	2112825.859	1761723.384	1625542.105	2060726.117	1583389.959	6784177.43	1604424.591	1901527.94	2787609.825	2004311.035	2417163.463	2169129.566	1836888.357	2442557.466	1809194.091	2551932.345	2341467.917	2737318.141	2935372.486	2559566.093	2634991.982	2392732.929
Hmpp0004	C8H7NO			Oxindole	134.06			[M+H]+	-												N/A	N/A	N/A	N/A	N/A	N/A	N/A	N/A	N/A	N/A	N/A	N/A	N/A	N/A	298503.405	435123.0455	98247.2595	225547.319	1802303.013	183138.7805	162634.6005	727185.908	1123481.367	80632.4145	315795.66	833504.0295	440139.131	N/A	277298.885	266092.49	N/A	N/A	N/A	N/A	N/A	N/A	N/A	N/A	N/A	N/A	N/A	N/A	N/A	N/A	N/A	289908.0865	200809.7345	235439.875	277697.707	388646.1785	216507.51
Hmpp0004	C12H28N4O			N1-Acetylspermine	245.23			[M+H]+	-												25927.1335	106405.914	94635.6725	85404.4025	44769.0075	136423.7845	116557.8055	215350.8105	275644.1565	N/A	76182.639	257459.741	62637.8685	110954.2695	102663.0595	64093.266	235644.271	77337.9335	827077.7815	72876.066	78901.389	1043647.014	52022.706	115328.661	65764.694	59722.4765	6535.2265	229299.623	N/A	11432.625	24743.7035	23766.216	88144.657	32858.3835	1562838.434	100367.952	134797.635	76826.063	70893.566	78961.0615	104681.2355	89088.9025	123903.0925	36532.6235	59447.185	176053.9635	164592.8025	155375.014	167765.8465	132490.8195	163962.574
Hmpp0004	C6H5N5O			Pterine	164.06			[M+H]+	-												40585.192	72825.0515	77803.3845	79109.3565	97919.3555	141504.9685	66489.7335	109150.071	180876.265	95003.066	62989.7695	249755.106	79613.475	95532.4505	332605.28	126904.3195	82500.6465	60929.948	164353.566	27180.7205	48326.09	743943.2685	402531.35	263707.9135	191286.296	425799.44	100386.394	176608.782	83267.333	68385.7915	124589.1695	101486.7125	129920.038	83263.122	4033165.537	36523.116	107233.691	119031.343	110229.997	106341.994	188286.7705	96881.292	104576.43	102673.7895	86090.521	216317.449	283763.4565	262879.2555	239259.4685	290010.7315	252645.0245
Hmpp0004	C13H17NO2			Ritalinic acid	220.13			[M+H]+	-												9771.5855	5517.045	8816.153	9174.76	N/A	8866.148	10364.289	8665.6385	2157.8595	N/A	N/A	34777.2075	9643.127	5914.196	30039.247	51345.0115	N/A	22474.4	14649.325	11671.6865	15622.356	158922.5525	11579.587	9008.033	23260.155	11290.4795	22398.273	3543.4885	25181.099	8921.3715	N/A	N/A	N/A	N/A	27525.547	N/A	N/A	N/A	N/A	N/A	N/A	N/A	N/A	N/A	N/A	14164.6045	20101.842	11794.3595	12979.3	7087.8095	13428.2345
Hmpp0004	C11H16O2			Dihydroactinidiolide	181.12			[M+H]+	-												48490.1435	37247.1825	62444.145	56572.192	41278.171	42015.061	51245.6115	38219.4215	38934.5135	44985.432	56165.0165	38547.4115	35609.5715	38611.8235	25672.307	62026.201	33736.8035	23579.3345	54824.833	67417.139	54494.758	44491.3555	59609.373	39118.4165	40012.534	42827.368	36718.9715	48103.7965	56867.4695	32450.126	57944.6295	24285.84	50274.89	53179.1735	48628.6725	22662.8855	41563.1115	54878.9505	55624.6415	61219.2645	38717.897	53978.966	39736.9515	49992.1025	31968.931	53160.722	27076.7375	42958.394	32342.9045	26709.3455	73203.697
Hmpp0004	C7H19N3			Spermidine	146.17			[M+H]+	-												103003.3835	84550.6615	76125.59	112664.06	90850.287	99974.5255	82729.4815	91138.393	96721.9085	64764.168	84298.7245	206749.83	103162.0755	96041.521	112725.125	109986.755	72708.417	126013.5595	126738.4165	73676.4755	97912.9195	124194.698	106128.436	119747.935	97377.355	117911.571	114340.773	103068.5155	135467.474	105749.7625	106633.172	120943.791	125350.5545	138130.1295	176834.9615	152580.3	114178.983	124917.4325	113166.9835	95175.466	137861.569	148441.488	70243.6385	82395.961	101951.431	125663.367	98577.285	128721.458	100649.7855	96313.9735	91307.5655
Hmpp0004	C7H7NO4			2-Furoylglycine	170.04			[M+H]+	-												16769.471	6800.009	4258.3795	5265.0835	256193.838	10341.1385	5327.377	N/A	7719.7045	17165.0745	7626.467	5246.656	13882.93	9008.8175	12389.972	74863.927	2432.3005	59984.95	3200710.576	6692.5555	14800.5035	65866.7635	88385.7775	N/A	177749.0215	149941.451	7502.842	N/A	12597.5155	6375.0285	N/A	18821.7625	18502.4165	19511.192	N/A	5233.594	N/A	N/A	N/A	N/A	N/A	N/A	N/A	N/A	N/A	67405.425	51379.7005	86876.2045	70906.9915	80175.7885	99834.4535
Hmpp0004	C14H18N2O3			Phe-Pro	263.14			[M+H]+	-												386916.477	221232.6595	323057.8115	239427.058	568992.5835	196274.493	240521.2985	217115.2675	201297.8135	643978.1095	232978.2815	102185.3805	277197.114	261580.4685	491286.9165	469958.9785	94117.2315	304932.8555	444350.673	386598.5435	391893.5965	248637.1855	144973.881	112674.418	987073.0315	118338.4265	205627.835	114756.0155	181351.757	203776.624	247282.9085	294825.165	206809.003	283666.463	867611.673	163891.668	357563.811	240361.811	222330.4355	455966.9105	320257.411	373086.046	312699.718	428957.618	267281.7125	326969.998	352281.3825	281463.3375	300804.674	291276.1355	316660.9125
Hmpp0004	C10H10O2			Methyl-cinnamate	163.08			[M+H]+	-												316504.571	225625.6245	195994.1975	259319.324	214425.364	238734.519	177459.951	228499.488	250295.429	240285.74	310420.2015	226692.424	278111.0185	244140.5185	212664.429	241378.9135	238565.859	274454.4625	242247.757	182068.421	261187.325	303372.7475	252235.8005	263106.8615	237538.2645	254284.2535	225814.4625	240583.24	254279.0605	219909.86	292193.599	307604.3855	237051.874	280247.655	295259.4585	272141.373	248635.367	281979.8735	261947.348	221538.316	298757.133	241838.5765	264606.579	205924.406	247845.577	305498.1455	340648.6535	224597.311	343485.1875	201790.087	275937.667
Hmpp0004	C16H14O2			Benzylcinnamate	239.11			[M+H]+	-												27675.17	31651.558	42605.6085	21750.767	46763.191	66813.8965	38622.969	27598.292	21443.4915	48295.5885	42365.6835	44142.1885	29933.339	33582.042	61467.3505	58584.819	73699.818	30527.667	82962.088	67700.052	60758.8755	50912.19	30791.946	52909.245	54142.5365	43592.2745	46834.135	36342.2245	30576.11	59417.7375	56019.7565	33201.863	46674.7595	58727.5135	54004.0645	49894.9665	51760.407	31786.124	37003.714	38046.045	59487.2615	59512.327	40864.5895	36183.248	49821.6895	29492.1775	56553.1055	36428.5235	37473.7745	32263.486	53640.633
Hmpp0004	C14H28O2			Ethyl-dodecanoate	229.22			[M+H]+	-												1288190.768	1648874.038	1508137.811	1294151.326	1256480.025	1036137.644	1015409.905	1289092.966	941001.7875	1048382.812	978550.2615	1567584.404	989580.7415	753835.1385	759818.57	1226352.006	1382199.398	1384946.447	1430160.738	1682221.896	1424014.216	1874532.111	823184.2125	950794.271	1071779.632	920548.1795	1066008.469	898394.176	1038151.505	1298432.572	1786745.613	1822444.114	1164477.516	1661573.01	1076925.545	1322178.197	1747307.085	1146392.008	1130812.072	1072928.365	1484390.967	1711859.173	1499628.606	950399.107	751532.9055	1437228.095	1767071.043	1680419.708	1085758.407	1448001.666	1450671.22
Hmpp0004	C7H8O2			2-Acetyl-5-methylfuran	125.06			[M+H]+	-												65430.931	76415.4815	90083.9495	173079.144	80006.06	N/A	24453.9265	N/A	148076.743	71374.023	33644.748	38966.4695	30110.6585	17576.642	90324.0445	50319.0835	N/A	31237.1495	N/A	N/A	N/A	65238.4545	39513.3635	27325.375	64780.1115	43007.913	179209.8065	N/A	195222.706	151046.856	309872.837	333787.073	55262.965	334160.346	477827.759	124433.278	119251.8225	100804.909	41438.746	89514.2745	73221.219	105277.331	120663.324	66290.663	90811.6415	132917.351	107798.4565	94540.6325	99743.0105	88586.1255	84030.1745
Hmpp0004	C6H15N			Triethylamine	102.13			[M+H]+	-												158736.013	144345.5875	201167.504	301281.728	167481.5725	145024.828	245640.531	148917.7895	122291.1355	187248.874	124328.4105	140211.4635	137654.7545	116212.329	80578.33	156633.8475	117568.2255	135552.7405	134020.0015	95524.346	124139.297	161546.162	174078.2375	153810.667	151107.8305	164309.269	196217.0555	158271.247	98756.116	168424.8225	160044.1305	245033.221	100539.5135	147025.951	113881.065	141759.748	174217.274	197773.4495	137332.904	161736.6945	201410.7355	171600.086	135787.667	174505.303	236476.118	238390.478	214807.8855	216853.371	169316.4415	179512.4465	195134.513
Hmpp0004	C15H30O			2-Pentadecanone	227.24			[M+H]+	-												841016.098	872569.368	929698.094	884997.5795	787208.278	832326.212	850099.5035	764902.281	992141.32	844831.8	847254.623	939819.0395	808378.597	813318.079	763645.041	909225.2825	793464.745	880400.4095	936786.8355	893749.9385	774646.9225	845604.254	782904.721	870689.7095	841512.2865	760995.0965	828102.652	727013.1975	812458.258	1023747.152	898869.758	924505.7835	871064.8475	975808.052	821073.62	913965.843	914054.516	860023.8285	1054905.577	825236.538	913708.2565	913707.763	960965.078	902312.592	846940.4755	875390.9085	877896.32	933959.6955	869634.693	1012548.738	877026.3705
Hmpp0004	C10H16O			cis-Citral	153.13			[M+H]+	-												99557.482	92366.798	84661.955	61865.4215	84812.3945	113238.375	79882.828	103993.1235	151071.185	84640.784	86115.681	75745.431	97233.37	100337.3155	125981.9045	84764.66	83501.0225	86021.2295	65346.2725	105633.9075	97510.01	92493.0275	89606.9045	77811.7115	63320.3955	131973.8005	125878.9835	92903.6135	145414.9	69859.237	130331.734	92453.818	150979.311	118446.994	94217.948	128602.3435	121134.2405	90950.688	92716.501	109488.747	79166.65	124411.8435	91311.723	79198.27	102203.0395	133617.408	116284.932	85365.106	149197.6125	90237.371	213105.184
Hmpp0004	C6H13NO2			DL-Leucine	132.1			[M+H]+	-												19807301.13	22215643.35	22925238.95	18994638.05	17884136.03	17408449.76	13374248.44	11826745.7	30562844.3	13602782.27	11250724.43	14338516.98	13810700.54	13143700.02	5231650.393	7258397.269	13036211.65	12844944.83	6568101.309	13123294.08	11787712.37	13881319.34	7567783.425	12099187.05	13225484.31	8149081.564	15241884.79	12418847.15	12764355.17	13231656.01	17469435.74	17697141.11	17196832.71	16148150.95	9023274.798	16919359.79	27266075.69	25910791.11	16879015.16	29965842.66	26967617.27	22304098.43	19369782.39	17038830.93	15934496.27	15705585.93	17240488.84	17298544.88	16348595.05	17296551.09	18583621.76
Hmpp0004	C6H9N3O3			2-Methyl-5-nitroimidazole-1-ethanol	172.07			[M+H]+	-												N/A	N/A	5104.8185	12981.3605	28202.593	62466.0725	18805.3195	28907617.68	208075744.5	190271.182	4817.4965	145550.3275	50588.1525	327285.3625	6103.714	85468.0875	99198039.06	178521395.8	59326.211	N/A	6745.6275	8832.356	29635.233	57628.2225	8392.387	23688.7745	42457.8145	78317034.24	25254.2885	35815.737	N/A	N/A	N/A	N/A	N/A	22789.3045	N/A	N/A	N/A	28880.4765	3095942.646	N/A	N/A	N/A	19311.1945	15853382.67	14536496.78	15182504.71	15097599.01	16517346.06	16922516.82
Hmpp0004	C30H46O4			18¦Â-Glycyrrhetinic acid	471.35			[M+H]+	-												401216.4905	262610.712	187733.25	643691.0725	395409.819	171500.555	63336.4745	99090.8115	254714.9515	282969.8265	466342.1705	296739.005	306132.9035	152552.0205	199904.6885	870994.749	168991.239	305784.6175	161929.389	356743.878	309116.335	478519.543	377543.8455	361816.755	388997.624	460878.6815	385296.879	229543.942	450041.0195	483724.829	1030098.18	1118521.358	1427837.552	1183041.593	1426527.571	436142.168	3469316.669	885400.68	347693.0075	459224.382	657190.1585	813274.535	143606.06	266504.0855	595941.2405	484465.6165	466906.2865	317928.501	362411.78	298952.8565	507936.8245
Hmpp0004	C13H8O			9-Fluorenone	181.06			[M+H]+	-												44018.2405	44657.5585	40115.5075	44995.2335	56937.999	42228.184	63671.1745	38490.5405	38096.1235	36808.9865	74346.683	49885.1805	36525.424	37755.201	11818.2145	70251.6825	22822.692	44932.7205	35613.464	72537.291	37663.863	55510.3425	59450.0355	32264.7445	41752.454	52267.277	37612.021	31918.3525	50972.2225	53315.035	53359.1305	65256.43	58413.7255	48506.221	54028.7835	56597.202	27105.405	65961.128	40069.888	25695.28	45496.624	35748.7955	73881.791	41828.61	37314.3935	39227.5805	41663.9715	26195.6835	73498.7255	44233.183	51461.398
Hmpp0004	C4H10OS			3-(Methylthio)-1-propanol	107.05			[M+H]+	-												N/A	411590.453	229277.3845	232220.701	65608.284	93990.4515	165406.5715	115512.0795	46074.4305	N/A	148118.697	1781130.126	574592.096	130297.654	253919.5485	503673.44	N/A	245981.1745	462565.9	415743.533	438829.2645	3256985.576	103635.065	404350.6595	1814900.974	164360.7735	776370.869	114708.56	367926.9965	673272.274	321524.9765	172306.9545	295402.3075	205584.1265	360649.1495	200106.111	290634.34	126444.173	273972.3685	255515.438	340793.54	135253.313	203402.0405	245144.85	163008.2575	495704.7365	658286.631	456841.7195	438950.558	587481.1105	511816.884
Hmpp0004	C11H22O			2-Undecanone	171.17			[M+H]+	-												1829340.968	2316544.709	2457153.802	5626222.966	2726881.078	367290.9605	139759.972	352747.7835	4097791.475	2763479.415	768444.1315	933638.968	782994.6065	300519.4435	1828436.348	1200811.117	211325.0685	630066.0605	533167.2485	355690.0475	386440.2355	1691914.33	442009.2535	555340.5345	1335442.842	445260.0945	5071496.347	271584.775	4622116.723	4761349.225	10262873.71	10645073.83	1764035.288	10427983.87	15643704.78	3870425.757	3660269.295	3138796.598	1716317.235	2334323.94	2496217.559	3619895.77	3552624.8	3041313.885	2061627.295	2947311.999	3160432.83	3108909.844	3084155.086	3259527.355	3233037.612
Hmpp0004	C9H12O2			2,6,6-Trimethyl-2-cyclohexene-1,4-dione	153.09			[M+H]+	-												161107.838	130433.376	110998.4215	175219.2925	129650.3215	48893.6365	N/A	53908.4305	108242.5315	150666.7635	99365.77	174867.002	68740.518	51431.1995	118009.505	119659.916	43839.5145	87053.5085	40971.3285	71803.1035	50600.9055	136899.426	75098.229	51310.2495	81309.851	71168.6315	92815.986	63259.7605	159547.711	166774.141	96267.726	117963.8505	140701.672	135609.757	146771.87	169828.542	160392.526	225828.3145	127289.639	118837.448	151963.18	128105.348	120152.071	134725.9375	135508.6895	125326.184	123929.4395	111566.219	95677.8375	129140.739	106601.6805
Hmpp0004	C14H18O			2-Pentyl-3-phenyl-2-propenal	203.14			[M+H]+	-												152148.083	293168.1545	255918.816	214938.777	260939.031	309835.0315	342885.6735	267844.802	330620.4535	280787.8515	239477.473	290683.9095	203131.841	274739.438	249472.255	375254.6975	358286.872	343222.6025	310027.5855	289043.5545	150144.9095	287835.6675	247462.7745	368869.9405	160025.402	321152.869	197821.956	371885.12	218536.6485	165967.93	744248.5895	839336.8625	711009.4955	636985.5255	423639.115	650818.0425	530280.3245	396795.9675	256083.2465	332234.583	421276.3	319084.681	113475.7435	259489.2345	370299.23	475115.7855	335832.4545	262255.4585	253515.403	201119.012	615025.953
Hmpp0004	C9H10O3			(R)-2-Hydroxy-3-phenylpropionic acid	167.07			[M+H]+	-												128697.392	137365.2555	143141.354	116952.5665	149984.4855	263909.759	206539.4735	106856.5235	101225.49	134307.601	297250.3415	167100.746	180433.661	127860.702	191777.698	172448.779	221241.4605	244096.521	490253.2675	236463.153	265471.09	179037.556	198592.888	138724.1065	246832.096	183788.829	324389.71	327506.9705	311909.6755	245838.2975	75567.3595	167956.335	123471.2895	102309.4635	128465.658	77423.3445	110423.607	117770.015	89456.5185	115870.3735	112015.9295	130904.246	147822.9035	110646.392	136484.042	582316.749	244901.652	336821.3335	395419.772	492998.8315	607817.3145
Hmpp0004	C16H22O4			Dibutyl-phthalate	279.16			[M+H]+	-												35527084.7	13479897.64	29667298.91	27947845.65	15080230.3	3155399.559	6025124.877	16761409.39	9157130.428	20699569.24	35577365.44	14563398.4	39721414.18	17111705.39	39093621.81	8328006.248	57341124.64	17562112.52	41714162.58	24594443.12	4795243.745	7377240.984	11151636.2	2491927.011	17000951.26	8717816.777	13762902.48	9601861.339	37423267.58	21502133.96	47127047.04	21325007.06	36306967.18	48549276.58	58392106.6	31847240.05	54898411.88	71138932.24	28452644.05	27008399.3	24547912.55	4511794.051	24136456.36	16319201.41	39719310.15	27545987.96	30323657.16	36281847.46	29035966.8	16572503.73	18814503.76
Hmpp0004	C7H12N2O4			N¦Á-Acetyl-L-glutamine	189.09			[M+H]+	-												183940.853	135679.1345	198029.4465	224194.019	356269.946	506521.726	403045.675	285555.8525	193570.192	300273.576	179265.0565	338705.9075	312970.559	460926.4725	463114.4405	247125.49	36746.975	153380.826	842534.0035	446606.3085	331347.122	466598.084	1068689.547	419892.256	441971.6645	375336.5695	240906.372	102218.445	150787.4585	157595.7075	141056.9535	329382.622	143897.674	N/A	975613.4185	148500.9655	164145.814	135835.8555	164066.693	239084.07	212171.7405	220408.538	204840.063	352734.87	N/A	177778.282	358909.059	304576.4285	220962.4075	213986.223	354922.973
Hmpp0004	C18H39NO2			SPH(d18:0)	302.31			[M+H]+	-												775324.4	653443.4515	851134.229	951656.926	651914.689	648212.3955	584343.9485	685151.117	738683.016	824580.1075	650991.8775	606414.403	628407.8495	483509.6365	917232.2035	852536.5335	588614.078	704560.0155	604519.1995	697835.6335	733160.671	657943.5425	575201.913	683595.8765	704161.2875	490330.911	590797.8395	749165.1415	731413.881	740447.292	1099985.451	755300.2565	891775.9545	884372.277	890464.4725	927961.436	815808.358	863812.987	755321.423	681077.7685	856267.1405	684664.0145	658146.862	873210.1905	749219.134	629058.688	802604.341	720085.111	685399.0685	653039.0515	925969.0115
Hmpp0004	C14H18N2O2			Hypaphorine	247.14			[M+H]+	-												2798492.894	658017.0115	720145.907	694895.9715	1859911.023	1459009.444	1735022.271	665685.068	1539177.991	5214969.242	636808.3115	149674.948	1112582.282	1286943.985	2968999.452	7379210.059	957698.8825	1488789.085	134717.892	1042738.055	1021782.438	279441.01	268138.845	23385092.79	15968769.02	277383.1095	471391.5405	8366345.982	489602.1605	409399.689	10500036.16	10596765.25	2603643.511	10363527.56	4229430.509	410495.7505	3766140.773	7809174.449	2318091.846	6576170.849	8844872.49	3672278.946	3552867.872	1777173.44	13991145.76	4469781.063	4130598.794	4441535.188	4349648.032	4168929.658	4577928.997
Hmpp0004	C6H4N4O2			2,4-Dihydroxypteridine	165.04			[M+H]+	-												61413.662	48175.8075	36774.3975	73794.9915	98290.503	46167.649	48326.3625	53638.402	62729.816	71846.0565	44758.393	118814.8045	25661.406	42891.9235	42709.614	73176.14	48105.3725	58558.486	51270.2735	35356.456	35289.9735	106172.846	75554.653	62718.8655	57388.673	48179.733	62441.95	40140.3565	94344.839	77147.702	33785.814	49247.844	50681.0415	51503.18	43964.6135	37691.5825	74745.102	44776.206	43855.598	48900.1915	48682.689	75193.533	25743.369	73125.5885	57591.89	59473.4425	49252.404	65504.5495	39831.199	98479.8455	61888.21
Hmpp0004	C5H9N3O4			N-Amidino-L-Aspartate	176.07			[M+H]+	-												83486.293	70962.136	71405.174	164106.755	117553.039	71771.3155	80903.9145	150527.4295	95163.837	97951.854	58761.072	71834.0145	61207.8905	127204.321	263499.703	407815.1945	22002.4715	158900.2325	95511.707	74987.168	77036.859	759856.8145	922534.315	81811.375	768616.276	1089835.102	105019.783	53014.789	81969.3965	93063.02	141050.977	132069.836	120681.8145	148076.81	2176166.581	79626.3095	84944.176	90974.9965	102944.7065	N/A	101796.118	61612.7955	92509.311	118475.0075	68281.7035	260115.9135	310068.4645	324352.4055	183341.723	271108.437	203054.2225
Hmpp0004	C21H30O5			Cortisol	363.22			[M+H]+	-												816791.98	1239234.309	1134484.442	1328816.046	5330540.212	1115997.347	1358966.823	191738.6635	2231461.332	431101.411	907955.557	1994300.487	1477026.886	1207858.126	937773.097	1407921.602	671085.224	983064.006	553053.34	1265585.653	1191730.817	357089.2525	573176.8935	1230221.254	1444839.586	549038.5015	1041878.398	834761.6575	815061.8165	766995.7945	996710.1735	1085311.61	1574050.781	1078336.554	1502377.645	662022.584	2113333.025	206976.5965	1272568.377	1211670.014	954901.84	1959619.138	1520833.348	1431339.781	1583884.577	1249358.889	1221001.933	1336644.382	1259001.309	1285676.926	1241526.491
Hmpp0004	C12H10N4O2			Lumichrome	243.09			[M+H]+	-												43417.259	75738.1775	91122.8575	126523.2615	84160.7375	93328.412	80161.771	106127.7645	93811.762	70836.929	58999.584	118611.9455	64064.0425	91386.227	65787.879	99707.4955	47522.054	157347.6505	86360.0985	63841.772	65203.5535	101086.51	106263.1575	97774.1615	135976.6195	129738.017	68938.9185	56182.7425	60247.2565	60641.539	87259.394	95299.743	85975.784	92272.8695	79921.748	100476.4415	56930.829	90899.336	92853.081	169239.2285	90022.428	64650.801	61244.456	105737.9075	87052.329	134420.712	127243.1585	143714.7585	126992.9775	131064.8405	150346.0805
Hmpp0004	C11H13N3O			L-Tryptophanamide	204.11			[M+H]+	-												87334.967	148742.437	119032.369	80182.7315	89083.6905	39077.2985	107125.9115	44288.296	60330.8415	83623.359	77319.096	N/A	43506.11	48947.0985	76669.4625	55731.832	49277.607	120144.804	30622.321	58086.092	58421.1905	26683.3035	58168.429	64165.453	109002.2625	64665.832	81491.595	43057.1325	69029.7155	102568.846	66237.9175	77759.327	113889.669	71451.488	68876.0765	104973.5495	92283.8135	81837.6585	97578.049	116981.1875	80267.5755	92848.588	107888.3005	139752.207	158534.5215	78026.778	97094.01	71681.2845	80424.5165	78545.0105	92089.873
Hmpp0004	C10H18N2O3			Dethiobiotin	215.14			[M+H]+	-												590753.0535	482989.689	459812.807	505596.7525	628998.9455	573255.216	511788.1145	528540.3795	673306.5965	485448.5595	508743.159	544751.755	613046.4115	683140.008	518476.274	548268.535	641373.033	444097.1635	564335.459	573422.754	489490.8545	451255.2785	417477.275	475773.348	586504.2705	505663.9075	432996.9485	501569.1915	369979.721	508526.958	485360.212	549194.9985	444969.663	605922.5125	507888.161	460705.0385	396537.5585	479226.036	447494.2065	533965.828	517272.2565	536989.5555	508891.009	486731.925	513832.1825	551386.682	517832.6895	392356.307	445827.761	550012.999	541592.878
Hmpp0004	C4H9N3O2			Creatine	132.08			[M+H]+	-												5157121.762	9838103.311	9941914.648	17785446.8	33451952.78	1479650.7	4234665.744	4319870.685	6639865.838	18767948.72	10199826.27	25550968.85	6404415.747	3922640.797	2191400.331	38778210.68	2748247.327	23849892.48	24134418.6	12607604.78	14781832.86	2721433.277	11406544.59	1526385.821	18841476.2	12841393.45	3416615.498	2796915.032	2670654.555	2007801.963	14909510.87	9585719.809	8782022.02	12294356.74	2298495.226	3711615.497	7199822.315	9469227.901	8275267.082	16826048.08	13968480.3	4837656.403	6147268.984	8002762.309	1974521.099	12998591.09	14748677.69	13439479.49	10268013.41	13471012.45	8996523.987
Hmpp0004	C4H9NO2			2-Aminoisobutyric Acid	104.07			[M+H]+	-												24271.899	69246.1055	45568.814	36437.9275	42438.0705	16765.827	43933.6075	67782.4135	62741.896	31437.338	N/A	48630.358	37458.343	31091.5575	37765.1485	N/A	56776.908	31003.6245	N/A	47635.4205	29235.734	18640.25	27129.345	37189.6	25296.1745	40405.2155	N/A	45837.736	22327.8525	38251.7645	40058.207	31325.5525	49413.875	58645.6955	52606.262	13634.2555	24261.303	90083.2015	41591.952	82327.437	64436.047	43146.5165	35269.1645	29871.306	36344.4705	34560.19	29004.6585	22705.5	29157.8815	21681.4425	62656.4115
Hmpp0004	C16H19N3O5			Trp-Glu	334.14			[M+H]+	-												289345.0935	254368.8705	169474.492	809173.943	292567.3465	315972.027	337961.183	110424.856	296367.03	424262.053	251581.6045	503986.8605	69145.946	214101.3785	607442.53	133489.1275	41616.691	58346.871	544960.912	101854.897	74444.601	191318.878	276109.585	407126.563	603222.2195	235895.2405	825957.877	139361.651	620640.3145	717036.2585	681673.4585	704159.0345	398793.3245	625143.0355	659548.423	368497.584	395361.406	148583.7035	300637.791	129390.2	89214.9605	291930.376	467224.4385	475231.07	166745.79	360206.9615	435397.604	391148.6145	383252.054	389162.888	408890.862
Hmpp0004	C7H6O2			Salicylaldehyde	105.03			[M-H2O+H]+	-												N/A	N/A	N/A	21057852.94	N/A	24664178.17	N/A	2877809.422	N/A	N/A	N/A	N/A	1838274.822	9434130.934	N/A	632168.0945	121481.776	3475507.106	9960932.352	2497022.245	2142624.987	3572353.154	273425.362	411578.2925	1787193.493	269985.28	696823.865	N/A	N/A	N/A	N/A	N/A	N/A	N/A	5530050.333	N/A	N/A	N/A	N/A	N/A	N/A	N/A	N/A	N/A	N/A	1946712.931	2439406.462	2245067.892	2248891.618	3111802.686	2458894.432
Hmpp0004	C7H6O			Benzaldehyde	107.05			[M+H]+	-												5938175.199	7279096.035	6729165.858	12724880.54	8851312.072	10698661.5	7545666.667	20816483.5	10125592.12	7059087.934	4771606.546	16420720.85	5833978.221	8359591.555	6076181.081	6706315.796	7504890.036	6611977.95	5049525.787	5909315.165	6210929.749	6792175.928	6769677.15	8431996.045	9352045.793	7759235.214	8303311.563	8204076.04	7786806.981	7706267.262	6423013.52	6186656.947	8435618.502	6368950.797	5451600.344	4070941.613	8091958.744	5681775.829	7213566.378	8185816.027	7313431.564	7764534.767	6390791.944	6794020.514	6852526.222	8527138.773	8345900.99	8358704.927	8098141.161	6732688	8107794.459
Hmpp0004	C33H34N4O6			Biliverdin	583.26			[M+H]+	-												891774.0875	1484704.589	1927466.069	2395888.456	2236965.545	1772993.565	1264952.757	1780837.88	1044213.07	2399069.286	1151618.96	2528873.303	453163.953	1603094.141	4358880.217	1312561.047	1433564.423	831397.3025	509869.886	1327526.993	1398100.013	446087.974	1755426.427	2100576.934	502728.2685	1498346.738	2112374.927	1901457.095	1752718.561	1542335.465	1270960.339	1206859.567	5467728.429	981041.1645	1427969.383	1066616.036	11745135.5	2244308.64	2635572.457	1229131.32	1654563.67	8565112.548	1418775.122	1108212.154	1323217.933	1688106.983	2239638.511	1711735.448	1456066.629	1409071.535	1510032.164
Hmpp0004	C18H37NO2			SPH(d18:1)	300.29			[M+H]+	-												407550.774	764755.292	776736.796	2789827.423	634754.256	365794.2425	867494.5835	573457.5915	1382918.845	2380722.425	1043684.571	547994.84	1136263.988	695828.5945	3107774.594	1957136.857	207003.928	526972.252	1418424.584	624979.734	531239.1585	1015056.788	458787.213	1663552.009	1283712.842	574523.28	2127488.778	683407.073	1825643.072	2174053.634	1591985.88	1725870.86	1091020.795	1474007.684	1986171.35	1261329.412	1491344.336	1148815.432	824844.881	1150469.445	846933.101	1108552.04	1421236.576	2268302.152	1272901.277	1461219.403	1309556.836	1113134.925	1027075.055	1719821.185	1038711.402
Hmpp0004	C9H7NO			Hydroxyquinoline	146.06			[M+H]+	-												15034823.7	20549714.64	18901652.31	13180969.09	17404397.92	9901947.62	13580257.23	11369879.97	11028842.84	19242882.56	11769204.57	2355486.724	9947844.002	11577582.1	14430113.92	7045586.832	7789724.375	19092326.9	6930500.44	9973120.37	11430658.65	7567760.763	12007322.95	9528146.777	14779800.75	12981780.45	14665967.6	8225913.98	13926909.52	14551757.89	12829748.51	13173539.46	17625611.13	13808932.35	12463325.28	15461588.51	14464430.14	16592035.2	15143864.79	17827647.72	11843760.93	14399813.83	16814684.71	18740643.47	19245713.46	14748578.74	15031734.39	14702920.17	13900704.47	14463978.64	14166226.94
Hmpp0004	C9H7NO2			Indole-5-carboxylic acid	162.05			[M+H]+	-												18478.6155	18752.6775	21252.2975	43347.3465	29123.738	30212.552	43945.5845	17966.814	20240.69	35955.712	15292.0705	24253.7265	24619.118	36831.1685	27888.6585	32451.569	12141.7755	15042.7635	39564.67	39165.5625	20688.9915	41499.067	66831.2535	24144.936	39788.5855	67595.513	37031.703	10748.113	21224.554	29790.411	35273.4795	26863.681	16640.344	28963.2545	59391.6535	33460.0615	36934.8325	22708.4765	18981.87	26757.2365	26203.339	28151.3215	33100.018	19544.9575	23115.5545	30380.2865	22234.582	20707.649	25269.6695	23491.5985	35869.152
Hmpp0004	C13H15N3O3			Gly-Trp	262.12			[M+H]+	-												28146.9115	8896.781	25535.8885	31353.404	25834.3255	463253.9965	10322.0365	24200.789	25813.811	13984.2165	13816.9145	4245.4185	6555.5545	162746.0905	9019.018	11122.478	441649.1355	7378.6825	15420.7635	104924.353	125764.322	121898.262	20366.413	12831.193	220327.8705	8861.7025	19359.565	320618.287	19213.1255	11135.0635	17370.699	N/A	32829.7335	20016.996	30905.438	23597.467	13310.476	44436.3205	26907.509	20548.0625	29521.291	7931.13	10738.3325	36558.608	14292.0515	41420.8605	102693.9325	102833.1565	76157.0085	72959.174	40277.2055
Hmpp0004	C19H37NO4			Carnitine C12:0	344.28			[M+H]+	-												659474.529	1011627.814	1143795.736	879767.3525	1603497.029	2265011.212	2175275.393	2961958.516	1258173.755	956992.997	843532.707	2603679.006	790484.411	1925422.857	4761348.759	725964.177	1326021.222	608254.366	1298980.748	1943737.838	1862825.338	3287623.879	1005608.841	857383.7195	519711.665	1097711.361	666256.2995	1120888.493	543484.256	509463.693	948142.955	1010631.781	3114884.069	989318.6555	3316098.884	976211.1705	2687223.402	1420335.556	2664663.963	1208079.441	1508941.598	2295070.678	1518883.647	1371084.033	1688712.129	1787371.197	1740875.002	1701601.03	1718428.286	1568358.459	1638581.199
Hmpp0004	C12H16N3O3PS2			Ethylazine	368.03			[M+Na]+	-												5300.422	11380.159	8641.996	20099.287	37243.313	59971.415	N/A	28875.155	37911.3395	47752.758	21940.1	N/A	54345.0455	50997.143	40397.735	43927.0525	14077.977	16417.446	110634.7365	31749.7515	32430.098	592639.495	33023.338	13724.9785	158420.46	27226.4065	13823.3305	N/A	N/A	31340.3555	46983.654	21513.6365	9983.3405	33594.428	108452.405	8464.5235	19823.552	19177.2075	5541.927	21127.356	43857.745	9507.6705	N/A	22200.466	18100.857	73310.3325	49422.999	56023.145	47509.5305	41325.7655	50736.7255
Hmpp0004	C28H56NO8P			PC(12:0/12:0)	548.37			[M-H2O+H]+	-												698974.067	305894.4315	300362.067	327963.644	189748.4495	536645.503	304987.6085	475720.9585	282594.0725	140126.4145	90155.502	136173.8875	97093.811	308427.162	287402.043	N/A	N/A	543838.979	N/A	N/A	470899.002	N/A	N/A	N/A	N/A	242826.7475	N/A	N/A	372829.834	402698.817	329924.838	801432.6045	273299.4425	740329.172	279541.667	582745.194	234283.6645	176620.7375	165019.406	189780.6445	117187.921	223924.9365	510924.7505	292933.1535	291781.655	298974.14	166859.579	391199.1245	333408.5875	310890.0245	466090.095
Hmpp0004	C5H7N3			2-Aminomethylpyrimidine	110.07			[M+H]+	-												2170538.569	2362047.935	2263485.304	1902703.965	2232755.668	1057153.973	1455916.882	1494129.746	2766631.513	2398298.46	1162072.22	1821937.879	1387730.159	1245592.54	1991272.367	1054839.819	1011934.398	1259015.985	1148725.508	962043.7415	944514.8105	1865606.081	1520986.838	1566813.629	1256837.24	1426956.352	2067149.785	1133228.906	2121528.115	2028474.035	2339515.39	2267484.146	2241555.474	2431593.461	1727855.394	2218646.542	2168977.121	2581679.412	2364928.803	2935722.195	1908824.618	2154101.988	1742596.701	2335598.247	2100644.287	1750048.485	1958186.692	2110573.682	1858933.885	2217881.188	2284456.041
Hmpp0004	C26H43NO6			Glycocholic Acid	466.32			[M+H]+	-												240268.2625	1103985.35	1878710.252	4472009.288	4587528.26	619395.201	3372291.137	154916.53	730727.2595	7213310.179	4211087.495	381015.379	83706.247	2961381.588	2544560.627	2204379.587	614272.259	993131.989	43160.8005	2615987.947	4584499.832	12536.0165	438109.9615	1342471.114	274603.034	305497.6375	8917103.671	584372.3675	14832160.36	5262858.549	739878.057	636203.88	152313.3675	151718.817	154555.977	40688.72	621788.1375	629999.0535	47172.2515	95857.0015	3240386.34	325394.638	53698.0205	354066.598	4367638.087	3711575.555	1195729.102	2091243.293	2320502.272	1476106.084	1082112.126
Hmpp0004	C10H9NO			1-acetylindole	160.08			[M+H]+	-												3521811.254	4547869.449	4174987.97	3325252.331	3986953.853	2256096.166	3500172.679	1974648.413	2899682.905	3886475.363	2763939.911	653950.459	2610721.37	2696535.841	2811506.393	1975925.01	2435564.534	4368464.181	1593632.132	2962094.333	2921297.747	1521691.333	2607590.968	2673764.114	3513986.423	2634073.171	3708486.218	2614193.661	3691996.923	3539481.387	3227492.966	3570666.74	4243506.349	3532240.344	2702498.024	3877513.002	3684403.424	3933782.834	3577480.983	4179515.55	2913012.74	3641552.353	3635415.274	3876374.596	3948898.31	3436921.396	2993879.565	2926204.914	3161982.696	3461662.314	3256774.192
Hmpp0004	C7H15NO2			3-Carboxypropyltrimethylammonium	146.12			[M+H]+	-												909407.355	810587.299	710531.215	734190.8105	945180.6875	666404.1135	378033.951	602929.7455	914143.8755	865384.331	721752.058	756717.809	844731.214	659145.0495	2581833.715	965412.849	371122.7735	686024.77	1377615.345	472495.797	647443.3995	1570671.944	620831.039	518289.962	1175996.279	841031.4175	1052100.584	749475.0285	714588.562	747694.6295	791331.443	461052.7385	837083.382	517250.086	824544.027	241235.77	1309844.006	553561.7745	755858.3655	746448.811	609444.6145	955242.36	520298.4595	683015.0715	792607.719	1033287.992	1210211.829	1213494.711	814150.7465	1270627.746	715672.107
Hmpp0004	C6H13NO2			L-Isoleucine	132.1			[M+H]+	-												1592849.535	1945295.232	1954097.157	1359649.528	1400655.897	804879.4295	861577.985	659831.069	1948923.285	1044844.597	1285060.872	1242138.25	1159376.779	968096.7425	572139.3445	522607.863	688504.484	1300645.881	473930.484	1291842.464	1451967.557	579227.7995	509938.7325	1063738.649	1178511.678	751093.3135	1389302.83	912551.347	1171766.587	1280627.703	1483215.211	1150506.978	1469979.892	1463146.767	1167425.775	979226.9785	2261688.405	1913997.72	1382302.301	2662867.515	2343888.9	1974826.905	1774442.139	1386747.935	1347133.821	1301612.282	1342294.093	1299351.313	1334329.584	1388045.145	1163276.043
Hmpp0004	C4H10N3O5P			Creatine phosphate	212.04			[M+H]+	-												27248.993	9869.5675	9145.162	N/A	27694.7	71807.491	9158	49041.6605	5015	7420.5	18302.006	13943.113	6810.74	59744.5765	141169.937	56004.874	7320.7205	7550	82073.7505	11673.023	N/A	641237.3	531376.7035	13946.1805	292956.874	464197.4035	17135.846	N/A	N/A	8551.41	49477.0145	37667.069	N/A	21420.0175	393562.207	3880.363	8951.043	17732.4015	8668.085	N/A	15826	19833.5	29406.706	27642.1865	21017.4435	76282.441	68542.03	54298.17	100684.077	67583.999	67261.175
Hmpp0004	C4H7NO2			1-Aminocyclopropane-1-carboxylic acid	102.05			[M+H]+	-												78332.7665	19701.5005	62110.395	61005.5065	55582.9285	45519.0285	72883.755	655082.858	96275.347	114778.8875	137450.0725	329128.1925	56904.7115	88798.9015	81306.953	92350.597	30434.8535	108426.0985	819014.474	65062.6125	56512.9465	498016.1085	36076.1275	46709.239	28769.8975	44051.032	72250.523	48398.5775	65996.0705	47796.112	69887.3615	38399.395	101124.0845	41226.365	78919.8625	79625.3425	55815.231	64026.2195	79782.9555	68369.145	60184.4455	N/A	54019.648	75427.7175	61820.888	138363.9155	104749.19	122834.994	151118.3825	60890.973	111416.5845
Hmpp0004	C5H11NO2			N-Methyl-¦Á-aminoisobutyric acid	235.17			[2M+H]+	-												1565968.42	472095.7075	485722.3965	849818.3075	245541.7415	268383.42	5836142.379	248490.3375	1023990.229	689951.392	966236.0485	657419.5575	2791042.563	1771817.211	277815.223	406027.1565	232593.2665	818098.5905	577563.988	791201.589	710529.9805	682806.1545	761547.355	4075943.77	187364.5125	494311.8625	1155582.162	1008472.331	1318418.817	1352839.42	777799.9635	722733.824	815209.69	763910.7345	392332.564	1697877.824	1290804.892	1485913.738	780117.318	972635.8955	947154.4295	1905747.003	1711872.174	1489385.461	3655194.449	799047.827	903367.663	692913.482	784244.4855	840348.817	522103.752
Hmpp0004	C7H16N2O			N-Acetylcadaverine	145.13			[M+H]+	-												N/A	38368.923	28348.832	28407.9655	51469.3075	47354.5865	64892.2295	N/A	N/A	42738.505	50830.824	56117.1525	64029.154	53844.9035	63206.4055	52814.6435	42376.4165	66946.3335	269802.3475	40159.1555	32679.503	366891.044	121512.7025	53410.988	N/A	144869.068	46863.436	40952.6135	31097.65	46743.1605	19457.5925	N/A	N/A	N/A	37343.868	N/A	66644.248	34928.64	46808.7725	31364.941	19908.0085	39617.3835	30263.343	53142.339	29060.663	64031.942	90394.494	78945.9055	66253.2555	62530.2275	60947.898
Hmpp0004	C10H17N3O2S			Biotinamide	244.11			[M+H]+	-												225869.264	169069.799	202791.9585	346160.305	275921.5395	146692.9045	285655.702	876503.0005	171026.14	686262.4795	107948.273	289915.832	248774.3555	351330.6015	705140.6505	1983953.086	48711.6625	605156.1845	588496.489	348338.5365	331343.852	1107476.746	396658.138	79194.444	1439116.81	395730.3935	168617.3365	54999.6985	187526.589	196477.4615	462816.951	620666.0305	98816.598	559535.8065	726492.6075	116364.486	228694.546	186789.64	100644.55	631150.248	502986.554	227665.23	232198.6805	670597.867	313501.367	426775.049	434655.5855	396403.2875	446330.6885	431429.349	497852.3955
Hmpp0004	C20H36O6			8,8a-deoxy-oleane	373.26			[M+H]+	-												745733.3205	822297.8695	651577.902	256736918.7	1019501.834	1029168.721	1407035.027	544041.3485	774237.6695	1225173.102	1736104.311	838691.8715	2794013.278	1133754.763	958979.18	2444393.753	765504.7145	966504.462	835425.2165	1375458.502	1690357.328	1052482.991	778580.503	2949058.445	2104443.872	756367.404	1593143.881	1528249.487	1592480.351	1829560.751	1259346.475	1298129.903	3322305.392	1221554.4	1172621.877	1227802.121	1406113.467	1103859.11	2506955.614	1031325.771	1445175.288	1286196.073	752522.7565	1677775.018	1123445.339	9537845.959	9505492.535	9174906.932	9727883.318	10027191.23	10822271.11
Hmpp0004	C8H8NO4P			Indole-3-phosphate	214.03			[M+H]+	-												N/A	N/A	N/A	7642.9355	N/A	N/A	6792.795	N/A	N/A	N/A	N/A	19444.6135	13953.647	N/A	33818.804	36916.3675	3939.867	17214.1625	144570.125	3276.9805	N/A	38394.381	101974.432	12780.1835	27095.018	71761.6595	49939.5865	N/A	33064.8455	57466.7625	N/A	N/A	13860.205	N/A	20791.152	N/A	N/A	N/A	N/A	N/A	N/A	N/A	N/A	N/A	N/A	15534.4565	16431.946	27674.5885	11765.834	22266.855	32084.775
Hmpp0004	C6H10O2			3-methyl-4-pentenoic acid	115.08			[M+H]+	-												96342.1945	96891.885	82723.25	190713.1615	134941.0585	N/A	42149.501	N/A	160541.7875	132096.681	57671.299	33930.6635	54501.745	25452.838	54400.085	12855.1015	13794.699	68036.2075	34892.3295	36772.832	N/A	63627.636	N/A	35937.1565	47698.56	55235.4985	166951.937	N/A	118911.674	187531.6685	132114.6155	64748.6555	95714.449	118142.044	181824.0415	125372.616	137154.1395	141246.184	92169.839	106270.129	125081.7835	168225.5135	85487.113	115272.6365	88007.069	111848.062	68031.2615	108953.832	98139.22	83426.9405	68612.534
Hmpp0004	C33H44N4O6			Urobilinogen	593.33			[M+H]+	-												N/A	8199.1895	12101.5355	1066906.012	1220.1535	N/A	7014326.217	7318.9765	109171.2995	11841.5995	677990.1555	N/A	128354.8775	2108392.065	346200.312	6700020.217	4125.6045	490546.7135	1207.205	4125964.604	3357034.317	83876.4715	2448.174	N/A	281194.976	N/A	36701.6655	4879	44397.5345	32945.1765	2372541.016	1582972.608	10123.742	1743365.748	2805.4645	3652.5	703539.369	15179.91	11646.657	3952710.737	2987816.02	702234.7125	3652.5	2644983.569	4871.3375	1063263.181	1117221.781	859185.2625	1137263.509	1194978.083	1178220.517
Hmpp0004	C33H42N4O6			D-urobilinogen	591.32			[M+H]+	-												3614.2875	72275.5295	32260.5665	1826957.242	1575.606	3889.111	546282.867	70461.8155	731549.845	7377.4365	1029280.368	2083.75	630750.869	263108.628	81300.851	315106.6865	8688.0155	239307.4935	N/A	148881.6735	634664.7575	238895.523	N/A	N/A	27530.6195	N/A	24501.8155	N/A	31418.251	26077.987	301878.994	350473.115	N/A	133590.2305	30654.1265	5247.308	66123.6155	3222.0215	1217.5	261719.9125	99878.373	45484.137	2305.503	8022025.059	1623.594	408457.1505	587324.7415	666571.6085	387342.686	504651.704	545645.783
Hmpp0004	C14H18O4			Di-n-propyl-phthalate	251.13			[M+H]+	-												7937768.761	3996347.1	4080247.755	4827088.697	2587922.094	4970066.13	3015625.393	11245619.03	2977665.286	2978570.89	2047203.189	5527826.542	4246333.142	4705849.415	11790376.12	13263881.96	1457977.907	3672715.995	21887736.43	2567059.744	2693344.386	14199376.69	28785117.14	19794716.37	9665107.92	27757629.85	2326659.69	6653793.811	2023444.509	2151292.367	12594114.05	13336727.12	1464989.548	13502415.53	40118514.11	3930556.101	4383683.052	8229801.599	1233509.881	3762876.334	7844468.287	3708676.108	3291704.735	3024572.371	2080421.627	8678019.715	7854937.579	7506231.836	7699227.162	8729999.863	8880548.035
Hmpp0004	C12H14O4			Diglycidyl-resorcinol	223.1			[M+H]+	-												37899.433	41623.679	43097.722	N/A	27013.2855	51173.75	N/A	55220.0225	N/A	23277.239	17339.5825	185502.925	32420.773	37643.9885	331464.26	147554.4925	N/A	59494.922	147536.017	13546.923	5382.0035	532032.288	599141.479	119312.5185	49634.028	720394.1495	14730.816	62954.5785	16178.3065	26048.2345	63990.7155	56031.39	15385.9935	54196.6305	258757.918	10149.532	39443.0115	64290.3215	19851.2685	46211.4395	29477.0285	31039.8835	N/A	16685.0415	N/A	62825.47	134224.0225	96679.9155	87762.912	99229.3345	98902.73
Hmpp0004	C10H12O3			Coniferol	181.09			[M+H]+	-												N/A	N/A	N/A	N/A	N/A	38277.14	N/A	N/A	N/A	N/A	N/A	48789.342	23915.3865	N/A	134583.765	51124.2125	21521.4575	19768.121	280385.281	9981.004	9124.293	564806.454	42801.282	8799.131	21654.688	65471.923	N/A	28848.923	N/A	13632.941	N/A	25363.7535	14260.311	11587.489	518260.6985	20145.992	18460.68	44738.4065	18101.1215	N/A	19640.683	22557.6205	17850.4875	27664.9035	11908.5965	68505.4555	51113.8595	64022.534	59198.2545	56721.478	50852.3695
Hmpp0004	C10H12N2O			4-Hydroxytryptamine	177.1			[M+H]+	-												N/A	N/A	N/A	N/A	71396.999	6981.841	N/A	N/A	N/A	16688.55	N/A	N/A	N/A	30475.034	9942.8665	3097.548	12705.2295	7124.13	13157.822	38045.222	43107.701	62194.6255	N/A	7947.4465	28968.396	N/A	23749.2465	11641.7375	17822.3925	27758.2635	5546.856	6228.849	89485.808	4045.109	10767.5515	1584.4585	127350.976	10435896.87	187149.566	N/A	2273713.211	155298.8715	2234233.284	29955.5765	2705914.714	455481.3925	494615.1495	489674.279	444921.1125	492118.028	447060.9535
Hmpp0004	C15H22O2			1-Deoxyvaleric acid	235.17			[M+H]+	-												323429.5445	375545.7885	379277.409	365614.0795	386688.2165	443806.9975	448654.614	379958.0075	364575.5455	299918.207	479633.3535	444542.468	539408.759	467798.8695	373183.498	551410.461	553536.995	453205.138	614803.3695	588309.364	377668.277	377470.0725	422375.193	474588.8945	514599.3095	488942.6585	399740.707	489495.2495	417420.1695	445786.869	706046.929	803578.376	765468.5025	674271.689	774705.4115	622208.348	678720.338	434676.243	498898.8535	403605.322	408008.475	434918.8945	355500.22	348799.363	329092.71	483176.2695	393245.325	388459.189	372250.744	430602.032	469267.2035
Hmpp0004	C7H5NS2			2-Mercaptobenzothiazole	167.99			[M+H]+	-												164257.8635	118411.1765	105535.8445	156008.026	126625.8015	186433.127	118390.0005	5668.323	98782.287	49508.211	29864.8525	17210.7085	255666.3205	120544.2605	39233.263	9708.1445	6389.9975	127800.898	109417.762	71852.775	92253.5935	10026.376	2920.5	125904.206	114514.1685	N/A	16716.5455	33910.7715	16234.701	28029.9495	152541.4855	164565.5495	103429.567	156614.2095	76161.633	34604.0825	75973.7815	78035.2985	105934.049	22905.742	50439.222	70028.163	16324.392	64457.213	54113.175	87780.904	76193.881	84579.844	96651.648	80364.358	78014.7025
Hmpp0004	C33H42N4O6			Urobilin	591.32			[M+H]+	-												3163.598	80837.245	83962.4025	2919517.319	2431.842	7106.7955	21637883.57	20970.2345	412796.1835	33170.9775	2682663.249	3959.4655	365726.107	6734178.582	1397118.107	22848531.49	17748.729	3230002.856	34964.1195	17483708.37	18811598.5	1303437.39	N/A	6847.8125	720324.5975	6584.221	98132.474	11867.385	126207.363	113825.747	4150096.939	4278892.028	51579.73	3851037.553	30395.472	12531.983	2640584.953	35002.227	43818.2295	9144763.232	6927893.469	2572753.219	6681.825	6080186.368	12589.902	3595461.769	3858537.878	3345348.163	3559670.88	3784827.308	3852517.993
Hmpp0004	C27H44O8			20,26-dihydroxyecdysone	497.31			[M+H]+	-												31805840.98	34990932.49	29219283.5	40437887.54	14178934.41	15575436.7	15171570.79	35820469.47	26068145.87	15049843.51	20722341.2	6598652.349	14959650.79	12986708.97	18598483.55	7438199.463	7520799.73	29608878.67	8109536.753	15290605.53	12916457.51	16031702.77	19376544.06	10463655.93	25954256.77	21494428.82	42120044.65	9491799.228	33567630.89	28248849.74	41786321.68	37841950.3	55428871.64	45646030.58	55975079.26	55965320.15	58191930.18	47470348.19	34569172.17	38300710.8	27940930.32	40437235.6	41146540.39	42806763.97	19070172.15	25740520.42	27323171.04	29187380.64	34997874.67	27531269.59	37855118.48
Hmpp0004	C25H43NO6			10-deoxyformamycin	454.32			[M+H]+	-												2611654.807	2093015.925	1930286.507	2693856.798	3511183.345	894239.0275	444716.2905	3160807.237	2945292.956	1743306.613	2111810.741	2932078.185	1001765.654	1214554.004	3296011.471	652263.3395	583249.4335	5273156.313	334262.8465	808950.6735	741396.303	1896751.89	991843.468	899180.2725	2290581.707	851095.192	3682007.443	1071413.006	2411025.768	2826669.117	3761980.142	6410538.689	5279300.143	8234889.624	6201603.575	3835615.714	2187938.492	3358010.974	3660966.172	1195779.983	2321407.052	1004843.194	2473334.188	921644.136	1513124.14	2913357.505	2773263.431	2480015.968	1965971.9	3366490.727	2565037.604
Hmpp0004	C24H36O2			(4Z,7Z,10Z,13Z,16Z,19Z)-Eicosahexaenoate	357.28			[M+H]+	-												15166.9905	12440.2965	11815.1885	391864.419	48172.4865	117595.2675	31490.6095	12964.341	108492.808	43376.1605	51575.7995	17273.393	568182.0695	51622.494	25365.3525	302576.899	17978.1	24101.109	41528.2325	54884.01	36688.0715	48715.651	11686.781	23466.176	838571.9815	19555.5065	28464.963	13853.7035	27854.135	45341.7175	29955.146	24917.1555	1445907.897	46398.3355	N/A	317626.6295	80890.5875	42894.275	1144030.862	N/A	74648.971	47216.882	43682.952	111966.044	55769.3595	140321.922	111890.359	105851.756	114934.371	127014.267	159627.3285
Hmpp0004	C5H5N5O			Guanine	152.06			[M+H]+	-												1003896.051	184396.653	126146.6085	75728.3465	804383.2935	41314854.02	307389.686	16464819.68	1948226.936	219361.2015	131506.2835	13172767.96	644005.296	15043797.31	164065.44	195086.255	33236613.97	70141.948	919231.797	152936.845	67371.523	145096.341	387710.3255	370258.74	320968.278	584094.3825	180374.119	23842093.2	129699.732	231452.875	210818.83	233626.3285	647895.241	286759.017	744068.6005	169753.2165	147654.4985	211437.0885	513358.588	341221.3305	336625.6575	146660.1765	137945.405	135958.7815	317128.02	3675012.481	4645109.113	3899055.355	3184177.05	4295181.023	4381741.247
Hmpp0004	C15H22N6O5S			S-Adenosyl-L-Methionine	399.14			[M+H]+	-												15043.25	31250.3545	8104.954	9303630.445	34032.043	48360.431	19791.4575	14963.0895	30223.2305	21894.613	3265.542	92454.859	35546.1095	21453.8835	7797597.545	47287.9105	12894.4805	8696.2435	66682.6105	30401.014	17208.5895	114184.926	73531.2445	230503.5485	24907.0895	42457.2825	50692.324	13037.0075	50291.3265	145489.397	16203.051	12665.583	3209.7205	15077.1015	30064.049	14194	N/A	4750	N/A	7293	30580.166	31225.174	23818.948	N/A	15577.5615	368004.4415	379678.093	413008.063	568093.553	493301.3505	564429.852
Hmpp0004	C13H25NO4			Carnitine C6:0	260.19			[M+H]+	-												712722.5195	1248034.018	1153295.61	860116.3405	1847080.976	845523.658	2514459.591	2256112.114	2991336.147	1616241.937	2470074.975	3697537.703	669845.3935	1703133.916	3226970.877	2420500.704	2450837.589	2132671.889	2804815.056	4089857.587	3953388.873	2994348.463	937820.7365	745333.918	908465.3735	1074158.653	626262.2635	2018462.955	624267.27	667681.1955	800475.013	694082.411	3550441.643	808239.449	1929566.845	1125396.198	2008531.331	1036581.534	3284290.246	1612065.458	1697873.145	1915207.621	2251992.059	1886844.311	1933589.537	1930957.311	1697948.994	1802654.162	1943077.493	1751972.083	1878455.166
Hmpp0004	C8H16N2O3			Leu-Gly	189.12			[M+H]+	-												68325.403	281443.91	302169.575	120858.538	50888.9145	84221.215	83939.945	72233.9675	101431.744	61284.281	87200.6365	55844.1985	85142.8465	118933.3565	142577.5685	113354.1165	55629.338	79449.1705	74165.7935	76535.5395	90040.9665	417967.4575	98302.3255	72041.864	144076.6905	134266.0095	100653.6145	67664.7035	112340.709	112353.594	256198.135	265550.636	87052.88	275955.581	253958.0115	269372.0245	74563.454	105642.351	84064.258	100614.033	110805.3065	55589.92	93591.2595	173291.007	54559.49	128322.4925	128702.042	151787.111	133255.81	164355.778	136112.6235
Hmpp0004	C19H38O4			MG(0:0/16:0/0:0)	331.28			[M+H]+	-												46279.8085	16729.8525	8571.564	24183.125	38693.2785	23059.2375	65279.564	8208.7615	17172.3785	29042.2415	7690.7275	20685.5955	44645.8085	28503.947	46422.3205	18289.7765	16178.494	14606.483	78156.6965	44163.194	38862.691	11025.0635	77268.755	65497.399	43009.06	5095.503	8471.179	39977.211	7520.4115	19850.1085	13933.021	67450.678	95574.411	54282.4805	20091.5715	24301.4975	36595.494	52329.512	23467.5795	48022.0715	10011.39	28647.936	17886.717	4887.4565	41212.745	90761.0865	72032.3255	22004.326	63666.1225	32899.187	61866.541
Hmpp0004	C26H54NO7P			LPC(18:0/0:0)	524.37			[M+H]+	-												1039677.196	743918.717	548567.996	825508.026	389041.777	377312.0745	314114.431	1079944.971	1002773.221	691982.882	822483.7325	320164.204	297231.411	297458.2895	519496.3015	308654.2325	226548.7855	1028680.665	377462.738	388148.3435	497624.427	632378.9755	418830.3855	401457.0085	736702.911	545741.15	977067.1325	464727.782	892579.1245	1087015.897	1667088.587	1065901.704	1151426.15	1054059.37	1146813.788	1198940.175	852885.5955	884672.4335	858349.7335	577164.51	537303.8825	682107.4745	990538.763	1107606.088	616783.098	802852.4635	627289.2935	831577.7345	1047026.323	745805.228	984352.2025
Hmpp0004	C27H51NO4			Carnitine C20:1	454.39			[M+H]+	-												72415.9485	104407.9165	79591.8625	94318.0945	32562.5125	60815.205	50944.1295	129325.1725	131325.5225	141236.7685	189343.596	145203.0805	63268.8765	50776.895	157501.2555	47671.7645	72542.795	62021.763	63200.7465	71317.5005	68901.6985	129378.471	66262.087	41543.405	80813.186	72487.5935	62561.7105	41280.9825	52579.6705	71878.8905	176116.6325	156756.652	359288.602	187905.012	387935.7125	117097.604	172611.928	231768.669	251296.7445	137058.291	102940.067	154515.2165	146664.463	171571.8825	76057.4945	78286.1615	121358.2295	119996.706	77855.9715	130970.5465	140186.619
Hmpp0004	C27H49NO4			Carnitine C20:2	452.37			[M+H]+	-												72725.2525	70205.695	55743.876	77696.224	27504.551	16673.0615	35101.9235	74609.141	73204.1345	87348.767	91051.1195	152247.3645	45222.8575	28670.004	130727.167	53599.9235	18048.8605	50956.8365	55160.0985	59192.6415	63064.154	79026.889	92425.17	31947.524	88203.4115	88381.4695	143683.4855	17625.2745	117587.4575	162926.7235	172458.0395	240039.65	250305.2575	289404.086	310338.3315	104406.2435	130562.068	249265.036	247322.628	133762.1635	62200.4945	78370.0245	175700.2275	190566.013	117907.113	99392.1065	95922.151	107022.5615	67348.4305	145250.095	113231.0845
Hmpp0004	C24H43NO6			Carnitine C17:1:DC	442.32			[M+H]+	-												21922.237	27879.125	37819.167	33958.487	56234.457	44344.333	31005.7275	87635.8435	63736.2015	13374.091	46422.042	117357.903	23729.2145	27822.18	47863.1545	30502.2685	28468.7185	13238.675	27296.889	46544.079	47450.9575	41992.692	9543.513	18090.5525	12861.7555	14196.8475	14114.676	30029.9765	14992.431	12090.4885	64799.4535	52125.5275	111235.2365	55090.301	90538.498	45881.4855	44213.258	46834.03	71530.0545	52629.4975	27483.7875	35621.397	49338.954	49550.46	20829.586	43053.669	44528.762	33133.1365	58635.846	49020.75	44474.609
Hmpp0004	C25H45NO5			Carnitine C18:2-OH	440.34			[M+H]+	-												16528.616	25318.8365	29066.0765	21532.9865	18726.83	8264.57	40578.6235	25263.4715	26953.5975	17939.018	18243.641	88526.564	7229.609	11551.1085	21993.675	31738.0905	11960.8215	6460.7825	21257.4895	13124.98	27992.062	19431.4615	16370.0755	9789.4855	9210.798	N/A	10177.3735	6621.811	14530.7025	15932.9825	27571.1315	35637.5655	40934.5685	35473.828	40222.8905	21008.867	13846.2245	30504.2445	37134.5905	14489.379	14448.8715	15898.4505	32834.7875	19356.557	49454.51	15596.546	31732.8065	19134.4875	32044.0995	27156.3085	33774.527
Hmpp0004	C25H49NO4			Carnitine C18:0	428.37			[M+H]+	-												653325.141	624321.942	526998.263	725419.3565	178968.1605	301920.6515	277911.5555	743859.988	417822.8695	630469.28	741892.108	583044.53	432878.8255	238609.2255	1378758.447	235362.7135	178714.0565	367639.5285	280668.191	457051.847	487633.4385	604494.8735	353120.837	405198.729	721934.665	369421.647	494139.354	357279.035	374197.7985	501279.848	1339894.889	1635809.4	2637708.73	1769376.258	2554241.293	1333669.606	1430325.9	1315253.132	1866814.817	1081424.282	823930.8695	1226402.779	907704.849	1094395.904	472828.437	780410.835	859190.9745	688171.4435	901298.4505	938141.5395	874446.415
Hmpp0004	C25H47NO4			Carnitine C18:1	426.36			[M+H]+	-												2018805.383	3486925.891	3728964.568	5047349.928	1703765.682	2427572.963	2230465.728	4329388.989	4064236.888	4155787.079	4237027.962	4502499.418	1841141.323	2307675.975	5196809.583	2686403.147	2069954.987	1006982.552	2749493.695	3707510.93	4173621.593	4312207.91	3060021.109	2887694.813	2312421.727	3957431.647	3770227.191	2325853.515	3382188.266	3148925.924	7003058.725	6842362.529	8924569.169	7484429.148	10084163.79	5840365.442	6356632.412	8285793.38	7340377.53	4709676.745	5204424.502	4238223.715	5935724.94	5022320.817	3912225.155	4703686.319	4442923.721	4207779.865	4230299.551	4853405.814	5281901.547
Hmpp0004	C25H45NO4			Carnitine C18:2	424.34			[M+H]+	-												1265615.978	1682653.684	1516153.527	2491530.946	559720.884	626183.386	1249600.611	1573372.565	1572982.354	2463580.561	2088620.571	3459689.53	1138912.493	869418.115	2490861.901	1710246.817	568527.584	972662.0615	1613233.281	1628022.105	1569859.327	1618011.242	3566366.455	1459356.856	1972713.671	3939538.138	4045748.376	807146.1025	3640261.287	3712717.864	5986833.37	7467135.339	3836868.429	7279125.995	4963715.853	2985925.065	2542027.303	3885405.809	3387766.479	2410068.627	2545065.243	2288688.945	3096112.156	3813624.938	2633562.15	2780144.719	2530159.181	2555561.309	2544391.301	2619126.902	2662507.213
Hmpp0004	C25H43NO4			Carnitine C18:3	422.33			[M+H]+	-												102848.7795	93304.663	94194.1335	129424.1755	24873.7545	54052.655	88088.331	93999.4215	103910.8525	104799.9505	107729.634	84081.2855	27022.2945	43689.8015	63002.874	83636.417	29944.2955	37607.507	88660.6505	96130.583	98298.6405	38921.639	225009.654	38123.9855	75872.603	232832.891	157790.8105	28594.822	212978.909	188348.0115	221507.4335	309970.686	161504.5595	273315.0255	175126.198	145569.502	82822.718	116155.632	110000.0855	84629.1455	72654.16	100310.49	148060.0675	124031.7745	116075.6025	128738.797	109824.732	139227.9785	129238.1285	118553.1575	112777.583
Hmpp0004	C25H41NO4			Carnitine C18:4	420.31			[M+H]+	-												10193.833	N/A	3615.392	12542.2225	8526.4135	2726.939	13998.378	16461.4305	16000.0595	13063.9165	16598.405	17379.7255	15181.586	3591.38	26008.792	5324.242	2876.1455	13425.5095	9415.1005	12842.474	8984.415	14280.002	6239.299	7015.788	9959.8665	9169.8885	14157.492	2864.622	12845.8625	9327.6565	14791.9765	4484.1435	18807.652	15225.5165	20826.5995	10415.2075	10770.673	12144.395	12569.3555	11270.232	16036.301	13877.357	18870.2535	23923.885	7528.1225	15115.1325	15566.1495	10765.044	13072.052	10234.8355	10238.0275
Hmpp0004	C24H47NO4			Carnitine C17:0	414.36			[M+H]+	-												74546.2415	110313.9265	68762.915	75079.419	79941.194	161776.6085	134448.659	168004.1935	66279.0835	141107.4145	53500.5285	93782.1685	60074.274	140845.027	163846.3025	56383.637	31108.5485	54932.466	21205.725	41658.424	77053.9165	39798.302	49817.9585	55674.575	79748.6595	38184.726	106350.086	31583.4725	90551.8925	106687.159	164928.781	171595.177	163751.8825	208507.673	171479.109	108806.722	198801.5285	218270.764	149816.008	138203.6105	106578.7715	144184.368	66181.1655	120488.8415	66502.5125	86298.7755	109349.225	89088.3345	111590.1195	106969.479	108816.9765
Hmpp0004	C22H39NO6			Carnitine C15:1:DC	414.29			[M+H]+	-												24639.687	6188.285	N/A	24618.767	411817.3755	669175.123	48799.6075	148566.8075	51103.7815	209693.505	37709.483	N/A	10491.495	211258.2335	65682.0315	64612.7425	184807.1405	19119.326	N/A	24270.506	N/A	1508.16	3002.8375	10568.496	33085.847	3530.3255	74743.506	155957.0345	92919.7415	90904.481	10620.18	19992.38	76442.325	13619.8535	N/A	2981.6655	38725.472	24072.473	117359.492	1001.496	19957.658	44688.0555	N/A	24570.8445	121049.9675	69968.0515	65370.9575	85324.228	48497.8065	59987.996	49868.1245
Hmpp0004	C23H45NO4			Carnitine C16:0	400.34			[M+H]+	-												2130229.382	3949967.26	3751805.628	3024904.991	1949773.986	2228579.337	2130682.249	4442089.03	2297248.107	2487118.011	2538081.256	3511761.888	1697614.726	1681871.819	5464135.446	2101142.622	1351700.838	1526483.081	1508507.929	2116544.069	2271380.726	2753543.67	2324336.325	1879601.254	2137673.938	2383813.683	3154651.301	1406347.088	2751456.505	2956659.201	5354641.63	5429694.623	5460565.824	5405230.649	7225894.048	5884763.554	5180774.128	5028490.655	5144579.072	4371013.745	4525125.593	4493343.56	5196237.177	4357751.7	2856087.839	3544166.236	3310880.944	3448810.581	3635552.724	3977642.731	3504665.864
Hmpp0004	C23H43NO4			Carnitine C16:1	398.33			[M+H]+	-												520034.0775	792990.8085	852824.416	812752.646	636910.508	818276.6325	891633.0775	1473072.067	1508794.111	472507.6065	858949.176	1621615.751	410516.5855	825336.9905	1093712.166	411548.693	465184.0295	411240.0405	424256.6405	993578.929	1098018.892	981748.5505	827645.515	670073.3185	466395.5365	752783.474	659227.5965	539280.586	604661.391	677009.184	861275.057	867334.961	1357892.094	891926.881	2066373.455	917152.0755	1387694.079	1309815.584	1241915.449	560426.7065	941212.3385	1092835.303	1180942.463	959834.192	825923.6315	898362.669	753224.7545	860686.695	848577.465	933299.1855	976656.8455
Hmpp0004	C23H41NO4			Carnitine C16:2	396.31			[M+H]+	-												107941.2905	198073.9715	166925.689	176925.9305	95490.5585	178808.751	307333.0285	286749.538	357458.7805	87898.16	181087.429	645655.0575	104267.81	165964.5995	283094.979	117064.594	131606.858	86435.981	105381.9295	216195.8835	237507.148	166253.5625	168887.276	156243.0995	140326.692	188960.656	123960.675	119023.8565	156905.797	133468.411	147643.9705	180001.1245	294865.215	174894.817	311630.73	155093.594	320676.152	219871.991	292400.1955	205062.146	194337.004	272211.789	189363.8625	162523.426	263766.6915	210459.547	225342.551	141904.4685	169402.394	237895.515	248017.8555
Hmpp0004	C23H39NO4			Carnitine C16:3	394.3			[M+H]+	-												98553.2965	102355.5755	91439.607	121878.969	89263.6505	83332.6385	250734.929	201257.8605	140984.6235	66763.168	132072.657	228105.606	79490.951	128725.7845	263219.236	78721.1775	37821.245	64879.5515	91852.1945	220608.752	231266.771	235076.516	121358.0395	77077.352	83867.548	125741.9415	139500.5935	41212.848	153269.628	129582.8475	139680.824	113626.328	162793.404	162371.773	226269.593	119906.143	134209.0725	164355.797	133407.994	149830.22	145484.145	134025.74	195185.3205	193841.7405	124926.8525	141636.3585	128926.901	148622.3305	168323.873	160228.6865	149789.101
Hmpp0004	C21H41NO5			Carnitine C14-OH	388.31			[M+H]+	-												134403.4835	157154.684	140200.271	148043.5395	394050.115	167655.2325	191873.3175	356075.6615	141266.5375	254368.467	209135.7815	446049.766	203766.621	168550.677	501915.432	99437.748	108155.023	170019.507	198213.9875	150102.755	152565.597	300192.4595	103315.0695	124006.4865	186908.9495	122731.7845	69307.3245	122483.1275	65775.5995	63348.313	244178.6545	278999.2845	307654.582	251997.762	384669.1355	152195.2225	155289.2785	183681.2405	294831.6105	180608.077	168266.963	149963.5145	275505.4895	215302.568	172058.9965	208316.8795	222264.705	199915.609	206258.5195	176293.5955	225868.577
Hmpp0004	C21H39NO5			Carnitine C14:1-OH	386.29			[M+H]+	-												52511.8055	102131.473	70801.211	105236.9155	155509.5085	162228.0325	205528.568	244341.678	197414.5635	124338.461	151210.9485	342050.281	86192.9585	170733.863	445826.013	146866.852	87882.3405	82665.117	228614.511	151896.602	148041.021	356902.347	126860.599	139481.8975	101926.119	96797.8025	73832.497	110052.07	94369.7085	107195.071	116313.7	126337.1525	218594.0465	134802.357	353933.7455	78768.4465	137180.956	168652.1205	208674.095	88871.1375	152950.8845	153861.696	159540.2995	123322.3085	197784.6925	143159.8355	117032.7925	180410.601	165865.0865	181139.7965	170880.306
Hmpp0004	C22H41NO4			Carnitine C15:1	384.31			[M+H]+	-												29486.5295	30263.237	22281.1685	42104.462	35808.4965	49385.5095	39318.6075	82720.5215	44317.0285	17626.867	24762.774	56841.503	33125.976	47511.5725	91593.622	12087.194	16845.109	19567.595	22878.25	25850.1805	33676.913	40458.1035	34365.5255	43643.3275	26314.658	29595.27	17112.4035	11617.0345	29590.274	N/A	46393.0355	37114.392	42114.1615	35022.1035	68650.374	19928.2445	63248.678	115921.7095	35248.7	36055.491	38774.7315	59835.1335	30211.2055	27904.272	48678.061	49938.902	38424.2085	34958.924	49470.958	49468.332	44919.268
Hmpp0004	C21H37NO5			Carnitine C14:2-OH	384.27			[M+H]+	-												23287.161	39843.241	21317.625	31921.487	45187.971	32042.7045	59537.801	50533.8935	28215.527	23053.761	26713.738	112327.127	33306.193	37334.5135	153321.9415	77276.079	18172.941	16122.7405	115952.2295	36115.938	39565.9735	107061.7745	23661.544	24256.8715	38276.2395	34596.736	12374.7655	17232.893	18262.108	33336.9075	29399.5635	44309.3645	53808.3415	48536.345	139717.634	22020.2345	32474.8285	42920.842	59767.584	41225.1185	42262.2905	24084.36	37838.4625	31031.3855	53385.018	53559.627	46907.997	34614.4675	45446.466	39373.8355	35138.735
Hmpp0004	C21H41NO4			Carnitine C14:0	372.31			[M+H]+	-												404281.1355	709031.175	678818.855	523028.698	525347.9565	957211.4645	711711.952	925308.404	620370.578	414243.944	531197.441	1190601.073	330402.9315	670382.5085	1572208.112	346139.8455	345620.2975	362575.969	387461.1175	630161.4135	688091.986	610603.0905	467354.0675	508008.739	284645.8615	483925.9925	559650.904	395663.062	519856.831	527141.517	787880.163	817087.7705	1082758.557	844122.421	1105738.015	844893.896	1014054.523	822052.929	777559.811	463801.12	724147.674	965442.1785	764609.62	593373.387	558172.15	715476.596	687735.444	656212.2725	619949.4	770548.04	677869.351
Hmpp0004	C21H39NO4			Carnitine C14:1	370.3			[M+H]+	-												977970.9585	1198028.744	1280927.913	1588713.33	529866.6875	2527388.14	3005244.536	2682061.181	2802650.638	757771.456	1591108.087	2967684.066	1080535.759	2766053.197	3200512.026	606880.735	1192613.693	423823.602	810643.881	2280241.814	2701168.05	3653676.066	904637.6075	984252.116	728219.9725	1055962.413	619088.8935	868136.0735	556200.61	616558.083	979080.121	758767.949	3809126.669	900071.8935	3545296.027	1038061.757	2005703.075	1822067.349	3066230.443	1559354.6	1709929.617	1694049.267	1749686.437	1862995.226	1573155.584	1412005.107	2204547.188	1999462.982	1716582.139	1541670.763	1668553.992
Hmpp0004	C21H37NO4			Carnitine C14:2	368.28			[M+H]+	-												296440.276	778225.255	804473.4485	733689.174	474262.3025	1121346.115	1945255.296	1302368.315	1727963.05	695858.8725	602245.592	2450220.725	482873.159	1505992.693	2341503.332	367802.6305	591494.8855	257675.729	584710.9795	1541843.085	1631758.655	1914823.411	923642.531	688955.3965	520849.466	933849.75	509385.2925	563549.286	551428.8675	541469.012	488516.097	578831.753	1723033.207	552117.959	2022517.854	585860.7015	1450824.321	1022263.627	1429834.957	895394.407	1154479.22	1367623.716	1051697.304	814334.6765	1381567.602	1128685.268	1139070.527	1043147.638	1039673.88	1031847.88	1037339.148
Hmpp0004	C20H39NO4			Carnitine C13:0	358.3			[M+H]+	-												426153.359	316052.908	319109.932	1432119.966	418180.046	408216.45	238411.159	2422453.46	546100.576	312746.172	241159.191	677101.422	1162429.576	378370.8075	4334136.801	734711.756	52640.28	421005.2665	1122260.503	178565.786	160672.6375	1423651.17	440521.948	2610253.182	763129.686	431762.9075	351722.218	658859.6105	297671.301	295550.839	424844.5355	383987.994	168226.5405	384498.3155	1329825.017	255848.362	1230023.452	529551.2015	108349.5785	689527.652	413362.291	1176413.699	301941.5695	557959.0475	814392.863	748841.6195	795518.4895	701828.655	793306.2175	697338.1945	867777.535
Hmpp0004	C20H37NO4			Carnitine C13:1	356.28			[M+H]+	-												138475.806	85209.858	93064.4905	123708.1975	138370.3395	177371.9785	123978.7475	518148.7	114068.1505	97025.2455	69266.172	132932.9565	179379.1315	155828.0835	356642.8565	138810.6575	43099.3325	74920.909	105308.4725	126149.338	136964.8215	324145.529	81011.36	128882.4165	155723.5215	75378.3105	61009.841	62036.0765	44834.3645	49085.597	123490.625	137439.314	154113.556	127086.924	477638.3445	102790.044	218008.966	381300.3025	128619.7415	197588.2335	107356.7805	202266.599	98309.967	106137.316	188499.711	163627.9875	174911.2485	189704.249	176673.5055	169439.378	144249.182
Hmpp0004	C19H35NO4			Carnitine C12:1	342.26			[M+H]+	-												468343.721	577201.581	582921.8515	995156.672	1143426.201	993339.249	1842433.098	1924999.967	514116.7405	459429.2915	1062915.8	2080405.084	291284.439	998034.084	1367032.827	623934.538	588853.5445	385752.876	1465422.423	1214545.85	1528500.061	3209486.827	654722.9405	565521.8345	695602.573	883384.812	572551.2185	426777.1935	466751.234	395655.1345	499387.7145	594045.2575	1917618.472	466187.156	1511118.927	355625.2035	1273988.702	1035885.084	1697832.669	817654.158	796846.8405	905968.206	1338626.868	1184907.268	643246.8525	1145342.911	1185579.11	1267194.893	1279835.02	1151784.552	1184406.53
Hmpp0004	C16H29NO6			Carnitine C9:DC	332.21			[M+H]+	-												21134.772	6618.117	N/A	7622.178	37614.57	10360.116	16197.657	30519.732	18982.689	18793.185	14839.404	18366.378	5133.387	22878.66	53285.8955	117878.912	10362.513	11081.472	463765.1665	18341.985	18059.421	87101.285	27937.035	21739.803	31162.41	22859.484	19469.703	7507.686	18530.361	25627.878	14237.052	11774.91	15169.626	8603.256	129751.333	6743.043	12976.089	19584.054	16874.175	30183.447	14275.968	18597.759	15094.332	17985.678	21280.848	35545.978	27439.59	36967.239	30436.159	25546.098	33644.627
Hmpp0004	C17H31NO5			Carnitine C10:1-OH	330.23			[M+H]+	-												48240.6635	N/A	N/A	N/A	N/A	N/A	N/A	N/A	N/A	N/A	N/A	46372.8395	N/A	N/A	N/A	19471.2475	N/A	N/A	78043.2315	2883.6785	2876.35	74284.16	20467.279	N/A	18356.97	5630.751	14162.2485	4937.0105	7223.971	13948.509	65345.5635	83422.4215	N/A	62461.085	370071.792	N/A	N/A	N/A	N/A	N/A	N/A	N/A	N/A	N/A	N/A	28588.041	28505.352	24261.8755	29936.4395	26446.887	19191.8625
Hmpp0004	C17H33NO4			Carnitine C10:0	316.25			[M+H]+	-												1668245.135	2625512.356	2497133.472	3450219.399	6032557.69	5615284.133	8360319.898	10509384.9	5428658.651	3806738.002	4118480.031	8574887.19	2249033.013	6094844.927	13981986.03	11509718.62	8343419.717	2287059.886	16285490.14	12767705.82	12516122.93	14978173.61	3587533.769	2862975.676	2332687.636	4069565.916	1968581.568	6207717.974	1748346.735	1852344.632	2793615.896	2561100.851	21872376.73	2743911.376	14040171.72	4372061.956	14980559.29	4597926.743	18712223.81	6955658.999	4248905.119	13439689.93	5207162.293	6764376.551	6596449.36	7017088.722	7967706.487	7096249.522	7091366.191	7472054.593	7505248.007
Hmpp0004	C15H29NO5			Carnitine C8-OH	304.21			[M+H]+	-												807689.2855	665853.9035	746578.7075	616554.9425	1729357.299	1254545.354	1190435.621	2145887.676	1004162.939	779094.988	732073.367	2526091.986	882048.732	1138171.08	4352315.889	3220158.171	501044.75	491322.7595	5784687.019	1127287.187	1095654.42	3615075.934	728232.5825	952912.4385	951298.725	740416.3685	609951.0975	585407.061	508976.8505	513929.882	1157859.431	1106581.833	1653262.846	1132419.271	6268345.835	757382.992	1197779.242	1556820.306	1487596.465	1382305.956	1015462.838	1049488.192	1376620.002	1099927.422	1866065.695	1513085.542	1462370.986	1472331.45	1446793.884	1500057.778	1467410.057
Hmpp0004	C16H31NO4			Carnitine C9:0	302.23			[M+H]+	-												102874.4635	90109.2315	56904.8625	939459.794	141554.507	172225.852	124558.6645	112149.0665	57014.1065	93461.491	44856.8725	40274.3925	147368.84	233163.605	401179.655	394080.7225	37959.83	90327.399	453856.8505	100554.7215	87236.351	576534.591	57790.721	117671.3745	275091.479	89254.864	47868.879	48031.157	59178.3055	50642.4915	152482.195	47977.638	147262.877	64720.434	577858.417	64725.0735	252354.237	196565.115	133112.011	218014.1125	123654.7185	271446.575	180655.287	82554.86	284083.93	152954.5635	159087.917	167721.9155	129425.312	184579.075	106965.876
Hmpp0004	C15H29NO4			Carnitine C8:0	288.22			[M+H]+	-												1138808.751	1986505.38	1766168.609	2809220.386	4724424.476	2035277.441	5254667.118	4280755.301	4622728.901	2670241.925	3636333.113	7071348.298	1509114.009	2740464.448	8621190.21	12169609.84	6501437.722	1935090.867	21665049.52	9539161.342	9348883.981	10034141.2	3837922.583	2037793.931	1790560.976	4091564.88	1699775.787	4912811.291	1545140.367	1433982.343	1697664.434	1804895.796	12605724.73	1776731.561	8285341.121	2755503.605	9468207.52	2681974.781	12137429.95	5671567.269	2727076.205	8031123.453	4121845.964	4716516.476	5447863.394	5106847.806	5130550.513	4977650.109	5034656.398	5210869.446	5021244.525
Hmpp0004	C15H27NO4			Carnitine C8:1	286.2			[M+H]+	-												7586250.568	4413645.03	4579710.058	5459469.396	3944920.628	1386990.492	8148541.381	7626917.77	4860002.193	7309614.983	3351058.856	3943022.338	3604290.072	4734461.361	8802324.557	33630777.54	3281292.216	2125604.882	24425328.95	3785192.711	3917064.241	17689758.94	36666880.44	5051677.568	13830506.16	37742240.27	2868296.46	3830173.622	2672601.124	2735766.995	10214748.96	9950681.141	2703120.129	10134433.18	30991357.3	4726104.807	7768188.083	3805081.394	2360311.768	4719014.069	9970489.049	7081631.557	11349571.57	6103574.013	9571417.761	9545347.774	9435563.046	9499407.259	9790351.495	9110726.793	9192436.094
Hmpp0004	C14H25NO4			Carnitine C7:1	272.19			[M+H]+	-												72746.635	36468.8305	34380.809	21159.6505	22872.3035	28002.897	37680.288	94241.3135	36537.502	73304.542	19523.1015	34265.703	20546.453	48509.956	54638.945	72659.5005	10212.247	N/A	86907.3455	22305.7535	N/A	76846.444	83750.0445	110559.4445	43068.358	126502.812	23735.653	37305.859	28472.9895	28385.5135	36384.44	63508.989	17067.3785	27887.841	504440.1405	84185.7715	13363.597	26303.0175	14648.912	N/A	84261.22	15882.973	208573.2055	46531.47	88051.3745	63050.637	92663.279	33980.077	39418.84	46598.905	69754.217
Hmpp0004	C14H19NO4			Carnitine ph-C1	266.14			[M+H]+	-												7642.1675	19600.6405	6626.1475	20154.8505	12956.317	168686.515	14962.3505	98579.791	6293.8565	43034.0475	11196.5105	10498.8435	13076.169	82134.2415	353924.757	29358.327	4704.6635	17063.339	16656.504	27189.1455	24845.5085	34434.2415	8389.155	185657.2515	48688.321	7107.66	19302.0075	51638.1125	17124.37	4868.3175	20986.902	24034.403	6911.332	18216.0415	178125.0185	17580.8725	22647.854	9206.654	4829.8305	22354.2335	20050.201	22132.681	13983.3405	4351.826	18903.6485	26304.3255	40735.644	39878.758	31531.023	51246.5145	39182.452
Hmpp0004	C11H19NO6			Carnitine C4:DC	262.13			[M+H]+	-												448420.229	277274.2155	280340.53	516927.8025	949035.918	1020515.337	1495653.975	1043651.98	228538.7225	1015961.365	530941.5115	359089.728	584124.0005	1333237.511	1014557.496	1331297.735	144874.816	1172115.657	2379751.543	1155799.56	1075779.696	1951032.058	1147284.703	421770.7675	1260968.677	1188694.328	374966.852	199187.55	449816.4505	414529.8915	479467.536	551257.4615	180474.5735	500725.151	670634.687	488677.2745	320626.3915	178876.8855	222194.9585	494253.0545	353248.53	429156.5675	627108.4715	725059.0675	576135.125	642543.2655	692525.9525	778177.046	646320.2125	587796.4355	780371.241
Hmpp0004	C13H23NO4			Carnitine C6:1	258.17			[M+H]+	-												337062.8205	87991.6445	53522.443	2303746.588	7509168.659	87681.1135	29045773.55	131812.6755	137525.7585	229588.628	128236.2485	57893.9415	10604554.93	13158788.74	43710127.63	219386.862	1409266.386	181358.877	436993.3355	125788.612	109996.4575	195051.551	131081145.7	1496868.067	343983.43	153210611.4	230964.3255	1121438.155	137119.3285	145960.0665	238330.144	223391.3895	444411.8195	230438.0025	1653877.492	82660.196	103975.9905	89408.835	417143.0385	102000.987	377243.9315	83289.5995	386033.069	98672.892	150216.2665	11201360.12	11602947.78	11870667.26	11918882.25	11789636.79	12164739.88
Hmpp0004	C12H21NO4			Carnitine C5:1	244.15			[M+H]+	-												315797.2335	212696.7205	208622.7605	330018.539	348639.5995	101756.5125	289185.0565	1026557.149	195277.9965	765324.109	115571.5285	247462.6535	280714.384	310644.2725	681268.1555	2084095.241	42995.9135	633067.907	601000.115	363411.71	354836.188	1080873.834	422666.1455	99927.888	1412523.247	431960.298	196305.285	63607.8925	203965.7885	199911.56	646238.9695	595888.936	97524.512	661874.684	819666.979	141766.5145	226165.396	231573.942	95421.4315	605817.586	550256.766	177320.454	242525.0515	728882.568	341060.2705	469477.5645	476041.095	467098.309	445163.298	502227.8435	476991.165
Hmpp0004	C18H26O2			FFA(18:5)	275.2			[M+H]+	-												60244.704	53142.5965	51623.031	79761.9435	60752.635	61690.0125	56326.841	65448.309	60627.12	112136.16	120933.138	152777.6215	84212.792	70977.021	118867.2525	71101.591	71973.375	74816.899	66716.8455	72253.0765	66430.7105	72196.162	118060.6825	99582.1975	95393.4025	118764.6575	158482.956	60009.3985	123128.4985	165862.257	81970.6305	132894.971	131533.9495	141395.56	62945.352	104961.9015	84747.8105	90870.568	117393.9115	34005.275	36396.7615	49352.9055	19368.2825	55500.243	69236.771	71264.5005	76950.594	98104.0115	71219.607	59634.8995	94417.391
Hmpp0004	C22H30O2			FFA(22:7)	327.23			[M+H]+	-												204962.571	127551.127	124373.9435	179979.8335	184016.8015	156817.8905	173981.506	161134.269	66848.191	216481.0615	138111.4265	135082.3335	221651.7815	158455.895	84130.2515	156302.272	121526.6025	131225.653	272110.8165	205655.6695	203952.359	105222.24	195605.2865	218951.0845	175072.2185	157680.2275	93167.602	248141.083	81720.984	172156.2735	121382.626	226365.566	155746.3435	259465.858	90150.823	264361.4155	171614.4835	108064.345	212799.759	192019.5685	163514.6655	196596.307	77309.1115	127066.767	114996.682	191689.135	195529.383	139010.559	217523.817	167682.211	262102.091
Hmpp0004	C7H8N2O2			N'-Methyl-2-pyridone-5-carboxamide	153.07			[M+H]+	-												1999595.775	928067.983	908706.92	967517.9605	1026535.574	2489917.103	2078396.894	3473785.256	1155769.113	1339821.774	614269.2685	4851303.629	2536611.987	3990322.517	16131524.48	6244738.311	180742.905	5349213.497	11372220.66	913955.945	866526.937	26804236.2	25538270.12	2904810.007	8974776.577	29338985.75	1370666.124	966378.9095	1279540.271	1226003.127	1909100.479	2005492.177	1376284.227	2017956.878	10596365.76	7608009.91	12807165.06	16703441.52	1312619.419	14761686.52	9758935.616	11435507.4	3805855.897	14376970.72	2575112.056	6928169.447	6929410.99	6687013.971	7019321.079	6760505.508	7252189.584
Hmpp0004	C4H6N2O2			1-Methyl-hydantoin	115.05			[M+H]+	-												37650.75	N/A	N/A	N/A	N/A	N/A	63254.937	N/A	N/A	N/A	N/A	66463.6415	N/A	N/A	N/A	42638.242	29243.832	43422.328	63052.6705	19043.0945	24712.015	40047.201	33528.4055	43270.628	35270.679	31853.273	174897.12	32495.556	188853.7645	181237.7765	91341.3095	90313.3135	N/A	116855.701	N/A	N/A	N/A	N/A	N/A	N/A	38157.2415	N/A	N/A	N/A	N/A	55160.499	44385.6325	38340.734	41225.396	53047.159	41808.023
Hmpp0004	C15H14O4			Menadiol-Diacetate	259.1			[M+H]+	-												29165.811	26637.357	34153.9455	41951.6645	23080.5965	38063.814	30192.081	39582.843	28337.6305	41804.185	30057.6765	28068.8155	45069.7955	30407.7095	38211.4695	33967.284	26288.5575	27727.5495	38849.2815	18452.54	32168.3155	N/A	28473.1455	26653.618	17060.81	25013.6245	14734.172	24182.741	37445.3565	47871.163	22604.364	51113.2135	40851.1695	36913.414	28958.207	23642.0445	27733.0435	28315.555	33353.5125	29158.8275	28518.465	33792.6535	40864.7995	36242.6105	34866.724	30492.1305	20708	37266.8695	22404.5765	40791.6265	32328.659
Hmpp0004	C9H10O3			3-Methoxyphenylacetic acid	167.07			[M+H]+	-												58779.257	88809.412	35247.494	119915.2755	37762.3985	574731.2765	16451.954	645299.824	58928.7855	37087.193	65634.6225	148394.401	66077.9465	254116.8485	459199.831	310240.789	53421.359	76361.2045	631038.709	34398.3695	N/A	637444.3035	165568.444	212013.6155	120663.2555	107439.4895	150965.7345	101534.783	23380.7565	37875.9875	193835.7495	N/A	N/A	N/A	1481766.254	N/A	N/A	N/A	N/A	N/A	N/A	N/A	N/A	N/A	N/A	213636.426	211196.3405	175230.896	191392.374	230632.2845	148107.7365
Hmpp0004	C4H9NO2			L-2-Aminobutyric acid	104.07			[M+H]+	-												253290.821	180037.372	152433.51	438910.9695	188204.2545	360123.301	285160.4795	395778.6485	250799.683	192686.695	169757.661	111924.9445	227632.528	238258.0985	277651.7565	316897.235	169307.7555	317596.5965	332868.238	209985.638	180205.082	211239.727	306887.8255	237861.149	743991.314	341173.5705	251150.6275	125814.325	283301.0425	240158.3515	364821.2355	487726.513	159889.863	349168.5765	513931.663	299466.203	248061.686	182676.7645	140084.8805	290525.495	215058.1615	214612.757	305177.7525	240487.744	230786.398	292745.178	289242.9665	213758.6285	339836.8855	246015.29	300577.0765
Hmpp0004	C13H17N3O4			Phe-Asn	280.13			[M+H]+	-												597722.141	3082284.268	3214445.486	2320346.446	68505.3545	75787.943	262230.4325	59181.3125	272216.467	1410489.732	118018.185	N/A	818542.9505	146132.457	436716.539	266705.592	33888.9495	84151.0495	487324.4785	417172.558	468030.835	314164.5045	82383.1205	460597.184	263712.169	47506.924	774778.91	173610.3855	675633.827	707972.9015	111429.9815	128576.76	544092.881	133866.7445	143748.648	1066266.338	1320060.75	703478.462	468290.184	1133100.433	301085.4035	1185904.877	687158.1715	525164.87	554036.0585	664582.501	634716.7685	636277.1385	610055.1795	696695.885	686537.62
Hmpp0004	C10H18N2O5S			Glu-Met	279.1			[M+H]+	-												500515.745	495591.557	491515.137	432719.323	400665.539	93950.956	268841.196	301147.611	562920.6625	449088.067	358951.6205	427675.4435	265152.954	231500.8505	432152.804	147511.0005	132790.336	380079.0565	143075.571	194777.2805	227274.8685	239994.636	148926.1655	371188.907	511597.049	152127.236	536434.0735	250418.941	528988.6855	528901.1785	205860.279	189477.7065	462709.832	222806.408	129616.073	306829.541	392494.7825	344994.7545	455094.317	719610.5905	232472.7355	405647.3365	346602.5425	456398.264	565719.446	338097.682	430537.9095	373251.2375	342398.9305	463575.2465	340192.582
Hmpp0004	C10H18N2O5S			Met-Glu	279.1			[M+H]+	-												211598.8195	169891.4615	183682.934	155183.8135	152942.7675	36800.0965	107801.3515	126506.0935	202773.289	177650.242	103123.848	174792.9405	94311.208	73999.9575	161464.511	49940.858	64014.959	182375.8205	57160.981	107154.904	69011.946	67348.763	63548.123	136184.067	182087.3725	55547.9295	191001.1015	69854.2705	177662.1465	204474.1775	97077.269	82816.404	167639.3615	100208.8805	44335.8955	136169.344	176532.659	142479.2925	171391.845	282655.773	98606.397	149196.0925	133676.0145	162814.6505	220462.4785	166070.666	154927.377	141610.763	146307.1455	163910.299	138102.652
Hmpp0004	C14H20N2O3			Phe-Val	265.15			[M+H]+	-												118885.305	137608.491	126640.5465	107372.153	112694.083	74958.184	53710.556	128470.3345	120654.4635	62093.552	84007.663	82244.2865	58615.075	74396.9815	45120.3335	131057.0625	55646.079	48863.1515	250685.382	42791.986	88213.1575	51236.6965	47275.5665	36678.5835	117086.5105	76580.2935	46283.9245	29767.8855	101837.767	69354.035	371484.943	376008.8545	132568.805	376860.261	64398.0565	148578.1125	119769.517	154517.8795	64267.1985	159010.868	144593.374	98250.3245	116226.854	116587.6845	43608.8445	115058.142	84071.4265	85695.686	129281.153	109999.7745	157741.0395
Hmpp0004	C16H29NO4			Carnitine C9:1	300.22			[M+H]+	-												110275.092	32088.4625	24302.229	61986.943	61141.5405	44216.8635	41094.672	62176.9955	44025.689	100111.666	24625.7845	14118.1785	97810.936	29017.9145	129249.8105	107035.7435	9313.1	37659.008	178465.334	32868.383	41703.2615	113161.26	125336.462	50144.87	76136.9335	122452.0535	56729.279	30694.3845	39885.4805	50413.6355	91629.327	64358.939	34244.706	70702.971	604981.1845	24268.262	111166.0545	85472.277	22702.8865	36045.046	45034.911	94076.388	75952.0345	39369.427	63575.1695	57695.3705	69281.394	79384.4525	76194.2805	77124.5975	56731.079
Hmpp0004	C19H31NO4			Carnitine C12:3	338.23			[M+H]+	-												61707.962	49432.6395	56952.957	72618.9335	24385.736	31014.385	132337.792	134792.5475	28892.715	60318.2045	27557.108	25120.192	47281.2635	53954.3425	69005.1035	334548.8005	N/A	39828.9915	234194.1395	63554.394	71043.4265	164858.086	78205.1385	15793.161	154960.2575	48470.274	10630.439	18474.559	21321.269	26462.3745	63518.694	53992.363	37767.728	59268.1405	223076.6895	52164.417	32956.131	13336.637	38700.2415	39668.1645	42407.9855	38977.939	40580.401	29626.334	87592.104	130030.367	41737.9575	63054.801	43462.217	83385.1855	78376.223
Hmpp0004	C17H31NO4			Carnitine C10:1	314.23			[M+H]+	-												952539.685	792607.068	791738.022	1114533.415	1721567.831	1106463.935	2677059.496	1766852.617	1925463.504	1194249.009	1235300.057	3059636.381	976437.207	1708443.099	3520321.302	2945369.723	2199758.411	534761.432	6450196.412	4034505.903	4396708.902	3874796.013	2012431.629	935360.7405	1699479.202	1780354.633	836995.143	1838893.217	883554.583	844969.39	1420159.337	1525927.373	5638845.444	1533765.673	5109071.152	1093699.504	2931327.921	1144248.513	4615096.976	3121679.76	1346941.807	2588134.62	1451298.924	2291258.779	2769108.733	1904921.999	2107291.406	2196918.939	2113322.045	1630676.945	2176747.495
Hmpp0004	C22H43NO4			Carnitine C15	386.33			[M+H]+	-												85659.088	63325.5995	64786.1685	62263.395	37739.99	85488.524	79020.727	267560.732	110873.8275	59955.7815	42495.9295	75928.3635	545889.1235	51706.014	267806.7995	69559.0055	23533.031	91214.9585	33321.3155	45443.2955	44238.9125	67133.1125	49886.7905	69054.647	67146.048	76104.441	61154.897	23260.693	60509.798	61048.2475	97278.6765	155808.89	85626.3975	89083.047	162733.647	92083.16	182653.762	167514.0245	56301.765	99896.3655	103577.8255	136478.313	89414.2235	109215.857	79363.597	122405.1005	113723.7635	110628.611	87850.398	109759.232	116536.585
Hmpp0004	C25H47NO5			Carnitine C18:1-OH	442.36			[M+H]+	-												42236.363	64471.301	49612.5025	30119.922	80065.5475	56062.871	52955.295	125800.279	60181.355	36732.135	104860.0955	173972.2675	34988.8075	51759.8775	82136.6095	47762.253	44103.5395	20675.8555	27045.0475	56362.0195	60608.243	72068.478	11193.84	29524.3285	27287.3685	19277.535	19877.243	27552.843	25337.7315	17852.3225	73159.3945	52140.698	158669.733	58203.762	125246.1785	48945.1235	57797.627	83004.0995	114097.5515	49995.056	47512.052	51607.736	83516.799	60379.773	71643.046	68313.283	58824.096	73813.9675	60982.258	59235.789	72296.0465
Hmpp0004	C21H35NO6			Carnitine C14:2:DC	398.25			[M+H]+	-												367847.758	743101.9085	733131.9745	659589.744	446830.935	683918.11	803110.138	1191306.411	1335520.428	407597.6115	774534.8735	1278040.836	303054.7595	576141.57	913778.0895	522869.3125	476019.337	315946.393	365580.0545	744130.9635	757956.0135	673164.338	632174.986	450385.2555	329961.9785	598171.43	597701.13	391386.539	531703.2425	589889.093	713059.2075	756136.9335	1258568.467	756526.558	1908969.789	899633.273	1082861.087	1080467.506	1162031.934	586194.668	761582.661	877927.7005	923827.9795	804194.1755	765868.65	692960.351	761928.4135	693677.8295	694830.8905	791170.512	808178.0405
Hmpp0004	C25H49NO5			Carnitine C18-OH	444.37			[M+H]+	-												45746.236	28779.9845	30597.8715	24559.376	34168.5255	22309.68	19329.5955	68130.383	22349.491	22159.6985	44548.326	58992.1125	63834.084	26970.2055	146400.5945	32878.3745	15029.6875	39117.993	19019.772	51738.4065	30411.4235	30837.2945	18676.044	11228.3145	23727.155	14386.849	21873.202	16061.858	17644.339	9062.0655	70413.7185	93047.9665	97476.663	85386.9625	124537.291	55152.3665	54186.417	51426.056	85558.961	39266.1965	31794.126	43394.162	51579.1145	39298.0395	29292.098	43775.7155	43765.5565	39776.0205	42356.8305	40754.574	48625.027
Hmpp0004	C18H22O3			16-Hydroxyestrone	287.16			[M+H]+	-												128617.784	113069.8675	163323.564	208189.336	122418.9095	93662.7135	147182.2205	101785.333	114275.5115	298249.9435	146218.699	84269.88	79120.0425	59708.583	108268.1865	139035.977	128163.7085	121576.8375	61669.6455	146906.8075	133048.255	223739.7415	136619.0065	131586.037	150117.7895	256616.8655	341401.438	142014.1065	186658.529	235618.9985	80959.9785	182436.0405	98581.149	162858.6535	71584.418	183720.6525	209116.765	124770.086	134951.359	52694.003	203320.348	250103.9305	72224.2175	88630.297	163150.532	234990.638	207490.413	265470.621	176433.417	213433.378	155169.38
Hmpp0004	C19H26O2			Androstenedione	287.2			[M+H]+	-												105375.362	51201.712	78575.761	167005.424	83619.4485	41825.562	13391.354	28179.397	102540.519	155639.7545	99401.708	157345.4195	51943.4055	24650.1915	113559.9155	82756.47	31848.061	78068.48	46146.7465	46578.375	33160.974	122298.1585	48745.5975	31836.568	69083.2995	69321.522	158946.7475	40483.7905	149126.0075	193786.906	71660.7915	89814.114	205863.969	35675.6545	79059.694	74726.6995	181046.0245	213731.3945	125445.7455	121931.0585	139256.642	106403.5985	47308.583	122228.332	149531.887	87888.868	70794.457	78150.108	72581.746	123730.7775	82105.8875
Hmpp0004	C21H32O2			Pregnenolone	317.25			[M+H]+	-												25832.7785	28639.669	13835.3805	32833.1	30669.066	46164.3175	39675.8195	21289.8545	21942.2805	42459.6935	22120.2685	29940.1625	36795.8255	27713.352	45779.7415	21647.1395	63694.525	26318.099	25784.6955	29984.163	24601.6795	19782.597	33949.8485	43683.8175	23451.9	52157.3595	41227.2025	26641.6895	44563.2445	19619.565	24978.886	44143.0325	34225.905	47456.822	62292.3725	22885.858	53621.8745	30784.095	42632.608	28655.479	32295.7615	29099.6685	30510.1115	38139.4325	21497.078	24280.6555	28505.828	22669.174	34452.193	39580.529	24392.762
Hmpp0004	C21H30O4			Cortexolone	347.22			[M+H]+	-												11337.9905	32187.5105	30899.3495	27648.181	22366.16	11339.33	19728.505	22367.0055	19166.5215	N/A	7977.834	27874.173	4548.832	14313.997	25341.457	27056.6605	9336.667	21295.8675	N/A	N/A	25689.672	72141.8715	165949.668	41223.667	11213.3405	164128.28	3848	N/A	10598.832	N/A	71759.1325	79006.948	N/A	80353.1365	14006.3365	48327.882	N/A	8021.841	10757.5175	23529.507	7036.171	11346.0185	54406.351	26124.185	25278.3585	26931.36	34536.333	32079.008	29549.0445	33396.2045	27418.8775
Hmpp0004	C21H40O4			MG(18:1/0:0/0:0)	357.3			[M+H]+	-												1255.4835	1770.3825	N/A	35225.881	2069.7045	2139.0145	N/A	2058.527	2023.3045	N/A	3470.696	2452.8845	1262.872	2713.299	N/A	N/A	N/A	N/A	6295.4395	N/A	N/A	4371.303	N/A	N/A	N/A	N/A	N/A	N/A	N/A	N/A	N/A	4951.5795	N/A	7230.419	119465.4705	5652.867	N/A	N/A	2715.212	1920.144	1339.847	1755.4195	1033.149	5189.47	1096.326	7121.2915	9360.871	4041.3635	10634.574	11177.581	7024.18
Hmpp0004	C24H52NO6P			LPC(O-16:0)	482.36			[M+H]+	-												1973731.435	1253936.529	1101314.753	1426863.14	289679.545	512573.253	773296.403	1491006.972	660466.09	939199.3225	801518.303	237590.7115	741914.4735	511046.243	669622.8835	195673.965	209957.6165	1220035.052	606851.545	530589.761	528480.9305	508865.3865	1100126.038	784281.1865	1712377.999	1237080.83	1798967.872	300349.6265	1378271.881	1561916.092	1497179.06	2354202.757	2505869.427	3163947.596	1309993.244	2690763.694	2151577.551	1396871.086	1825744.503	1177465.678	820804.673	2056388.754	2144563.106	1897700.7	630787.43	1507505.076	1107491.095	1370091.564	1419776.027	1295007.276	2067042.83
Hmpp0004	C9H20N2O2			N6,N6,N6-Trimethyl-L-lysine	189.16			[M+H]+	-												698013.6745	520415.9715	693395.348	560821.7775	1154945.466	891907.419	969065.2835	816722.489	762608.246	1179142.325	657754.2565	1011660.713	1107864.802	350430.896	1553748.156	1280403.233	556934.999	758227.535	2123245.593	732724.046	762192.5315	2194606.678	1934420.979	1353538.058	2380323.976	1577812.428	518865.0595	519514.26	312764.69	613507.5995	651506.5465	756319.125	556282.823	607096.4875	1428830.639	628916.8	647337.3605	572647.874	563531.1775	815419.953	482668.719	1008894.631	634935.9955	735618.6515	626789.3925	1052268.599	1045386.866	1027260.512	942166.9405	1060461.735	1064467.99
Hmpp0004	C10H19NO4			Carnitine C3:0	218.14			[M+H]+	-												6236110.912	5075259.411	4450701.563	9947985.666	10652062.25	1100550.536	9583610.972	11435514.34	3005884.92	11763440.91	5464711.786	3082904.254	6515560.468	6078558.948	18992068.49	19094357.56	1837823.935	18897552.96	11089053.36	9279348.573	10023609.82	3486514.129	7531518.742	1709860.155	19670255.24	8697138.608	3560064.353	2038595.484	3328961.407	3696321.078	6280386.58	6433314.91	3445311.082	6482361.316	2895756.582	1909425.556	4987112.002	4626858.85	3362354.628	6235356.411	4908597.417	3356923.88	4474487.894	6474277.907	6720208.809	6433008.643	6567395.43	7032001.351	7534975.202	7188431.512	5604346.439
Hmpp0004	C18H35N3O4			Leu-Leu-Leu	358.27			[M+H]+	-												31331.3455	18600.868	42958.191	11615.777	39506.749	10675.4215	46877.467	25363.906	26644.2645	31926.2555	17476.913	N/A	29407.421	39802.745	25105.131	18766.9555	19804.7675	17315.2795	39745.829	26141.2215	28588.461	16280.6015	41224.9295	30383.672	28922.221	26745.3185	26650.8675	28996.113	46923.414	20995.273	N/A	13275.4675	18094.5105	16026.4025	19851.5785	N/A	13018.2565	19287.584	22610.5215	19068.9635	19972.0745	33702.855	32477.3815	16024.89	33544.666	25330.7825	11793.915	31023.7865	37889.248	45210.4435	39197.5715
Hmpp0004	C24H50NO6P			LPC(O-16:1)	480.34			[M+H]+	-												978889.01	421813.6165	473730.6965	523938.0895	239582.556	229896.1575	232261.1295	1135224.158	495868.1925	266121.9815	451037.699	153746.675	276234.2345	190437.7775	490101.2815	89069.183	112253.6945	600997.7985	206469.6585	245624.2865	249495.0655	198396.9165	392519.209	362095.6385	695365.882	433788.6595	809070.646	246052.4925	705919.215	830369.307	1525137.089	1822486.3	1634363.654	2067784.535	1466674.369	1986985.121	1023814.61	1237067.383	1250867.191	805865.325	470283.2265	647954.941	1084061.177	865360.2135	294091.482	770166.649	821586.6355	671406.7725	734899.311	768472.796	788551.018
Hmpp0004	C26H46NO7P			LPC(18:4/0:0)	516.31			[M+H]+	-												403343.0925	25743.913	41667.7925	798589.489	15897.8375	24873.41	75465.2915	30000.986	40448.9825	82683.5635	267819.646	40939.083	23157.042	39552.109	N/A	28067.9455	N/A	717817.799	41703.096	95738.443	63760.4995	23011.982	113918.471	176467.6045	43338.855	152842.5215	162945.708	49583.703	136765.205	127788.8665	160575.5215	102707.035	30941.395	193821.0715	35703.854	263415.1515	42964.562	28746.171	39219.2095	13376.7835	31949.3185	N/A	26148.266	104803.123	34870.798	145163.8405	75008.5045	96173.749	109638.9845	104186.696	104112.4025
Hmpp0004	C22H44NO7P			LPC(14:1/0:0)	466.29			[M+H]+	-												149919.1815	82350.9645	48338.402	91217.2795	114575.955	92212.591	148910.0045	106815.643	26174.6385	163913.8	39616.21	39736.9255	35671.62	68841.174	64596.103	44338.3035	N/A	802134.222	66883.2885	100018.9115	91908.78	28889.875	86846.497	46776.463	30600.047	125072.2085	398783.237	N/A	395469.2185	236946.28	79964.483	52133.155	36304.2785	167272.4545	51054.7115	117148.65	86099.4845	N/A	33462.27	27179.0065	37836.9905	135864.702	124451.5785	55433.724	124857.601	157115.201	79430.149	106440.527	135819.953	106472.35	140142.815
Hmpp0004	C26H54NO7P			LPC(0:0/18:0)	524.37			[M+H]+	-												34499.033	N/A	49494.779	34979.0565	42638.169	37158.262	15521.317	34573.411	41916.8095	42821.989	32065.253	7049.853	23640.6815	21293.4575	42351.075	N/A	15097.7355	42964.1455	N/A	34323.9795	16501.688	13995.229	18458.125	35919.9745	18175.136	21248.101	34940.7545	49214.3035	14617.496	37306.406	52247.913	N/A	55384.495	N/A	N/A	47678.945	N/A	N/A	46777.7175	17340.816	23298.9235	25727.359	33523.641	23363.787	N/A	21581.317	49225.123	34819.775	29422.7475	56390.7765	60995.1105
Hmpp0004	C10H13NO4			Methyldopa	212.09			[M+H]+	-												144568.561	66469.5785	83552.6395	78901.7065	122647.3485	220395.4735	140601.91	238118.9375	132349.921	193849.0075	101860.173	541645.47	48398.11	198966.2315	249980.7195	167376.645	67336.557	202829.3685	288730.1755	71620.1025	100234.586	463188.391	569902.025	197552.4965	234561.406	788925.94	147043.23	128453.0015	174761.681	233309.266	156766.349	166920.2775	162424.775	144269.021	301906.976	53539.4615	83486.928	111562.8455	129536.6015	73283.0495	67535.864	32004.996	107664.0135	83155.8025	150876.558	240398.6435	191335.1955	142581.422	180772.3755	172091.5235	212772.4995
Hmpp0004	C10H15N3O5			2'-O-methylcytidine	258.11			[M+H]+	-												140873.3585	94260.869	108420.987	168149.0425	130152.9775	157206.545	104179.0845	143317.175	115690.738	60230.4105	89438.172	273627.7785	77003.382	121708.1085	151965.131	65436.78	164843.771	62329.212	132622.436	113790.968	130523.52	114713.5565	141057.2855	227716.7525	66191.5375	149681.2275	129802.804	148990.4435	101764.7085	124907.031	128549.0445	84386.9525	68105.83	152385.2285	98387.887	62561.8715	121370.2775	141452.9745	63320.774	67724.672	233657.01	146686.2265	81929.451	122595.2555	145902.461	109449.4225	99987.1155	142193.4685	96588.2895	139042.1135	122074.569
Hmpp0004	C5H10N2O			3-Amino-2-piperidinone	115.09			[M+H]+	-												309278.2285	201025.173	167727.5615	361898.1105	720221.146	208598.5485	299013.178	460545.5175	508759.1965	445922.014	402891.8945	340580.563	346133.398	276640.1465	340372.747	119696.074	194973.6645	347879.2575	128968.2845	214186.991	199026.319	529580.192	347200.2415	316749.133	277355.832	304785.06	501930.0995	208530.2065	479252.7155	630125.301	589381.597	503991.5265	366686.8705	491422.9385	532663.192	376331.0895	177893.495	414439.4145	354007.45	439763.8255	308377.1025	192802.981	257854.6935	328310.527	301856.099	410610.8255	392115.0105	294454.6945	417411.6325	325484.885	383620.2635
Hmpp0004	C6H13NO2			3-Amino-4-methylpentanoic acid	132.1			[M+H]+	-												127659.901	175907.8905	112752.9005	140045.7455	134979.608	122294.708	131449.531	140256.165	128072.0865	124967.9955	86569.072	155999.2545	100964.474	137106.532	76219.289	132033.151	91031.412	103237.6505	123155.7655	82995.5925	95205.434	173685.666	107747.208	121775.4295	121845.662	101773.976	93501.282	101797.488	122934.144	77504.3985	171943.982	127793.671	131519.084	140663.944	103108.6245	150858.7805	139106.0305	124170.882	162625.744	187685.4095	166252.6485	105149.915	134289.037	104726.946	140388.613	89071.0825	133033.5285	90687.6215	143754.074	129271.761	152545.071
Hmpp0004	C6H14N2O3			2,6-Diamino-5-hydroxyhexanoic acid	163.11			[M+H]+	-												9392.9155	13669.6255	7285.952	10922.727	35977.286	22433.4245	42932.875	12987.8085	13927.0005	35779.283	10240.041	73114.7555	10101.0075	40091.95	27734.6435	15944.642	18418.9085	21981.6235	36398.4	9507.1435	19332.6765	129773.0525	55398.6345	24704.159	25471.058	70107.484	14659.19	11575.7585	11287.549	7121.9935	16773.2345	13828.45	N/A	14628.7345	49401.919	7667	16827.6435	11395.5575	11321.632	8702	13469.631	3707.292	14565.3225	7346.5655	19974.6915	26980.311	21927.1835	19721.193	21787.209	16722.415	33397.2345
Hmpp0004	C5H14N4			Agmatine	131.13			[M+H]+	-												682564.8765	656283.1065	612011.6285	467267.9605	692726.7965	641425.691	620593.598	690648.9915	533793.583	684956.42	577021.205	487982.2815	648103.006	597981.473	714887.5605	564252.0735	465535.8025	624828.217	620442.6365	621643.049	653662.1455	543877.8325	423096.5595	555495.597	456952.137	562043.487	524876.5855	580144.039	606311.606	449824.0935	720342.6505	929539.3535	1001903.922	866442.7355	803930.746	997264.648	744305.8195	776570.757	746759.2865	715518.667	695378.756	670219.996	756269.81	705935.5835	593852.1175	528258.0425	643709.3465	745044.2835	586312.7675	596742.302	479376.689
Hmpp0004	C12H16N2O3			Ala-Phe	237.12			[M+H]+	-												129639.62	217038.465	151681.461	143449.2345	147077.2555	85305.681	143594.7975	39076.7965	101521.866	133135.166	123051.315	23787.9165	67001.786	91942.4015	148773.364	57604.3205	109985.4765	166345.478	115638.1555	107559.067	92483.776	43119.669	102424.344	74302.3435	133208.6385	123979.6995	161994.547	97844.0135	143991.707	108703.136	121008.101	124096.81	137499.4985	107186.4875	122123.9555	149466.1875	149276.8395	174361.428	177635.126	188828.4215	107094.2465	145946.425	117181.483	157987.098	124843.449	112168.773	111804.3715	120555.9615	134234.7435	127011.313	99859.6165
Hmpp0004	C22H28O3			Canrenone	341.21			[M+H]+	-												69037.369	29961.5265	N/A	58530.202	17228.7515	25239.566	N/A	36596.9905	24042.0245	24413.127	33105.572	N/A	28164.343	29243.608	19915.768	65336.5005	N/A	72166.382	66681.2785	56441.91	35767.4415	26617.631	N/A	869806.5415	37055.9295	66811.604	20077.4705	289824.111	31534.787	24450.225	420260.951	500595.888	33866.1105	380195.7195	676183.3025	64878.1605	77674.6775	41987.873	25306.88	13864.877	23643.6595	12342.344	34697.4175	38892.863	N/A	118844.3675	84491.7455	82535.408	75209.1205	88629.2445	92961.6385
Hmpp0004	C6H10N6			Cyromazine	167.1			[M+H]+	-												36494.129	71224.6165	22957.0515	37505.616	70620.3605	34218.047	42923.744	40249.622	42867.11	91918.154	38844.436	53902.659	33195.6925	60558.578	65015.797	27122.0515	30577.9395	61628.413	49615.375	28418.061	65025.0085	56367.4385	59037.9315	67091.6255	95609.577	80443.247	44343.4425	31929.6145	95448.973	94167.1295	20592.2345	42750.6095	56511.072	16138.9735	48785.9665	45078.82	53041.615	29119.231	60240.6	42142.179	40821.5125	38703.4775	49480.521	38584.034	61844.503	67775.304	62900.811	55262.384	49750.3255	46842.174	64184.3075
Hmpp0004	C26H43NO6			Glycohyocholic acid	466.32			[M+H]+	-												378510.407	1114318.408	1934970.947	2688902.243	1304763.657	536735.415	3087480.969	95422.035	307383.6355	4878558.253	2056055.048	371861.1245	192616.1665	2508251.55	3385642.276	819473.153	420421.804	490206.6765	18661.89	1055666.255	1027219.249	8366.2105	192653.5955	3311515.19	514644.362	367584.0325	1681979.251	902367.269	7219410.791	5071882.548	242989.4315	141053.065	80347.364	419389.6815	169365.791	15852.66	287411.7275	373350.9045	45277.1065	123846.347	649464.9795	251481.8855	120268.4535	343757.802	1068607.814	1241681.788	1132714.6	540180.107	1888173.835	958686.8545	1204049.199
Hmpp0004	CH5N3			Guanidine	60.06			[M+H]+	-												719616.666	675201.4305	461373.8165	1036999.702	632085.703	509510.251	654956.66	1711308.323	751940.291	537591.061	279137.585	557010.952	591584.5545	676443.311	834714.8715	730920.069	550660.7235	673371.955	841825.659	647188.122	438074.0275	719874.0065	937742.936	536714.5995	1028713.899	835957.5345	557255.7685	504801.1715	581780.3385	650547.535	860100.0155	720899.1315	497201.887	804817.801	939120.7785	517092.875	601657.737	669606.9725	545294.4295	684354.0395	731091.3075	914082.8465	816813.032	612422.244	643683.5675	745585.094	699901.2355	627028.905	761855.152	686698.4025	649361.415
Hmpp0004	C12H18O2			Hexylresorcinol	195.14			[M+H]+	-												79419.3335	55503.988	47137.246	56612.5935	34737.1925	65103.413	73987.62	44156.927	37532.955	50299.7055	46422.552	60182.101	20983.543	42942.6995	39752.2375	73744.866	61196.517	68137.894	62803.2425	67680.017	61716.617	72796.654	67435.7125	74908.576	49985.1535	72940.004	61582.465	50716.887	60399.8135	44615.093	65086.886	67701.7055	95210.2605	109999.3625	81451.7625	82931.1085	54434.923	72510.463	63379.8165	42019.3305	40841.234	65894.624	57769.0925	51811.3845	69644.3625	72819.114	61322.0655	55311.3965	36334.1955	52575.9035	78466.435
Hmpp0004	C11H16O			Jasmone	165.13			[M+H]+	-												168925.2375	62205.423	108936.2595	123999.3825	86964.956	215473.5325	138141.2965	122833.589	143788.042	138039.3835	155647.324	106277.0805	150260.967	70308.46	113640.2635	149055.3875	175144.3025	126567.1755	111693.893	92694.9475	191922.7375	169796.2525	138349.779	133970.437	163032.102	179742.7915	148358.657	127191.8945	91132.216	138140.613	163233.527	172161.5305	137007.0625	139362.672	202487.4575	108922.145	149633.691	257853.6905	136323.224	106348.9935	122058.348	51200.97	166005.218	133034.6325	115029.484	167162.5675	145164.45	132488.848	149141.4665	143635.0425	215269.27
Hmpp0004	C9H18N2O3			Leu-Ala	203.14			[M+H]+	-												2479778.276	1242666.695	1153120.998	299505.197	204382.8445	853752.283	397851.547	235523.8335	808058.312	838091.4845	319429.72	96464.36	760577.446	206879.0715	308224.708	210977.405	310267.217	107178.742	487956.272	402649.3875	463881.7345	624651.6505	541961.332	676964.112	590353.871	399690.5915	162165.591	304736.5375	145571.34	114013.607	340132.8635	361286.9005	1110051.362	340277.3235	362044.242	949940.3385	2601690.623	1240435.757	1119331.881	1409395.973	1278759.251	2087198.74	127204.7885	3439743.515	922631.927	770834.9875	804505.467	669795.452	728941.4055	739769.6235	713817.65
Hmpp0004	C21H44NO7P			LPC(13:0/0:0)	454.29			[M+H]+	-												23740.5245	7253.3045	6432.804	43515.6795	8312.0875	30647.3315	34021.3565	32013.7235	13025.1325	19264.6305	14597.3315	N/A	48739.8415	N/A	8080.3795	3008.7665	17194.3975	27327.144	N/A	16434.3125	N/A	14965.7045	16304.704	10432.43	34212.364	24529.1375	41079.533	7386.2015	29510.3805	45028.9525	25548.8675	28295.0335	10197.811	29049.9215	N/A	19006.4955	16043.519	N/A	10763.2	15383.5595	12671.469	19394.4625	8471.7095	15687.7685	9846.8055	22167.836	28497.5545	16191.7005	17503.4575	21995.0795	21617.275
Hmpp0004	C15H22N2O3			Leu-Phe	279.17			[M+H]+	-												236804.939	1029278.69	945830.018	798170.5875	54931.928	66279.5345	87092.2945	48119.277	108035.9125	505765.998	53213.276	73061.1125	235091.367	86601.565	141750.779	82581.901	29451.3835	48648.3315	139237.792	162311.316	150273.24	91155.0785	44773.8545	167650.4845	87264.3425	46666.4605	198467.163	85489.4595	172951.429	213501.2735	65189.7715	40977.4315	211299.764	124873.185	91858.804	360535.017	428204.2485	362844.658	222339.622	378600.276	150386.0495	396144.2875	218311.5875	241665.462	167765.3305	166601.9345	196968.5885	225233.9445	202834.5135	209323.251	208342.0355
Hmpp0004	C22H32O3			Medroxyprogesterone	345.24			[M+H]+	-												179884.342	182588.047	180577.6985	182456.9735	122612.4415	177352.9635	100915.0345	147173.4245	116402.7175	172605.7705	199467.594	199346.2585	206361.1065	177968.443	167821.045	195767.4835	183232.7535	147004.1215	169486.255	132738.748	180342.459	127284.659	194970.578	187738.761	182351.2045	190415.5075	156848.7405	175803.2155	218136.815	151836.592	224353.9165	165993.612	193089.1765	287411.2705	173941.3245	149764.479	232871.2065	106974.1125	196827.861	124629.316	122421.188	195277.6935	141128.321	91015.0925	168894.851	120802.4895	165715.1415	143560.5725	181393.674	243729.5635	184025.742
Hmpp0004	C11H23N3O2			N1,N8-diacetylspermidine	230.19			[M+H]+	-												163447.6255	515453.0075	479896.048	200160.408	229776.0015	239331.3675	196532.8495	380113.401	148178.3985	404567.6685	182549.8175	195646.9635	131311.247	366744.5105	587138.261	190248.1035	203478.981	147128.468	419008.169	192854.368	175703.85	1086666.841	336048.9115	297965.637	581313.1045	390770.3755	98099.084	238329.267	105166.1895	63529.199	137240.785	176979.0605	129898.114	174597.139	242809.797	97013.9265	151885.858	73507.9915	110210.9525	157905.425	148203.983	159002.4325	70355.735	127906.0375	197724.264	249179.1685	220764.523	213840.961	287985.6295	234562.7025	207506.2395
Hmpp0004	C11H15N3O6			N4-Acetylcytidine	286.1			[M+H]+	-												211190.486	298486.7405	307771.247	188098.9275	131256.1125	391678.45	163941.9965	525008.986	161613.2005	315544.9885	105338.4375	1503915.174	196115.199	358538.795	761420.531	544583.6535	162021.944	219359.986	728512.728	168973.727	100239.8145	1360595.928	1070687.588	463756.816	747411.9575	1138106.241	146888.8035	294799.4845	148347.257	139367.192	135501.3675	128242.306	134934.0415	139324.4115	1287542.462	129362.5105	149227.117	141481.7755	127609.323	132841.651	232078.994	135322.2835	238395.7845	146917.016	178453.627	435224.2245	361669.89	360543.2685	398211.65	333195.733	383015.2705
Hmpp0004	C18H37NO2			Palmitoylethanolamide£¨PEA£©	300.29			[M+H]+	-												2237.04	9799.296	8490.3	4424.16	12153.766	8858.928	9623.796	7067.424	11722.152	10525.164	4148.04	11463.504	4430.4	6582.888	2465.424	10132.044	7242.612	3755.076	9588.3505	10503.1515	10323.144	12466.879	5964.66	11044.472	10326.42	9049.092	6807.528	11451.648	6454.812	8600.406	30621.039	34940.0575	51582.637	22572.9735	40060.74	19880.7265	33097.878	15081.596	13040.187	14838.3915	8336.328	14445.71	8717.124	9053.928	7070.232	12038.364	12938.016	13146.744	7555.86	8634.444	11212.968
Hmpp0004	C10H7NO2			Quinoline-2-carboxylic acid	174.05			[M+H]+	-												85166.8045	16637.164	50797.7405	50200.894	109509.605	90610.259	98660.192	113467.7435	25022.18	180279.5925	24670.6515	5406.658	66017.352	71656.294	256247.4035	237300.507	40939.72	139103.4	254890.017	73950.8635	58879.7795	901598.024	171121.634	N/A	420451.7865	200242.993	26787.226	38086.205	31842.4615	N/A	93696.1745	58148.4965	N/A	57848.4195	179448.352	N/A	45077.5295	66023.106	35331.366	126894.13	39443.6505	49531.41	81569.125	89894.165	65651.6015	97207.205	137757.38	85064.123	48722.393	95830.0135	138937.8795
Hmpp0004	C7H13NO2			Proline betaine	144.1			[M+H]+	-												4224932.154	1164054.832	970005.297	765106.0955	3427826.272	685642.326	601366.21	1062125.273	5341325.486	2137843.116	878905.568	1183969.735	2054529.862	757285.6175	1730048.231	1271308.769	644312.1395	1763028.547	633428.077	588576.212	773710.021	844510.5275	2756150.299	4773384.165	2983151.508	2610287.583	658669.105	1992083.163	753025.04	763242.5995	1000989.509	771370.2305	1283381.49	661566.423	5267785.304	847295.58	850874.6345	1500967.227	1054865.002	889177.6785	1047173.235	863785.058	3143857.692	1098885.575	864146.4365	1632190.324	1669024.453	1907813.72	1579326.154	1843822.985	1989702.862
Hmpp0004	C10H12O2			Thymoquinone	165.09			[M+H]+	-												N/A	N/A	N/A	N/A	N/A	N/A	N/A	N/A	N/A	N/A	N/A	53129.84	N/A	N/A	163303.3735	79516.8095	18919.301	61040.294	207202.6675	N/A	32831.4295	1043616.046	313731.6845	109510.2455	37719.238	371834.827	N/A	46486.73	N/A	N/A	63276.1325	N/A	N/A	N/A	311893.478	N/A	N/A	84687.626	N/A	N/A	N/A	N/A	N/A	N/A	N/A	104704.904	82656.911	85966.757	93412.9155	80041.037	70893.771
Hmpp0004	C9H17NO			TriacetonaMine	156.14			[M+H]+	-												321259.6585	296981.3085	284403.653	139349.475	366470.6075	244463.466	159646.3985	305298.4485	190205.201	296115.788	122532.729	336488.3615	348705.7695	178705.1705	343281.8025	221521.0605	154121.684	111719.083	138566.5935	139468.79	150204.6665	186321.521	338903.3205	273653.445	156243.27	318541.7025	163337.604	190264.1815	206437.315	180745.165	282855.476	258725.775	307510.1525	257960.585	317393.137	202347.758	301064.9405	446185.1505	248516.6175	308657.4715	400513.255	280420.439	416584.2205	296015.944	337239.631	277515.6625	252153.361	288438.447	255069.305	251650.506	228123.439
Hmpp0004	C13H8O4			Urolithin A	229.05			[M+H]+	-												312497.565	269996.319	256587.727	515845.2195	361367.5885	86153.284	25196.136	51191.74	421335.9155	433738.857	180200.255	233970.6275	157888.723	54418.1765	239153.078	227835.421	38641.888	184849.834	72940.9035	72618.0485	89292.053	226608.937	122137.028	90212.542	195989.318	139232.354	441329.893	82700.2635	500843.6425	529415.193	243407.6195	273505.0065	290694.3395	231760.6795	310975.7435	270886.9545	451190.8795	559694.1295	260932.2365	350888.8985	346208.919	448098.935	229552.0045	347769.9	461423.4465	291719.8405	260564.098	260745.688	279233.089	299170.3365	271182.1945
Hmpp0004	C12H16O3			alpha-Asarone	209.12			[M+H]+	-												192660.3485	193434.6735	172518.5205	146052.2145	200828.177	96032.8445	209904.2115	137910.656	204262.422	100805.736	184197.84	155451.302	147512.793	128775.9905	151968.003	191754.974	221950.491	141885.785	199806.984	176317.317	182510.191	127754.072	197807.3155	138316.459	160609.5265	158149.9025	136902.4775	169059.5215	221918.689	150149.8445	224866.0855	218779.1075	218773.6055	216489.284	166087.84	173303.367	155789.2935	199859.2815	149726.542	140053.3295	156551.6885	120616.0615	177196.5575	199598.5445	156625.919	164103.997	152712.7245	119325.4125	146514.0055	115013.5335	179513.4715
Hmpp0004	C13H12O9			Caftaric acid	313.06			[M+H]+	-												48397.3165	31324.6255	31883.248	72323.1805	36055.157	16606.8855	2435.829	17457.4875	44372.1705	46339.0635	14502.55	17088.7525	12569.9195	14697.6715	26555.4815	28207.8995	7655.364	32539.8025	15893.246	14951.5235	14668.0275	24947.6305	22384.76	N/A	31243.815	27812.167	37099.295	N/A	39345.507	43702.745	47604.198	31433.3545	33802.542	19880.8985	53953.308	40095.2635	50309.4375	54646.579	47657.7735	50925.555	30355.252	46184.841	48570.482	25498.1635	65900.828	43962.0135	28240.7065	17472.9095	26421.2795	41408.6075	42835.7025
Hmpp0004	C12H25N5O3			Arg-Leu	288.2			[M+H]+	-												79294.829	81671.186	49230.5475	41652.7	50798.493	N/A	85649.28	48687.0525	30463.492	N/A	74330.053	28774.8265	63539.323	48665.51	27675.095	34825.1825	35172.12	22489.106	15376.929	36194.533	63591.124	61508.877	N/A	56693.206	32561.9825	N/A	27471.2515	58753.9655	22561.6465	N/A	25343.9875	16443.144	64781.7495	16475.7985	36430.888	30826.6155	75571.919	54601.473	26992.0185	81121.541	N/A	83798.9665	35561.173	50570.5535	84171.961	48079.369	41753.255	47271.0275	42657.205	62481.936	72518.345
Hmpp0004	C27H42Cl2N2O6			CAP-palmitate	543.24			[M-H2O+H]+	-												3294024.631	3138867.02	3235041.075	2547276.506	1639538.183	1775690.113	1898291.967	4681246.654	2664726.262	1976875.356	2494821.309	878198.786	1474116.01	1836020.058	1303155.324	770398.1495	633623.893	2622753.614	1609249.484	1363607.776	2090083.531	760469.0505	2383827.604	790636.942	2211660.687	3116268.505	2556913.251	842918.1995	3729563.14	3609196.379	3839393.354	5773872.943	4493769.192	9077726.292	4518628.335	5543141.273	3576807.574	3319682.715	2834003.058	2460668.584	1846266.905	2199109.555	4314552.896	3883987.256	2087484.662	3655032.535	2995929.272	2745091.132	2564895.114	2922893.06	3148376.286
Hmpp0004	C22H45NO2			Eicosanoyl-EA	356.35			[M+H]+	-												14386285.2	15913374.46	17406300.09	24521463.85	17779787.09	19877089.27	21901779.02	21963807.53	18520637.95	20423218.11	18330042.99	13858443.85	12979942.27	14586946.22	13091488.02	14682627.12	15853298.73	25774110.91	15666056.47	16687785.68	14083855.95	21061806.81	14863261.52	21931234.65	32020819.42	16155899.74	23336005.05	17779198.83	26800703.47	24977997.49	27846219.11	23593448	27507730.31	23551571.71	26585814.53	23518057.95	31186289.68	24018296.87	20400085.26	19445242.89	20358755.72	21084100.57	19415172.12	18861711.42	19196950	28864711.35	26248429.4	26109185.83	26865545.47	27975769.81	28264138.09
Hmpp0004	C8H12N4O3			Gly-His	195.09			[M-H2O+H]+	-												57446.55	78593.9295	42510.967	87291.4275	68087.3315	28095.9965	61207.805	64971.5965	62452.787	69422.036	78401.3635	45761.6395	54246.742	47418.4025	64941.134	44628.7585	41733.062	54334.3595	65959.071	39568.229	32571.746	31248.8815	19593.324	57712.38	42031.0455	56050.0805	90215.4795	40369.6265	61713.47	54920.73	136707.4395	106242.4375	68346.7865	134854.707	106663.169	99033.7195	75817.105	70800.029	54571.019	106375.374	64565.7685	60884.237	62729.3495	55909.798	41410.0885	83889.6935	72284.161	60449.6325	77197.5315	59160.3935	65256.0855
Hmpp0004	C20H23N3O4			Gly-Phe-Phe	370.18			[M+H]+	-												703923.4195	1275503.928	1472004.174	104534.724	965463.491	364122.2105	634918.0965	454448.4485	1363541.631	308375.215	239835.4495	87520.0245	660814.759	556279.6465	64507.746	200407.873	161437.0755	149197.6955	263411.928	538652.332	472127.192	246616.009	234710.353	237092.334	248910.264	237319.457	83325.7625	400037.281	69166.963	80705.8735	55717.791	85247.23	526674.844	168485.6175	85286.3365	834281.8185	391929.6245	1166869.436	790094.8615	959465.6935	860655.133	544473.4325	95788.632	658566.4285	1272559.014	504137.22	489431.8665	508822.649	510680.891	483567.5195	496431.0715
Hmpp0004	C15H22N2O3			Phe-Leu	261.16			[M-H2O+H]+	-												15151.938	N/A	12219.33	2034.1705	27984.297	11657.104	3462391.461	13364.083	4586.7665	20359.544	6688.3755	5516.108	N/A	1612431.751	N/A	297282.68	13242.1925	108333.5075	33650.577	13363.1765	10104.1605	13615.6195	N/A	N/A	8578.959	5212.3015	9565.9595	13567.073	9171.75	10841.5925	N/A	N/A	N/A	N/A	N/A	26503.436	N/A	N/A	N/A	N/A	N/A	N/A	107975.894	40040.9825	105436.714	168153.771	140055.7515	120789.657	144739.4545	136916.685	193999.5395
Hmpp0004	C11H20N2O3			Pro-Ile	211.14			[M-H2O+H]+	-												24417.7625	18672.7685	9268.8605	12874.653	92151.283	34301.6415	269807.473	87626.315	7600.4355	106972.398	39294.3465	60853.486	15093.7825	142324.594	18243.508	47111.7785	28919.09	713732.6075	42813.8075	14761.3295	15802.7035	166845.0645	25261.655	195966.503	58204.61	38997.507	53663.871	80998.507	46447.769	55724.056	15160.737	15378.2135	7957.298	16311.063	28934.711	1598815.054	17130.408	8882.2255	15221.7465	13393.0805	30139.604	18602.6305	142893.035	283363.0185	478183.602	129507.617	94612.6825	121028.6915	126000.951	119722.0525	130731.5015
Hmpp0004	C5H9NO			2-Hydroxy-2-methylbutanenitrile	100.08			[M+H]+	-												N/A	2445923.887	2213989.204	256467.04	36249.479	35850.5675	3969940.593	48350.2915	N/A	N/A	106935.0155	4921909.701	3912527.288	1962929.763	23622.084	792491.934	N/A	779173.096	666996.921	259707.4635	305069.5085	926019.827	124719.041	140413.8015	44509.586	108286.9235	189454.9745	42969.802	240451.7685	224485.317	40473.371	51433.56	31316.17	53474.546	624297.1455	31112.6575	46640.8045	264895.7155	35472.1815	1017714.94	339550.4335	71589.4545	13648.2065	2506917.822	41737.525	695629.8835	829019.6405	757107.597	824422.0325	709746.6745	707990.389
Hmpp0004	C8H10N4O2			Caffeine	195.09			[M+H]+	-												221154.8775	13397.6025	8751.9605	12036.9285	144116.773	11415459.54	30443.353	2896914.871	19873.24	4040550.89	21339.0345	10510.996	15021.8975	4213045.787	32819.175	58015.992	256940.911	7801.022	107580.047	74999.641	78340.3825	200030.967	28822.842	10944441.04	24521.521	7189.312	11858.148	2992010.858	23263.1725	24045.865	57498.315	87235.419	23541.9225	63045.0095	393362.491	7345.486	18835.2725	17803.875	7161.1485	7796.4595	35331.2895	29411.0005	8470.825	14412.4435	6764.435	873938.003	877597.971	799006.3785	902739.1665	878310.3075	736137.977
Hmpp0004	C17H27NO4			Carnitine C9:1-OH	310.2			[M+H]+	-												2396553.314	857858.9805	847292.993	850410.9525	869649.5475	409652.5445	3165422.672	1577711.465	684469.2975	2765976.241	463715.4545	959680.953	1062319.413	1352899.347	2946581.989	10618740.52	540011.6615	624415.387	7880351.283	1074775.982	1080425.9	5225869.04	4637444.281	711175.834	3190625.987	4820886.523	940932.1155	640317.434	947653.409	1016089.802	2160173.759	2321311.217	648558.321	1958713.538	11283398.81	1871365.157	1252708.349	599802.696	505505.404	1742998.048	1830376.727	1082430.09	2677628.758	2172397.122	3238520.913	1965067.571	2278181.226	2093293.471	1842255.635	2126309.543	2063854.795
Hmpp0004	C20H21N3O3			Phe-Trp	352.17			[M+H]+	-												744605.849	765140.009	784455.721	447235.6495	36142.11	337320.159	144545.646	738477.025	2497112.02	660378.1505	793891.306	235239.946	372921.442	199740.2395	177857.735	208252.521	450623.363	432938.238	289150.5915	444979.6445	489207.5035	521587.631	741737.109	372134.043	217848.7175	788307.9665	354099.416	389793.607	334456.0155	354124.172	481766.0135	495704.7935	983334.685	490916.382	643664.949	2958815.207	674855.2115	689275.3885	857660.901	628964.545	927191.2495	690849.019	749553.988	1167820.945	515420.4955	705677.5635	636843.195	671630.2225	708741.7385	692099.57	726848.166
Hmpp0004	C11H18N2O4			N(Alpha)-Acetyl-Epsilon-(2-Propenal)Lysine	243.13			[M+H]+	-												15569.888	106270.7495	102180.6165	132223.8135	34862.293	131129.9255	149144.233	224578.4175	237786.3305	39733.9115	92282.389	583300.64	91938.866	152604.4885	470935.5255	261632.8425	123402.0385	125357.4885	1758182.985	49699.4275	73255.839	5712663.016	623165.673	726573.2885	66248.9655	743241.8255	49557.348	240288.4595	44540.84	47347.1575	141116.9175	170574.0105	85331.7875	169447.6585	12923551.98	156167.9385	100747.781	104411.7035	70355.1495	132309.3035	281403.8165	96600.1305	251516.922	94396.381	217321.8945	686671.1805	662633.213	673720.1985	710419.62	692016.681	673832.9935
Hmpp0004	C7H15NO2			N-Methylisoleucine	146.12			[M+H]+	-												56198.424	8922.2285	10411.62	18325.6085	7529.3615	30398.2415	N/A	23427.496	51946.651	36393.6935	28018.147	120387.921	36452.8685	N/A	50585.6845	8432.025	8794.042	N/A	N/A	5578.6555	19066.0765	N/A	34292.8125	35197.739	21795.3255	52742.828	49751.4015	N/A	51924.3395	43122.7505	36714.939	44090.881	N/A	39181.247	35002.9715	N/A	N/A	18016.066	9915.2885	4022.024	46370.408	14195.789	27012.422	N/A	13115.9455	30617.921	37062.028	28715.5475	25979.128	37813.792	25155.6
Hmpp0004	C25H45NO6			Carnitine C18:1:2DC	456.33			[M+H]+	-												26685.327	81726.669	60670.543	68685.813	116572.483	183843.0935	98124.8335	447011.817	77689.0325	656851.608	168840.966	487222.9795	52664.9045	275414.0915	4795830.041	181598.4735	98519.631	56437.951	785721.955	128580.5275	134256.6865	573033.4305	164516.6625	218424.071	123845.724	241231.2475	72421.316	164149.724	35012.321	41648.474	134557.3675	189408.8985	169389.2505	152240.7185	1197367.644	34732.816	95098.066	116690.5065	166124.4985	29219.1375	68079.11	108486.621	82597.0995	109905.8415	131249.567	324683.346	359121.3675	273344.929	295358.691	304936.535	297687.651
Hmpp0004	C11H18N2O2			Cyclo(Pro-Leu)	211.14			[M+H]+	-												66102.3515	17876.975	16318.407	20626.3145	99935.0575	47024.342	408015.334	51790.825	31258.901	88929.2315	34026.351	360947.3675	49697.101	180714.6655	80688.8625	116458.2425	36766.752	2128938.543	47793.207	30449.8325	24500.7375	684208.3865	76917.009	96993.647	82199.527	75438.161	121174.865	52027.5545	98473.633	94928.879	38571.0565	36335.5805	17470.107	29922.2955	82487.1355	2154101.866	47134.845	21081.442	21801.2115	25289.0105	69417.2635	45498.364	1741770.353	1174117.999	1827203.782	317864.129	282437.29	245358.861	295657.2805	304705.5085	281245.2605
Hmpp0004	C9H17N3O5			Thr-Gln	248.12			[M+H]+	-												34982.885	155691.5325	139619.8045	137546.1595	10455.8275	27783.3205	213255.3055	64944.729	17613.019	26345.2595	56693.1225	877913.714	222867.9595	85828.3385	537435.901	946256.5615	N/A	250574.8865	411786.942	214689.047	219474.329	3636377.336	161013.189	89172.941	676331.323	198488.303	364148.8255	42065.7925	353633.9005	381943.7285	24309.7365	18397.7305	22621.462	32184.6065	454551.6115	17879.921	116889.137	19565.635	N/A	152420.3715	164592.841	107474.006	16242.3215	113176.1375	71318.4615	308922.6315	300931.1635	294389.9395	325214.049	325232.3805	319587.8115
Hmpp0004	C14H16N2O4			Cyclo(Phe-Glu)	277.12			[M+H]+	-												18589.03	75490.0605	91518.732	176857.8235	12697.973	13763.4125	74571.434	29115.7545	49575.547	100898.3125	59033.927	24809.7995	38157.743	54621.2025	36416.127	60491.7115	35920.157	32165.0295	128280.4895	36836.058	31732.55	293481.9165	20713.314	21637.6625	43678.0015	25661.698	67685.4035	19682.529	57167.1905	94720.908	168226.229	183496.1915	21951.335	169641.3205	164105.5575	121166.157	36438.1615	39725.5305	27937.127	64764.4165	30605.8135	49901.187	37799.6495	48047.0855	21533.469	67218.435	64992.8715	76386.5765	88675.5675	73596.97	77721.927
Hmpp0004	C10H16N2O2			Cyclo(Pro-Val)	197.13			[M+H]+	-												142743.9165	93445.3805	97669.466	130395.86	171787.9545	99839.197	104076.503	98358.426	49167.235	104186.5415	96392.252	137234.7535	83283.057	79594.5	143256.522	90341.542	73362.459	1154907.613	148485.036	104906.929	122263.3415	476100.291	431937.216	580620.91	231674.9165	421997.2095	131884.146	209656.7935	147698.2735	129947.112	142365.6905	144551.393	96673.2715	164251.0345	298549.0035	785503.1945	75457.2975	109103.5295	86901.122	91973.2915	99321.2965	65756.671	945769.2275	517062.2015	618852.4265	229278.099	276842.508	241260.719	198278.344	279183.217	211257.0705
Hmpp0004	C6H11NO3			N-MethyTrans-4-Hydroxy-Proline	146.08			[M+H]+	-												50815.702	108190.98	157473.372	24937.615	325700.474	20743.465	42471.48	23695.6435	112995.3205	31323.4505	28954.2095	35753.511	42633.6825	24296.293	62139.184	125794.277	18399.088	36126.7215	55038.8535	25356.9635	36966.436	79721.032	64110.167	124817.1035	59415.849	83471.001	77214.5725	49795.6735	63785.719	96940.357	16409.776	6661.8555	19545.2485	13841.1195	234979.5025	22597.032	21228.819	39209.392	30376.827	18965.4115	24515.2255	29575.1635	26440.954	32293.1155	17668.5355	54408.797	94927.8305	58456.576	101211.6355	87616.848	63779.468
Hmpp0004	C8H14N3O7P			5-Aminoimidazole ribonucleotide	296.06			[M+H]+	-												122431.4655	110433.9115	82753.2695	65986.755	29923.8495	83241.26	28370.432	78949.9635	150270.52	46582.21	147028.8575	40451.341	85410.9465	13763.9895	55767.335	16971.7005	20151.947	79779.452	22501.0245	58243.167	42676.909	87769.714	84672.0095	33827.1755	47244.173	45165.999	77781.949	15083.225	105713.5025	112327.693	197072.607	346649.0905	104414.3475	218556.0465	172204.575	375161.8385	80591.456	110433.88	144625.394	104312.1325	51566.072	84583.9945	158518.565	101209.511	54817.9555	101784.3625	101208.9905	82595.397	149074.49	75666.224	136295.945
Hmpp0004	C12H17N5O5			N6-(2-Hydroxyethyl)adenosine	312.13			[M+H]+	-												698533.5255	968627.342	723290.3985	1188358.519	1197681.243	2031629.554	1364031.274	2122812.32	795938.0545	1115141.733	733801.468	2062344.83	665914.0235	1906704.909	4343424.602	3278177.868	436095.45	1595494.107	13726221.32	722125.6115	745717.8295	24342938.65	6106190.471	1864300.875	4058099.108	6334335.614	1214381.472	814925.0625	982823.0675	945329.648	830661.6275	885586.132	708721.0105	956612.8855	6503357.148	532031.6425	948170.4495	510492.2055	691705.676	667210.7215	982225.7885	820854.3905	893995.805	541329.228	822325.378	2616382.038	2338416.58	2255729.42	2394204.751	2660233.116	2359331.016
Hmpp0004	C16H23N5O5			7-(alpha-D-glucosyl)-N(6)-isopentenyladenine	366.18			[M+H]+	-												4543.074	23914.8185	12446.4335	5119	19704.4305	106379.435	4279.189	3348530.065	50150.747	75599.097	65230.2155	78866.728	71460.798	66093.512	71755.1135	46453.955	23365.8675	535262.195	130162.276	124700.3275	130207.9485	109403.126	107750.888	N/A	N/A	142955.974	N/A	N/A	13639.953	12714.562	17954.787	33832.864	36363.889	37401.71	133962.028	11305.729	34277.558	11661.545	21443.4685	12168.4235	60888.2415	N/A	N/A	21138.3585	33629.214	123954.717	159846.672	151733.5325	165308.5815	204375.65	205801.5095
Hmpp0004	C13H14N2O3			N-(3-Indolylacetyl)-L-alanine	247.11			[M+H]+	-												13637.735	5501.5305	N/A	6698.0255	9554.9795	40201.095	N/A	1566269.529	N/A	18836.0845	30628.142	11979.62	7161.5325	158568.7175	2286079.497	7450303.47	134262.0645	1995909.651	5863600.728	445197.3145	427898.208	13185891.98	8623854.481	7374.258	1836951.429	8684918.28	6898.1025	108604.7285	N/A	N/A	N/A	34801.801	N/A	N/A	N/A	N/A	N/A	N/A	N/A	N/A	N/A	N/A	N/A	N/A	N/A	1202374.194	1409672.362	1223218.029	1316559.943	1298658.107	1246789.14
Hmpp0004	C6H11NO2S			S-Allyl-L-cysteine	162.06			[M+H]+	-												267748.124	117581.9225	96044.105	68227.8805	93183.3755	9608.513	17696.596	83875.6305	98900.0405	118507.83	50043.46	135285.463	63029.929	23844.0955	55386.6475	112601.94	44866.463	112316.4845	34718.936	39709.5835	38004.523	45285.43	58555.96	59833.8315	85387.307	40423.8615	84007.59	41472.763	69223.8045	76161.7065	436265.568	374417.561	56878.466	373447.0035	21515.412	67754.199	65525.152	38488.562	42491.3405	60898.913	65068.9935	77952.9535	40391.295	64273.2445	80618.3175	98110.139	57496.097	120214.975	83238.694	88628.1415	83081.365
Hmpp0004	C5H9N			2-Methyl-1-Pyrroline	84.08			[M+H]+	-												2060985.056	2066820.577	2078068.26	1978424.673	1849778.8	782514.3765	1077523.819	1362971.078	2998755.303	2192198.613	1690063.897	1680934.517	2083789.775	1015697.421	1428892.653	852870.4225	1084692.091	1428116.372	842860.3365	1308307.204	1390406.234	1535083.525	1153995.652	1353914.417	1314004.34	1312828.664	1531527.185	1252797.279	1614781.404	1335132.079	2200021.44	1864171.004	2324732.463	1972248.854	1766698.758	1797842.258	1999119.518	2234290.772	2324257.1	3599479.842	1772697.094	1858389.193	1729558.649	2127768.076	1749960.961	1864442.739	1934322.635	1833106.521	2015205.012	1821981.91	1950554.797
Hmpp0004	CH4N2O2			Hydroxyurea	123.04			[M+HCOO+2H]+	-												2268235.878	2567407.906	2703702.377	2546508.448	3664600.501	1687090.709	1912453.691	1689355.536	3737158.471	2735439.264	2082773.196	4445033.109	1485979.344	1725385.396	2076003.933	1263635.067	1759417.981	2687985.132	1630785.087	1957348.758	1847613.009	1694895.933	1888467.344	2316778.849	2081703.461	1990162.76	4087617.818	1874445.714	3689911.772	3669200.071	2112242.682	2162862.653	2339164.142	1965851.595	1097282.211	1758599.627	2993498.744	1992691.266	2438910.769	2793775.223	1529818.632	2624092.26	1492683.258	2931100.551	2136280.412	2454828.253	2759969.529	2585761.533	2324841.821	2592171.828	2430407.981
Hmpp0004	C5H12N2O2			D-Ornithine	133.1			[M+H]+	-												3633644.536	3534407.938	2910883.824	4616491.971	8076548.989	2425607.359	3021827.102	6277796.597	6638843.567	5205474.354	5012863.572	4039759.397	3978350.802	2535393.622	4295530.683	1544054.922	2736298.826	3549753.542	1258195.612	2998048.786	2868602.571	5749216.444	4050195.174	3682996.83	3146563.851	4306948.865	6150395.988	3118003.891	6424910.611	7328222.852	5834457.803	6535286.349	4231461.312	6513490.537	7419341.618	4366958.256	2549941.983	4791465.141	4162953.43	5225847.188	4405096.092	2528606.025	3252021.212	4126601.132	3952870.804	4207687.964	4424584.001	4664501.729	4717646.767	4422339.14	4378565.572
Hmpp0004	C7H13NO2			1-Aminocyclohexanecarboxylic acid	144.1			[M+H]+	-												1124200.798	440538.99	442252.218	212146.686	316174.167	N/A	378657.9285	329244.4125	316131.2745	123880.2495	175676.3245	2303492.573	153326.511	222254.737	671647.591	N/A	580759.1575	404846.714	5500162.543	240925.896	150939.383	623581.83	1208947.266	6353257.165	N/A	1105451.047	166774.086	1552622.521	162318.4425	204925.096	93631.371	N/A	201104.921	165589.3705	645875.555	263549.6455	136644.1975	142265.69	262481.211	190764.6005	118035.1485	122597.442	369761.92	147046.5005	168463.644	434586.0265	408723.4285	480621.0075	571314.866	528331.418	365241.0325
Hmpp0004	C9H9NO			3-Methyloxindole	148.08			[M+H]+	-												80547.701	N/A	54371.442	54661.1055	172324.506	70505.6365	132722.057	252337.823	36150.675	49926.976	N/A	310736.8675	57759.0375	182680.476	822060.375	124300.197	13948.7045	117828.6835	1082725.553	71647.3355	90493.9085	2360901.202	260188.8855	152545.4465	367955.83	341330.914	91181.902	113176.081	N/A	120872.293	39844.6205	60918.788	N/A	87063.8535	1685106.488	34529.2305	74070.58	39269.448	N/A	89636.778	53679.8635	70912.208	35173.704	N/A	N/A	230144.74	278007.2145	238857.3795	245212.3705	219556.673	222184.337
Hmpp0004	C5H10O3S			2-Hydroxy-4-(methylthio)butyric acid	151.04			[M+H]+	-												80647.302	59535.6635	55392.651	164770.727	156883.5515	42822.193	50105.9725	15531.675	143961.985	151240.251	49683.862	63724.038	64642.5005	84967.316	192244.892	129786.73	59124.851	70953.2925	73201.7475	78105.2045	68804.654	102350.7695	52289.455	88698.978	94065.7225	64155.4555	278811.735	48247.5995	161393.8795	220152.24	202619.5245	227104.525	84503.5995	191686.8975	270615.7595	65651.118	136735.9425	143639.4785	97404.0855	55952.9715	66002.897	124501.5945	90015.1635	64094.914	80563.5565	98230.986	112632.0285	76510.0355	108538.0215	122520.475	88865.2215
Hmpp0004	C10H13NO3			alpha-Methyl-m-tyrosine	196.1			[M+H]+	-												84358.479	66929.274	104579.7455	99454.3015	114244.201	88767.6535	104767.293	60081.316	50665.3355	76697.888	115551.4235	82205.8735	117830.9235	78289.608	88759.1885	62438.327	92264.686	92364.6605	81343.6975	90172.5435	124962.6085	92603.777	70406.701	46705.103	76454.2655	65281.6845	101361.1885	71624.8565	115591.235	60218.7175	111019.1165	91569.678	123499.302	101621.069	47035.1955	112175.3195	71469.076	90069.204	111587.109	91230.4675	97284.738	86379.255	91837.7125	88721.2535	70946.912	56739.876	121756.8875	90181.5435	75875.5135	80032.8115	100081.1345
Hmpp0004	C13H12O3			O-Desmethylnaproxen	217.09			[M+H]+	-												N/A	16510.368	8648	N/A	14474.023	N/A	556151.6785	29539.8615	13015.3555	N/A	6004.8345	43552.098	19646.8345	181929.1255	12124.33	66000.7395	9095.6815	10897.175	33596.1925	10916.4945	19967.841	40652.236	14452.175	20323.8575	30437.711	25917.7105	11710.8365	7626.195	22431.861	13350.0145	N/A	N/A	12565.499	13597.5055	44514.1795	N/A	N/A	N/A	N/A	N/A	N/A	N/A	N/A	N/A	N/A	35076.073	43387.233	39701.193	29556.911	45797.979	33166.4465
Hmpp0004	C11H16N2O8			N-Acetyl-Asp-Glu	305.1			[M+H]+	-												25197.8535	24557.104	28464.5365	N/A	21348.159	15055.0755	21059.758	65532.421	25705.012	23518.607	20950.9055	27085.8935	19766.1315	37843.3465	71004.179	38150.3505	26662.332	40956.186	50413.5255	21079.614	22443.8095	102644.944	31574.2725	15680.9975	106863.186	54261.8905	18660.4845	35994.369	8613.413	11457.623	16918.3355	9477.215	31637.184	N/A	26692.3705	15193.26	17230.3505	25928.468	14107.613	36772.8725	29655.5045	35310.366	32078.931	N/A	9639.564	31368.0785	20366.563	45798.7825	43499.4375	35305.616	31817.102
Hmpp0004	C19H30O2			Androstenediol	291.23			[M+H]+	-												185949.6785	181200.9635	196254.4305	126221.32	180312.209	199720.496	184443.7265	215206.3895	195897.086	194692.752	184668.833	163062.827	187985.803	210566.739	196698.144	148481.6535	175673.715	171983.8005	207486.8965	212786.0655	189266.6165	178217.4605	173032.7315	169652.6015	191666.1295	151822.229	198746.2795	187279.964	200057.939	188679.521	229579.8555	186058.0025	222828.595	251746.567	228364.358	262189.6095	234920.227	206737.9645	211709.3795	204993.5365	250733.454	181561.9055	175482.815	198704.1665	186202.942	211224.041	196362.8635	198820.4905	228421.905	251117.5605	185390.2625
Hmpp0004	C10H16O2			Geranic acid	169.12			[M+H]+	-												745026.419	858006.771	899637.748	699263.869	811708.896	759693.3075	724246.2505	831963.394	820586.1825	821774.5755	854398.8685	953596.052	876574.718	804070.0465	665531.2185	824110.8885	896448.0055	783919.4115	748765.748	867741.24	807425.868	743166.535	763492.1345	755320.313	667593.064	720826.395	813677.786	709552.489	749254.686	787486.4685	973931.094	990867.579	910217.675	817876.3375	723472.5805	1026127.157	864708.345	929881.3765	854703.162	822507.298	873895.9925	827557.2475	902928.5425	800702.3335	941549.798	786678.063	714141.245	798897.136	763497.479	790386.7305	768772.9805
Hmpp0004	C12H26O7			Hexaethylene-glycol	283.18			[M+H]+	-												61979.396	50625.292	41633.033	14663505.59	69489.4695	192665.375	68907.428	580794.3505	802310.271	52469.0685	43888.559	368732.6145	48189.735	188304.0825	93552.98	5365893.067	71181.767	63387.3	398452.293	292716.42	296883.3565	55421.4805	9091746.651	60880.201	57063.146	8371506.883	38567.394	72575.899	38256.8355	362726.343	31093.9195	35342.1	116558.5055	58354.4185	57015.558	90303.647	93753.5215	121935.9745	74891.8235	75346.205	53270.41	62272.185	90121.127	125959.301	104048.1015	1152937.873	1158334.069	1344582.114	1148598.964	1230539.953	1252922.417
Hmpp0004	C10H16O			Piperitone	153.13			[M+H]+	-												150210.316	138556.5345	256616.305	251846.1985	136678.0145	165978.532	168178.0565	131523.9735	175524.979	169852.1725	127827.174	284955.7995	109626.019	101031.303	98004.117	196201.328	132735.0505	155972.0435	163390.0895	193673.889	183601.883	133060.4215	205460.8735	272647.298	138121.928	172754.065	159010.7765	81724.131	178991.647	136747.1265	79875.081	100265.6865	293943.6735	124157.1745	158766.619	95316.748	143363.833	199389.731	194155.7415	116933.5355	163449.7005	239103.202	145148.201	78274.457	121879.9555	146120.86	85740.623	138914.961	187477.249	136946.5715	187010.1515
Hmpp0004	C16H11N3O2			Indirubin 3'-monooxime	278.09			[M+H]+	-												30252.2785	15544.1555	31646.7825	16372.4235	26000.964	33314.886	27065.272	23139.951	12927.6215	7327.6185	21806.7505	15646.9735	35808.18	14907.185	26528.174	22994.4475	26382.25	22264.6075	16452.157	12670.176	12565.145	17874.8405	18166.2545	31845.3225	40232.9605	30705.7095	42155.673	23375.736	16334.37	19206.2355	28816.941	18585.456	31380.1135	18816.8645	21611.481	26946.312	18403.6135	27210.8735	45719.9635	32940.2095	39276.707	21666.697	26439.2915	33838.892	24649.441	22025.671	18771.844	19329.81	46079.758	18696.026	20660.704
Hmpp0004	C10H18O2			FFA(10:1)	171.14			[M+H]+	-												151799.6095	238765.1285	201061.208	260725.5535	171562.472	225352.5465	225095.5925	188884.728	228283.017	248414.8015	225207.5455	346297.406	213374.405	222658.592	136918.046	167431.6895	250286.1705	161175.3245	173331.262	302739.749	263491.6455	240502.8475	213764.1495	271873.7	177879.6825	207888.6695	249704.842	293878.176	220404.5875	190309.476	115015.5135	217584.604	292427.1445	241757.203	151925.948	241028.9195	225666.4725	232766.566	178658.8455	245176.8265	171830.365	174981.185	183115.3045	278647.7455	233337.5825	233681.354	160307.671	256404.891	180758.5455	240858.68	235081.698
Hmpp0004	C7H8N2O2			4-Methyl-3-nitroaniline	153.07			[M+H]+	-												188136.236	172156.3335	138908.628	280526.5885	260467.481	61615.5825	73049.7835	N/A	246174.4805	197646.981	91537.046	193019.9685	49735.005	36171.623	219492.903	126162.5195	123368.9805	134862.1575	202281.347	155629.167	21853.7925	289628.9855	233736.218	173168.6965	133343.519	159730.725	278366.537	121273.592	214675.97	199451.5815	206879.3105	143657.32	154012.246	232607.796	111170.989	209850.016	262884.546	205211.691	156903.5075	209288.5935	253989.2685	248235.539	164166.074	326297.355	222734.643	127282.489	202583.6995	187878.135	159645.122	209747.392	185204.5315
Hmpp0004	C9H8N2			3-Aminoquinoline	145.08			[M+H]+	-												647183.518	680777.9995	697675.286	501654.429	614285.382	417535.687	589423.1935	408671.246	427981.645	650831.9155	432110.8025	203221.718	419300.9125	453091.6745	509178.428	279327.5885	416488.0475	651179.912	308614.4385	439895.213	509308.651	325414.8815	385289.325	440463.454	518814.9065	422496.6665	576380.302	420937.7785	558236.5985	571490.11	573228.2745	449073.068	619704.9885	538416.356	505712.4545	568991.1185	646055.0405	679282.684	589564.836	657231.2435	415701.0775	518764.559	601615.022	683158.0675	652261.243	530108.0155	534835.6075	593191.129	492025.9995	450848.64	562317.0025
Hmpp0004	C16H34O9			3,6,9,12,15,18,21-Heptaoxatricosane-21,23-diol	371.23			[M+H]+	-												67027.262	45596.434	61580.708	68578431.59	290295.3965	1086809.764	70975.537	2495583.444	1314822.712	64194.1275	55640.0565	1132363.721	50711.947	388385.4485	83555.307	23956016.31	150471.667	94231.785	1172386.05	2540988.61	2122308.323	69024.0215	44351191.54	109336.439	128265.3575	46995978.56	70522.393	103424.0795	66221.396	77578.368	55935.426	46392.587	92483.0025	52321.7205	74059.9195	100432.0615	93237.323	85616.774	90272.1895	88273.149	100004.335	83164.011	89319.5765	102080.567	110001.586	5159195.798	4567635.267	4997924.533	4674563.904	4934029.306	5560808.424
Hmpp0004	C10H9FO3			3-(4-Fluorobenzoyl)propionic acid	197.06			[M+H]+	-												27069.4485	28649.614	77226.0955	57384.661	107102.582	71305.361	167141.445	111931.163	24333.2235	83108.8685	53298.329	97427.753	27157.6965	141387.05	174668.6845	85758.5535	27263.6685	209472.981	373543.6855	56311.758	48093.9315	176930.35	379433.043	121871.015	189824.116	436607.828	38735.764	67252.1475	30993.6955	48043.2015	62442.5015	41280.1765	30221.973	50755.1055	79447.26	15333.7105	34272.368	22476.864	44423.6615	17069.7305	89501.4995	27826.9625	65380.4025	99458.7555	31920.344	89250.578	109481.3275	114895.3155	82130.7545	97995.466	85585.084
Hmpp0004	C10H10N2S			2-Amino-5-methyl-4-phenylthiazole	191.06			[M+H]+	-												283555.021	207392.6565	310030.533	307091.5285	385280.4115	536077.0275	400953.206	213588.9605	288667.669	412444.4155	414031.9575	438174.2355	489611.8605	264757.078	385644.981	333745.7645	400869.2185	407356.6115	519431.258	409185.73	520705.8125	340043.0625	423074.7185	388318.3165	460265.631	604304.0375	619758.175	594323.9115	706060.021	655267.332	166455.497	254915.821	183039.1325	185831.2955	162415.483	195725.8145	184955.211	267745.5855	233785.076	163988.9935	215636.255	326872.7575	233602.496	249138.255	264345.1965	1302579.93	595425.129	598550.0035	818586.323	1226629.852	1192118.428
Hmpp0004	C15H33N			1-Aminopentadecane	228.27			[M+H]+	-												161255.6705	169522.0925	190234.9275	139957.7865	133926.105	138877.3775	148925.3445	120672.8715	138647.1315	97348.698	144230.366	153581.3395	163728.881	106760.779	128771.831	60733.0775	91109.982	166719.6055	164187.306	239431.284	175847.569	191445.0615	105032.3075	136852.9555	97889.205	99839.7055	93826.415	168305.7815	99992.09	109305.938	154548.2605	176470.467	135210.1415	194303.121	171229.618	210466.628	146612.0365	196845.0765	119533.5835	91995.8625	125091.0015	173794.6145	103523.75	102697.7505	129370.1815	149148.3035	210959.3725	181614.04	172361.985	191867.3935	164950.661
Hmpp0004	C32H48O5			11-Carbonyl-beta-acetyl-boswellic acid	513.36			[M+H]+	-												690984.6165	639305.5545	637478.201	1449664.021	826091.1655	195494.983	75283.782	135160.849	383950.693	1797442.362	696868.541	556594.486	436976.9455	181883.985	645800.849	1532580.479	245277.815	651190.935	383533.534	755564.47	252930.69	1078035.307	541914.4165	595189.3955	670434.0295	690320.615	1937659.408	342771.918	2139089.583	3006883.171	3872421.752	4433377.841	5551715.987	3793919.292	6577911.811	4982219.744	15374215.68	5513835.031	1923307.237	3328473.81	1820476.761	1662546.779	790872.3245	1464517.598	2075900.023	1080455.663	2000767.609	1017764.404	1150623.24	1030040.608	1248384.811
Hmpp0004	C7H5NO4			2,6-Pyridinedicarboxylic acid	168.03			[M+H]+	-												932209.659	959862.4155	994409.972	2129605.78	1290030.776	1826280.038	1114198.417	3371042.169	2185940.622	912979.6725	644959.0895	2429487.934	929349.184	1290845.137	880748.3435	908473.3625	1001564.885	1054436.676	741410.1205	836843.9815	825146.424	1020208.702	2564789.579	1226425.296	1617689.759	1731153.717	1205344.186	1246730.673	1148137.803	1284537.313	834851.862	991932.822	1164319.531	984093.295	708796.257	709532.376	1261623.745	902442.669	1018744.19	1246129.707	1081153.055	1216980.984	935148.5815	921305.36	1039207.534	1316909.215	1152900.378	1204713.075	1323544.259	1116039.838	1319500.744
Hmpp0004	C10H20O			L-Citronellol	157.16			[M+H]+	-												65545.141	79061.012	82779.195	91899.2575	28925.3565	31848.877	N/A	32329.7715	59528.0325	64500.0425	36382.0295	86911.486	43683.6555	28023.38	40581.585	106324.056	30190.2365	30182.2995	34162.95	40011.936	40350.853	90131.0455	63970.9505	44246.0025	80111.718	58747.737	81104.8435	37958.8585	46749.2935	93634.095	28946.088	29981.344	117270.248	23442.208	36787.736	32286.7335	103095.861	139932.5555	70953.344	53555.0495	67257.24	83602.3675	26322.075	71355.4405	89189.165	93276.9185	75936.0595	38938.249	39971.75	64003.7925	89246.785
Hmpp0004	C16H33NO3			N,N-Bis(2-hydroxyethyl)dodecanamide	288.25			[M+H]+	-												46956.01	89251.472	71280.571	52002.163	111462.4805	53398.6835	91818.624	100060.1345	94298.368	94819.4265	99155.8735	83038.793	54391.975	111524.0135	83113.4865	60404.815	267338.9825	55145.452	262947.264	102808.421	124318.051	70707.7395	61430.6235	43077.011	57386.128	53836.854	65005.578	105346.9315	76824.887	86703.0615	157985.342	169088.369	191396.666	111100.7615	141028.934	171178.3705	267030.234	257778.0725	195475.5065	213284.57	171631.5045	152993.8165	371901.3305	216162.2355	192394.0565	142510.249	143509.109	116590.3295	116946.209	122062.0165	164652.143
Hmpp0004	C10H18O2			8-Methylnonenoate	171.14			[M+H]+	-												241128.6775	317954.0275	225722.594	302958.4795	177001.856	348049.5245	337429.14	304422.12	357196.615	357890.8615	294771.0565	485718.8205	288554.276	332033.7465	195194.3395	245437.3295	387226.024	210847.107	160606.518	395059.4595	308922.3885	294787.9805	218473.1595	390169.971	225972.3135	220109.1475	398216.8335	401361.809	400320.278	329741.136	197332.6115	331914.1625	354218.0295	323061.907	434388.351	287106.2955	419606.786	269085.617	358107.9955	248354.3995	245840.754	347744.583	281376.0095	354281.817	301451.8165	383557.3455	294778.301	276902.8665	346239.34	438990.723	288617.7545
Hmpp0004	C8H11NO2			Vanillylamine	154.09			[M+H]+	-												3743.0555	5662.5995	10850.377	5704.5735	2332.9665	N/A	14673.4755	5107.22	953.81	1835.858	3709.6225	16282.4775	7513.87	6522.9485	24939.9465	20721.7115	N/A	5399.381	17977.226	1848.8455	N/A	71851.1455	31247.0085	2806	27661.87	41568.3565	5749.3935	5051.466	1416.509	2311.3085	2387.814	12998.8425	6073.2755	5647.823	40196.541	14750.009	35880.817	22966.533	2816.3425	18155.0345	17015.898	24739.6135	10585.7025	18891.307	8360.574	13344.714	15710.7585	21600.97	14309.879	7975.6975	16866.3835
Hmpp0004	C16H35N			Hexadecylamine	242.28			[M+H]+	-												30565.887	19980.4585	13626.696	27905.409	18329.2565	12125.175	N/A	26860.704	18482.7535	28426.383	22105.49	4909.9475	56604.737	13133.864	4301	21813.029	23914.253	27540.905	N/A	30071.76	68510.3335	26864.7985	33564.9475	22692.0375	14519.4045	18614.421	12931.1785	16995.8265	11035.3315	27294.9645	20504.8485	24466.2345	34613.589	12753.421	19298.138	33412.207	25553.3355	28320.672	27360.162	18659.602	33184.567	33120.5205	33130.7235	27897.398	29189.415	37134.3955	16146.522	41073.2185	24128.5695	10825.4165	26139.2725
Hmpp0004	C19H26O3			11-Beta-hydroxyandrostenedione	303.2			[M+H]+	-												159959.818	252475.0175	392412.0585	341271.108	284250.0065	5549929.531	213433.6375	606919.7715	276550.4965	255446.417	166750.577	159323.003	153758.1645	2576635.622	260933.427	304659.9055	273636.374	259035.0695	172512.1415	152609.2975	93275.323	276627.7115	1421882.445	271637.513	352899.0265	1340752.444	280457.8395	418477.5205	212067.489	305937.538	231260.7985	177982.8755	293312.8805	236259.1665	220033.772	210092.356	381190.298	301505.1205	151930.1625	178275.54	176295.07	243669.331	267851.3685	163761.653	204465.5245	549338.055	715721.5675	557630.117	762935.538	749458.2255	677864.3105
Hmpp0004	C21H26O2			Meestrol	311.2			[M+H]+	-												135410.9995	93070.3775	163685.4375	112428.4835	90290.706	149844.1545	119059.392	89631.401	122348.8105	155131.0905	116866.703	81398.2445	135220.0515	129411.7605	97514.3915	196210.779	133900.0145	62467.7965	143325.6135	112562.949	97487.887	70754.9195	118889.835	110145.0505	64857.8345	151065.0735	136267.2005	144036.6015	82924.871	125499.0825	246269.643	426788.3215	235537.0525	180581.576	239868.0015	202108.906	217515.3535	173680.1425	171154.516	200963.8975	158388.8455	125399.046	69863.5395	90465.238	141194.9905	140523.752	118861.946	143466.7065	91338.238	100968.833	129176.578
Hmpp0004	C8H7NO			5-Hydroxyindole	134.06			[M+H]+	-												16071.806	23529.1615	12535.706	N/A	20303.0935	N/A	23613.166	19268.91	8244.8785	N/A	N/A	23810.3225	N/A	N/A	45014.3605	93892.245	N/A	38290.116	272955.3865	24526.1065	N/A	104148.2795	123946.0465	13955.8065	37021.7775	177879.6385	70744.7485	9672.5835	78819.04	82698.6285	N/A	N/A	N/A	N/A	N/A	N/A	N/A	N/A	N/A	N/A	N/A	N/A	N/A	N/A	18449.7815	45608.534	36305.96	28558.759	38020.041	34851.9015	44816.083
Hmpp0004	C18H32O2			Bovinic acid	281.25			[M+H]+	-												5217.15	24859.932	7730.5735	14502.4775	N/A	4834.3395	15996.989	39216.5485	20493.6755	5901.423	N/A	13271.7975	N/A	4424.246	8741.3465	13628.3765	11994.6755	2230.464	N/A	17175.473	8952.7105	7464.3325	4310.6665	22170.0455	2427.792	10113.9265	9363.704	9900.807	N/A	8008.64	N/A	6237.3065	14146.1565	10984.302	20327.709	21041.848	43563.3355	5170.0395	4909.458	5397.6205	5456.9755	3853.658	11784.005	7642.389	10054.8055	13623.2315	15483.3085	9632.683	26350.2275	15869.667	8500.593
Hmpp0004	C16H22O4			alpha-CEHC	279.16			[M+H]+	-												4560.1835	53110.873	43857.1355	147301.825	N/A	7650.8375	147346.0545	N/A	5998.6615	N/A	7542.828	N/A	8461.163	87107.6305	17479.9675	41378.007	4364.5055	25227.985	39842.2175	27841.663	36340.761	20119.6865	86391.065	129643.069	21091.322	97756.5755	4838.501	46370.0175	1665.831	8626.166	38754.975	16265.383	5308.0075	36404.96	10069.158	52583.4715	15549.3255	6373.669	N/A	9175.3385	21772.011	11879.8345	65272.112	31106.983	43546.101	28139.1325	53421.7715	44943.8705	34336.827	42380.519	23549.5065
Hmpp0004	C7H9NO			2-Amino-4-methylphenol	124.08			[M+H]+	-												185293.2145	186789.1165	165592.7795	199180.272	163987.602	206860.678	158234.1755	151417.719	198992.2855	151272.607	181648.267	183774.569	172258.474	188492.3725	265848.022	178116.5195	164584.045	133876.769	194786.83	202809.551	136776.0755	132537.76	192689.29	78373.472	155546.225	252213.1185	186096.3125	198005.9395	140354.352	192029.704	177108.067	188067.332	172172.9685	145041.859	169491.3845	147648.268	233201.6895	157627.7085	180008.61	154030.021	212546.81	201350.999	157806.1585	186626.4865	176600.18	199304.6385	211321.3915	180884.6345	152172.284	184689.2255	186290.8385
Hmpp0004	C24H22N2O3			Propyrazol	387.17			[M+H]+	-												22331.699	30655.3865	53056.3615	38388.635	30660.0485	9362.9005	65075.081	N/A	2541.4715	33702.75	31704.366	61413.1395	13658.2645	48074.9195	20314.5545	3600.349	11740.93	81472.9325	N/A	9358.272	9017.689	2882.1925	21273.982	24925.571	15037.071	34471.0695	6969.6225	17786.4845	6523.4215	12194.256	33978.611	40922.598	3937.858	13308.215	15341.529	22887.919	13246.8745	3431.362	4361.336	21118.362	44329.0555	21443.5095	33539.5565	67490.414	7751.326	29269.3955	13877.8375	6845.3825	26103.176	21226.978	31578.9855
Hmpp0004	C23H23N5O4			Meleagrin	434.18			[M+H]+	-												3044845.171	2892790.693	3012062.849	3187910.169	3223910.64	1744226.088	3061455.409	1633888.482	3026745.825	2999893.504	3240036.374	2976368.206	3031097.399	1969007.321	2804295.857	3007956.183	3045516.154	2800591.89	2961715.637	2856822.462	2972847.304	2816460.961	2752140.506	2991130.24	2874849.962	2878270.392	2946841.233	3265549.141	3219562.06	3045337.056	3085883.675	3291506.999	3235189.758	3266801.956	3057273.996	3302497.354	3226274.275	3519770.063	3440021.325	3205355.634	2971555.213	3174685.788	2888714.632	3158709.11	2929442.678	2865826.185	2874595.431	2628080.082	2562549.06	2523670.805	2951682.206
Hmpp0004	C7H15N3O2S			S-methyl-L-thiocitrulline	206.1			[M+H]+	-												1273143.712	1309684.254	1313737.299	1141301.221	998899.6255	1138775.81	1231492.577	1158526.626	1215151.266	1064697.495	1116239.756	1164449.873	1020179.929	1204325.485	1271336.105	1062713.672	1178475.034	1255779.491	1121307.345	1164207.589	1250445.259	1122744.223	1143833.245	1093669.056	1216677.49	1109722.006	1255395.431	1147746.396	1204930.428	1053958.128	1359738.116	1397969.186	1331607.958	1313060.107	1217519.126	1222401.116	1319151.675	1424533.162	1289494.384	1255114.712	1431599.552	1252709.45	1097888.521	1261099.244	1287423.238	1248767.066	1278507.922	1260887.323	1079132.055	1117979.442	1154436.523
Hmpp0004	C15H18O3			2-(2-Propynyloxy)-benzenehexanoic acid	247.13			[M+H]+	-												13287.9965	37703.4125	9503.2665	70417.641	12458.5155	18339.0695	14718.862	17718.9335	16121.1945	N/A	26937.7385	N/A	35002.035	10920.69	14843.9265	15783.2515	28572.2465	20778.628	14939.0715	10603.7565	25912.5345	28579.866	20053.952	19573.923	25751.65	24384.541	10782.115	12182.664	15768.043	16204.772	14162.534	12215.849	N/A	17414.5775	14075.217	29138.2705	16287.218	35684.239	24803.394	21223.5495	19651.5065	29656.6305	12312.649	19510.7975	13294.456	18424.437	18763.2815	29505.6975	22216.897	27490.5625	27974.8555
Hmpp0004	C15H20O4			gamma-CEHC	265.14			[M+H]+	-												80658.31	73222.519	74481.2595	214887.6655	41114.128	89452.5175	313235.3	40336.5545	57543.585	142819.292	72722.7605	56529.021	151951.261	127811.407	36855.2085	344081.736	56750.72	116743.131	393529.309	150469.103	160583.9495	228424.3125	819878.0385	277952.3845	161767.4665	927823.0685	23759.482	100852.82	16537.637	N/A	496190.617	403187.0915	35442.1155	352847.568	351886.9805	159622.673	85168.865	45342.76	61504.052	54872.0875	174252.1715	121857.416	135567.3405	146829.335	103251.183	216440.18	154452.042	181889.79	180079.424	227988.0185	167263.5905
Hmpp0004	C19H18N2O3S			ST-638	355.11			[M+H]+	-												26374.4	54609.0645	38568.1955	12503773.6	38311.926	18302.3545	97779.6615	11804.685	29380.7665	70666.541	53629.9015	56298.454	105283.345	75824.821	83757.552	105629.513	36130.048	44585.558	39385.262	78250.8625	62804.945	62677.038	37900.587	141057.9955	107011.4985	19964.0335	85897.748	78789.1495	103831.203	67887.927	54382.482	50609.2575	189679.877	72680.097	47760.586	61576.7605	64636.5665	72239.1915	134996.039	58506.9555	82486.1995	67233.7235	39544.3585	76273.061	62106.837	580189.549	579750.7455	444686.7295	384742.682	473676.892	379101.875
Hmpp0004	C10H9NO2			Indole-3-Acetic Acid	176.07			[M+H]+	-												1630367.768	4609609.289	4478806.872	1919942.548	440052.5305	77838.49	567751.274	163120.3315	158410.4735	759074.6035	524452.6965	539182.669	690250.9105	294030.556	2485109.94	1395694.305	105968.7625	1311317.204	1457144.218	1432053.65	1560781.894	2579306.268	350624.8505	460356.7365	1238248.975	376984.7275	1503817.134	170226.734	1264836.643	1075252.65	3410588.198	2916423.384	722828.3745	2813924.292	5181383.114	1158663.341	560942.58	1870536.678	571778.44	1285648.683	737854.1	404304.3095	839581.3625	1739949.907	865423.8745	1143745.477	1136935.434	1185660.408	1310963.146	1053752.234	1224524.176
Hmpp0004	C7H13NO3S			N-Acetyl-L-methionine	192.07			[M+H]+	-												21222.375	28290.611	25691.532	20991.3195	6197.8375	49772.9335	20571.703	114117.08	69296.317	19299.188	58971.4795	125124.371	27435.561	32699.666	36875.974	93943.397	19135.6835	85171.153	168255.7175	38423.228	25440.0835	678245.0285	96772.81	51811.6875	25296.0565	107170.9285	28079.6995	37863.1875	11195.883	28451.8715	89209.9235	87284.8155	32090.4115	86220.832	177227.763	86859.786	30819.006	42481.2945	24581.8935	36038.8875	73701.007	27599.3765	18156.8445	34147.403	28495.7365	66019.017	83329.1095	64578.4915	86973.8965	71089.224	77248.06
Hmpp0004	C6H9N3O3			6-Diazo-5-oxo-L-norleucine	172.07			[M+H]+	-												34547.898	24814.0645	20973.18	13867.2075	35644.1025	47341.223	16186.14	22302.7005	22049.8475	41967.414	17768.365	23479.479	20725.209	11487.7	35392.066	26974.984	11963.2265	38918.9005	29422.958	15148.602	N/A	69146.822	72924.4935	31750.972	25480.202	55853.279	29703.784	24369.434	18956.779	28770.6715	N/A	N/A	N/A	N/A	N/A	17741.7255	N/A	N/A	N/A	N/A	N/A	N/A	13073.593	27345.1025	13463.2945	35182.51	25762.539	21022.342	15173.536	18630.373	41640.867
Hmpp0004	C8H18N2O2			N(6),N(6)-Dimethyl-L-lysine	175.14			[M+H]+	-												202014.5265	134548.3785	107387.539	173943.177	172627.035	112067.9155	201740.197	155149.4745	78429.323	301366.41	206523.717	228612.861	129102.699	200375.5555	532367.3245	193417.69	107944.7565	354469.226	855226.4555	194611.5625	264374.089	623200.869	490331.957	267057.417	1147703.514	564946.349	184721.862	149071.1175	145206.5525	166896.465	218323.6345	106190.4605	266189.1515	152211.193	1841856.159	92465.835	173365.9885	96797.4365	239006.756	113781.115	124375.0655	121259.9685	122580.678	165689.5415	136420.407	391483.9325	285187.911	360188.364	313605.7	403879.5555	361164.5455
Hmpp0004	C5H9N3O2			Cyclocreatine	144.08			[M+H]+	-												737919.5345	908524.624	727505.815	923498.6825	841634.559	733349.694	861470.5035	648420.5015	778853.048	690473.356	800697.0485	807660.0555	615770.3405	792665.027	764561.5265	748056.0075	818077.6585	685035.145	678729.6635	755338.913	779335.614	749100.165	591782.261	728160.065	806617.175	706756.076	676728.9755	856948.139	744900.377	789352.4965	1144684.33	984323.9135	1065486.343	972675.144	1011285.24	1173008.765	1000319.937	1004327.738	844508.046	853266.3955	870835.8795	908487.4225	950890.421	996034.974	803557.162	708221.836	886526.9005	790968.367	783022.2365	826273.978	724922.7015
Hmpp0004	C11H23N5O3			Val-Arg	274.19			[M+H]+	-												365414.951	312929.298	297383.835	99020.1125	244402.648	194918.102	174775.277	70817.543	518170.85	358068.4295	168229.3735	62179.558	242486.0555	145641.552	58833.3065	51238.257	30484.2275	31620.07	173885.5145	176552.107	166506.3065	158657.025	73181.357	118336.8945	112180.198	62585.3585	76387.6005	67919.765	50621.2455	35690.61	50182.067	42455.4765	321678.314	60451.8185	38400.936	672110.8645	424760.68	210415.577	378236.705	275404.001	262877.935	373281.044	50519.8585	605705.7595	287650.6415	196471.894	185199.5525	203618.525	209934.241	188162.261	235743.1595
Hmpp0004	C15H18N4O4			Asn-Trp	319.14			[M+H]+	-												64341.9495	78319.5925	76342.237	42473.3625	54136.568	30398.4675	31387.454	N/A	36363.7465	61469.191	37747.511	N/A	32157.0975	25226.8395	43238.7015	13572.0165	17783.217	36620.835	40165.3435	40288.541	36980.831	21759.45	40714.7565	29191.029	53611.376	53905.2645	39906.298	23590.999	33822.283	36424.0405	72871.752	41018.1125	89043.5805	30931.0585	39762.6905	66522.6285	47793.645	71169.9395	43001.891	68136.612	30798.765	30635.726	43838.079	64613.8355	65741.821	30650.3345	44671.299	39351.7215	47933.4355	41960.6165	30042.884
Hmpp0004	C11H23N3O3			Lys-Val	246.18			[M+H]+	-												32355.9375	129183.8605	96834.1245	28592.214	47724.882	40666.4795	19500.432	50007.9715	59901.6105	19910.85	46691.152	41086.6625	33873.504	43609.831	27876.949	37803.447	30177.746	45368.015	64608.043	27592.926	36977.891	147163.389	45678.5875	41864.976	39977.9725	72107.428	43011.0015	26050.561	23390.0565	19440.9605	35962.283	39371.861	N/A	49749.4075	62243.221	31550.296	26399.3755	26785.8775	36459.886	22274.1675	64488.3515	20647.22	34210.726	40585.3885	58302.7275	50452.4515	56855.5415	38781.0995	36866.907	39375.072	30790.254
Hmpp0004	C6H15NO3			Triethanolamine	150.11			[M+H]+	-												103486.8185	60997.878	73816.4465	73981.1855	56039.0875	97243.0755	94398.6725	100237.117	90864.076	80852.7835	68146.0875	83084.9575	78852.7435	95688.0255	92276.101	118150.393	62186.023	91828.897	79625.245	77127.4855	78034.5885	79560.641	73133.043	55687.7305	85402.1105	95338.2635	62894.8665	93883.771	93919.7215	75341.015	81933.5	127365.8295	102066.725	84521.8815	89746.14	82062.026	107027.191	114535.882	80187.8855	117949.9285	69160.823	108394.375	86758.764	93823.6365	77580.232	86684.0975	90775.743	70707.9765	84793.011	97717.6375	82311.559
Hmpp0004	C6H11NO4			O-Acetyl-L-homoserine	162.08			[M+H]+	-												110619.3815	89220.1335	67433.412	89666.1445	137149.3315	62355.839	99077.767	150100.97	103847.516	129839.2115	103995.318	111053.5845	104112.812	96692.957	126827.092	125478.8905	55489.5845	92363.8525	181473.2845	122458.5595	77248.0685	233040.484	271557.8295	99960.3395	111195.9545	275318.444	78983.015	75694.7605	93077.365	81944.1245	86252.342	127138.551	52315.484	115983.8995	228378.8405	78726.051	86114.3405	100343.0205	67634.254	61673.6795	98643.218	75486.0625	101691.7685	103886.566	122544.6535	89456.248	103846.551	119881.933	205938.679	123389.8945	131436.226
Hmpp0004	C5H7N3			4-Aminomethylpyrimidine	110.07			[M+H]+	-												194994.2665	196457.7515	155548.3245	142914.3515	193929.2345	53862.9145	123594.6775	127654.0865	213034.7965	187343.84	86601.519	114025.836	88696.418	65859.997	164289.645	74941.6355	91798.394	81589.532	91412.474	66794.744	61009	187099.887	118242.992	105544.5555	91942.2365	135108.1685	159763.5215	113512.3865	159885.4985	167372.935	230223.9005	167270.6155	176416.8345	178845.207	131802.3605	124637.631	151204.591	212904.1445	162043.3555	244246.914	165966.271	168462.2105	122757.305	161952.904	181305.521	127491.285	140961.2385	104653.289	141088.589	135215.7585	160882.1995
Hmpp0004	C4H9N3O2			3-Guanidinopropionic acid	132.08			[M+H]+	-												N/A	50488.814	44302.667	36035.756	103836.1605	21738.533	33420.1	N/A	37956.262	69555.3165	37072.8595	111088.273	70926.9675	N/A	N/A	121864.065	39741.772	100397.909	217037.1625	62418.14	67061.222	45772.55	168860.2835	N/A	83885.6625	48828.03	N/A	N/A	N/A	27899.42	N/A	92304.1015	N/A	33258.004	N/A	N/A	N/A	26672	N/A	N/A	81416.257	39905.9935	N/A	N/A	N/A	35365.5875	48775.251	34535.195	47149.45	39520.3225	42826.6365
Hmpp0004	C9H16N2O6			Thr-Glu	249.11			[M+H]+	-												32453.65	N/A	28044.057	27943.533	14422.5105	19982.965	28780.144	50558.6445	38013.4385	14531.342	15939.0845	57229.1685	8301.286	32269.697	67457.761	38059.3625	19696.3025	21701.258	35324.4285	13378.8665	1848.5905	75352.6525	45201.4595	26565.488	30513.5715	N/A	31653.011	15301.9585	29598.0105	20680.662	25465.8585	15592.7825	16706.195	27417.4205	32651.351	24662.564	14049.039	16680.4915	13750.2915	21236.605	6834.4465	5470.8525	44014.158	11868.582	26761.753	9389.2285	26944.221	32942.39	24891.3785	29585.1315	26747.5715
Hmpp0004	C11H20N4O6			Glu-Cit	305.15			[M+H]+	-												49214.8315	16942.4785	29956.8195	N/A	13182.6865	10561.257	12023.757	6260.0805	34838.9355	N/A	41047.465	27501.2175	19163.557	11044.999	27131.9955	14687.2215	7656.892	38076.5835	10799.9095	18929.0325	20773.937	42658.6755	12169.653	16945.932	37223.4485	22607.459	53555.7005	4359.2575	24161.505	37579.3765	N/A	N/A	16844.033	40398.238	17219.2875	28408.937	20855.218	30187.608	30652.6005	56936.1505	13179.3025	20900.3925	11352.105	39264.0525	46388.436	30182.1435	21789.2195	13694.5275	19559.1605	17364.197	16761.0505
Hmpp0004	C10H16N2O5			Pro-Glu	245.11			[M+H]+	-												26518.141	20133.3925	9684.4435	23713.025	20044.3615	26570.516	22727.802	26223.567	27264.8685	33409.822	26807.2515	40722.6575	16892.897	32873.4975	100923.9265	64570.0805	16599.0775	30834.4295	43852.3015	26632.7355	16118.957	283253.222	168098.427	17673.7595	30615.431	212155.432	20280.8875	17956.1425	27459.027	33532.4205	73991.035	52014.3655	21230.9235	88653.3275	170429.358	12404.7295	12678.3	27551.9955	12813.6505	23710.6915	N/A	9069.025	20776.071	16574.8285	24749.786	70153.9825	39899.2435	57432.6105	73996.0285	23446.029	59395.3855
Hmpp0004	C14H25NO11			N-acetyl-D-Lactosamine	384.15			[M+H]+	-												584651.036	250664.048	272117.249	261157.788	408680.4965	407177.617	257393.9525	299829.443	304738.35	469445.973	712533.061	817775.3665	493941.926	225329.0945	196496.888	251884.451	324693.346	300929.09	582800.221	407767.475	263619.795	282350.2465	454496.9055	169208.5635	466218.4525	311055.622	171085.719	205935.471	151607.022	241435.7035	37331.38	59682.5225	178122.5255	56125.1675	104928.431	314402.981	233234.649	198295.1725	249421.0435	208103.0415	736913.9355	201251.0965	444492.6685	403726.5765	385939.6295	201833.9315	133440.706	201919.001	447389.332	295170.45	379504.8105
Hmpp0004	C6H8N2O2			3-(imidazol-4-yl)propionic acid	141.07			[M+H]+	-												411150.786	300639.8145	285321.243	280893.3295	309978.3995	512651.157	369965.0555	1027953.222	367997.295	240974.949	255574.2865	887658.4115	335213.2905	298096.045	332921.6905	281477.1185	417500.6105	217793.5715	472976.8745	455347.994	341368.349	470967.578	529379.4025	391162.404	384674.5215	329332.0425	269221.0155	269975.0715	263157.7065	492345.327	224715.9885	385361.588	194348.507	282691.1375	304504.384	247100.7425	301951.814	249978.4055	195489.458	207313.263	420856.303	342804.2085	336845.3475	242791.2405	397731.689	313913.016	290399.015	310116.6615	440445.51	314974.2745	353428.5705
Hmpp0004	C12H25N5O3			Arg-Ile	288.2			[M+H]+	-												37244.8905	25738.0215	27055.4845	33937.003	42326.011	38603.5095	61019.918	21986.787	19532.256	28037.244	28071.9555	45216.844	33882.338	53266.5525	51471.2715	31123.2635	16214.204	19362.043	64430.498	38210.9955	28877.6285	317003.7875	74153.495	32759.794	38653.462	94960.5875	42323.1855	28216.753	45547.9745	35318.8745	20379.896	26301.659	27494.7875	31167.948	158004.622	32222.9645	40444.413	15501.8055	48047.518	32844.356	33138.005	32785.014	21782.4865	31846.402	45833.8085	36768.585	33238.83	34287.041	43370.847	59075.991	31405.761
Hmpp0004	C6H9N3O			4-Amino-5-hydroxymethyl-2-methylpyrimidine	140.08			[M+H]+	-												2786413.086	2302190.994	2273882.242	1578438.653	2221039.883	2295514.243	1678172.023	638790.285	1021669.091	2581497.173	2621466.219	4644939.772	2552148.195	2370095.843	511087.697	1166781.965	2688314.44	2481506.588	1794734.544	1490303.385	2367818.016	1819268.691	1219286.36	1592425.348	1288191.089	1123812.324	1241454.756	2143315.736	1903437.011	2189498.778	261171.53	500480.727	1548333.142	363409.242	371984.4475	3086761.659	2853343.234	1521534.229	1565792.185	1863987.695	2308330.635	2283317.378	2161396.743	3900032.683	2356568.056	1572269.386	1156656.172	1148555.213	1689170.311	957319.5815	902405.905
Hmpp0004	C8H14N2O4			Ser-Pro	203.1			[M+H]+	-												247621.967	430738.7665	436108.0605	277071.36	538339.15	486369.742	198106.0595	351441.185	874467.8095	561057.293	429110.544	915874.4795	271890.704	544413.4405	1648457.156	471537.501	223812.5285	665512.7445	651114.3085	199335.997	405042.55	2983895.065	1831347.727	377396.644	1019791.732	2621847.671	627803.7955	360494.6155	386652.3315	317964.602	201219.996	147841.2175	378802.979	151154.2135	816325.087	836137.148	313501.382	337562.678	348909.137	278080.195	285859.118	287544.476	431078.5065	395660.1645	435721.474	1026333.062	968807.6065	984950.088	605928.075	768031.708	1034017.627
Hmpp0004	C6H7N3O			6-aminonicotinamide	138.07			[M+H]+	-												105487.535	63657.572	91312.9995	74013.2855	197497.12	30718.437	71507.794	48145.4805	70540.421	98739.396	83127.802	67010.405	67383.245	48832.536	145924.2035	92690.667	55268.444	N/A	150911.814	85230.886	73651.296	145815.826	100664.727	72602.797	116985.0695	59239.8755	74858.3795	78296.938	67780.9275	82616.342	206276.6045	241879.693	70500.5855	193014.969	320965.364	96608.7655	79783.521	65322.3455	48138.802	N/A	72610.08	94983.439	44407.2505	N/A	78156.9075	82132.7635	78111.602	87779.203	91103.1275	32370.385	130821.322
Hmpp0004	C9H21N3O			N1-Acetylspermidine	188.18			[M+H]+	-												67486.7195	N/A	27105.173	38810.33	17343.9095	17526.7935	15580.245	78296.903	30923.796	16082.873	12990.178	18908.531	N/A	N/A	65108.821	22092.163	18356.1725	30545.3175	76536.4035	24409.0715	18538.5015	48248.798	74045.4875	34602.9765	N/A	78331.835	19973.5095	N/A	15245.8615	17746.8565	N/A	16336.137	36525.679	21721.231	59886.36	23888.392	N/A	19569.4725	14221.5545	23251.437	16243.249	N/A	9212.8895	20001.896	11059.427	48807.733	41952.2115	44886.635	9621.433	25560.9245	25370.1925
Hmpp0004	C6H10N2O2			Ectoine	143.08			[M+H]+	-												76125.753	N/A	55464.1645	221282.502	N/A	60343.161	69883.2215	53434.3845	45090.6525	N/A	N/A	85411.348	80747.634	N/A	307072.777	54218.618	N/A	N/A	60826.104	34262.549	N/A	145747.1595	476954.2335	155367.221	256154.9685	538013.1345	67706.459	33335.67	91625.1775	77563.538	N/A	66009.463	N/A	65181.105	360173.996	N/A	N/A	N/A	N/A	53904.4415	N/A	N/A	N/A	N/A	N/A	78854.5195	146030.709	96857.3905	110986.688	158195.4365	114623.9005
Hmpp0004	C12H25N3O3			Lys-Leu	260.2			[M+H]+	-												33011.1655	29144	56746.798	59780.192	N/A	42141.26	28773.0405	47222.0875	29998.178	29545.419	31402.52	34616.706	14491.454	59548.429	60617.14	66677.7915	10317.249	42306.308	112769.2995	N/A	11915.9665	284045.806	146909.395	38468.9065	53128.116	150560.1235	29948.6925	25163.0435	N/A	46074.7515	61201.644	49148.8765	11958.1045	101035.2125	105039.419	37773.3595	24004.958	58441.4965	33997.127	21687.587	17579.2425	15986.793	27693.0015	42663.835	32484.598	36959.653	36085.2415	94240.2755	60736.3655	63151.8975	69068.197
Hmpp0004	C8H16N2O4			Ser-Val	205.12			[M+H]+	-												316311.1025	455331.7975	465908.6205	513111.136	357318.857	281940.0805	257478.477	407920.1685	506298.419	325420.84	594324.4095	817825.9805	217392.2505	311826.2445	788999.025	418824.7155	423851.4025	247520.984	432527.278	334988.1925	333926.643	537605.693	397501.586	231560.5675	307164.0655	430467.5935	192539.136	335243.6555	215785.956	182356.454	284361.8825	300260.5025	565957.519	243238.8445	317464.2895	338384.442	441968.3765	646042.02	666072.842	452104.2315	747616.3065	441235.2985	547594.2415	503300.0145	335457.385	457642.8775	429135.7615	336679.4455	444236.4975	398882.712	353373.073
Hmpp0004	C11H23N3O3S			Lys-Met	278.15			[M+H]+	-												65247.661	43109.0135	33162.954	37510.595	31469.1575	22030.506	34572.6035	35542.5325	38705.5775	29311.976	30944.1575	23912.096	60267.302	31903.8045	25402.559	26452.136	20092.2405	28227.235	7828.966	24373.431	51048.586	164507	N/A	19761.11	N/A	27095.606	22700	11217.6705	15487.4385	N/A	7006.082	N/A	35075.166	N/A	26769.5765	N/A	27369.915	34443.8605	28855.5395	68972.505	40254.9	59642.4695	20254.6715	48691.7315	53128.8685	21408.516	31040.063	45839.7295	35955.335	27091.7585	52509.834
Hmpp0004	C9H12NO6P			O-Phospho-L-tyrosine	262.05			[M+H]+	-												54781.419	44894.702	24203.3435	45041.108	43326.311	45384.238	85045.767	48075.2635	38126.433	65574.194	54861.529	32699.254	84084.81	121429.9445	175436.892	191931.2385	7268.0005	128293.82	242352.813	28818.9465	50759.13	393721.1245	295563.761	53340.102	170323.8455	489211.3105	174815.0495	34282.4295	149253.664	92098.604	19825.9205	60203.8395	36985.619	54594.804	313532.0465	14716.62	39705.3775	71693.7295	25841.734	51413.0245	58805.241	43899.9925	40042.8145	16046.216	36767.604	124655.5015	116120.1705	127802.1235	100660.4745	105584.6585	102850.7375
Hmpp0004	C12H16N2O5			Tyr-Ser	269.11			[M+H]+	-												69868.2265	98413.725	152139.172	22267.263	25682.3845	29415.2695	13836.6325	71752.011	27647.0895	48558.212	41081.9505	18502.3615	75600.405	19781.624	N/A	22636.8075	N/A	18967.481	51793.899	39638.1505	24583.7435	47555.97	40429.478	37874.4465	25225.8425	22017.723	11640.1185	8037.86	15646.12	14722.423	210232.202	219357.6185	42948.27	199667.943	332942.79	34615.876	114430.715	63886.4725	32257.672	78946.3065	50348.555	129712.225	15946.4655	34048.992	33867.817	73467.2935	78897.785	78434.4635	70668.0485	68691.9825	115462.7795
Hmpp0004	C11H21N3O4			Ile-Gln	260.16			[M+H]+	-												53558.917	235207.633	305371.808	116225.5855	94296.3205	297184.448	68340.8395	339617.183	530640.8225	64500.2445	241653.2455	1232603.324	19838.085	145647.79	38088.7655	23167.423	609976.038	24672.542	54963.668	72868.157	74436.32	127789.6825	N/A	416763.2315	49812.2015	15705.2465	11809.085	585447.8105	16016.3815	68277.428	73387.8585	23634.316	67158.6805	69786.976	101290.825	135180.7725	620330.001	877401.401	86872.6235	296258.5475	2080089.795	531490.4975	86746.0635	151541.671	N/A	245950.29	251162.789	235048.9415	219639.16	248569.336	169320.398
Hmpp0004	C9H18N2O4			Ile-Ser	219.13			[M+H]+	-												181827.735	148820.5175	207068.066	284551.812	363023.0815	64680.9135	436601.774	516357.1975	151677.559	331930.657	180939.0115	108693.653	229975.433	199632.023	502613.315	703273.0725	111954.9615	548888.431	428295.9025	316899.431	243116.315	121116.911	222359.9265	68001.863	615306.482	313601.341	137726.693	54441.7905	137167.8775	139020.4195	188755.708	249307.247	120236.7655	183460.166	144990.5375	86670.964	144535.7245	140026.982	106341.87	125440.0725	181989.983	161763.007	184736.844	210678.557	203945.184	184448.751	186211.282	233152.59	287658.298	162588.1565	214142.801
Hmpp0004	C13H16N2O6			Tyr-Asp	297.11			[M+H]+	-												23353.9075	19526.4405	23606.011	25849.263	22855.837	57932.56	37889.6285	55305.9435	26311.024	20923.194	28042.4825	21811.6865	26374.7765	36864.4005	121072.069	39962.478	N/A	30801.285	91674.286	27256.4815	18155.317	161456.6745	183681.877	40455.8985	44350.667	154785.7675	11652.33	12370	30229.558	8249.983	31750.2215	60220.3605	16124.5705	66309.0895	78493.78	44647.806	14025.825	6085.794	21429.369	5351.614	53503.6965	21448.5005	9025.933	28534.6765	16796.894	41243.335	56873.413	71494.0135	32646.778	77916.2695	39361.7115
Hmpp0004	C11H20N2O5			Glu-Ile	261.14			[M+H]+	-												331939.102	293748.8295	258757.592	130264.4055	328838.344	335124.4895	229993.731	239200.1995	199710.939	308020.4175	274946.38	273575.9465	217052.6455	266456.4615	184536.078	247560.523	256746.101	259306.1875	154601.7775	220220.31	227352.0465	220443.5395	266829.2655	349278.658	182161.647	183251.519	319190.772	304350.3665	169764.064	173843.912	513662.1795	146794.7415	315060.55	218968.1785	196275.1235	166476.748	410231.441	212297.7695	311703.408	290497.526	334920.0935	277153.168	253640.899	178104.9445	275887.354	374832.9735	184924.0745	254379.7885	236331.6065	234634.7145	259188.008
Hmpp0004	C10H18N2O5			Val-Glu	247.13			[M+H]+	-												112045.785	N/A	264764.718	96826.5175	313551.1735	327803.2025	129191.549	258834.3715	331254.2345	67701.832	54778.3855	111197.6635	188103.4165	170884.263	208305.8925	157288.428	101351.237	161594.141	384160.52	118686.2465	119307.162	218668.0785	656906.092	80036.4035	801256.9075	316383.569	113825.6505	104408.285	152075.064	177054.654	177727.332	105185.6205	153718.204	82460.945	222942.2875	101537.0785	256862.5555	152229.464	91439.2805	151791.566	147889.3655	152845.366	211561.1265	97548.316	188484.288	150145.331	138767.4335	179948.196	239892.2435	265636.4575	115086.007
Hmpp0004	C18H23N5O4			His-Phe-Ala	374.18			[M+H]+	-												48468.3765	55851.129	56551.225	70959.9645	1810.214	11566.478	7398.828	8761.8965	35130.2565	76847.034	14682.8825	3111.2	11086.226	4671.4775	15326.874	18200.1265	9160.358	13377.3035	38115.2695	18794.237	20107.741	16459.488	37839.6785	23653.3365	91645.262	21259.7055	39544.7995	11885.933	58544.875	37041.8445	52848.996	62130.715	49822.532	43323.886	44721.5395	24071.852	75211.1405	96467.491	44033.4105	88344.3655	51637.6645	63166.2355	60687.897	70646.828	48802.3925	17918.8435	21400.6145	36323.6645	26998.6905	30407.987	39836.853
Hmpp0004	C8H10N2O2			N-(2-hydroxyethyl)-3-pyridinecarboxamide	167.08			[M+H]+	-												559804.6625	694238.1195	683907.106	1295052.943	1009869.014	1218985.637	810703.2225	2465617.954	1311252.212	716378.434	455481.5755	1855230.441	648016.149	935426.642	563004.346	697242.24	751905.39	710479.9625	545834.6995	614610.773	652321.71	725757.183	749375.895	870704.0055	1158583.073	862198.646	819286.7515	851590.058	790407.8785	867068.9685	654230.48	655074.249	822651.679	588739.246	497601.4685	463875.3565	805150.142	541490.602	741479.554	821114.0195	747173.022	706189.666	594610.5675	714295.9405	732314.0025	896113.903	765052.7755	844521.2445	871795.7105	968553.471	864572.884
Hmpp0004	C15H21N3O5			Ser-Phe-Ala	324.16			[M+H]+	-												35028.426	223459.568	219087.4295	110224.5675	27816.5565	22210.9915	31199.992	27369.705	N/A	35322.8525	21066.8495	N/A	42811.285	41770.522	41600.1055	66259.3125	N/A	N/A	N/A	161475.9045	223149.6515	N/A	N/A	N/A	38276.6615	N/A	N/A	N/A	N/A	N/A	N/A	N/A	25584.782	19850.0505	N/A	N/A	87335.982	N/A	N/A	217211.4345	176055.574	69451.6675	N/A	53379.024	68685.0395	64073.873	36006.0875	62545.488	59451.9295	69031.955	36910.212
Hmpp0004	C10H16N2O4			Proline-Hydroxyproline	229.12			[M+H]+	-												3723532.158	3121481.932	3131921.518	3165294.257	16512255.53	5518920.464	7302092.136	19141319.07	2420809.369	4275581.436	4722550.442	8991005.116	3430461.584	7815242.926	21295174.66	16185559.59	2633334.675	15460416.64	30104702.06	5824152.486	5849067.464	28454551.62	7431307.123	5038822.313	26224294.78	9451204.572	3191654.062	2552482.75	2398508.719	3224685.36	3130416.848	3337670.707	3164235.954	2956491.245	21822559.53	1845145.55	4123809.936	2573558.75	3220106.157	5012588.885	3862989.374	3487215.302	3295908.035	3158328.972	3691990.681	9154431.668	7590379.946	8503931.375	8648150.643	8623843.838	7967849.841
Hmpp0004	C8H12N2O2			Cyclo(Ala-Pro)	169.1			[M+H]+	-												264840.425	167847.772	188523.605	104326.9755	186627.0675	249041.7295	253081.7425	348177.538	107327.1855	158418.8575	132709.2065	177497.8905	164907.4745	249368.6635	600362.672	514924.843	89998.9875	1921362.436	432534.802	150839.854	163657.1365	1820770.668	1045430.465	320923.0625	489537.8425	1066519.829	240139.9	173906.027	162928.688	222667.1205	199673.0365	245309.9735	150056.969	198791.8855	1054028.947	1098953.231	132072.038	224855.858	173227.361	178565.265	116500.13	147859.4425	1448359.633	1115960.778	1026144.728	472019.7445	417007.924	482689.83	438860.4765	408081.5385	452546.2115
Hmpp0004	C8H18O5			Tetraethylene-glycol	195.12			[M+H]+	-												23899.547	46296.0865	22191.4945	529282.5795	35170.3585	61633.6195	31179.541	175560.089	39838.476	41959.142	22938.5995	56581.895	15859.491	47212.4295	35509.453	69112.718	27108.639	15900.839	40757.2005	30352.952	32680.52	21163.033	134838.432	26536.0475	29533.8675	144707.9255	30070.241	30979.5795	31582.817	22078.9205	29461.834	28909.7985	51375.4075	15312.8285	34373.5475	64728.667	42561.783	46659.293	45794.2075	38033.451	32845.0985	35688.205	44865.9755	61320.671	33650.414	75902.5805	63204.427	69577.7725	76178.577	72900.8065	60823.98
Hmpp0004	C7H16O4			Triethylene glycol-monomethyl ether	165.11			[M+H]+	-												67997.39	74233.6645	88496.058	145636.722	111066.272	27657.7625	26373.395	25952.7725	66008.1185	188502.2795	105701.8395	77935.8555	55227.8645	38295.0665	56373.284	116901.5935	17158.2465	66068.917	81039.4135	40455.2975	33120.828	62980.4495	58354.568	66625.1535	109469.9705	48592.553	150792.1015	37492.5125	142041.673	138106.0095	140036.519	106383.968	78624.8445	157280.963	213271.2365	90346.7135	95378.0835	122960.186	100893.5445	139709.479	72941.0125	155834.63	57624.1395	106823.8355	116103.547	107899.9805	80243.5605	74166.2645	78329.609	108590.683	128468.829
Hmpp0004	C10H14N2O2			cyclo(pro-pro)	195.11			[M+H]+	-												400114.6845	94395.0445	86323.997	135923.5975	321680.7195	100323.521	88090.749	114655.0595	62264.438	171182.658	77026.837	120243.6505	172455.535	90868.6855	99182.6505	151239.3795	54525.954	307764.662	35172.06	143830.923	132914.498	152212.783	199711.7185	326111.3695	171102.007	200616.3345	497774.041	127396.645	505011.5465	499570.4445	258989.259	238872.794	121579.12	299642.603	690957.192	171249.4565	86011.5235	67792.927	99828.445	83073.6105	184655.0345	68657.5545	250516.5865	111609.608	160217.6215	165831.1705	220912.394	195071.322	179151.5795	188310.949	205290.9655
Hmpp0004	C12H24N2O3			Ile-Ile	245.19			[M+H]+	-												604956.2835	2196607.181	2098191.833	204174.6325	34747.607	438418.2105	183211.8415	120243.7275	510575.0345	488611.474	120581.7185	59937.4755	244216.931	350160.658	267660.505	188045.0145	232713.165	196979.599	182360.8315	252801.939	205255.4865	269855.832	1035655.585	259855.07	2231250.642	1033468.039	146675.3115	295602.5685	143177.6805	211342.5545	941700.3485	1070608.082	942835.5345	911796.194	564295.929	807649.1705	205530.1705	969086.349	798692.485	1010243.147	1029410.116	249067.293	252880.8635	1315667.843	318540.528	531213.0105	641097.8965	524204.696	543959.8185	598717.0435	571125.0495
Hmpp0004	C16H21N3O3			Trp-Val	304.17			[M+H]+	-												N/A	14596.257	N/A	14172.3335	N/A	N/A	N/A	N/A	16598.182	11048.4935	N/A	N/A	N/A	N/A	N/A	20333.64	13761.1705	14860.7765	23281.817	11614.807	11151.1995	23620.1495	7896.083	12305.7085	10018.9845	25114.4425	22402.2965	16248.825	13213.373	10223.5505	10131.9015	35076.4395	28760.443	19847.6985	22004.198	37760.1945	19459.5735	22147.878	42253.3325	N/A	18131.2275	11167.038	16197.332	14836.0405	15230.4	14474.8845	17067.542	17539.7125	18691.9585	30403.3135	27570.916
Hmpp0004	C14H30O8			Heptethylene-glycol	327.2			[M+H]+	-												23909.496	18383.489	22139.026	17718283.64	68300.0565	209642.447	26219.298	656359.641	759140.2545	15616.83	14582.514	413745.1925	24493.037	147285.1235	38974.2895	6930203.617	50594.6865	38331.2255	326467.9495	540477	511424.389	29147.1935	10997925.7	42102.296	16352.381	11802467.28	29013.0325	53301.05	17632.516	76558.1675	23620.689	15793.5325	47595.3515	16182.346	25014.062	34185.727	35568.593	44698.3025	38253.4545	44111.728	31781.6225	39374.0615	33822.554	49656.697	42801.872	1456489.392	1408124.475	1362768.226	1236982.028	1406111.849	1499689.678
Hmpp0004	C16H21N3O3S			Met-Trp	336.14			[M+H]+	-												1875.34	92861.817	85732.625	18222.331	2157.1155	7643.344	5952.967	4352.706	6210.6385	4982.6225	6696.1225	3289.533	4067.421	12058.584	2476.5405	54891.1805	5716.1085	6881.2905	76505.236	3450.8415	N/A	14355.562	5297.6375	8657.079	30008.764	11045.4165	2936.511	10604.3545	1549.179	1542.382	2765.9105	N/A	3677.3325	N/A	3384.506	N/A	N/A	N/A	N/A	N/A	45516.6695	N/A	N/A	N/A	N/A	12367.62	14791.3625	14234.619	12767.4045	12750.553	7070.7025
Hmpp0004	C17H23N3O3			Trp-Ile	318.18			[M+H]+	-												136021.965	126565.9755	131636.3915	161755.121	39127.9815	63309.7305	61364.9085	52578.7835	103663.58	106344.968	58219.9575	36727.3945	80451.1925	68412.8375	142763.749	36240.06	43631.912	62046.7105	79359.401	112985.986	92321.913	120320.241	104106.8825	62735.8685	141415.347	120327.0525	171815.321	64334.3905	117596.3935	137660.8435	196529.362	242530.896	139125.799	216045.533	186629.348	167373.6785	88602.5355	113891.142	86235.597	118245.6235	98918.0055	90581.352	92044.4485	122588.5515	98168.8675	136142.7915	106659.289	110028.6695	121931.0535	95178.9035	102537.589
Hmpp0004	C9H19N5O3S			Cys-Arg	278.13			[M+H]+	-												10114.636	N/A	7046.9045	12008.41	N/A	12660.235	11549.468	8097.3625	14004.365	8615.157	17678.7835	12673.6745	N/A	18709.9335	6552.9415	12882.6605	2197.5365	21523.25	14246.108	13208.438	7059.27	39226.584	7466.6045	7945.9	13903.9295	N/A	10020.8555	N/A	9016.343	N/A	N/A	N/A	N/A	N/A	N/A	N/A	6042.743	N/A	10072.013	N/A	19790.487	N/A	N/A	10853.8395	N/A	12247.866	14482.081	9870.7705	8073.105	8536.1645	9036.4135
Hmpp0004	C18H27N3O4			Phe-Ala-Leu	350.21			[M+H]+	-												73558.922	56084.999	29314.2775	59006.1925	30062.781	27104.9045	67981.4285	80272.828	87487.29	70212.0005	31484.98	71878.238	45088.5185	69630.236	87577.5455	51308.0895	81773.033	57585.399	93682.897	38858.304	64299.1725	47415.5865	88236.7065	48872.611	73108.7515	52233.4575	43539.9715	61825.336	77527.1505	84182.4925	57551.6215	57948.5385	75294.467	67930.83	43927.5325	93051.96	48398.114	83594.547	70329.288	44059.872	58253.8895	36213.281	67652.793	72117.8535	53172.3995	87343.947	63453.3975	58945.8445	67659.54	66911.014	42128.8005
Hmpp0004	C7H8N2O2			2-pyrimidin-2-yl-propionic acid	153.07			[M+H]+	-												175605.8225	266874.4045	192836.6955	183410.537	196847.4835	252047.668	258608.8055	111807.0315	235566.553	190598.299	247251.6225	109100.2345	209125.1775	299310.307	276563.916	276354.525	258821.4725	265434.522	333437.0635	254387.873	349364.7215	207336.213	357961.9885	288108.0925	330207.3045	346800.3155	352693.8625	326288.331	389646.494	387232.3825	239725.4635	129572.1615	125350.4755	130166.1365	138840.081	138117.3785	193952.484	189019.0435	170595.4995	182045.8205	177034.2205	165985.0995	196708.118	274270.662	243932.7445	366523.5605	171247.6215	293910.7655	333840.055	296964.869	264231.1415
Hmpp0004	C15H20N2O2			cyclo(leu-phe)	261.16			[M+H]+	-												N/A	15357.628	6365.958	3455.4625	31548.855	18981.012	3726492.456	6960.034	N/A	25587.645	12445.3545	15225.6155	6897.5505	1674862.651	6742.291	303199.467	11014.546	111550.305	42337.3255	9997.9045	14975.8935	18972.173	9382.2805	9248.4755	6852.577	7497.034	7097.2675	4952.3615	8969.004	6771.797	N/A	N/A	N/A	N/A	N/A	24291.597	N/A	N/A	N/A	N/A	N/A	N/A	124858.422	37138.5815	116385.818	149842.1945	139674.6855	132986.2505	135512.3335	146734.577	140510.6335
Hmpp0004	C10H21N5O4			Thr-Arg	276.17			[M+H]+	-												545218.4165	557890.7055	542441.161	483688.4165	522522.441	529716.824	518296.4815	564544.8435	452875.6375	527853.8425	562577.5075	506872.0205	519228.622	482923.9175	549492.9305	515745.559	433600.842	495818.2975	471374.147	499546.4605	539295.906	513924.2605	475614.391	466584.6775	495876.522	576572.915	615511.8085	474626.528	538465.4055	555144.6925	720594.798	621897.5155	598357.14	627718.657	625202.6815	616445.633	638751.743	647348.767	567521.648	610316.1285	564512.5	510104.0075	546544.74	476876.0635	536780.8725	479975.1795	583768.4375	460947.69	529434.745	474628.445	552840.734
Hmpp0004	C7H13N3O5			Asn-Ser	220.09			[M+H]+	-												9548.9235	16603.4465	15726.4335	28503.1245	24008.3625	3421.811	18377	24350.24	10360.065	40716.4325	10411.331	11315.8265	30703.7235	16084.5	42007.711	37111.852	N/A	43507.1785	13272.3955	25456.992	18825.8475	20107.564	16476.824	N/A	33957.1015	45723.9505	5133	10265.1235	13473.401	21589.848	20341.8145	13131.092	3207.8955	7522.8675	29254.789	10330.2575	6851.478	N/A	8994.5	6900.972	24387.6	13638.811	8655.6105	21805.7845	11945.1865	6386.065	27443.6025	22227.4915	15985.311	11394.7445	21666.8325
Hmpp0004	C17H23N3O6			Glu-Phe-Ala	366.17			[M+H]+	-												22709.1195	20134.843	17109.3795	21217.371	25944.21	N/A	24106.2825	14460.9275	23147.3865	21313.752	29470.42	N/A	16066.67	12172.0505	N/A	16403.271	7900.5915	17755.558	N/A	28217.5075	15840.0035	42297.3165	9107.0465	24478.4885	N/A	34475.3155	12952.512	16848.4675	10322.2175	25933.306	N/A	14395.409	30579.744	9068.572	28032.2915	28671.1455	32778.453	26576.0255	18213.3145	9716.82	10379.619	14122.799	N/A	29167.693	35639.8785	27784.053	18356.247	36369.739	21010.128	32729.5685	32748.4825
Hmpp0004	C4H11NS			3-Methylthiopropylamine	106.07			[M+H]+	-												5671.511	4090.2165	9661.3985	23836.679	12964.287	8746.092	8873.9915	16890.1975	23989.797	12931.054	17458.86	14097.92	13292.109	9049.04	20128.3175	11555.492	4153.986	38096.201	14615.5335	9735.988	7260.6975	17191.7	N/A	13722.9915	36382.182	17666.589	13260.347	4860	5756.496	11932.864	30732.404	16031.7915	8914.477	34281.3875	30953.3	10426.498	20415.397	16298.4915	13286.0385	22659.985	8206.7085	9591.8615	22361.147	21881.431	11343.1435	21573.441	21915.72	20657.4525	14278.8415	43294.4235	24621.7635
Hmpp0004	C4H11NO2			2-Amino-2-methyl-1,3-propanediol	106.09			[M+H]+	-												259233.0815	137049.5215	133364.581	263202.0295	167566.376	142801.061	110640.167	130505.199	297404.399	233110.492	166330.164	359873.269	219173.458	144799.968	207382.8435	182840.783	162216.8565	235463.962	444074.1065	117083.7675	134585.1335	254549.096	243757.8945	232346.095	186201.7335	264897.2515	316394.544	158446.0805	332276.185	391342.343	194128.9185	187673.126	172217.9475	166801.983	371919.3585	197373.649	244658.4175	265112.9955	222209.297	141445.7095	241645.9515	260597.3865	105311.022	124879.1155	187667.6045	200704.2365	203489.3415	169444.5515	190266.2565	206550.5565	222770.1565
Hmpp0004	C4H9NO3			4-Amino-3-hydroxybutyric acid	120.07			[M+H]+	-												203645.395	149200.343	148094.668	170773.5645	139822.7845	70944.509	111124.464	241454.972	377901.3105	186840.172	127592.125	151968.137	143972.459	91417.118	114740.734	49686.3205	65126.524	127418.68	32004.827	68641.825	82890.4795	119440.6815	89466.1775	122111.251	52328.6485	76467.9735	191239.5885	109024.8535	128380.151	144095.694	161575.1805	116048.638	176943.2765	97178.4135	110378.364	524530.7335	140512.788	160782.837	142704.942	275332.431	59633.3605	124150.3055	189756.2145	200429.976	188367.0965	147711.1915	197321.28	171454.7535	149418.5095	149893.4865	162828.04
Hmpp0004	C6H13NO2			D-Alloisoleucine	132.1			[M+H]+	-												1290236.506	1766702.495	1454217.488	1182501.432	1199989.903	893566.897	995123.4395	596526.437	1698967.91	735640.1615	793252.278	865913.969	1048290.747	873938.8985	475110.6385	494057.923	855157.9415	881645.1375	434006.143	1069223.536	1107892.816	778157.839	479642.24	816142.2005	872708.824	616041.0835	1074715.786	864075.6235	962307.188	883262.923	1149593.874	1197228.265	1274885.593	1057129.601	812054.268	966304.2525	1860675.31	1741383.386	1160691.904	2216249.218	1808744.876	1656191.808	1330022.357	1114741.163	1081516.013	987245.155	1088749.509	1028294.28	1192186.899	976182.499	1110608.605
Hmpp0004	C8H14N2O5			Hyp-Ser	219.1			[M+H]+	-												148643.6295	64387.928	138635.6825	160237.927	172648.618	25629.076	255890.3575	166876.6355	75554.5605	220659.965	92696.027	64170.4705	156852.83	91894.8525	203022.341	381322.598	53775.17	380495.6995	189449.991	181408.9805	185349.048	106239.407	123124.9005	36655.5735	350622.1825	184495.955	103854.8955	37919.207	89849.1615	123802.3945	138881.3745	152548.176	52265.1995	180738.6215	84877.4495	67549.544	78341.239	65666.989	71522.073	120854.3015	131636.3175	67127.5645	117236.5395	145235.6	102518.829	123302.852	135045.3915	153137.392	163322.883	171310.021	203405.4305
Hmpp0004	C8H15NO6			2-(Acetylamino)-2-deoxy-A-D-glucopyranose	222.1			[M+H]+	-												13475.175	6650.9465	16640.581	25140.6095	20612.4385	9934.303	80235.0005	20725.163	20278.703	15181	36373.7455	36482.4405	18938.2675	72714.0185	34234.663	26253.5905	16446.9155	29059.47	60201.53	26440.52	19309.1675	83912.659	24809.211	24352.4575	14287.267	60725.9505	10001.545	32619.7265	16849.915	42183.171	10948.705	N/A	8755.7255	4478.1865	56887.185	12544.2595	16281.872	17049.0575	13428.3115	11816.6865	12594.204	N/A	28614.897	12966.954	14641.2915	56567.2795	44643.5825	42538.602	32466.6675	36710.515	15200.626
Hmpp0004	C9H15N3O4			Pro-Asn	230.11			[M+H]+	-												297236.568	225368.9365	196077.485	231150.575	1355787.265	416246.565	561590.3975	1437263.055	207324.2695	348295.974	309790.4335	744400.449	287226.3665	668693.1515	1647566.036	1282439.904	195125.8565	1087225.265	2229759.919	441703.677	425473.761	2160571.713	894738.7965	394918.9815	1923633.566	784575.9445	233907.709	216227.36	270405.174	263304.6945	263494.5245	260243.3935	276984.833	271439.81	1863765.687	116359.439	348560.42	242571.6585	233534.1435	298079.062	276135.8915	243241.0115	312172.716	222059.936	391654.086	627337.644	618538.019	568683.6795	653428.1125	698939.759	769414.7045
Hmpp0004	C9H14N2O5			Pro-Asp	231.1			[M+H]+	-												39226.6405	151481.9635	234893.9815	133184.0995	224288.526	158197.487	239088.096	178606.9825	65648.14	62976.9275	90778.353	119362.3595	78402.7215	204580.5905	314688.562	235668.976	58982.7625	243667.4665	305614.1695	160570.562	132830.4595	511643.774	214804.209	137725.499	321777.2395	171914.699	75577.3145	98689.2945	70533.641	73437.5645	114417.5275	78640.996	69319.741	93608.027	290506.754	61290.8555	87044.1785	46418.9735	52525.38	88471.9225	169874.635	76119.451	64110.8505	69680.168	83092.96	177771.2015	150519.3795	144961.1605	176070.215	128406.462	98694.3045
Hmpp0004	C12H16N2O3			Phe-Ala	237.12			[M+H]+	-												106133.759	105076.0855	106840.4585	45057.568	81536.4425	54144.281	56878.733	37129.3055	60216.592	122635.858	69030.4975	34139.661	46214.8705	43560.275	77337.4295	44420.3635	54796.978	91479.784	90044.8645	58933.1405	66869.4715	31878.863	80369.827	44647.5955	85478.523	75567.83	95283.7785	50119.2215	78050.404	97361.0245	80466.323	69155.26	103939.8025	79964.7555	53064.717	55619.1905	93752.2045	113472.3655	87728.4875	79235.1785	79085.1095	83728.9055	88252.48	40621.877	71691.1145	63901.344	113595.9565	71400.8985	75584.48	109536.102	74847.953
Hmpp0004	C9H15N3O5			Asn-Hyp	246.11			[M+H]+	-												35375.088	149760.2335	115844.8025	N/A	35558.746	28302.249	25046.9225	62102.5745	20084.309	10553.42	19361.6975	N/A	40567.6105	N/A	9821.2485	10410.3025	25619.401	19727.7665	9419.757	12382.605	5238.839	49928.9265	N/A	18444.6815	8887.6105	13109.5585	11123.211	2285.319	15341.3565	7450.438	15424.161	22149.6905	16603.4775	32907.4015	22883.3655	61364.1925	26018.582	N/A	N/A	37417.724	15309.5	16606.6445	15342.034	26981.963	24552.563	28242.858	34602.18	19625.8925	20640	21341.933	21802.646
Hmpp0004	C10H18N2O5			Leu-Asp	247.13			[M+H]+	-												25625.6515	35533.873	39022.998	47924.0415	33871.6265	30510.3335	35258.8005	41412.5285	51420.2865	62933.195	40614.0885	44187.726	31493.3955	50379.2605	48736.087	46204.038	12081.2935	36307.0295	114772.6475	48479.1605	39895.5555	113898.2685	111448.2525	26646.546	52492.513	120277.2675	33521.4235	24173.4895	21663.094	31812.6275	104753.3825	74703.9105	31924.425	101865.5315	111120.9215	65087.562	27338.1635	33492.939	27044.634	25996.4505	39535.5895	43817.561	30606.475	48108.921	29572.052	44579.619	29690.8685	61605.7945	48092.7295	59129.1255	54052.808
Hmpp0004	C10H20N4O4			Lys-Asn	261.16			[M+H]+	-												50350.813	25626.4215	34286.6655	17235.359	53030.812	46962.579	17268.065	75293.653	53106.0315	20394.1545	27975.2195	30622.3355	47060.0065	51680.1995	40482.9455	61425.264	25220.5365	38129.0025	69348.092	21259.2	29240.5785	258287.802	72692.115	88114.8835	55391.641	115474.423	28392.559	47932.272	34572.0425	19718.089	15428	21864.547	N/A	11131.4945	116715.1015	29278.068	27283.4515	20314.034	N/A	22402.9235	25254.9965	21243.277	118315.8355	12320.8365	26742.4915	26995.304	55300.562	19764.6105	75284.969	36760.6395	34664.254
Hmpp0004	C21H32O2			20beta-Dihydroprogesterone	317.25			[M+H]+	-												8408.0395	25658.5695	17308.19	10525.956	19648.1285	23805.9745	21330.4005	10364.16	12467.1225	14039.9465	16785.937	12881.8185	18557.2025	18232.2655	8869.209	14163.27	15154.2025	12080.8745	21374.1315	32501.0645	25102.7925	18639.054	10701.7075	17950.432	20004.962	8188.92	20492.347	27103.9225	30634.2925	19469.936	22398.1625	12606.765	17492.273	12719.769	16021.626	13626.1785	31843.872	24248.25	18962.3305	8377.3665	12100.8795	5584.6165	6611.923	15305.1695	11920.4445	19751.0485	11945.024	9588.091	15833.553	17875.6815	21908.746
Hmpp0004	C22H21ClN6O2			Losartan carboxylic acid	437.15			[M+H]+	-												N/A	N/A	N/A	N/A	686557.346	N/A	N/A	N/A	N/A	N/A	N/A	N/A	N/A	N/A	N/A	N/A	N/A	N/A	N/A	N/A	N/A	N/A	N/A	N/A	N/A	N/A	69634.24	N/A	87276.121	74166.728	1643923.773	1203298.355	101241.381	1366528.706	2048717.826	3238.911	74009.12	14272.9665	47230.464	3403.5095	3663.788	72093.2735	52519.4475	N/A	51791.274	140345.3435	133298.021	138072.299	205009.0025	128199.884	155631.203
Hmpp0004	C19H24O2			Methyltrienolone	285.18			[M+H]+	-												24919.53	N/A	26507.6715	26816.023	12233.8715	12942.5685	12860.9285	15436.3475	15602.4825	54547.8375	10639.89	N/A	16598.238	8189.05	N/A	N/A	18257.6395	N/A	N/A	N/A	N/A	N/A	N/A	26189.81	N/A	N/A	N/A	N/A	N/A	N/A	28393.398	14640.228	9927.0655	13842.255	8771.762	19240.959	38148.422	12166.7065	16734.1595	4318.995	26215.87	45534.5315	22992.53	N/A	33970.9345	30644.793	32746.687	47513.7775	34171.069	46495.5245	27105.328
Hmpp0004	C19H18O3			2-Butyl-3-(4-hydroxybenzoyl)benzofuran	295.13			[M+H]+	-												40738.1755	51325.8075	30953.4505	61358.676	70324.7105	51629.922	44134.9005	30129.988	37629.7345	196182.648	149320.141	409084.1705	54279.048	67864.048	139681.4945	29651.793	61958.26	13455.751	47835.9195	83977.111	89681.311	86571.686	57191.8935	101642.712	40248.821	55353.822	26607.1835	60314.3535	47518.215	28269.448	80696.424	63338.896	102537.0385	96399.449	66515.5675	36910.988	51167.9275	59249.7985	73676.1835	18219.926	58889.8955	32281.6545	30385.1185	19649.094	26486.3935	81038.055	52107.116	66178.771	46155.8725	71312.1465	92357.2225
Hmpp0004	C11H8ClNO2			Quinmerac	222.03			[M+H]+	-												51118.55	22325.5715	N/A	33525.5525	55392.626	40572.135	36275.3935	72206.6565	33537.638	27885.88	13740.544	22911.455	47962.13	47885.2445	136784.433	49175.3265	10631.9045	54857.678	247269.9245	38347.8305	41322.6335	132097.1105	129748.752	18933.6255	134388.815	131876.528	36536.977	24774.5785	41668.74	30348.878	32435.212	29064.4975	24616.5955	45437.3755	97279.6695	21773.142	33459.4315	35130.643	17059.6205	32131.1745	64639.0455	19089.787	25486.127	34593.86	23770.672	47820.9795	40934.2815	45234.4555	66339.735	51089.3285	72027.6005
Hmpp0004	C9H8N2O2			4-(Hydroxyamino)quinoline 1-oxide	177.07			[M+H]+	-												21367.401	38658.7035	24293.725	35236.26	24424.1595	20278.614	30914.6735	8539.012	23251.3395	12297.7835	21655.799	10974.515	34395.973	28409.334	26404.8185	17921.7945	15960.4515	17418.4645	14044.5045	34263.5375	28442.0875	28939.1335	16416.2175	29560.517	13810.7545	22387.686	21126.1975	31054.3315	27728.6795	14769.6085	20631.0985	26073.4255	37784.341	21879.8885	7615.1875	27731.364	16804.6985	32945.2045	33664.737	19137.455	13926.156	11039.2925	34512.418	28705.495	47427.8835	19177.2325	16941.5285	21897.843	9713.049	16412.459	22761.6505
Hmpp0004	C8H6O3			2-Carboxybenzaldehyde	151.04			[M+H]+	-												197643.0335	102653.869	77404.77	301959.2945	150311.9325	68777.2695	33192.587	32457.9595	289805.152	258023.9015	79591.9925	130344.575	80695.777	100739.042	175018.8715	201512.7555	53708.0905	132283.1265	89840.8525	55841.4205	96280.369	193950.395	81397.992	97274.2045	146859.29	97860.368	320603.9515	40430.49	328334.1235	336833.0165	196174.8545	203063.8305	141314.6625	195103.6	243726.653	112526.873	100852.5985	186325.412	130741.637	92817.037	133187.988	112927.1675	134610.423	166222.794	138835.093	133940.594	148497.3415	144456.677	170315.31	117871.334	177770.9995
Hmpp0004	C32H58N2O7S			Chaps	615.4			[M+H]+	-												399238.0875	564418.0225	650196.518	661227.496	1081057.203	558488.6145	419087.662	368130.649	459887.562	679916.147	259898.529	913106.8795	332821.3885	132760.3905	N/A	259520.3045	681153.469	544294.5925	242762.806	525154.958	522480.221	379612.271	869186.2535	967286.912	562103.7795	736694.279	181514.4185	779038.1195	176352.83	291435.2155	221242.365	252807.159	440430.602	242717.5565	224934.4585	302402.5275	1467062.64	637256.0585	580583.895	301915.743	676129.3855	1927431.112	638835.418	385637.755	447259.5785	724969.57	699882.6505	660159.229	712722.4225	795567.7565	766738.3615
Hmpp0004	C9H10BrNO3			3-Bromotyrosine	259.99			[M+H]+	-												N/A	N/A	N/A	N/A	N/A	N/A	N/A	N/A	N/A	33798.1595	N/A	61897.4625	N/A	67616.6675	188233.45	164627.2375	17206.342	4026.4445	N/A	9873.1745	11074.5815	71906.8355	7482.918	1602.595	221517.373	8758.185	N/A	13703.682	2428	2503	N/A	N/A	N/A	N/A	N/A	N/A	N/A	N/A	N/A	N/A	N/A	N/A	N/A	N/A	N/A	21607.6225	52226.9265	34283.8245	19815.277	16995.4315	25333.588
Hmpp0004	C18H32O4			Octadec-9-ene-1,18-dioic-acid	295.23			[M+H-H2O]+	-												241274.179	168677.548	128601.052	339077.585	317513.1365	539927.0955	303742.495	190222.8355	291482.724	1149574.148	1144351.958	2327939.624	419001.795	354498.6525	580859.745	459728.97	356384.938	142058.0145	352023.3775	482245.9675	578676.9395	532020.951	350581.349	801620.2655	330022.8395	409810.4585	553856.2785	389226.077	387406.432	432008.803	594442.2135	619801.201	559519.6175	791849.1545	720734.5555	316730.3135	526907.286	349066.426	509290.322	211516.97	372964.8975	338165.001	209092.99	319516.6455	320917.662	426120.133	492323.0515	425807.7015	552838.0955	474086.042	533676.894
Hmpp0004	C12H11NO4			(2E,4E)-6-(2-aminophenyl)-2-hydroxy-6-oxohexa-2,4-dienoic acid	251.1			[M+NH4]+	-												N/A	N/A	N/A	N/A	N/A	N/A	N/A	101793.3195	N/A	N/A	N/A	N/A	N/A	N/A	80223.142	274637.4765	13503.5775	107223.6665	253125.9405	34327.4925	31740.252	328156.994	224675.967	N/A	108721.0595	267453.1535	1297.702	5943.9795	N/A	3696.8905	N/A	N/A	N/A	N/A	131459.795	N/A	N/A	N/A	N/A	N/A	N/A	N/A	N/A	N/A	N/A	69187.7445	83292.396	85383.9595	63450.7525	86903.293	57011.644
Hmpp0004	C9H21N			Tripropylamine	144.17			[M+H]+	-												151726.585	147777.953	191156.4635	94597.544	148733.7335	78471.6585	119979.2685	76336.307	86785.0265	142071.1345	78508.4555	28033.516	55631.2115	105962.2685	142726.304	84433.0925	78168.5695	167110.7095	54909.6005	87117.361	128331.244	63937.0545	106939.7415	91450.802	118543.1725	95962.398	143560.516	77450.766	134658.1755	122135.102	103111.2935	94664.341	116653.0935	105656.642	111028.3355	118353.9695	112305.1945	125852.2585	156366.3085	180747.4925	104205.174	102792.583	131463.498	154432.7775	137777.033	110837.412	107808.04	126062.2565	111430.612	141259.7015	122909.2805
Hmpp0004	C25H48NO7P			LPC(17:2/0:0)	506.32			[M+H]+	-												189734.4875	140753.813	122343.052	236706.3915	65995.451	55571.75	85636.118	124684.35	139017.92	71002.033	116399.3925	69673.1735	32061.935	58999.993	61229.036	43284.415	45986.988	270318.9745	49258.2965	89558.9095	105320.1735	32943.629	147741.159	130880.4815	82141.212	127146.2975	263770.034	38887.9855	232998.261	210309.003	347509.421	400158.828	154238.9965	312931.251	118366.8495	290538.8785	112374.539	83271.1605	113663.9045	51990.3635	43464.5615	78384.051	172338.5725	165740.351	127401.7625	132480.3155	111391.521	140724.7485	166971.338	127730.1685	178149.702
Hmpp0004	C27H52NO7P			LPC(19:2/0:0)	534.36			[M+H]+	-												43436.456	8432.576	34592.1795	11058.769	17599.851	21585.072	19154.932	29954.534	23881.318	30446.916	16817.862	15074.0495	16067.0785	25556.441	26782.6155	14265.112	4077.928	47502.911	16803.9045	N/A	10277.0895	N/A	N/A	15328.5015	14950.794	16977.4465	46652.466	9460.5535	39543.8345	74994.3895	41893.807	73956.56	46176.9575	55114.0285	18653.1625	56933.677	35829.1635	32840.935	30985.098	14390.0975	N/A	14997.687	67833.4245	42801.3305	N/A	47126.8635	24298.2965	24039.84	28956.045	61501.2135	35645.1755
Hmpp0004	C26H50NO6P			LPC(O-18:3)	504.34			[M+H]+	-												594431.465	564024.446	483253.2415	580508.3465	197372.128	348860.5615	302002.656	440144.918	391314.5845	264186.4385	219053.405	76382.238	255778.043	271737.0155	255998.375	140998.38	56806.82	953513.948	91412.2755	232962.089	266710.855	153857.075	269718.592	171857.1605	325011.926	437748.1125	838302.084	111366.0305	691721.078	790083.6205	1317833.187	1576378.556	605479.945	1382904.364	488887.6715	999285.805	897553.3385	371096.4105	372088.4585	432868.1065	234365.536	697191.6795	544422.1045	501028.6945	398705.901	612878.326	441177.788	415055.3155	382608.827	530034.5875	436232.37
Hmpp0004	C15H15NO8			3-Indole carboxylic acid glucuronide	338.09			[M+H]+	-												5686.044	N/A	N/A	N/A	N/A	N/A	N/A	N/A	N/A	N/A	N/A	N/A	N/A	N/A	N/A	17997.8045	5601.6525	7888.157	749636.084	11795.333	13877.7085	227534.233	95830.4265	N/A	14436.364	143038.571	703.018	4099.3265	2089.9595	2079.6355	13573.348	25062.498	N/A	21027.7595	33632.798	N/A	N/A	N/A	N/A	N/A	6873.805	N/A	N/A	N/A	N/A	40686.4675	48206.792	25831.535	40744.8015	70162.9665	42352.1435
Hmpp0004	C33H66NO9P			Azelaoyl PAF	652.45			[M+H]+	-												21053.0105	35045.667	24077.762	8830050.663	72105.669	10627838.06	62964.6115	14056358.11	45777.6835	41763.7705	45571.0955	163320.348	26507.765	3952602.403	65782.0785	6395667.793	508814.057	178055.2705	165072.5335	554285.648	660151.516	38777.023	12650625.77	86962.3345	235254.392	12896811.96	21395.695	401978.2	23558.044	43831.894	26903.0755	25167.561	22152.3325	17514.165	88868.2815	38568.5245	32451.128	40872.1045	31097.202	26328.605	22738.306	28659.53	24365.2615	47569.048	29355.3185	1639363.657	1683720.308	1849380.576	1780545.999	1665137.141	1702374.807
Hmpp0004	C17H37NO			1-desoxymethylsphinganine	272.29			[M+H]+	-												539842.529	1589332.198	1637537.916	1829002.207	1473815.056	1249332.114	408207.9825	1517878.366	1670793.881	1674845.832	1439100.296	445077.398	446160.414	851275.215	463542.45	490292.1015	603706.983	1641686.216	573136.6295	537492.6645	512683.6845	1444368.86	620644.8725	1459453.69	2280977.5	559243.2525	1350355.562	837210.8685	1693550.229	1768944.85	1357357.916	1460703.564	1432374.87	1531373.752	1882359.763	1478113.811	1686327.942	1889789.165	1424097.613	1462901.286	1479036.497	1825542.681	1743027.989	1398435.566	1690005.497	1578341.02	1475756.373	1367471.906	1431746.15	1468262.047	1525323.443
Hmpp0004	C17H35NO2			N-(2-Hydroxyethyl)pentadecanamide	286.27			[M+H]+	-												285933.666	304251.1115	353297.767	275933.591	332440.435	288293.772	249182.826	334152.8315	411803.209	347610.515	354025.327	200065.082	265130.6075	237748.6785	242703.053	246859.714	284104.509	358647.2205	310714.1095	267703.7795	293755.2825	338270.3635	301372.0295	308869.127	323697.385	248790.828	352166.29	294435.014	420473.6265	339021.849	535153.6975	471824.7315	470505.739	336878.131	391617.5445	367559.48	382962.644	384152.2665	372890.0175	380444.5475	363521.4075	375369.5165	344692.4965	380200.719	310990.954	506715.541	448692.962	324147.3	402554.632	415026.759	427594.399
Hmpp0004	C16H22O4			2-(((2-Ethylhexyl)oxy)carbonyl)benzoic acid	279.16			[M+H]+	-												101627.3765	161360.522	132041.3285	116614.5145	236937.412	99500.1265	138132.3995	152588.32	171286.32	122815.8175	165330.955	124890.375	138052.942	142395.331	220820.0925	292516.46	142478.1825	178254.527	127825.404	93010.095	180423.186	112037.399	69662.975	125585.9905	160579.476	111282.2955	164555.545	122228.326	116915.164	125670.2605	220328.3215	110505.35	173287.4125	93940.08	136627.7065	229144.488	164275.6995	138828.7545	198499.0605	157837.71	258818.3895	125021.373	191902.97	200655.694	171811.491	133833.61	190498.3515	257273.821	159346.6225	232382.1775	186361.6225
Hmpp0004	C18H30O3			Colneleic acid	295.23			[M+H]+	-												194029.1575	259040.5565	215303.7525	317748.224	417846.6445	227058.0765	315721.971	274031.5065	418949.902	1302028.107	1096832.952	2645634.773	246568.1135	379383.304	540720.3145	290814.6465	416868.6205	227381.0835	195449.6865	561647.503	570465.537	488492.4815	233675.4565	942389.0495	387259.747	445119.367	406359.4905	476364.3575	505494.4335	404525.906	633967.5605	770734.7745	666528.9785	657556.681	731159.5805	284463.5575	585961.0485	432662.8055	494025.788	183120.475	348007.016	339411.2335	205842.5375	259231.9635	337320.6705	552469.296	535670.589	545747.363	582789.7645	421443.1475	515476.463
Hmpp0004	C20H42NO7P			LPE(0:0/15:0)	440.28			[M+H]+	-												44010.138	14086.28	25124.256	19662.903	38106.526	42269.5665	9824.1675	51180.161	31418.075	19216.0185	12745.618	26135.707	19970.786	26927.828	41931.749	13340.3885	4412.398	87707.448	8101.0265	12013.8275	2023.687	15669.244	7624.591	3588.9945	37112.805	20795.0095	101149.2155	6496.812	60677.1495	30643.7645	68405.1205	81088.8165	30635.8415	47373.985	15397.7265	33184.2935	21319.2345	6207.065	16980.9145	20271.673	10505.576	32005.772	29138.5155	20521.452	23657.9	53737.7245	21432.7415	22479.4295	29275.0235	25209.898	30768.684
Hmpp0004	C22H44NO7P			LPC(0:0/14:1)	466.29			[M+H]+	-												111080.741	64874.5325	59133.1075	77058.3735	58472.4235	108390.57	152495.824	84040.1325	29423.968	85228.1955	30292.9965	31056.067	15434.833	58860.23	44667.2195	17031.0425	13517.3355	500411.1805	N/A	38394.7285	42117.338	50950.732	29876.8905	19720.3625	23194.7375	36617.948	193854.975	14138.0865	123347.139	167727.6385	107573.547	113683.798	16579.205	52514.952	65488.5865	74570.311	81777.9335	44649.4975	12017.435	N/A	72063.2215	63573.157	83808.7305	33956.814	52924.7615	102127.918	72581.1605	69332.3725	62694.35	118844.971	72094.559
Hmpp0004	C27H44O2			7-Ketocholesterol	383.33			[M+H-H2O]+	-												N/A	N/A	N/A	542375.9585	N/A	N/A	N/A	N/A	N/A	2367182.299	N/A	140433.8745	N/A	N/A	N/A	257983.2795	N/A	441695.524	1266695.301	31964.403	34044.8935	31465.901	153118.857	57445.739	795318.035	176849.6545	N/A	N/A	N/A	N/A	N/A	N/A	N/A	N/A	N/A	N/A	N/A	N/A	N/A	N/A	N/A	N/A	N/A	437060.3365	165748.5745	177523.557	197991.6215	190682.8755	164671.073	123913.6615	287383.258
Hmpp0004	C19H28O2			Testosterone	289.22			[M+H]+	-												174675.143	31333.27	34087.5035	48045.4605	32850.3565	65957.6105	86772.356	24190.22	246530.815	30286.326	26941.693	28319.1405	94124.2025	86989.98	39374.233	49080.0035	25179.8405	40074.4865	35860.2	47511.4705	39021.1205	36530.17	64603.3115	25619.7055	66987.515	74656.401	175520.0475	20026.143	150227.5675	131285.712	30324.1375	35753.0405	46122.138	30076.576	36868.503	34159.209	67754.8735	226951.3405	29662.5235	77779.8185	71378.986	63824.4435	93055.6905	175111.068	270452.614	74635.954	94865.2255	63212.801	79706.1835	68013.241	81751.2525
Hmpp0004	C21H28O5			Cortisone	361.2			[M+H]+	-												349822.0785	429677.8795	424013.474	464588.911	766973.036	256922.062	377899.248	31810.8365	476115.057	142758.069	176477.283	502211.5055	262941.9335	290701.0215	128088.0955	205436.6625	164521.268	142485.097	12121.3915	285914.779	314035.466	85767.8	176692.813	211667.5475	235242.6265	175800.1035	264871.435	197061.5245	276135.9535	289779.384	341239.118	300457.245	448356.1585	316067.817	293140.579	359448.154	418328.713	148325.8915	372649.947	289879.8245	226556.3235	358101.8285	233412.533	340210.27	406465.5125	291446.4175	279898.4385	275126.7095	294078.706	287203.831	294767.0735
Hmpp0004	C14H18N2O5			gamma-Glu-Phe	295.13			[M+H]+	-												1811916.508	1753864.07	1856326.335	3151467.253	2547333.445	4684029.192	2537880.837	14558524.9	4385312.688	2432256.708	1622115.405	11463603.46	1431664.35	4095485.808	4307354.876	2908076.694	1711548.297	2453071.436	5374287.365	1615537.943	1747115.254	4190906.312	5194429.822	4096074.135	10085586.48	5099055.009	2898929.52	2426225.158	2679515.654	2667444.269	1167958.085	1235875.489	2041669.195	1276984.154	2732283.957	958741.9615	2259083.163	1403600.986	1794996.211	1816040.222	1962394.65	2101761.12	1989823.101	1720854.503	2144960.279	3746856.363	3617948.242	3261402.171	3582829.721	3470447.55	3803065.539
Hmpp0004	C18H33NO			Linoleamide	280.26			[M+H]+	-												142226.187	515567.5135	414932.774	224678.662	369015.841	155337.9655	118333.1625	260068.049	427363.866	456589.167	345871.777	369271.213	365606.0355	284246.2225	235942.966	536296.134	316639.4735	638085.354	419587.7935	275758.9405	203505.7655	178773.4155	523901.466	185241.3915	387477.074	912950.27	404291.481	180396.511	292620.622	262876.8575	4290800.86	1330951.782	607350.941	1332257.593	923727.406	574086.18	590850.5985	1135619.328	928260.6005	476445.7845	351447.49	353921.8935	285174.578	197443.359	366203.4065	604920.7035	660921.627	401342.9775	501408.5605	461459.748	581595.7355
Hmpp0004	C17H19N5O3			His-Trp	342.16			[M+H]+	-												725286.7905	967091.0125	1040288.487	1374695.9	1392.983	499483.751	65462.448	81608.9875	510424.092	1145176.129	108528.1955	34652.0475	471109.201	117637.3245	413598.2745	256491.1095	168144.5265	280643.7175	588438.8915	382031.8615	382964.2865	402175.81	527437.621	365146.141	1380615.28	664050.6525	745136.9555	349855.4805	583735.7615	653268.7335	436574.46	444460.603	562852.072	499704.6475	810045.985	533793.4035	477486.8835	620584.27	664433.3455	590534.735	816851.2355	463975.362	901007.156	944357.0255	263027.4105	629417.911	664644.5115	702508.007	632842.475	735596.482	713201.2975
Hmpp0004	C11H21NO5			Carnitine C4-OH	248.15			[M+H]+	-												383513.681	1275442.549	1234862.078	632079.354	973596.856	475218.8775	471525.51	3283614.908	2822980.096	790116.6705	826559.047	5395225.28	1290843.067	552807.9345	3633656.687	802048.3345	2007860.21	414880.0115	1773168.478	435227.4225	443164.266	4405661.563	1766840.172	1135847.416	693084.2305	1960103.144	235941.3895	1611280.678	248281.2315	181668.514	1034196.817	1011840.33	1741922.818	894955.612	5209519.398	742767.749	1426827.604	4221896.938	1489360.418	2256016.924	6074404.78	1223667.922	1128369.571	678586.856	1003693.028	1622516.096	1817094.408	1711187.473	1730331.391	1688393.309	1923266.894
Hmpp0004	C13H25NO5			Carnitine C6-OH	276.18			[M+H]+	-												185209.611	258835.5365	235313.0585	205769.0285	373826.133	163083.1035	204084.795	499272.326	373898.6565	224732.6815	220257.5075	655887.8825	190499.134	220018.674	1483628.378	754978.982	151680.1745	211217.3825	775437.1365	262300.8175	226468.4135	1142976.674	951589.3485	475774.987	343502.972	1030726.519	87592.873	213138.551	104372.11	69982.197	199815.011	203237.7945	285617.1775	229276.052	3429879.921	182834.2975	214039.0705	353059.249	287561.12	260264.9895	299733.2155	180599.8415	571292.392	207239.772	462900.3185	479389.105	427435.783	439482.6785	452310.3305	482165.187	442440.08
Hmpp0004	C10H17NO6			Carnitine C3:1-2OH	248.11			[M+H]+	-												312504.777	1133396.338	1322627.545	655918.165	877049.091	541638.999	380647.492	2947986.417	2442961.412	682134.3475	714295.8025	4455071.22	991420.2325	604077.9045	3766747.451	888563.645	1701847.236	390378.826	1465850.399	347873.115	485659.148	4254342.862	1790091.83	1088123.874	573939.065	1668816.285	266116.53	1658605.777	268771.9605	266433.004	1060603.291	931347.2015	1690323.937	1107277.416	4557474.594	644281.658	1422621.967	4288320.958	1363185.798	1432829.841	5528223.611	1231376.523	974589.6135	699677.923	792138.478	1787982.948	1876896.351	1826881.283	1747813.954	1733655.776	1605413.501
Hmpp0004	C19H35NO5			Carnitine C12:1-OH	358.26			[M+H]+	-												68129.0405	83748.904	69934.8055	73601.2675	161920.512	742188.856	246444.442	812451.055	136274.7895	76177.11	60506.225	278762.9655	63521.478	295666.674	588432.498	283756.214	70248.8945	117035.001	638292.5565	105632.193	105003.1555	6366372.967	192151.4715	68523.435	118476.562	171837.6555	55746.573	81155.5155	69420.2125	52245.4665	90176.623	101677.695	131995.579	96561.878	703298.086	52887.745	126727.072	112275.74	118608.8735	94839.1925	106654.4135	90139.9375	131868.518	98767.701	166752.507	253753.4585	191902.144	215027.273	227359.4835	231612.2515	251713.386
Hmpp0004	C23H43NO5			Carnitine C16:1-OH	414.32			[M+H]+	-												46710.096	39526.494	9176.086	108240.81	271923.297	581757.387	135654.941	26097.9445	49172.0585	114649.5975	271583.9795	10101.4655	83598.2775	271525.848	86347.3365	400858.5195	74490.863	34767.677	15376.0085	98217.4625	82033.7315	N/A	17405.364	56325.8735	188651.101	17354.1265	282738.994	67876.8125	251057.167	292213.586	35891.0395	59844.8165	24259.959	55522.5645	22195.184	28038.687	42775.184	236737.4085	N/A	14899.186	70441.619	44599.3515	13883.395	95603.434	168165.9895	97568.9935	107209.9235	124335.8885	116600.454	125687.378	102315.8235
Hmpp0004	C23H43NO6			Carnitine C16:1-2OH	430.32			[M+H]+	-												4095.3195	30816.361	34657.1015	41385.265	114929.632	30741.8265	122772.895	N/A	7462.8335	176362.7235	96280.687	18867.796	4260.3375	73719.3035	137601.77	58985.397	15897.6895	13662.671	13539.6615	68036.321	76816.4255	5998.496	8168.669	60129.8015	10330.3195	7498.169	149988.076	25592.211	143164.2855	136027.507	9847.669	14604.545	3242.316	21577.1905	8934.6805	5962.6605	14874.165	19002.756	N/A	4373.9765	20986.04	18383.701	4320.8365	13759.516	85185.1015	35811.121	41327.066	39041.8065	50830.707	35142.121	47229.956
Hmpp0004	C16H33NO2			SPH(d16:1)	272.26			[M+H]+	-												397775.781	1469093.853	1324977.695	1613857.9	1301578.866	1053097.107	388956.2525	1172931.964	1377660.447	1598475.74	1062839.481	466312.2725	445736.4015	703786.4955	502737.998	498424.7745	476412.042	1386288.132	480423.376	488164.5035	465966.509	1517463.554	507678.4185	1121604.074	1810202.086	441460.6695	1245777.537	735045.5175	1342887.459	1315080.908	1266611.767	1340497.272	1194116.256	1259018.312	1376415.492	1252340.326	1469452.072	1499101.629	1061230.329	1300857.401	1412754.582	1733364.834	1425354.233	1224824.548	1533917.093	1346186.315	1214669.504	1255630.08	1299992.403	1290714.378	1313252.592
Hmpp0004	C18H35NO2			SPH(d18:2)	298.27			[M+H]+	-												124305.9105	152566.0575	132235.0925	431195.9835	122997.42	N/A	237230.4885	45431.686	157851.3965	332618.3355	272266.082	114026.956	273248.9235	103265.7425	496000.9735	172383.258	71554.2	72096.711	563893.759	154605.8485	240822.499	105707.62	165568.1325	336776.7635	155259.7905	114058.4435	363225.382	86662.985	494812.712	491492.756	265664.3575	221670.6025	235324.0865	320291.319	265498.4345	194204.5025	287360.043	210442.392	179396.413	128213.526	216951.3995	250023.9985	188337.8025	229505.816	260149.6885	251180.4685	201883.358	146142.053	272238.7465	193904.2385	183195.6895
Hmpp0004	C16H34NO5P			S1P(d16:1)	352.22			[M+H]+	-												378107.3015	684809.386	633619.6055	412595.538	224913.078	334272.5255	179677.0855	480293.8605	453313.9065	348356.2925	142717.3975	102916.3725	532362.207	185308.7405	199065.2595	248852.7605	208350.815	85410.4395	128114.7875	127412.836	169350.2645	140577.8705	172534.7065	148218.5955	204465.409	176159.637	427841.132	218446.416	397271.572	334072.3	990993.5495	1116844.958	718536.9765	1231040.216	552489.155	851700.626	991511.029	893725.0385	631148.4425	747502.889	640952.4415	905896.357	515033.109	560469.163	439688.708	389666.828	391906.108	387988.4555	447739.567	346791.702	429019.4615
Hmpp0004	C18H38NO5P			S1P(d18:1)	380.26			[M+H]+	-												1807102.745	1773886.14	1096703.312	1902094.854	704733.096	572564.648	880813.9075	1081987.367	1565656.617	1569692.526	1172742.131	424395.563	2211520.125	514498.721	1276302.885	1002143.195	169652.3765	299800.899	977544.3325	911833.138	995642.87	1512087.593	1471438.654	1458104.043	1725399.301	1973774.247	1790019.7	663361.894	1863248.905	1325773.705	5747262.986	5852186.174	6227253.845	6231546.259	4467150.003	4548950.462	3037520.715	4017903.083	5102751.975	2111306.04	2855750.734	1170481.729	2348092.271	2015572.269	1588607.152	963543.519	2252249.406	1626679.871	1662350.649	1760582.415	887352.755
Hmpp0004	C18H36NO5P			S1P(d18:2)	378.24			[M+H]+	-												1300422.132	1395365.486	1472633.302	1586185.4	830854.869	549430.199	611120.5675	1121374.521	1569069.121	987165.17	773735.7485	329400.8255	1175004.559	402599.3265	913323.555	906921.3655	517773.8835	268209.0735	513875.0045	555542.431	456703.18	877940.585	1093769.21	925493.8125	1062677.468	1267551.488	1337792.458	463551.5415	1298357.163	1155306.124	3023170.116	2511002.562	2956162.133	3118383.972	2667997.036	2095707.819	1873200.804	1963289.386	3195845.471	1996392.435	1391183.794	1350305.055	1283165.027	1325375.684	1243622.638	1048674.494	1457338.939	1270863.268	1272219.493	1133284.885	1328038.22
Hmpp0004	C25H50NO7P			LPC(17:1/0:0)	508.34			[M+H]+	-												2824954.302	1406971.647	1143119.907	2303332.426	1085231.697	1451823.007	1804912.507	2484618.032	2173528.662	987763.141	1445802.262	441493.0865	983630.1915	1369445.914	1439278.528	482726.1815	189951.0545	5114382.121	430363.3995	924204.6295	1249758.354	819491.6635	1098053.926	920160.4925	1235287.65	1316778.845	2805386.821	492853.047	3474187.04	3457978.856	3724164.584	3166088.145	2901956.609	3592217.369	2603168.467	4172231.799	3210212.123	2522180.753	1788655.789	1092198.149	1021270.299	2079404.421	2056465.45	2051904.482	1499422.132	2234686.941	1890078.31	1901511.976	2019089.52	2087694.345	1873488.333
Hmpp0004	C22H48NO6P			LPC(O-14:0)	454.33			[M+H]+	-												94855.0685	94684.736	73770.3815	75185.2725	22047.282	59623.0655	31201.72	125842.882	67614.746	61393.921	38817.075	22097.7475	54590.105	39418.365	43582.502	10198.326	11790.9585	46614.604	30633.0695	37563.5475	15929.8325	28933.792	59160.132	58832.921	67269.6835	82376.747	115871.58	23419.7915	126132.9835	116707.464	254257.4135	330774.799	91724.722	314850.242	275851.0605	166318.147	243121.9685	246101.958	56277.536	82959.01	43769.3905	177757.629	77860.567	149156.8065	39910.841	99020.556	103836.4855	85292.365	86276.907	107583.4145	87799.3735
Hmpp0004	C26H56NO6P			LPC(O-18:0)	510.39			[M+H]+	-												415356.0185	112763.435	98173.315	362814.828	N/A	147100.614	185787.6045	233030.4705	273479.437	129433.2125	117504.189	56036.0485	153170.7395	115183.3145	55199.7865	22974.749	27613.023	261276.364	110273.02	253402.688	79019.1065	63802.922	179827.448	120291.991	249844.9485	125408.253	232788.245	33532.526	311730.5265	368229.6975	242956.2375	386948.114	427007.6345	886519.379	N/A	1230557.817	464239.0175	434236.546	368557.521	159161.3375	113551.924	390096.458	281439.0715	220190.8105	270266.922	234187.7815	233407.7875	144811	365836.034	247313.4385	238553.643
Hmpp0004	C22H46NO6P			LPC(O-14:1)	452.31			[M+H]+	-												26174.22	11557.3355	15878.4845	10404.7765	6946.902	N/A	2227.6995	49030.6235	16349.246	5014.7935	4051.598	N/A	13468.1285	1651.492	12068.8145	N/A	1658.7295	21227.259	11055.837	1613.5925	1628.2595	12782.256	21684.7515	11659.386	10305.409	31250.3105	16057.631	4838	16838.5725	23048.924	91084.2055	42158.412	N/A	89933.159	53628.0385	46282.7765	47230.726	54377.065	N/A	26071.9345	11362.9865	32376.5545	18807.4965	57707.349	12652.159	20239.351	20467.0495	32529.633	13907.3165	36511.4215	21882.63
Hmpp0004	C26H52NO6P			LPC(O-18:2)	506.36			[M+H]+	-												208293.8425	85917.4715	98497.348	193634.564	29986.6845	35122.618	67433.0365	84306.775	118484.8705	93915.0325	73601.5195	32857.9135	62556.0315	41813.2665	72878.5905	24207.502	25560.154	100897.1015	83876.4325	35591.813	55657.6995	47380.207	233524.616	92979.917	138973.691	283377.8055	192283.428	62279.9755	266952.718	224265.9415	218208.6865	250511.738	192978.015	322352.5145	143851.979	244231.3835	133319.5045	118355.2145	134742.2565	128263.5075	61250.823	100838.257	113786.581	134517.9355	85312.2735	100186.428	160868	123433.0675	123596.1565	157255.5185	156670.4885
Hmpp0004	C28H56NO6P			LPC(O-20:2)	534.39			[M+H]+	-												453377.573	304909.6585	238421.6185	380307.735	158052.599	136806.225	186278.42	342643.0335	218763.567	76441.6865	145224.8735	72001.1925	126545.002	149253.4615	155793.8615	72261.318	86497.752	374046.4575	124638.5605	96156.7545	119052.8635	176103.8	198510.602	101863.3505	252875.3325	211546.4965	407453.1805	79241.8735	327884.3665	290149.289	600380.178	806332.5815	617046.9455	824137.737	490196.0995	321318.3815	577752.531	481418.568	428050.8975	314086.1205	289421.997	411020.272	484302.0285	231294.27	192056.3455	339864.9845	294117.2075	211667.019	246834.0555	313567.7075	380236.895
Hmpp0004	C28H54NO6P			LPC(O-20:3)	532.38			[M+H]+	-												59433.382	52387.474	58343.2065	60539.311	38815.867	45231.3445	20852.065	45752.147	71072.0435	41879.1825	47463.536	19925.0955	12464.1325	39315.562	43812.3065	26821.8175	20582.203	196111.792	20243.491	39266.1255	20318.772	49768.1845	45060.413	47491.6825	38449.0865	53025.208	62134.472	26302.503	66251.776	70616.644	113911.398	203442.819	240231.701	352801.5935	149556.8505	225232.944	119950.952	113079.692	72432.272	37345.422	33811.482	37310.624	91723.801	67467.629	45952.6745	70879.571	70936.6055	52601.065	33728.7815	56870.71	62553.5845
Hmpp0004	C21H44NO6P			LPE(P-16:0)	438.3			[M+H]+	-												407211.1	293984.3735	273303.7095	431989.3555	250939.918	192135.899	185769.6375	613454.189	505985.1935	176605.129	285461.459	243072.4525	162154.9805	156471.5555	451091.3465	181808.067	176205.181	365785.571	243734.1475	123616.435	134597.5865	466525.6125	306383.6615	221592.039	270335.038	315030.0595	550291.1375	177711.1275	489822.915	652926.0735	1300648.099	1398236.453	602757.9265	1454990.104	1032358.496	1131904.484	552865.553	530594.0975	433453.298	297177.8555	300289.5585	314399.612	287192.066	525001.9045	225429.628	387477.791	562234.749	372953.148	356889.8915	478568.9415	523187.622
Hmpp0004	C23H46NO6P			LPE(P-18:1)	464.31			[M+H]+	-												41579.6345	15998.8775	32067.74	66708.0215	32069.5755	24917.333	28388.9175	71656.5445	77962.9835	33108.3725	36569.4725	24128.0935	39740.7695	20776.017	38839.788	34373.4325	22378.0435	12029.385	49646.571	35091.626	8477.5115	74889.7795	37128.797	30017.0955	25068.7025	33290.5555	39071.5885	30654.204	46603.48	77188.0325	201524.909	204447.3165	62255.3645	179250.0525	148072.915	84283.6645	51860.115	86926.1265	24950.254	30713.893	33686.2275	35384.9175	55870.1665	55350.5985	32308.8505	41527.107	38561.268	25475.0415	53326.097	32785.4	76618.2635
Hmpp0004	C24H45NO4			Carnitine C17:1	412.34			[M+H]+	-												20289.8525	24168.1685	23557.77	28238.796	16026.1785	30113.4295	23708.0875	47032.0985	28192.919	17023.749	32352.029	24764.5815	13038.9225	8533.6695	47584.5295	21082.0115	9770.488	10482.4485	13533.7095	26016.415	34041.826	18195.191	26292.114	10238.044	14800.578	23461.1385	22146.7585	18786.6525	28826.4015	36810.8895	47262.8945	45394.026	28923.133	58630.5235	74240.105	42802.519	45486.4585	59286.8285	28198.086	40791.66	27495.1325	47475.0515	45387.4765	22229.514	34340.795	35353.998	32985.426	19919.6225	33189.2615	43940.3465	24583.901
Hmpp0004	C27H47NO4			Carnitine C20:3	450.36			[M+H]+	-												44047.0485	38605.408	29152.2705	58311.412	15655.415	8837.659	51011.1595	31533.3775	22305.749	38027.9825	54790.004	36043.754	17729.8105	13792.563	77891.374	29519.913	8134.211	30893.4275	27583.502	37553.088	53292.2705	22953.487	59917.753	16454.9265	49472.6735	60724.5465	102818.7315	8847.3375	100045.625	79605.895	142864.8825	176035.7485	97162.055	180938.991	77879.8535	72338.6345	37915.0125	98170.6515	82388.8015	46620.1025	59526.1805	41073.222	90515.14	115336.3195	54295.328	72190.9865	49220.4715	59906.4295	65177.099	59709.41	47325.135
Hmpp0004	C29H51NO4			Carnitine C22:3	478.39			[M+H]+	-												71461.017	57379.0475	75449.207	73043.61	21899.916	56718.0565	46842.082	92826.2795	57028.9985	46701.4715	51014.464	14690.598	41824.788	26332.5125	38628.9805	25947.273	16947.163	67013.8635	26199.9045	27327.589	38718.968	25147.999	29442.791	21387.3725	34771.842	35693.6115	55612.964	23092.806	81434.8925	95888.9535	140706.0295	127057.6065	92450.783	149912.385	123294.102	67220.7285	75919.674	72121.3655	44264.3725	48472.88	76140.655	95069.7855	81619.6405	74668.6095	53474.097	83888.7935	84369.887	39843.565	56667.486	64803.4365	52033.8795
Hmpp0004	C27H45NO4			Carnitine C20:4	448.34			[M+H]+	-												51895.0115	27987.345	33236.9255	79771.0495	11389.497	9836.5055	31256.8645	52604.69	42665.351	57545.709	73917.2015	42155.2465	28909.62	13288.3675	110173.683	32236.1225	4026.926	38123.015	42416.5465	48810.9065	36514.3305	79589.3615	49616.246	28305.8665	77302.3495	55172.665	120390.02	8786.495	93655.532	130045.2545	224260.62	282148.036	114756.6795	278411.7105	146179.12	83462.9055	64856.8975	198826.986	119438.5695	74249.318	77026.2575	21040.2985	110793.1635	172902.4295	61900.332	63444.327	78867.758	66375.5195	93481.021	79914.2915	76457.9855
Hmpp0004	C29H49NO4			Carnitine C22:4	476.37			[M+H]+	-												4713.705	4942.24	6566.6845	18117.232	N/A	2896.9975	6974.405	1650.254	5788.512	21502.583	11524.1135	5970.304	2486	3553.297	13340.7025	6555.0865	1668.2605	15950.3265	10878.873	4939.905	10250.9195	15483.395	4507.746	3690	8398.818	9494.085	16139.5085	2468	11762.145	9542.8615	34350.127	28130.62	22415.13	34052.5445	17033.433	26744.6675	7437.927	24201.1285	23563.7395	9409.745	13975.0155	10337.1075	23244.284	14816.1315	6621.828	9309.1195	13669.1865	8585.8935	8699.1625	13019.578	11789.067
Hmpp0004	C31H51NO4			Carnitine C24:5	502.39			[M+H]+	-												54760.6415	17925.684	40619.7505	40604.261	19094.235	28205.1225	9838.468	52411.8635	30558.4975	12868.485	42325.4625	40619.8815	8004.5805	14259.909	15392.892	26682.32	23559.4075	47492.523	21980.654	39628.24	27222.5895	15523.515	14267.3065	7991.513	41201.72	27541.005	49312.9775	15051.6295	27267.633	17439.312	62524.8485	47026.423	83769.237	57682.8825	172587.383	91341.143	56320.1505	48526.614	87275.3715	28875.4275	26465.6075	25771.3205	34779.3	51624.6785	19137.311	15798.6735	33342.137	51539.271	37320.1675	24393.5965	49192.1245
Hmpp0004	C20H18ClNO6			Ochratoxin A	404.09			[M+H]+	-												55561.2735	73074.5805	48972.029	43744.7955	49134.865	49130.204	54970.916	44775.4995	65283.248	73871.4405	46649.656	69770.095	47475.0525	37671.4315	38542.033	57516.914	70467.14	63072.515	72453.1425	63945.793	47950.048	69641.9425	66563.2195	65132.2475	31151.6785	61686.547	50547.0945	37050.1455	55764.7875	77722.247	65843.7905	67693.8045	82672.1255	53288.656	81157.51	87984.3325	84492.5755	46613.0765	69534.5975	57560.8415	66486.175	37720.6765	59237.329	41511.0215	58081.014	52758.4865	51164.0235	55328.3685	66821.291	45263.131	78274.264
