Protein.Group	Protein.Names	Genes	First.Protein.Description	E:\CL\202506\25062408_HJ_DIA_tims\25062408_HJ_Con1_GD6_1_50906.d	E:\CL\202506\25062408_HJ_DIA_tims\25062408_HJ_Con2_GD7_1_50908.d	E:\CL\202506\25062408_HJ_DIA_tims\25062408_HJ_Con3_GD8_1_50910.d	E:\CL\202506\25062408_HJ_DIA_tims\25062408_HJ_Con4_GD9_1_50912.d	E:\CL\202506\25062408_HJ_DIA_tims\25062408_HJ_Con5_GD10_1_50914.d	E:\CL\202506\25062408_HJ_DIA_tims\25062408_HJ_Con6_GD11_1_50916.d	E:\CL\202506\25062408_HJ_DIA_tims\25062408_HJ_Con7_GD12_1_50918.d	E:\CL\202506\25062408_HJ_DIA_tims\25062408_HJ_Con8_GE1_1_50920.d	E:\CL\202506\25062408_HJ_DIA_tims\25062408_HJ_Con9_GE2_1_50922.d	E:\CL\202506\25062408_HJ_DIA_tims\25062408_HJ_Con10_GE3_1_50924.d	E:\CL\202506\25062408_HJ_DIA_tims\25062408_HJ_Con11_GE4_1_50926.d	E:\CL\202506\25062408_HJ_DIA_tims\25062408_HJ_Con12_GE5_1_50928.d	E:\CL\202506\25062408_HJ_DIA_tims\25062408_HJ_Con13_GE6_1_50930.d	E:\CL\202506\25062408_HJ_DIA_tims\25062408_HJ_Con14_GE7_1_50932.d	E:\CL\202506\25062408_HJ_DIA_tims\25062408_HJ_Con15_GE8_1_50934.d	E:\CL\202506\25062408_HJ_DIA_tims\25062408_HJ_CPKP1_GF12_1_50970.d	E:\CL\202506\25062408_HJ_DIA_tims\25062408_HJ_CPKP2_GG1_1_50972.d	E:\CL\202506\25062408_HJ_DIA_tims\25062408_HJ_CPKP3_GG2_1_50974.d	E:\CL\202506\25062408_HJ_DIA_tims\25062408_HJ_CPKP4_GG3_1_50976.d	E:\CL\202506\25062408_HJ_DIA_tims\25062408_HJ_CPKP5_GG4_1_50978.d	E:\CL\202506\25062408_HJ_DIA_tims\25062408_HJ_CPKP6_GG5_1_50980.d	E:\CL\202506\25062408_HJ_DIA_tims\25062408_HJ_CPKP7_GG6_1_50982.d	E:\CL\202506\25062408_HJ_DIA_tims\25062408_HJ_CPKP8_GG7_1_50984.d	E:\CL\202506\25062408_HJ_DIA_tims\25062408_HJ_CPKP9_GG8_1_50986.d	E:\CL\202506\25062408_HJ_DIA_tims\25062408_HJ_CPKP10_GG9_1_50988.d	E:\CL\202506\25062408_HJ_DIA_tims\25062408_HJ_CPKP11_GG10_1_50990.d	E:\CL\202506\25062408_HJ_DIA_tims\25062408_HJ_CPKP12_GG11_1_50992.d	E:\CL\202506\25062408_HJ_DIA_tims\25062408_HJ_CPKP13_GG12_1_50994.d	E:\CL\202506\25062408_HJ_DIA_tims\25062408_HJ_CPKP14_GH1_1_50996.d	E:\CL\202506\25062408_HJ_DIA_tims\25062408_HJ_CPKP15_GH2_1_50998.d	E:\CL\202506\25062408_HJ_DIA_tims\25062408_HJ_KP1_GE9_1_50938.d	E:\CL\202506\25062408_HJ_DIA_tims\25062408_HJ_KP2_GE10_1_50940.d	E:\CL\202506\25062408_HJ_DIA_tims\25062408_HJ_KP3_GE11_1_50942.d	E:\CL\202506\25062408_HJ_DIA_tims\25062408_HJ_KP4_GE12_1_50944.d	E:\CL\202506\25062408_HJ_DIA_tims\25062408_HJ_KP5_GF1_1_50946.d	E:\CL\202506\25062408_HJ_DIA_tims\25062408_HJ_KP6_GF2_1_50948.d	E:\CL\202506\25062408_HJ_DIA_tims\25062408_HJ_KP7_GF3_1_50950.d	E:\CL\202506\25062408_HJ_DIA_tims\25062408_HJ_KP8_GF4_1_50952.d	E:\CL\202506\25062408_HJ_DIA_tims\25062408_HJ_KP9_GF5_1_50954.d	E:\CL\202506\25062408_HJ_DIA_tims\25062408_HJ_KP10_GF6_1_50956.d	E:\CL\202506\25062408_HJ_DIA_tims\25062408_HJ_KP11_GF7_1_50958.d	E:\CL\202506\25062408_HJ_DIA_tims\25062408_HJ_KP12_GF8_1_50960.d	E:\CL\202506\25062408_HJ_DIA_tims\25062408_HJ_KP13_GF9_1_50962.d	E:\CL\202506\25062408_HJ_DIA_tims\25062408_HJ_KP14_GF10_1_50964.d	E:\CL\202506\25062408_HJ_DIA_tims\25062408_HJ_KP15_GF11_1_50966.d	E:\CL\202506\25062408_HJ_DIA_tims\25062408_HJ_mix1_GH3_1_50936.d	E:\CL\202506\25062408_HJ_DIA_tims\25062408_HJ_mix2_GH3_1_50968.d	E:\CL\202506\25062408_HJ_DIA_tims\25062408_HJ_mix3_GH3_1_51000.d
A0A075B6H7	KV37_HUMAN	IGKV3-7	Probable non-functional immunoglobulin kappa variable 3-7	1.71041e+06	1.48815e+06	3.58007e+06	1.87298e+06	3.66622e+06	3.02131e+06	2.95102e+06	9.47032e+06	3.32869e+06	2.32954e+06	1.78811e+06	2.93202e+06	3.11291e+06	1.94334e+06	4.55781e+06	3.14234e+06	4.7011e+06	4.66888e+06	2.41842e+06	3.74999e+06	3.9286e+06	7.17879e+06	1.02836e+07	7.33309e+06	4.72897e+06	9.35249e+06	4.83812e+06	4.2737e+06	4.59975e+06	3.98414e+06	1.9284e+06	2.27452e+06	3.08402e+06	3.75106e+06	3.05215e+06	1.46634e+06	2.74802e+06	3.9394e+06	1.9585e+06	4.5041e+06	2.66376e+06	2.68287e+06	5.59296e+06	3.52331e+06	5.09419e+06	3.48551e+06	4.60396e+06	4.55984e+06
A0A075B6I0	LV861_HUMAN	IGLV8-61	Immunoglobulin lambda variable 8-61	1.32078e+06	1.4864e+06	1.28129e+06	1.68236e+06		4366.6	1.28687e+06	1.80355e+06	1.32361e+06	1.22481e+06	205543	1.23649e+06	147224	176585	591057	91369.2	590185	797498	1.77925e+06	828278	704125	2.11221e+06	1.48945e+06		747315	1.12868e+06	2.57646e+06	508128	1.93502e+06	1.71935e+06	142890			991520	122690		85114.1	1.48549e+06	43892.8	443715	593003	877369	469767	1.19969e+06	1.61431e+06	903502	1.24657e+06	1.11438e+06
A0A075B6I7	LV548_HUMAN	IGLV5-48	Probable non-functional immunoglobulin lambda variable 5-48								8143.75			8880.88			6597.09			29346		5277.33			12576.9	35881.6	3893.6	5388.89	50806.7	20194.8	21727.9	25890.7	14262.4	19677.5		6495.75		3004.98					8783.71	12516.9	3599.39		3706.74	5986.76	17497.7	16651.4	16072.9
A0A075B6I9	LV746_HUMAN	IGLV7-46	Immunoglobulin lambda variable 7-46	646053	758831	537217	765924	1.14862e+06	1.22488e+06	365010	1.57665e+06	525454	801772	351580	603065		431807	1.40949e+06	136610	644295	1.06492e+06	877052	542072	493754	1.17209e+06	972282	1.73557e+06	964732	1.26515e+06	3.23793e+06	731125	3.00173e+06	3.877e+06	671636	1.50844e+06	974556	320287	226074		93505.2	1.28735e+06	193557	1.42532e+06	536821	820172	829830	749188	1.54038e+06	1.4811e+06	1.25429e+06	1.28694e+06
A0A075B6J1	LV537_HUMAN	IGLV5-37	Immunoglobulin lambda variable 5-37	3631.31	3471.55	4010.45	4284.51	2762.7				5062.21	6090.83					21398		5458.82	4803.77	2614.11	3196		16377.7	6425.01			4601.3	44872.3	4491.98	50161.9	51907.9		10708.3	6160.23					6088.45	71082.5		1519.19		5287.85	2283.45	4097.62	9880.62	11018	11091.7
A0A075B6J6	LV322_HUMAN	IGLV3-22	Immunoglobulin lambda variable 3-22								13780.4							41826.1																									74330.1	72782.5	14852						
A0A075B6J9	LV218_HUMAN	IGLV2-18	Immunoglobulin lambda variable 2-18	232280	273766	187644	242010	380665	316503	137363	359173	210027	218815	141443	143822	353199	366043	360496	177308	221168	447537	572981	118315	119146	533372	235597	253235	196379	196854	325995	228063	337521	468722	298663	333229	264692	122208	140622	123830	88349.8	293446	146465	719416	385819	60183.3	636957	126998	290203	337112	329597	350232
A0A075B6K0	LV316_HUMAN	IGLV3-16	Immunoglobulin lambda variable 3-16																											21627.8		21665.9	10081.4																		2143.44
A0A075B6K2	LV312_HUMAN	IGLV3-12	Immunoglobulin lambda variable 3-12	13183.5	14218.3	13676.8	9368.79	5675.97		4537.07		9551.46		19575.3	4532.7	24910.4		8842.9	13870	3431.95		14327.7	5826.41		50232.3	4280.56		3511.78		73494.4		60759.9	73413.4	55695.7	8494.83	6144.66	13017.5	5371.91	14781.4		11832	22325.7	9616		17411.6	13155.1	8948.94	21159.5	14034.3	18797.9	13485.8
A0A075B6K4	LV310_HUMAN	IGLV3-10	Immunoglobulin lambda variable 3-10	34895.6	35306.9	82675.3	63477.6	319264	109824	70942.5	201681	134748	161673	282076	101301	290777	202710	145831	276184	186300	85963.9	155751	183079	211706	174315	339819	535794	70585	412151	410826	313328	354867	374292	421248	293592	148069	183557	76933.9	55801.4	217498	158834	139133	395956	112099	183275	194637	158547	330188	224478	172745	195760
A0A075B6K5	LV39_HUMAN	IGLV3-9	Immunoglobulin lambda variable 3-9		2863.38	37844.2		39159.9	48371.4	35024.6	48367	46127.1	33203.4	35003.2	38140	69456.5	100082	26908.1	56091.2	40679.9	7232.64	181928	38212.3	41540	17710.3	72429.2	69857.5	19318.7	36499	48876.3	43205.6	66263.6	70395.9	36253.1	84100.4	69300.8	47975.5	12580.5	60553.3	47380.4	66162	28702.4	89236.4	23529	57004.5	71794.7	37380.6	67906.8	69853.9	86887.1	74869.3
A0A075B6P5;P01615	KV228_HUMAN;KVD28_HUMAN	IGKV2-28;IGKV2D-28	Immunoglobulin kappa variable 2-28			49779	31116.6	201533	69108.8	38232	99639.9	58498.8			47432	57085.8	61367.1				61302.5		37134.6	38285.7	211514	36369.8	48603.6	59167.1	47056.2	61820.7	45792.1	68795.3	79235.8		103463	119190	68931.1	60833.4	90452.2		101835	59663.4	105399	31132.2	44523.5	89544.3	57071.5	57993.7	40532.6	65546.2	
A0A075B6Q5	HV364_HUMAN	IGHV3-64	Immunoglobulin heavy variable 3-64	1537.25	3598.77	5644.46	4234.4	5532.72	5914.15	5931.89		7173.88	7277.43	11166.5		6890.25	6912.42	10868.1	20086.9	17873.1	28166.6	4404.34	27653.2	38589.5	11129.9	10011.3	41509.2	4010.57	9496.53	34775.7	17503.1	12065.9	18147.8		4344.26	2841.23		2496.68	50208.1	6410.62	11928.3		36571.5	5416.35	35867.3	15259.7	9354.95	23323.8	11939.4	7856.12	7713.29
A0A075B6R2	HV404_HUMAN	IGHV4-4	Immunoglobulin heavy variable 4-4					60083.5																																											
A0A075B6S2	KVD29_HUMAN	IGKV2D-29	Immunoglobulin kappa variable 2D-29	1.63133e+06	1.67144e+06	1.74995e+06	1.56808e+06	2.856e+06	1.95845e+06	1.36421e+06	4.22365e+06	1.77246e+06	1.67701e+06	1.51429e+06	1.92291e+06	3.14882e+06	1.53512e+06	1.99886e+06	2.14387e+06	2.0046e+06	2.44352e+06	1.89134e+06	1.4844e+06	1.35105e+06	4.50169e+06	5.23368e+06	2.30969e+06	2.08837e+06	4.92153e+06	2.45529e+06	2.30566e+06	1.949e+06	2.53408e+06	2.39165e+06	2.96249e+06	2.03978e+06	1.78392e+06	1.64673e+06	1.94283e+06	1.6483e+06	2.88551e+06	1.78782e+06	4.14354e+06	1.64366e+06	2.00208e+06	3.78631e+06	1.4594e+06	2.63602e+06	3.03269e+06	2.80422e+06	2.95766e+06
A0A075B6S5	KV127_HUMAN	IGKV1-27	Immunoglobulin kappa variable 1-27	475816	427113	954346	442565	944921	1.14892e+06	983606	966142	1.19187e+06	1.09569e+06	1.33141e+06	1.13497e+06	2.22684e+06	1.28856e+06	2.28764e+06	1.22013e+06	911416	1.13194e+06	762425	1.3284e+06	1.16153e+06	1.95421e+06	502100	1.13199e+06	442883	477609	803153	880592	855067	897495	948378	1.15676e+06	958887	886134	626043	1.18256e+06	1.21316e+06	1.24669e+06	1.46228e+06	2.27282e+06	532724	853222	1.28403e+06	571563	1.182e+06	1.23007e+06	1.19854e+06	1.22665e+06
A0A075B6S6	KVD30_HUMAN	IGKV2D-30	Immunoglobulin kappa variable 2D-30	4249.38	6947.19	3790.48	2920.2	2790.56								12533.4			6023.18									106961	4391.81	8390.04		7201.36									3969.01		34983.5		5333.3			11861.1	11891	9887.36	9686.8
A0A075B6S9;P0DSN7	KV137_HUMAN;KVD37_HUMAN	IGKV1-37;IGKV1D-37	Probable non-functional immunoglobulinn kappa variable 1-37	18098.9	17662.1	59372.2	14155.7	12806.6	478657	167953	26293.6	49716.5	14000.1	15199.3	159823	41557.9	16320.1	57388.6	28313.8	22525.3	41427.2	21623.1	11267.6	12288.6	31775.1	27319.9	121277	31976.3	28147.6	43535	20415.1	26590.7	26551.5	14478.8	27808.9	24114.5	33570.3	84023.1	23495.4	13159.6	37352.9	26852.6	27311.8	35194.4	24280.6	42185.9	19613.2	45021.3	51875.9	35210.9	46527.9
A0A087WSX0	LV545_HUMAN	IGLV5-45	Immunoglobulin lambda variable 5-45	66877.9	58041.4	48813.4	51240.9	69684.5	73535.5	50344.1	60603	53056.8	50494.8	60624.6	43218	189668	67506.1	53553.9	18930.3	71685.5	49342.7	41435.1	81627.3	78696.6	92228.9	110014	66646.1	36215.1	114602	168507	63164	173546	200689	81814.8	70586.3	71259	44663.4	29253.3	38844.1	39037.5	81475	82687.4	74211.4	46815.2	140573	58662.2	57764.2	82986.9	100638	102331	100624
A0A087WSY4	HV432_HUMAN	IGHV4-30-2	Immunoglobulin heavy variable 4-30-2			4861.42			4937.62					6613.82			2957.23								10396.5	5360.79		4051.07	6517.93	14021.3		14307.7	22605	6677.26				2187.85				5475.71	9159.36	4809.82		7234.45			8448.13	5612.09	7209.58
A0A087WSY6	KVD15_HUMAN	IGKV3D-15	Immunoglobulin kappa variable 3D-15	109289	115055	241446	113656	360993	260693	156971	301376	239410	239054	216424	185392	762680	210839	686389	163821	315440	185458	175513	164904	163336	613629	197676	1.14667e+06	352854	161563	416102	298518	458523	521984	236413	228668	234405	302706	172699	269151	387263	350172	1.44552e+06	486392	270665	202220	360231	431824	491290	421874	379502	395055
A0A087WSZ0	KVD08_HUMAN	IGKV1D-8	Immunoglobulin kappa variable 1D-8						13365.4	2885.66								18636.3	4816.23						3662.2						6987.47	4643.75	2328.96				7506.6						12026.1					3113.37			
A0A087WW87;P01614	KV240_HUMAN;KVD40_HUMAN	IGKV2-40;IGKV2D-40	Immunoglobulin kappa variable 2-40	9959.4	11413.3	5207.6	7562.03	20979.3	44352.8		32685.7	19526.2	25544.1	9067.61	17501.9	69190.6		18168.6	162228	18170.6		29024.7	18322	11699.7	33411.4	23768.9	11686.2	27099.3	26921.2	4599.33	14790.6	7018.71	6604.86	10079.5	11676.2	8656.92	118851	20161.2	96026.9	36376.8	16706.1	22543.7	27476.7	5948.54	4138.02	138835	44600.5	34887.2	49598	58842.8	65901.7
A0A0A0MRZ8;P04433	KV311_HUMAN;KVD11_HUMAN	IGKV3-11;IGKV3D-11	Immunoglobulin kappa variable 3D-11	2.03883e+06	1.99974e+06	4.40299e+06	2.05908e+06	4.69418e+06	2.62734e+06	2.58899e+06	1.60445e+06	3.916e+06	2.12909e+06	1.14548e+06	1.94269e+06	3.02817e+06	1.98778e+06	2.71484e+06	3.58056e+06	4.10469e+06	2.7073e+06	2.6573e+06	2.83102e+06	2.8732e+06	5.47073e+06	2.32438e+06	5.27675e+06	3.75494e+06	2.0662e+06	4.63246e+06	3.66982e+06	3.90512e+06	3.5406e+06	3.8292e+06	1.07495e+06	1.81096e+06	3.67078e+06	2.64754e+06	870920	956586	4.76865e+06	1.81684e+06	3.74292e+06	2.90183e+06	2.42663e+06	3.93468e+06	1.77742e+06	4.87653e+06	2.29729e+06	3.30252e+06	2.41316e+06
A0A0A0MRZ9	LV552_HUMAN	IGLV5-52	Immunoglobulin lambda variable 5-52	10892.6	8810.3	3683.96	10359.8	15407	16150.7	10133.5	24010.5	9117.01	6748.26	15646.2	7484.28		17128.2	14936.7	11070	11604.2	6320.01	21885.3	3502.92	3825.82	32470.1	16472.3		4965.45	14473.8	19775.9	5819.92	20865.1	24922.8	11256.6	46648.6	50491	9718.47	8622.41	10728.5	17306.4	14469.8	11499.3	19894.3	23188.7	126910		8825.01	10399.2	16383.4	14283.7	14737.9
A0A0A0MS00	LV332_HUMAN	IGLV3-32	Probable non-functional immunoglobulin lambda variable 3-32	14986.5	13940.3		14306.1				1026.59																																								
A0A0A0MS14	HV145_HUMAN	IGHV1-45	Immunoglobulin heavy variable 1-45	4748.05	4536.73	6280.12	3954.77	5383.15	3977.9	3662.08	21361.5	3201.44						11153.3	3531.77	6657.96	5098.17	7030.37		6173.97	3972.05	6657.73	7370.3	3963.43	7039.15	9382.58	6594.96	8179.8	12640.1	6250.27		5507.16	5377.4	3941.34				9164.97		1995.91	10684		6042.66	13041.7	5293.25		5359.83
A0A0A0MS15	HV349_HUMAN	IGHV3-49	Immunoglobulin heavy variable 3-49	137127	135022	350569	153674	257155	448901	126505	142558	300318	263796	229340	150597	609126	477392	362545	166663	230599	266670	124396	219476	225242	501999	167850	862719	215868	185277	279578	243778	257403	254420	214773	208100	194664	252693	119069	215239	182715	278432	330781	599612	179712	200592	434449	151373	391975	295561	286969	288070
A0A0A0MT36	KVD21_HUMAN	IGKV6D-21	Immunoglobulin kappa variable 6D-21	29658.8	22815.3	11928.5	23544.3	107591	29765.8	45254.5	122747	12601.8	27323.2	58444.2	38415.1	108398	66653.3	45114.3	88254.6	61541.1	51612.3	31087.1	75695.2	83768.6	157067	66489.2	56975.7	111777	65898.4	127736	55236.4	164281	109453	139778	203627	268326	129414	85692.2	57252.3	104247	112291	271441	297333	90986.2	158347	164858	32785.4	77498	119165	87522.7	99361.7
A0A0B4J1U3	LV136_HUMAN	IGLV1-36	Immunoglobulin lambda variable 1-36	43228.1	43301.6	91273.8	42887.8	190276	109244	259949	472858	135880	78725.7	171935	305723	21578.5	104883	238629	55851.6	139687	68317.3	169194	41316.5	38482.1	190556	75153.1	110160	93041	69360.6	179101	110786	221970	242972	74937.1	163906	147265	190811	94547.5	57776.7	183625	145445	90113	186408	95508.8	47539.3	115646	104491	132544	143224	133987	136251
A0A0B4J1U7	HV601_HUMAN	IGHV6-1	Immunoglobulin heavy variable 6-1	150667	162839	318190	145574	271399	391333	245694	444232	410120	137435	109501	360292	192030	225374	233671	182343	175100	493781	177369	208395	203617	267133	464103	384842	220619	675319	539403	244656	400881	427238	251216	197650	239149	168420	120527	113553	89478.6	207733	244400	694278	219896	335323	364936	211636	405396	264771	248363	227109
A0A0B4J1V0	HV315_HUMAN	IGHV3-15	Immunoglobulin heavy variable 3-15	135276	155161	282702	142473	203311	277025	114770	206944	282193	246779	56318	108801	157948	108641	116029	75403.1	539735	274612	149213	83267.3	74660.3	527702	184501	898798	160374	178509	245888	510973	237305	243353	170026	218103	130024	116765	63440.9	59902.7	81337.8	166554	78410.5	214862	146477	128350	96328.9	135380	275242	201887	297258	294883
A0A0B4J1V1	HV321_HUMAN	IGHV3-21	Immunoglobulin heavy variable 3-21	2461.14		3277.18		3590.25		2636.94		3850.99	40442.6		4208.47	10075.9		14867.5				3327.29			7138.97		4778.85						2550.56	5244.24		5192.49		2492.01	5605.98	3700.99	3973.82	6056.67	14144.3			5305.18			5182.83	3548.59	6594.69
A0A0B4J1V2	HV226_HUMAN	IGHV2-26	Immunoglobulin heavy variable 2-26	11093.9	34575.7		22159.6	35321.1	10270.8	13329.8	113341	3664.8	64259.2	49035.2	16743.1	93201.4	100807	75822.1	37652.6	18729.4	26852.8	31296.3		6632.91	100439	63040.6	37755.8	8244.24	61068.9		8741.8			14468	29407.4	14359.9	34726.7	12947.5	76077.7	55579.9	32551.7	52308.7	143674	42094.5	27893.4	28316.1	20969.6	33398.7	40633.3	39647	53098.2
A0A0B4J1V6	HV373_HUMAN	IGHV3-73	Immunoglobulin heavy variable 3-73	14213.3	18078.7	47557.5	27036.6	78571.1	116138	35512.4	62032.1	58561	42541.3	29810.5	34379.8	74152.2	113855	71915	42813.5	41933.3	87911.6	46745.4	22043.3	18549.9	105004	22846.2	66862.4	154177	14252	40336.2	39714.2	34523.6	37189.8	60142.7	60593.3	41744	44036	36354.3	59356.5	50184.8	53924.1	39847.8	148595	38451.1	65853	84030.6	19966.8	66791.9	60461.2	48890.5	53955.4
A0A0B4J1X5	HV374_HUMAN	IGHV3-74	Immunoglobulin heavy variable 3-74	22134.1	26757.8	88642	28299.5	25387.5	85050.4	24324.2	72873.1	73358.2	44309.8		17505.7		87414.2	35584.6	18285	62698.5	39882.1	17440.4	24520.2	30125.6	76833.1	82737.5	66117.6	11552.5	72584.1	28761.3	62835.2	19479.9		32819.9	42245.9	24411.1	26884.5	77247.5			23799.4		74323.3	23973.8	111651	58415.5	22399.4	58908.5	21097.5	30663.3	26511.5
A0A0B4J1X8	HV343_HUMAN	IGHV3-43	Immunoglobulin heavy variable 3-43	32613.9	31032.2	40365.1	32507.3		27321.6			49979.9		19095.6							61532.3		15651.9										54066.9			43042.3				29269.7			96346.9	38246.9	91561.8						
A0A0B4J1Y8	LV949_HUMAN	IGLV9-49	Immunoglobulin lambda variable 9-49	307706	471074	183220	401086	242359	401187	405838	302210	210333		382183	377997	193103	381021	310617	306182	315486	471100	194711	81836.2	88413	1.01236e+06	607255	558871	442220	533881	414233	296126	443909	379250	123679	676970	600437	327862	158458	136681	237519	389485	288672	491309	307811	524206	272100	186474	539664	344264	390524	384448
A0A0B4J1Y9	HV372_HUMAN	IGHV3-72	Immunoglobulin heavy variable 3-72	490887	562732	1.45218e+06	676524	815959	1.00145e+06	380264	609698	1.58336e+06	1.05912e+06	387279	371814	817257	681173	769715	757104	618098	644768	576019	504244	454138	857649	549552	1.12918e+06	777686	527022	620206	763847	426197	354091	1.02564e+06	619230	585036	547748	455572	509838	327621	841367	400511	986910	431692	962307	1.68068e+06	577287	1.23624e+06	476719	476914	466831
A0A0B4J2D9;P0DP09	KV113_HUMAN;KVD13_HUMAN	IGKV1-13;IGKV1D-13	Immunoglobulin kappa variable 1D-13	17615.2	15393.7	31185.7	15090.1	16812.9		15491.5	158250		123194	107597	19613.8	289549	767054	66325.1	19255.2	64400	140123	106813	39578.4	36717.5	286917	50074.3	40904.4	115051	40800.2	50582.2	63425.5	20104.3	33479.7	20677.5	27972.4	26623.4	535408	204818	86873.7	20399.5	143574	56835.2	72701.3	21300.6	39399.4	87361.5	44070.5	79990.4	82360.5	82318.7	84318.9
A0A0B4J2H0	HV69D_HUMAN	IGHV1-69D	Immunoglobulin heavy variable 1-69D	13712.7	10278.7	27899	8438.84	8405.7			82618	22679.3	46251.5			69673.9		250210	25828.7	33628.2	37795.9	258504	13122.5	14691.7	55950.2	58358.1		23410	57472.5	29246.4	24791.2	30892.9	34469	10388.5			64232.5	24015.6	20314.7	80539.7	37550.9	38596.5	15919		38404.3	98938	32549.4	62859	70817.1	65867.1	70568.6
A0A0C4DH24	KV621_HUMAN	IGKV6-21	Immunoglobulin kappa variable 6-21	8436.66	8046.4	60191.4	5222.9	31880.4	24171.5	14161.2	38122.3	66246.3	16050.9	20836.8	9059.94	41597.2	19655.8	19243.8	14867.1	24337.9	17049.7	9003.67	15699.1	15081.3	24176	12823	13774.3	21980.9	15267	24679.7	26622.2	28725.2	21421.8	27494	26766.3	16147.1	16441	19601.3	30986.8	14853.5	23473.7	33995.9	25597.9	20868.6	145518	45005.4	10814.6	20089.4	20641.9	18942.8	23454.7
A0A0C4DH25	KVD20_HUMAN	IGKV3D-20	Immunoglobulin kappa variable 3D-20	583487	562542	670762	650335	970108	571738	884667	478749	580475	498848	345169	815129	969081	365565	768780	5.71543e+06	976773	830375	521276	556380	503432	1.66846e+06	731713	2.42216e+06	1.11242e+06	663423	1.73089e+06	866384	1.45039e+06	1.22221e+06	348888	490300	517268	1.13967e+06	617408	123148	190272	1.12547e+06	1.0592e+06	840691	311251	639410	1.25764e+06	749281	1.47433e+06	1.30044e+06	2.18118e+06	1.63839e+06
A0A0C4DH29	HV103_HUMAN	IGHV1-3	Immunoglobulin heavy variable 1-3		1745.34	106214		183619			238056	132400	123186	54618.3		163983	116139	293834	37644.9	117548	405300	79306.7	45238.1	42235.6	154096	117143		112513	125898	45462.6	86890.8	56447.2	57610.2	99188.2	155136	140852	36240.8	69399.8	82211.5	224321	106837	123050	317134	91109.4	53801.2	299123	98275.2	120812	107536	113501	114564
A0A0C4DH31	HV118_HUMAN	IGHV1-18	Immunoglobulin heavy variable 1-18	48303.6	48426.3	116118	48192.4	109545	174790	57276.9	206712	134726	193887	99314.4	66163.4	309873	224780	491964	45063.7	90180	83195	117030	60136.3	58558	252294	193518	158833	111957	181875	364220	94302.5	570764	479737	181992	168427	151387	176272	91555.7	187900	1.14876e+06	168315	187366	207978	98270.6	147685	225179	619785	179228	250724	248981	261967
A0A0C4DH33	HV124_HUMAN	IGHV1-24	Immunoglobulin heavy variable 1-24	216472	221986	752440	229632	457835	454020	662483	2.12404e+06	654939	432457	198391	591678	524823	442168	1.5061e+06	223255	332386	224067	400666	186956	192023	899699	475792	275106	222184	468680	865756	378166	790965	860281	361583	368343	429036	434310	280149	101447	1.18532e+06	130195	508481	1.36723e+06	390418	370751	324312	495302	571589	411759	406362	404103
A0A0C4DH34	HV428_HUMAN	IGHV4-28	Immunoglobulin heavy variable 4-28								7299.12		9171.74	4902.16		17854												3371.29									11671.9						6062.51			9098.2			10339.8	8635.94	
A0A0C4DH35	HV335_HUMAN	IGHV3-35	Probable non-functional immunoglobulin heavy variable 3-35	12662	12544	32930.6	10773.9	23052	24747	16450.8	15134.7	28324.2	27264.6		8149.12			23796	14343.6	26322.4	20148.1	26496.7	17990.1	8436.91	36625.8	58250.4	25677.2	19373.9	50313.1	37028.3	22984.5	35462.2	29908.8	35400.9	17745.7	20086.5	27509.2	29010.3		21270.6	29830.1	19270.9	47254.7	25298.3	20292.4	20724.7	9538.41	38527.4	15592.5	24883.7	21002.1
A0A0C4DH36	HV338_HUMAN	IGHV3-38	Probable non-functional immunoglobulin heavy variable 3-38	111670	119476	146300	103360	114409	107501	45027.6	138753	100312	129095	44573.4	47197.6	215927	85314.1	110145	121296	116081	115649	105166	104720	97899.4	176192	101146	195370	84520.7	114013	219469	122601	159741	201402	130034	118796	106030	109924	99517.9	88813.7	17391.2	159049	51946.8	198182	103754	56723.5	115317	64413.8	164233	122506	117031	105534
A0A0C4DH38	HV551_HUMAN	IGHV5-51	Immunoglobulin heavy variable 5-51	474160	564798	709506	579788	552531	494209	437805	791155	643235	975988	663851	432429	1.84449e+06	922874	3.00919e+06	535710	627391	815796	849810	447260	478177	1.1424e+06	1.28482e+06	1.30943e+06	566182	1.3582e+06	1.65078e+06	662004	1.3732e+06	1.39066e+06	1.07338e+06	817160	696151	362009	446136	1.10754e+06	1.38543e+06	682048	1.14266e+06	1.52681e+06	936384	750808	1.077e+06	801153	1.23444e+06	928041	929606	901667
A0A0C4DH43	HV70D_HUMAN	IGHV2-70D	Immunoglobulin heavy variable 2-70D	9203.93			6367.04	17465.2		46969.1				32660.4	46804.7		79864.3	12521.2								9890.72		14572.5						76875	18825.3	18219.7		12932.3		15170.2	16384.5	186440	112842		18291.6		9630.48	13808	10296.5	15609.1	
A0A0C4DH55	KVD07_HUMAN	IGKV3D-7	Immunoglobulin kappa variable 3D-7	3077.93	3416.35	3959.75	3105.59	9326.95			9364.16						8930.94			18127.2			4749.04					4354.47			17521.2		11385.7				4853.32		9993.13		14486.8		33108.5		2726.41			10067.6			9159.05
A0A0C4DH67	KV108_HUMAN	IGKV1-8	Immunoglobulin kappa variable 1-8	127269	95376.7	301025	114854	524174	448295	217997	526826	496666	658182	1.36692e+06	329518	1.59183e+06	958193	1.43113e+06	183803	421414	85176.1	109765	1.61863e+06	1.4358e+06	459588	64152	477593	165204	87950.5	124879	175428	408555	319430	502888	649309	455755	468509	238028	602333	428896	394059	428941	823325	30017.7	417361	388758	57493.8	207889	831710	762283	774161
A0A0C4DH68	KV224_HUMAN	IGKV2-24	Immunoglobulin kappa variable 2-24	110879	113406	458818	114815	461582	543966	396124	239165	482163	642501	171878	292648	565377	356355	547538	211954	534565	683199	334459	598502	572379	358683	331467	641671	353169	323374	317591	502653	320921	333937	257222	135781	143788	239571	353185	241102	89094.7	318565	878946	445763	139085	167350	538016	253928	926585	315607	445329	408332
A0A0C4DH72	KV106_HUMAN	IGKV1-6	Immunoglobulin kappa variable 1-6	521913	488745	1.08698e+06	518640	2.00222e+06	1.39122e+06	917205	907875	1.27944e+06	766817	745255	1.02767e+06	942714	1.05745e+06	2.76852e+06	674207	1.68362e+06	1.21456e+06	933068	891034	885396	1.80264e+06	676571	2.41304e+06	993014	757519	895524	1.43893e+06	854844	889069	549035	824003	804781	992348	934048	352478	666976	1.42967e+06	1.04774e+06	1.0469e+06	731615	727525	1.19761e+06	796726	1.66128e+06	1.05119e+06	1.08618e+06	1.14221e+06
A0A0C4DH73;P01611	KV112_HUMAN;KVD12_HUMAN	IGKV1-12;IGKV1D-12	Immunoglobulin kappa variable 1-12	32641.7		157728	14552.5	194080	184798	168477	162848	245476	244391	152635	221105	477343	429307	677431	22551.4	113234	499766	64808.6		45043	217984	100144	109364	73502.2	104677	139155	102279	287632	165347	136130	167158	157849	95949.4	140389	228211	136980	246523	169061	433791	27851.2	62840.7	224124	33984.6	150861	239706	259359	244248
A0A0G2JMI3	HV692_HUMAN	IGHV1-69-2	Immunoglobulin heavy variable 1-69-2		6462.07		20685.7	908390		12478	16972.4	6636.97						1.97041e+06															8190.89										23826.2		6340.91			20618.8			
A0A0G2JS06	LV539_HUMAN	IGLV5-39	Immunoglobulin lambda variable 5-39		2636.73															13140.7	8564.5				5897.77					7355.78	7896.27	8389.85	12177.7								5971.87	470855	18334.9						7506.82	7291.4	4837.31
A0A0J9YVY3	HV741_HUMAN	IGHV7-4-1	Immunoglobulin heavy variable 7-4-1			19680.9		10730.4		6588.9	46142.5	18975			8445.77	25305.2		55324	5920.63	13310.3	15277.8	12268.9	9091.6	9128.69	46126.8	5684.55		36724.7	6185.49	19519.3	16406.7	16549.2	22959.5	16906.8	19330.1	18102.6	6578.21	5166.51	9081.72	19928.8	10583.8	71835.1	128498	8013.54	9424.46	41573.3	10458.6	18806.8	14867.5	19767.7	20150
A0A0J9YX35	HV64D_HUMAN	IGHV3-64D	Immunoglobulin heavy variable 3-64D	129241	147704	106333	166230	175532	104441	60489.8	103133	101974	267886	145083	103380	317481	181946	135087	158299	300449	213059	132085	136063	128384	203943	176335	235896	240638	180022	312195	301532	340184	321680	176062	111491	122243	145104	107431	63175.2	70291.2	524853	109767	218197	144125	136958	210977	87735.5	276431	195214	199289	192282
A0A0J9YXX1	HV5X1_HUMAN	IGHV5-10-1	Immunoglobulin heavy variable 5-10-1	13638.5	40569		57326.3	127434		5316.89									6277.09	17814.9		7892.4			61982.4	78961.3	58846.1		58714.2	233339	29469.5	161873	102790	14540.6	16262.3	21560.9		3489.83		43844.9		97464.2		148217	157757		23342.3	90680	50798.6	27843.6	53474.4
A1L4H1	SRCRL_HUMAN	SSC5D	Soluble scavenger receptor cysteine-rich domain-containing protein SSC5D	5425.32	8338.56		5679.94		7023.65	11684	10051.2	6479.16		13667.8	7749.81			9765.82	5069.85	9554.34	7211.77	11422.6	11318.6	11920.9	24304.5	12877	12434.4	7981.09	13699.2	13374	5685.85	8724.48	8686.61	12132.5	7617.16	6049.05	8467.4	18399.3	17906.2	15604.5	8697.87	17796.9	8581.24	11813.6	10172.5	11233.4	10413.7	11274.1	6764.08	5947.43	7472.95
A2NJV5	KV229_HUMAN	IGKV2-29	Immunoglobulin kappa variable 2-29	12884.3	9185.72		7813.34	53844.7			28076.8			17555.7		96901.2					7053.42				357776	28575.1	19685		16166.7	21839.9		22858.1	26880.3	57386.6	15447.3	9787.85	15426.2	7965.99	15422.5	51025.6	29551.1	21926.8	50937.7	29502.4	12968.2	30603.1	20510.3	21898.9	29460.1	14801.4	18005.3
A8K2U0	A2ML1_HUMAN	A2ML1	Alpha-2-macroglobulin-like protein 1											5020.95			3135.75																1372.2	3879.09				1945.54		1660.52											
B5ME19;Q99613	EIF3C_HUMAN;EIFCL_HUMAN	EIF3C;EIF3CL	Eukaryotic translation initiation factor 3 subunit C-like protein	1748.47	2685.45		5132.3	2466.47				2649.36						1911.42	4892.2			14146.3			3837.31																	2814.67	2809.82		2848.37				5117.8		5172.76
E9PAV3;Q13765	NACAM_HUMAN;NACA_HUMAN	NACA	Nascent polypeptide-associated complex subunit alpha, muscle-specific form	14833.5	12336.4	4672.83	11977.1	16867.1	15684.4	5384.68	7842.36	7487.8		14333.4	5792.6				16964.9		9599.08	55896.1	10157.1	12735.6	45362.8	10396.3	14758.6	11732.7	13330.7	5822.14		8030.26				4205.31	6413.73	3654.27				8164.07	4035.75	14916.2	18303.5			10919.7	14535.4	13160.6	9597.08
O00139	KIF2A_HUMAN	KIF2A	Kinesin-like protein KIF2A	15830.2	25158.6		33585.3		20799.4																							16817	15652.3				28706.7											8379.21			
O00148	DX39A_HUMAN	DDX39A	ATP-dependent RNA helicase DDX39A	10977.2	17446.2	11113.6	12049.7	6634.49	5580.65	6385.05	7444.8	7076.35	72881.3	12628					6951.24		3620.54	23671.4	3605.18	2629.45	4740.48	4328.34	8411.66		5827.68	7127.44	2884.77			4051.85				10472.2					7185.41	2179.51	4924.06		2988.97	7949.59		4549.75	
O00151	PDLI1_HUMAN	PDLIM1	PDZ and LIM domain protein 1		1418.32		3047.08	6744.02	11359.3		4366.13	2925.12															1418.61			4881.18		12434.9	12033.4				14705.5											3529.07			
O00187	MASP2_HUMAN	MASP2	Mannan-binding lectin serine protease 2	1.25999e+06	1.28444e+06	1.03035e+06	1.28172e+06	1.00167e+06	716262	1.12423e+06	537351	736156	903738	855150	1.09049e+06	888495	1.24417e+06	771983	759706	1.5271e+06	655201	1.45681e+06	1.1874e+06	1.10398e+06	1.28836e+06	595756	1.07839e+06	720671	560136	1.12678e+06	1.57557e+06	978806	921355	603909	656283	943380	863560	1.30079e+06	1.56801e+06	827606	1.11271e+06	2.00187e+06	712625	1.00744e+06	1.31872e+06	880243	1.07229e+06	1.07357e+06	672298	719268	634502
O00194	RB27B_HUMAN	RAB27B	Ras-related protein Rab-27B	24550.1	24710.9	6082.34	26244.5	9136.78	38378.2		11573.1	4630.39			3949.46	8135.01	11024.2				4412.84	9086.06		3048.86	11367.8		10893.7	3726.99		24424.3		25594.5	21342.6				36736.6					7887.55	6001.98	14386		5211.51		40734	5850.18	5068.58	5695.78
O00231	PSD11_HUMAN	PSMD11	26S proteasome non-ATPase regulatory subunit 11	6079.27	5768.73	4440.61	3526.19	4440.83	6718.37	4865.22	2952.51	4442.82		3814.42								6238.4			8017.09			2715.14									5626.07							4406.22	9914.17			6647.46			
O00299	CLIC1_HUMAN	CLIC1	Chloride intracellular channel protein 1	116029	123167	17647.8	118810	40805.8	34777.1	8240.14	27380.2	24778.2	12811.8	7544.15	16769	9899.24	15391.9	15061.3	18854.5		19301.6	45351.6	7599.57	14536.4	35473.9	16624.5	21733.2	13284.6	15671.5	27012	5969.92	26184.8	20819.3	10762.1	11428.3	11637.2	21331.2	3613.56				16872.6	17012.3	34411.2	25298.2	9235.17	5693.73	36618.8	16556.5	12667.2	13576.4
O00391	QSOX1_HUMAN	QSOX1	Sulfhydryl oxidase 1	176644	176525	204241	158094	224665	199866	129307	151290	177871	139182	117786	121192	241446	201722	121602	182128	177190	207126	233158	121617	133302	206653	236437	243992	182155	262314	323129	198524	300752	298151	170322	118458	123591	131111	379546	244472	223329	228582	174628	398426	239666	298915	170691	185000	227040	168389	183169	184023
O00410	IPO5_HUMAN	IPO5	Importin-5	3115.15	3585.46	1387.91	2360.81		1990.69					3037.06					974.97			2954.99	1171.78		3991.2	366.777																		1572.05	2037.54			1032.19	306.086		
O00429	DNM1L_HUMAN	DNM1L	Dynamin-1-like protein	8832.67	8742.69		4835.84	7385.81	5259.23	2303.99								1480.45	2872.66			4584.51			4071.87		2372.62	964.981	1484.95	4800.56		7483.89	5095.98	1148.88			7920.87	1344.72				3788.69	3100.44	7490.65	1459.89			9899.32	3829.39	2707.71	
O00461	GOLI4_HUMAN	GOLIM4	Golgi integral membrane protein 4	39585.5	39176.8	29562.2	42218.5	147500	23334.4	33463.8	26795.8	24400.8	21782.7	38089.3	37969.5	19171.9	13373	30092.9	79702.5	25877.9	58209.6	87104.5	59840.6	62554.1	52355.3	17126.6	67423.1	57210.8	42865.1	37910.3	33059.6	49369	42977.3	19427.5	19612.8	20086.3	36980.3	24447.9	20367.9	28460.5	43536.2	18552.9	41577.6	61004.8	79495.7	40115	51852.7	38710.4	65642	60664.4	64151.6
O00462	MANBA_HUMAN	MANBA	Beta-mannosidase	6428.69	7250.26	9953.79	7033.04	8302.39	9572.08	13191.1	6374.53	6712.66	5658.9	12561.9	16594.2	16465.7	7395.31	8542.31	7287.35	14055.5	6808.58	9985.18	11101	8898.33	4995.11	5790.59	5432.44	7287.75	8000.44	6365.87	9994	6442.4	8369.68	3604.17	11930.6	10996.8	9819.59	14024.4	16338	11336.6	10026.4	11303.4	8074.97	7997.39	11555.9	5360.04	16028.9	9358.09	7750.35	8266.23	8738.37
O00468	AGRIN_HUMAN	AGRN	Agrin	11858	9973.3	10476.1	12285.2	14915.7	9351.29	10564.2	8367.84	9918.14	10296	12179.3	10853.1	5850.03	8430.88	8600	37756.8	12006.3	15395.1	26385.5	10916.4	10019	12905.2	15321.2	19192.2	13487.5	14564.4	12029	12373.4	14358.2	11953.3	10289.8	5144.98	5674.09	21576.4	13437.4	10182.6	8359.04	14099.9	10164	34328	21068	14834.9	9772.76	16492.5	27311.9	15374.9	15195	14897.5
O00533	NCHL1_HUMAN	CHL1	Neural cell adhesion molecule L1-like protein	66769.2	70405.6	70724.2	68460	108318	55916.5	94830.3	59855.9	72240.4	50869.7	35745.7	91226.6	45708.8	50940.8	71956.2	37891.7	75001.9	59520.3	60805.5	36806.5	46011.3	58242.8	86068.9	71848.6	56413.8	87571.9	84796.5	67446.6	70305.1	72493.6	88035.7	56152.2	52577.8	58666.1	61252.5	97468	37553.3	65390.9	70545.3	55236.4	61059.1	103264	47786	85002.1	66916.4	42837.9	51356.3	54078.9
O00602	FCN1_HUMAN	FCN1	Ficolin-1	5872.66	6989.43	7010.23	6037.78	9781.42	6448.2	3070.12	8451.99			3667.47					12367.4			2909.69			5639.98	6701.15		5237.66	9023.72	5501.32	1600.8	3057.11	2370.18	9861.76		5334.34	2060.27			5500.61		4464.12	6632.84	15143.5	8617.24		2399.11	3431.43		1880.54	1731.58
O00748	EST2_HUMAN	CES2	Cocaine esterase	3952.86			4098.27		4983.25	6366.05				8902.49	3308.45	7615.91		7524.43	2682	7061.21	4426.41	6740.59	7194.8	6089.47	4011.6		5493.14	4690.89			7033.22	7100.52	5377.29			7448.21	6497.3	9265.16	11260.7		5888.52	9462.95	5927.03	4616.21	7039.63	5927.28	6302.28	4600.38	4166.56	4112.06	5391.63
O14498	ISLR_HUMAN	ISLR	Immunoglobulin superfamily containing leucine-rich repeat protein	46558.7	52370.8	32602.6	53391.4	101367	44688.4	24843.8	27595.2	31307.6	8742.12	18505.4	19229.7	51106.7	23523.8	25293.6	24510.6	43636.5	26629.6	41341.9	29667	26776.9	42569.6	55598.8	40275.8	43293.9	41864.9	46164.2	34698.7	61565	46303	30229.5	18438.4	21715.4	19920.6	61667.4	60309.3	22923.6	58368.1	61786.8	24432.7	46461.7	59216.5	18460.5	47168.6	58240.3	30629.3	37049.3	35829.1
O14594	NCAN_HUMAN	NCAN	Neurocan core protein	2636.67	2935.04	4155.23			1723.1			2092.41			1910.68		1442.59	1534.4	3263.43				3063.48	4611.12		2779.92			3405.53	2685.62		1295.94	1483.58			871.057	915.806				2356.46				2878.12			2943.08	1674.16		1899.31
O14672	ADA10_HUMAN	ADAM10	Disintegrin and metalloproteinase domain-containing protein 10				5989.22	11868	7268.57		3811.48	7205.91						7302.26	13719	10769.5	11871.9	15419.2	9587.6	9322.53	10674.7	15350.7	7132.28	14887.5	15038.4	5806.61	6843.68	9999.77			7519.43		9476.08	9860.75		10512.8	14469.3	4074.57		6886.55	8023.88		12494.9	13179.5	10347.6	9909.81	9345.86
O14773	TPP1_HUMAN	TPP1	Tripeptidyl-peptidase 1	10487.5	12253.9	22695.3	9164.64	17021.8	29256.3	20986	16764.4	19568.6	12510.4	18766.3	7334.2		17016.3		18798	17814.2	7983.85	8683.11	20899	14161	4851.17	11487	21000.6	8610.28	13187.9	16785.1	13988.7	16246	15681.5	5869.47		8652.23	18105.2	14134.7	13849.5	14924.1		11490.5	6723.04	23284.1	20011.1	10402.7	11411.7	23024.9	12953.8	14373.8	9814.25
O14786	NRP1_HUMAN	NRP1	Neuropilin-1	121375	127468	107500	125669	241847	107416	170845	103176	109902	103610	121407	172021	115124	149832	94869.1	144361	148770	85433.8	219337	122211	128340	144297	154409	185705	79344	156034	155568	131552	177516	173380	108361	80756.6	76864.3	131606	185869	142076	141514	134788	203253	208400	160838	205438	103289	125025	162902	138288	136334	141560
O14791	APOL1_HUMAN	APOL1	Apolipoprotein L1	1.43771e+06	1.39674e+06	1.4649e+06	1.40336e+06	881120	1.91386e+06	1.69069e+06	1.53324e+06	1.2287e+06	1.1178e+06	1.25969e+06	1.18082e+06	1.08584e+06	837695	1.00166e+06	1.76598e+06	1.49237e+06	1.28323e+06	705808	1.82808e+06	1.85335e+06	1.46805e+06	1.52635e+06	1.0556e+06	1.02206e+06	1.34762e+06	1.30896e+06	1.98651e+06	1.01266e+06	996177	1.52973e+06	1.36059e+06	1.83753e+06	1.13975e+06	1.9831e+06	1.03807e+06	897560	1.12586e+06	1.32519e+06	1.09139e+06	1.01677e+06	1.72312e+06	1.22889e+06	1.67773e+06	597075	1.10495e+06	1.09194e+06	1.06672e+06
O14818	PSA7_HUMAN	PSMA7	Proteasome subunit alpha type-7	78550.4	79308.3	52307.8	76781.9	101617	48899.8	114919	44707.8	44573.5	55425.5	74393.2	102650	68473	85725.8	51780.9	483231	74757.4	89253.3	205550	99472.1	90520.3	173444	144059	231708	292264	158431	45439.5	66000	51713.9	50261.6	63379.4	61406	71639.1	137061	345529	31814.5	210713	185252	69167.1	101819	212455	325656	91288.6	127438	219083	121914	129070	124529
O14950;P19105	ML12A_HUMAN;ML12B_HUMAN	MYL12A;MYL12B	Myosin regulatory light chain 12B	48841.9	53943.6	20060.6	47731.7	25541.9	46761.2	17085.7	23549.1	13673.1	20319.7	20623	24103.1	12656	14470.6	29864.1	72729.6	5011.43	25290.9	181732	20030.2	19822.8	47562.3	15435.7	73399.4	47859.9	18896.4	91684.2	6208.4	59231.9	68352.4	14027.6	13589.8	8912.06	122984	12620.6		11005.6	6665.12	21647	36338.9	51594	39124.3	10485.4	14399.4	114575	51575.8	49548.9	52405.4
O14960	LECT2_HUMAN	LECT2	Leukocyte cell-derived chemotaxin-2	34625.3	33655.7	29094.2	43524.4	31975.5	12675	15497.8	9512.94	8004.73	6831.62	31795.7	11772.7	47933.8	11122.3	11827.3	3838.89	4267.99		11282	11917.6	4301.88	2653.75	10725.4	7518.52	12683.5	7606.29	24638.6	10986.2	7641.44	10186.9	6127.89	12897.5	12431.6	8571.51		33509.9	16587.7	11187	3167.44	10133.3	15944.6			15622.2	10777.8	6483.62	9123.08	5814.42
O14974	MYPT1_HUMAN	PPP1R12A	Protein phosphatase 1 regulatory subunit 12A	2796	2595.66	1933.08	1629.08	1654.27	1369.84									2960.74	4805.09		2371.76	29775.6			7930.62	2594.81	8352.32	1629.99	2018.13			1383.72										2159.45	1938.94	1853.62				3153.04	3906.97	4044.99	4221.56
O15031	PLXB2_HUMAN	PLXNB2	Plexin-B2	10828.9	10583.3	7127.72	11436.5	7851.83	10559.1	15652.5	11416.8	7423.1	14031.5	13739.8	16441	37073.3	39644.3	11372.4	13158.9	11972.9	9578.33	9561.18	9888.94	7463.84	8954.07	13489.3	5661.82	10397.5	11499.6	14238.8	9222.54	10655.3	13326.9	8975.34	19364.6	12207.5	11101	12488.7	27432.4	17916.4	17727.7	11262.5	23124.5	12775.6	18258.2	14010.7	14755.1	14967.3	14409.6	11345.1	11805.3
O15117	FYB1_HUMAN	FYB1	FYN-binding protein 1				2645.17																							4395.87																					
O15143	ARC1B_HUMAN	ARPC1B	Actin-related protein 2/3 complex subunit 1B	16082.1	15854.1	11080.9	16922.6	17190.1	20241.4	13717.9	22694.8	13737.3	17659.6	14616.9	11066.1	17102.4	23365.2	22222.1	35552.4		5010.83	46825.4	6664.51	8478.18	11535.5	9688.24	17833.8	10374	12291.8	15663.2		20443.8	14991.4	8317.23		10281.9	24842.7	13665.9		8738.54	14968.1	28259.7	16121.9	12047.3	19180.2	2197.32		26846.5	18175.6	16784.3	14139.7
O15204	ADEC1_HUMAN	ADAMDEC1	ADAM DEC1		16131.7		12152.4	17851.6	8537.97			7448.1							12816.2		19456.8	18794.2	18261.8	15294	8283.46	8817		16463.9	12183.4	15912.1	7801.32	14593.2	11229.1				5799.94	7864.2				6217.77		23049.7	12353.7		16412.2	13124.6	6335.53		8885.57
O15240	VGF_HUMAN	VGF	Neurosecretory protein VGF			6219.73		16728		7440.47									4845.87			5546.25	4371.71	7846.53	23940.3	30952.6	3478.03		29351.8	4277.92		3976.75	3583.41											6564.12	3044.72		3479.5		3381.95	4050.58	4846.74
O15335	CHAD_HUMAN	CHAD	Chondroadherin	5696.52	3007.34	5312.17	5131.19	6587.2	7543.55	4959.06		5650.22							4013.38	4262.74	4564.75		4006.57	4590.93		6632.33	4293.94	6526.35	7683.47	7777.23	5967.5	6697.3	4790.34			8253.71						3866.45	3838.49	6560.64			5880.76	4073.33			
O15347	HMGB3_HUMAN	HMGB3	High mobility group protein B3																2315.49			18062.4																										3710.44			
O15394	NCAM2_HUMAN	NCAM2	Neural cell adhesion molecule 2	7963.78	8477.63	12613.7	7091.98	12204.3	9237.74	11444.4	13465.2	14637.5	10174.5	5707.76	10339.1	13056.4	7201.44	10098.3	6781.44	7659.66	5318.96	8610.86	7579.38	5886.08	9371.91	13508.9	7751.19	6895.18	16633.4	10323.7	8811.21	11250.4	11771.3	11606	14138.3	10524.2	6959.15	10923.4	20098.2	9138.96	7987.51	8136.74	9234.26	4110.24	6547.79	7926.47	9504.37	7460.64	7674.87	7800.3	10035.1
O15511	ARPC5_HUMAN	ARPC5	Actin-related protein 2/3 complex subunit 5	23641.4	20814.3	9748.8	23814.8	7077.81	11970.6	5661.64	4434.59	6555.41			4446.99				8586.57		7322.42	62190.6	6090.72	6600.9	16226.8	13338.2	13003.6	13262.7	13619.1	18668.8	2866.1	17008.5	10743.9	2261.15	2169.44		12944.6	9543.48			5487.16	10694.3	6475.76	20205.8	21493.1		4522.04	32214.7	9304.04	11242.6	7962.89
O43157	PLXB1_HUMAN	PLXNB1	Plexin-B1	25044.2	29659.3	26196.4	22425.3	31752.9	18702.9	16586.2	12824.4	16113.7	17802.3	20965.8	16827.2	37655.7	28978.8	17718.6	22399.8	27453.5	28428.3	28082.6	25222.9	24374.1	15910.7	14099.6	23729.8	22348.3	13640.3	20334.2	26027.1	17646.6	19549	18577.9	19099.9	15790.1	16479.7	37342.3	23885.6	20919.3	27538.4	16516	31249	33978.9	44746.3	19005.9	22804.1	29548.2	14903.1	20216.9	19147.2
O43451	MGA_HUMAN	MGAM	Maltase-glucoamylase						1430.44		917.679	942.648	807.099		733.695	6647.79																								2478.77			2436.8	1327.57		1092.7	1792.97				
O43491	E41L2_HUMAN	EPB41L2	Band 4.1-like protein 2	4353.24	4630.06		5225.42	8285.04	3290.84	2609.31									14480.5			62509.6	5823.76	6043.78	6165.35	8477.61	6794.35		8484.84			3875.76	4390.3				5682.52			10487.8	9738.31	4596.85	4957.87	7916.86	14897.2		7576.27	8787.4	9212	11276.1	11171.8
O43505	B4GA1_HUMAN	B4GAT1	Beta-1,4-glucuronyltransferase 1	40230	38074.5	35618.5	38212.7	61287.3	46793.4	24813.2	30306.4	54898.3	31871	32893.6	34170	45208.4	26814.3	44986.3	43123.5	35970.1	32520.3	19373.1	41149.4	38401	16102.5	27942.6	19392.8	30235.4	29791.6	29872	35683.1	34153.1	32857	50494.8	49412.8	45627.6	21486.9	46164.2	27953.3	25966.2	59977.1	52430.4	24176.4	50296.9	51862.5	23958.4	40679.8	39678.8	37151.1	34217.9	31878.7
O43639	NCK2_HUMAN	NCK2	Cytoplasmic protein NCK2		13477.1							1516.5																				13176.2					7765.81														
O43681	GET3_HUMAN	GET3	ATPase GET3	8480.82	8705.78		9185.73	3220.58	5991.85	2477.97	4124.4				4783.76		2257.41		2284.58	4820.24	3742.9	7944.88			13560.5			1520.47		1977.16	4293.57	1367.72		2471.01	4438.02									6370.66	6185.5		2085.3	2970.15	3163.86		4168.29
O43707	ACTN4_HUMAN	ACTN4	Alpha-actinin-4	10780.5	12247.1	6964.1	8874.18	4813.98	7600.58	5135.17	6322.19	5499.28	6223.34	5355.7		3428.33	3011.53	3314.71	7206.31			12775.9			7608.38	1689.08	5538.89	3600.32	2024.23	4459.16		5369.86	5116.68	2654.99	2493.45		7436.25					3880.95	4487.96	4751.16	3917.44	2136.38		7959.16		3627.86	2892
O43852	CALU_HUMAN	CALU	Calumenin	150688	146324	223730	157521	90199.7	192814	173463	244619	219831	236539	168512	221793	116089	174465	193182	223260	12388.1	75136.3	21719.8	130512	158637	62482	79955.1	258725	107208	74612.6	101237	12479.6	118854	112300	165245	109370	109345	206684	7047.55	3741.18	129534	5671.14	22477.5	54123.6	132734	38931.6	339026	54786.9	116544	116577	112054	117463
O43866	CD5L_HUMAN	CD5L	CD5 antigen-like	1.97678e+06	2.33523e+06	2.9913e+06	2.39404e+06	2.94739e+06	3.99215e+06	2.80904e+06	4.38452e+06	2.94592e+06	1.7085e+06	2.1723e+06	2.76498e+06	3.59377e+06	1.79518e+06	1.71461e+06	1.35176e+06	2.51252e+06	3.44099e+06	2.70147e+06	2.51721e+06	2.62628e+06	3.76626e+06	3.66468e+06	4.15478e+06	1.20198e+06	3.08027e+06	2.33188e+06	2.50644e+06	2.05846e+06	1.95636e+06	2.16778e+06	2.46559e+06	2.58708e+06	1.16085e+06	722962	916346	822404	1.57077e+06	1.95938e+06	4.31321e+06	3.29157e+06	2.02435e+06	2.15465e+06	1.02166e+06	1.94666e+06	2.166e+06	2.09406e+06	2.23177e+06
O60218	AK1BA_HUMAN	AKR1B10	Aldo-keto reductase family 1 member B10								1664.74	2083.14					3589.82													2648.39		4300.16	3492.05																		
O60234	GMFG_HUMAN	GMFG	Glia maturation factor gamma	5499.24	7841.98		5304.56		8173.79													14746.9			5077.34		4675.23			9513.28													3858.36					8642.49			
O60240	PLIN1_HUMAN	PLIN1	Perilipin-1	34066	29055.5	7608.24	30831.2	52807.9	11033.2	7077.99	14086.4	7962.36	10963.9	16987.4	16536.7	11469.7	24423.5	8972.77	8825.28		8414.82	18970.9	17941.9	19562.9	15486.7		1941.18	5018.68	2524.96		2329.26				18037.9	14159	11867.3	20441.8	14938.1		9607.83			4360.66	8994.39		5979.65		5728.16	8329.02	7269.8
O60279	SUSD5_HUMAN	SUSD5	Sushi domain-containing protein 5	30532.4	30653.5	31961	30665.3	110776	9913.13	25229.3	20871	23123.2	29391.5	18937.9	30411.8	60357.3	31163.8	34354.3	64959.5	28161.8	42038.7	73773.2	40189.3	41800.8	89784	109039	73409.3	21460.2	99653.9	49049.9	40430.9	39970.2	39223	47915.7	18578.5	16075.3	16655.6	33992.7	53163.8	47565.6	49402.8	20214.1	21945.9	39931.1	59384.8	26077.7	42985.3	53403.7	36448.1	41687.3	36575.5
O60462	NRP2_HUMAN	NRP2	Neuropilin-2	40657.1	39029.9	38476.3	44354.9	48495	39765.2	34868.4	21992.5	40159.4	33374.2	34549.6	45918.5	24289.8	47402.5	44795.8	58949.1	64858.4	44778.7	67330.3	31406.4	31081.3	50434.8	51826.4	67950.4	35215.5	56864.8	50857.3	64440.1	57186.3	57793.9	48398.1	39063.5	40959.1	42853	59213.9	42666.7	81846.4	53570.3	54959.9	78278.8	77150.5	123285	35573.4	46228.7	50702.9	46946.2	50340.7	46815.8
O60568	PLOD3_HUMAN	PLOD3	Multifunctional procollagen lysine hydroxylase and glycosyltransferase LH3								1696.35							4615.66	2924.72													4978.98	5129.14								4257.86							3587.88			
O60664	PLIN3_HUMAN	PLIN3	Perilipin-3	6304.63	5912.79	3739.18	5806.72	15494.2						6414.09					8218.13	4723.63	6534.14	58805.5		5858.05	13972.3	24388	11336.8	11991.7	19419.2	5045.49		5873.68	4741.39				6377.59	6038.81	6838.71		6651.86	3327.73	5233.67	4797.54	10511.1		9613.34	10968.9	12114.7	10035.4	10273.7
O60667	FCMR_HUMAN	FCMR	Immunoglobulin mu Fc receptor	6875.14	9107.67	3763.99	5101.26	3578.12	6385.51	3361.29		5481.05			3182.21				5243.51		4551.89	12982.5	4864.48	5098.47	6185	8143.02	9275.28	7848.07	8180.54	11205.5		5108.65	3954.27			3004.42	5234.61						7461.97	9986.24	12043.1		3388.75	7152.77	4496.46	6015.39	4887.9
O60701	UGDH_HUMAN	UGDH	UDP-glucose 6-dehydrogenase						964.891																										1239.08												952.411		632.421		
O60763	USO1_HUMAN	USO1	General vesicular transport factor p115	8240.96	9500.13	3226.52	9492.93	3860.57	5115.69	1947.24		1580.49							7807.01			19782.4			10806.1		5727.52	5629.24	2404.16	4314.66		4889.39	5310.74	2842.73	1096.91		5428.43	2414.31			735.265	3946.08	3430.44	3647.34	3471.88		1633.46	7500.22	5068.7	4265.37	4620.1
O60814;P57053;P58876;P62807;Q5QNW6;Q93079;Q99877;Q99879;Q99880	H2B1C_HUMAN;H2B1D_HUMAN;H2B1H_HUMAN;H2B1K_HUMAN;H2B1L_HUMAN;H2B1M_HUMAN;H2B1N_HUMAN;H2B2F_HUMAN;H2BFS_HUMAN	H2BC12;H2BC12L;H2BC13;H2BC14;H2BC15;H2BC18;H2BC4;H2BC5;H2BC9	Histone H2B type 1-K	73199.8	81294	23176	84471.8	45226.3	38130.8	24019.8	19349.8	25987.1	101787	25755.9	5230.63	40710.3	26751.6	14777.7	315512	8474	16876.9	731625	39417.4	37877.5	45468.5	60733.1	188833	78252.2	51239.4	33770.8	17757.9	30688.4	27453	18434.2	8776.44	4229.65	114076	58972.2	4397.21	7121.04	7229.25	49495.9	31875.9	55849.5	48232.9		35286.4	81770.7	37681.4	85020.1	67181.8
O60844	ZG16_HUMAN	ZG16	Zymogen granule membrane protein 16	14190.5	17627	4277.2	17349.7	9410.27	4628.65	2136.17	6645.24	7758.74			2762.89	2529.5	4048.85	4322.47	1851.12	5025.46	4441.25	6362.97	2437.31	2414.89	1301.03	3531.8	1825.63	9916.6	3840.77	9736.02	2719.13	10972.3	11476.3	5461.23	2562.44	5389.95	2492.62	8590.15		2581.48		5090.24	3559.99	3482.94	13329.3		1066.55	9104.22	6167.71	5348.06	5435.44
O60927	PP1RB_HUMAN	PPP1R11	E3 ubiquitin-protein ligase PPP1R11	6982.04	4680.71	3495.19	5147.22	11153.2	7411.87	7545.79	6357.75	4902.86	3817.71	3941.47	8536.4		4050.75	9679.91	14814.4	4877.86	8735.58	50106.7	14946.6	9575.88	13043.1	17339.1	17281.7	10518.9	21266.3	4247.54	5348.91	6031.64	5281.22	4578.14	5985.02	4688.95	10049.3	16595.3		11267.1	9469.37	4913.27	12824.6	9720.16	14576.1	8694.95	10285.4	10716.9	17107.6	19549.8	13441
O60936	NOL3_HUMAN	NOL3	Nucleolar protein 3					12473.5											14323.9			70525.5	3550.71		10462.3			10829																	4514.44						
O75015	FCG3B_HUMAN	FCGR3B	Low affinity immunoglobulin gamma Fc region receptor III-B			21155.9	4819.04	11004.8	19949.2	42794.4	48839.6	18293.5	21261.2		32958.9						17214.9	14625.1	35062.1	28909.4	12085.1	37874.8	26082.3	20470	40781.5	26318.8	4061.99	21338.7	36152.2		12166.5									26821.1	20692.9	34804.4		26285	8437.9	17349.2	19189.2
O75023	LIRB5_HUMAN	LILRB5	Leukocyte immunoglobulin-like receptor subfamily B member 5	4027.13	4452.48	4690.29	4063.73	4758.91	5888.52	3129.45	3708.73	3985.01	5558.69	4693.03	3746.24	6056.9	3618.08	3863.74	2109.19	3117.04	2562.63	9983.33	4003.62	4967.83	2832.85	5420.38	5532.92		8693.93	4945.06	4699.06	6778.15	4864.29	3185.27	3390.66	3102.8	4208.51	5420.29		2650.06	1696.33	3462.51	5334.5	3513.75	7525.48		2771.45	5462.92	2924.84	4090.71	3453.68
O75083	WDR1_HUMAN	WDR1	WD repeat-containing protein 1	54437.8	58880.4	17299	65032.7	42522.4	30992	11807.7	28427.6	16112.5	17116	16002.4	14836.2	19934	20257	14304.7	20871.3		15222.1	43031.7	12740	9720	32125.9	16853.2	24653.9	13879.9	18120.1	28142.3	6199.42	29219.3	28488.6	9984.82	8815.5	5831.76	40680.6	7169.54		8199.46	7804.56	14452.2	12926.2	32851.8	16756.5	15260.3	5349.67	40344.3	17738.8	14799.6	19592.8
O75131	CPNE3_HUMAN	CPNE3	Copine-3	6776.3	3892.38							1808.43										13932.8			7039.72		4781.68										6109.64						4160.68								5191.53
O75144	ICOSL_HUMAN	ICOSLG	ICOS ligand	7559.39	10026.2	7234.23	7572.49	8921.68	17593.1	14854.8	17561.1	12779.1	13304	2624.57	13527.5	22153.6	3715.01	14867.3	2631.66	3132.36	8929.49	4029.74	1741.22	2193.37	3891.53	9318.69	4647.17		12102.9	14067.2		13098.3	16756.6	18422.9	9328.56	11106.7	4937.54	4131.15	7547.92	11014.6	8046.57	10102.8	9691.18	4088.76	8889.35	10021	1648.01	9158.16	5969.17	8014.99	7871.68
O75223	GGCT_HUMAN	GGCT	Gamma-glutamylcyclotransferase	6351.26	4390.36	9582.48	3528.62		4057.83	6166.68		8224.47		24382.5				4867.6	11076.9	8134.95		7981.29	4787.02	5671.95	8411.56		7771.21	6855.42	10141.9	5609.05	12128.9	8249.08	13052	13932.8		6660.95	9330.16	10640.6			5222.66	8108.81	9930.94		2319.01			8075.94	10442.2	8189.9	8975.53
O75326	SEM7A_HUMAN	SEMA7A	Semaphorin-7A		20910.6						6510.29		12029.7	10436.4	10019.3	13018.5	11510.1		31267.4		2728.65			10275.7		21783.3	9849.13			31546.9		27324.5	24855.2		7099.55								16684.6	34491.9	33529.6			42856.9	18880.8	13847.8	14224.7
O75339	CILP1_HUMAN	CILP	Cartilage intermediate layer protein 1	14362.6	13071.6	6406.38	9676.32	16468.6	4583.24	14566.1	6535.89	4109.5	7388.73	10667.1	18020.4	4317.82	7370.45	6301.49	5974.08	6002.51	10646.9	12709.9	6528.06	6087.04	6217.57	4769.65	11751.1	11049.2	8061.68	11602.6	9574.98	8609.88	11264.1	4414.6	3880.54	4496.91	5955.78	9064.09		6466.35	10634.1	4451.9	3564.34	21925.4	12033.4	10684.8	9389.57	15008.8	11371.1	6074.16	8154.85
O75340	PDCD6_HUMAN	PDCD6	Programmed cell death protein 6	14640.4	17764.8	8460.57	16754.5	9707.74	10912.6	7185.75	8486.68	11522.6	7994.64	6847.45	8927.18	9409.38	11307.7	10140.1	7007.48	8314.56	6025.48	13384.3	8211.16	8000.27	10414.3	8650.54	16191.7	11775.1	17838.6	8280.17	5410.18	10681.3	11235.9	10702.5	9855.62	4405.52	10594.7	15836.1	14543.9	9738.58	7296.62	9715.52	8248.99	8791.7	9981.56	7401.66	13953.3	8275.83	10489	8881.59	9500.06
O75356	ENTP5_HUMAN	ENTPD5	Nucleoside diphosphate phosphatase ENTPD5	7523.73	5831.47	2564.53	6202.67	4502.05	4364.27	4043.32	4012.4	3161.09	3130.05	2713.56	4166.89		4599.76		6711.39	4218.51	2350.04	1508.31	5866.89	4083.32	3997.13	2720.14	3105.03	9381.75	2417.25	2448.39	6220.74	2695.04	3332.46	5746.6	5625.87	5055.26	3672.08	1499.22	6138.76	4229.33	25941.8	8979.17		4602.42	3377.55	2427.52	6012.72	4847.99	3444.56	4288.61	3561.82
O75367	H2AY_HUMAN	MACROH2A1	Core histone macro-H2A.1	9084.89	7339.69		6506.28	4591.02	6787.32	1984.79		5115.02	12098.9	8637.73	2952.65				32375.6			53726.7		4022.7	1929.13	6764.86	11117.2	7049.75	6165.56	6250.28	1728.67	5493.46					12934.8	4947.67				3269.25	7227.02	4555.55	2686.46			6301.59	8712.17	7439.44	9108.81
O75368	SH3L1_HUMAN	SH3BGRL	Adapter SH3BGRL	6523.47	6866.64		4658.09	4841.11	4627.91			1778.32		4162.03	4432.8				3931.57		5954.7	10427.2			9898.59	5571.9		3252.24	5576.71	5705.56		4913.52	5308.67				6492.19					2774.06		3585.41	2428.77	4266.03		7150.7	3246.9	4996.52	3789.84
O75369	FLNB_HUMAN	FLNB	Filamin-B																																			3785.28										4940.83			
O75390	CISY_HUMAN	CS	Citrate synthase, mitochondrial	5041.95	6950.71	6935.93	8642.45		8042.41				7440.7	6588.4								8040.84										7103.88						8774.86		3054.84					9659.35			6550.5			
O75563	SKAP2_HUMAN	SKAP2	Src kinase-associated phosphoprotein 2	16774.5	22046.9	6404.83	17804.9	7174.73	19354.8			6443.26							14577.2		5990.96	18199.1		6376.87	11904.9	2874.95	12963.5			20057.6		19031.1	18734.2				18696.3					9879.58	6566.92	11569.3				22982.8		5360.61	7819.47
O75594	PGRP1_HUMAN	PGLYRP1	Peptidoglycan recognition protein 1						5616.47		8151.43	5316.08	5592.07		5223.2	12850.4	7457.2				5921.91				27264.4			7979.05						5370.11	5947.68		10969.1			19698.2			53048.7						13184.2	14748.2	11923.9
O75636	FCN3_HUMAN	FCN3	Ficolin-3	2.45549e+06	2.75614e+06	2.76361e+06	2.79112e+06	879272	2.10081e+06	2.00587e+06	2.81387e+06	2.80494e+06	2.23798e+06	2.27379e+06	2.04404e+06	2.22397e+06	2.63696e+06	1.15777e+06	1.05686e+06	2.55511e+06	747561	1.79468e+06	1.78276e+06	1.85369e+06	1.67329e+06	1.14863e+06	2.09446e+06	1.91392e+06	1.02996e+06	1.3275e+06	2.49161e+06	1.23952e+06	1.20639e+06	2.97507e+06	1.7221e+06	1.80135e+06	1.24494e+06	1.79567e+06	1.12808e+06	1.31885e+06	1.36724e+06	1.87078e+06	2.59894e+06	1.39744e+06	3.55476e+06	2.10804e+06	1.60598e+06	2.10125e+06	1.29358e+06	1.56543e+06	1.48623e+06
O75787	RENR_HUMAN	ATP6AP2	Renin receptor	4145.52	5206.18	4080.43	6214.46	2789.7		3452.47	2582.57			2933.8			4724.82	2675.12	10136.3	5407.49		3967.73	4139.88	2816.03	5257.97	5785.18	4258.97	2720.93	5364.14	5630.01	4886.03	5152.92	3740.24	4818.49			3776.9	3246.05		5508.08	6246.04	3815.8	4115.51	7301.81	6131.72		4941.28	7587.15	4173.95	4776.47	5284.4
O75874	IDHC_HUMAN	IDH1	Isocitrate dehydrogenase [NADP] cytoplasmic	12735.2	12203	3982.38	9626.02	9825.48	6833.21	12587	5730.82	5628.74	4901.84	8782.98	9763.21	13635.1	7550.42	7210.14	16386.6	5049.69	8943.04	11235.8	10489.6	9653.08	7381.28	6544.53	17764.6	27364.5	8791.82	20383.3	6733.38	21250.7	19511.3	6062.07	17487.9	17606.6	13582	88108.8	14192.6	20389.4	30792.7	7946.57	10052	27933.9	23117.6		12179.1	19616.9	11073.4	10304.1	11633.5
O75882	ATRN_HUMAN	ATRN	Attractin	115873	115666	203345	118212	153534	206424	154918	276798	229228	333350	240543	184429	367181	314611	230633	74788.9	120581	128493	139165	101419	94162.7	99529.4	115646	59408.7	93498.8	121760	182857	105243	193497	199714	181866	229458	200034	135665	123714	280233	155668	119084	152351	206425	60635.1	73562	160767	108500	103918	136802	155154	145591
O75976	CBPD_HUMAN	CPD	Carboxypeptidase D		2419.01	1793.94	1934.13														2773.56	6565.66	2240.04		8433.2		5960.47	4281.38	4067.86	3310.29	2781.59							2147.6				2127.18		4552.36	6188.03		3669.19	2667.94			
O75995	SASH3_HUMAN	SASH3	SAM and SH3 domain-containing protein 3	5960.93	3674.56		3250.18	7067.08	4110.86	5411.3								7924.09	19832.8		10737.9	59234.9	3965.37		13699.7	18467.4	13070.4	10830.4	19984.4	7164.24		8599.85	4502.92			2544.64	10377.7	2433.88		4750.07	4073.51	11151.1	7562.19	4925.94	10718.6		6308.28	9387.46	11749.1	11028.5	14914.9
O94769	ECM2_HUMAN	ECM2	Extracellular matrix protein 2	48673.6	51795.9	35109.6	58552.9	47821.6	35643.6	23434.2	17360.9	29700	23682.9	36487	26453.4	14346.4	28939.1	33088.3	44123.3	32401.6	34422	32278.2	35363.6	40476.1	37421.7	29075.2	18317.8	29915.9	30579.1	28389.7	32475.9	32951.1	32343	18996.5	33223.2	36217.4	34439.2	42645.3	14844	24795.4	39145.7	26809.2	19291.6	62360.1	48807.4	31609.8	21540	23005.1	28544.3	29359	29086.7
O94985	CSTN1_HUMAN	CLSTN1	Calsyntenin-1	22528.4	26766.2	30415.7	25967.7	38905.5	24598.2	20154.3	15204.7	27624.1	13909.3	8062.2	21186.3	11448.2	11921.5	17899.1	19963.8	25331.9	18401.9	12339.4	18449.1	19545.4	16632.4	23098.5	25477.6	22306.8	21484.8	26660.1	25772.9	24858.8	25267.8	16323.6	15036.1	19089.8	16152	41029.6	13538.6	12306.3	27777.1	29212.6	12322	49047.2	50247.5	13829.5	15854.1	29660.2	17936.3	15387.1	16497.3
O95336	6PGL_HUMAN	PGLS	6-phosphogluconolactonase	12493.3	10856.9		11156.9	7525.9	6765.38			1971.29		2498.62	2784.85	2313.41			4092.8		3368.94	9644.48	1508.78	620.845	6793.92	3870.88	3192.5	2682.98	5528.82	4796.52		4209.36	3514.02			779.734	2612.29	1037.21		2565.83	1714.64	2012.52		3347.54	3388.68			7270.45	3398.19	3095.67	3356.01
O95373	IPO7_HUMAN	IPO7	Importin-7	3391.26	3634.47		5173.15	1964.37	2118.69	3000.15	2415.62	1231.09		1645.36	2354.63		953.464		2470.38			3468.96	3259.35	2073.69	9124.04	858.557	1661.67	548.758		962.681	1607.38	846.488					2321.87	711.08				966.931		2161.3	2405.31			2120.37	2108.11	2281.45	1684.26
O95428	PPN_HUMAN	PAPLN	Papilin	10520		9409.49	9382.69	19865.1	11749.2		7432.99	12283.7	14625.9			19763.9	8506.74	18219.8	6886.67	8601.25				10536.7	11176.2	16602.2				11749.3		15494.1	15474.3		11002.8	15674.6	8005.68	20133.1	23366.2	18938.6	7124.46	11338.5		13115.7	13277.6			13984.4	11082.8		
O95445	APOM_HUMAN	APOM	Apolipoprotein M	1.61101e+06	1.82507e+06	2.39345e+06	1.64632e+06	1.96472e+06	1.7968e+06	1.91105e+06	3.15593e+06	2.18775e+06	1.792e+06	1.31684e+06	1.92018e+06	2.32185e+06	1.40806e+06	1.97759e+06	702877	2.99249e+06	1.1219e+06	1.16492e+06	1.73764e+06	1.83978e+06	1.402e+06	686581	987106	796371	660620	977250	2.67633e+06	1.17055e+06	1.22666e+06	1.31006e+06	2.31629e+06	2.31256e+06	942216	1.05765e+06	1.99388e+06	888191	3.02213e+06	1.72848e+06	811911	1.18539e+06	1.0305e+06	1.30625e+06	1.41738e+06	1.38604e+06	1.24855e+06	1.13779e+06	1.18618e+06
O95477	ABCA1_HUMAN	ABCA1	Phospholipid-transporting ATPase ABCA1	8798.74	4482.06	13895.7	8480.73	93139	22880.9	15411.6	21307.2	12097.8	17341.5	19938.1	15941.5	10854.4	14683.1	43819.9	8513.82	43482.3	21648.4	25738.9	22825.5	23104.7	22146	18365.2	25829.4	42162.8	25012.9	19320.7	60386.3	16112.5	16372.3	13722.2	35946.8	34021.6	28302	17001.6		13083.1	36260.9	14784.6	12628.4	7035.8	10452.3	63484.5	13551.4	38770.7	26146.7	21565.1	22834.8
O95479	G6PE_HUMAN	H6PD	GDH/6PGL endoplasmic bifunctional protein	28643.5	31197.7	40956.6	31375.9	86804.6	47859.4	58832.1	18902.5	40869.7	29252.2	49385.5	55672.2	44677	26010.2	40570.6	35486.4	57556.3	33356.5	32184	25782.9	28726.3	43389.3	27805.9	50393.9	42477.7	28522.1	52111.5	55408.3	51884.8	55211.7	39588	48311.8	48245.5	30159.6	181995	67788.9	74427.3	49144.1	33751.1	60893.1	50592.4	70868.3	21162.7	70346.8	40761.4	32223.5	29052.3	30273.6
O95497	VNN1_HUMAN	VNN1	Pantetheinase	7255.73	4364.11	24432.9	7658.1	9817.5	10546.1	55136.7		22902.4	16403.4	16416.9	37647.7	21359.5	7262.77	11706.2	6128.36	14470	16792.3	52719.4	12589.8	11677.3	20861.1	13849.9	11390	5871.49	14284	48580.6	15691	46610.1	49114.1	6681.95	13527.4	30217.8		15372	7511.09		10268.4	12692.2	11084.5	11397.4	13919.8	15459.7	7907.67	18294.2	12361.1	16723.1	14811.3
O95631	NET1_HUMAN	NTN1	Netrin-1																			11826.5																													
O95747	OXSR1_HUMAN	OXSR1	Serine/threonine-protein kinase OSR1		2264.44		2882.48															2809.84			2663.23																			2730.35	1965.33						
O95810	CAVN2_HUMAN	CAVIN2	Caveolae-associated protein 2	53992.7	54758.5	18048.5	55378	43135.4	22204.8	10977.8	36815.9	20747.5	15842		12968.7	12538.8	23337.7	32877	18676.3		38689.9	13638.5	17623.5	7621.18	49286.8		12456.8			17777		27342.3	21928.1	10838.7	17683.2	15845.4	36948.1			12532.9		11268.9	10698.9	27876	11261.3	10841.4	4910.87	33626	22657.4	20198.1	18509.9
O95866	G6B_HUMAN	MPIG6B	Megakaryocyte and platelet inhibitory receptor G6b	22701	19615.1	6359.64	22832	17646.9	26015.4	4392.62	22639	8393.63			4752.37										13228.8	3091.22	8209.04			13200.2		12658.4	11052.3				20881.9							15459.2	1509.29	5295.43		16894.1	3559.41	5506.92	4981.94
O95954	FTCD_HUMAN	FTCD	Formimidoyltransferase-cyclodeaminase																					4064.41							2134.14		3459.57			5031.87		13791.2						4289.34							
O95967	FBLN4_HUMAN	EFEMP2	EGF-containing fibulin-like extracellular matrix protein 2	14232.4	11898.1	12841.6	14062.5	20538.3	15584.9	11577.6		10162.4						10592.9	8846.13	18087.9	15893.9	7269.52	9171.41		15183.1	14239.7	17370.5	12162.9	17065.8	14000.7	13598	21180.5	19340.2	12736.1	8579.81	7672.69	13824.9	32254.9			15119.3	14647.2	21577.3	18644.4	22737		14141.7	17297.6	13201.1	13238.4	12761.1
O95994	AGR2_HUMAN	AGR2	Anterior gradient protein 2 homolog								1239.88																4927.89						2736																		
P00167	CYB5_HUMAN	CYB5A	Cytochrome b5		4386.84					6519.88		3088.02							2901.89			27311.2	10729.8	6491.32			10310.7	5369.92		8625.5		10615.2	9480.44			6900.82	10032.6	134194		12882.5			10845	6371.13	5711.61	7954.78	11428.5	22224.3	3959.84	8112.87	7421.26
P00325	ADH1B_HUMAN	ADH1B	All-trans-retinol dehydrogenase [NAD(+)] ADH1B							25997.8	5553.76	3434.29			27298.7	13519.2	6718.14		7029.48			6468.04	13628.1	8344.32				28581.5		8243.23		8648.46	7152.5		29548.3	27736.7	5819.18	77056.6			9548.01		8511.23	2690.99	4014.78			7830.39	8394.96	7018.02	8453.09
P00338	LDHA_HUMAN	LDHA	L-lactate dehydrogenase A chain	59427.6	61265.2	38156.4	62648.5	53426.4	32789.4	41304.7	37999.3	31856.1	36786.1	38828.5	32883.5	48097.9	43822.7	27535.2	90499.3	17099.3	35182.3	146241	32701.9	33792.7	41820.6	71071.8	85762.4	109906	64986.9	48875.2	13988.4	48630	46226.7	30107.2	30650.6	34894.3	54777.8	128152	25310.4	61724.9	70253.8	34678.2	32975.6	73557.7	70427.4	25762.4	54267.4	86631.2	49175.1	54240.5	48571.7
P00352	AL1A1_HUMAN	ALDH1A1	Aldehyde dehydrogenase 1A1	3905.34	6011.87	5344.66	6673.51	6811.67	10300.1	12858.8	7955.97	5724.94	3115.48	6664.66	14115.6	5600.58	9177.95	5453.5	8248.57	8961.9	4282.65	11416.4	12038.2	11681.8	11711.2	4753.01	9489.83	15683.4	4710.37	8867.9	7113.62	10744.5	10245.6	8213.5	9863.9	13108.9	9356.56	46063.1	5421.82	12885.2	8353.41	4311.49	10064.2	9827.13	15761.4		7102.26	16985.4	7914.56	9674.04	7724.12
P00367	DHE3_HUMAN	GLUD1	Glutamate dehydrogenase 1, mitochondrial							5597.34					6246.2	9059.49	5313.64		4369.38		4689.93	6972.8					8244.44	6536.88		7119.28		9138.73	9454.4		15989.3	9402.33	5586.94	103176		5534.02			5932.74	4751.64	5112.72		10713.7	5266.55		4275.7	4595.9
P00390	GSHR_HUMAN	GSR	Glutathione reductase, mitochondrial	5059.55	2649.71	3594.54	2048.08	2669.48	2432.26	4889.45	2188.76	2880.83	3373.8		1141.92	7107.26	13128.4	3467.68	2409.04	2104.43	3131.04	11362.2		5583.27		2353.98	11533.3	3393.4	3849.81	4257.08	3721.94	5168.89	3856.77	2400.24			7354.51	13055.2		8199.47	4882.69	1775.22	3419.52	3670.61	4387.93		3259.31	7179.26		4090.27	1793.07
P00450	CERU_HUMAN	CP	Ceruloplasmin	1.33791e+06	1.3981e+06	2.60557e+06	1.2833e+06	1.67498e+06	1.81708e+06	2.08099e+06	3.25102e+06	2.89688e+06	3.74866e+06	4.10149e+06	2.05846e+06	4.97382e+06	2.61807e+06	2.54286e+06	1.92374e+06	3.19246e+06	2.89023e+06	3.94054e+06	3.35069e+06	3.17534e+06	6.80127e+06	2.82026e+06	3.55966e+06	2.33221e+06	2.41125e+06	2.64996e+06	2.62304e+06	2.47266e+06	2.67551e+06	4.22484e+06	2.80503e+06	2.54931e+06	3.19478e+06	4.6731e+06	4.99608e+06	4.79907e+06	4.43085e+06	3.77936e+06	3.06253e+06	1.63581e+06	3.04113e+06	3.981e+06	2.95326e+06	3.00717e+06	3.06312e+06	2.92572e+06	3.04459e+06
P00451	FA8_HUMAN	F8	Coagulation factor VIII	17079.6	19686.7	17523.7	17275.4	23817.3	12751.3	21478.7	5842.13	16437	21596.8	24588.5	20759.3	11993.2	31151.6	23344	23972.8	36995.6	29735.4	33516.5	33340.7	34108.6	33908.5	28323.8	37914.4	16672.6	29215.7	20803.8	38083	19318.5	22566.5	16006.2	20850.7	17054.5	20889	46486.5	28114.7	34275.4	26068.6	17001.7	43355.4	42527	44845.7	14737.7	29200.4	38923.5	23998.8	24242.3	24084.9
P00480	OTC_HUMAN	OTC	Ornithine transcarbamylase, mitochondrial							4789.21								2590.84			4870.98	11489.7	2695.93	3138.11			4215.79	5131.84		14677.3		16107.9	14574.5		6834.54	4575.42	4157.67	65862.2		4208.63				4594.83				10185.8		4476.85	3535.71
P00488	F13A_HUMAN	F13A1	Coagulation factor XIII A chain	157554	169750	161796	153362	84655	199361	59908	130963	158212	44489	43886.8	55362.4	153700	83118.9	59517.9	101162	194733	85959.1	211349	32244.9	31443.8	121336	144106	84073.7	138264	110485	185332	129895	188057	185581	122815	44354.6	43111.8	84375.8	195636	68775.8	35192.9	446841	217981	56659	101656	263301	77670.1	66658.6	170246	115098	108369	116603
P00491	PNPH_HUMAN	PNP	Purine nucleoside phosphorylase	6332.14	5821.53	3230.33	4409.63	2055.77	4714.19	4497.36		6362.96		10219.5	4995.81		6895.47		4235.68	5533.49	8580.25	2954.96	5293.61	6166.46	8616.15		4328.62			3809.21	6682.9	4779.18		11231.7	4724.4	3542.74	7516.43	3087.57		3703.51	1482.45			5132.64		5995.65		3366.44	7611.45	5630.38	5612.14
P00492	HPRT_HUMAN	HPRT1	Hypoxanthine-guanine phosphoribosyltransferase	5881.85	4871.58		4155.78	2146.04	2190	1785.74	3770.45	2482.94						1231.8	1707.86	1179.32	3770.81	4087.12	2391.55	2578.67	7680.37	1495.08	1920.39	1339.02				1782.92	1391.18	1796.79	2928.04		2817.93	3477.36				1081.12	1827.76	2885.1	1930.84	1399.45	1745.99	2868.22	3749.08	3725.99	2652.37
P00558	PGK1_HUMAN	PGK1	Phosphoglycerate kinase 1	53411.7	58750.2	15043.1	60635.7	34134.7	38411.1	24081.9	27836.4	16326.3	30646.1	35143.9	23232.9	27829.2	24725.3	24464.2	30324.1	14492.4	34836	94363.1	16341.4	18366.3	54879.7	27022.2	38348.3	21732.1	24875.5	26013.8	14865.9	26670.7	26385.5	24981.2	19430.3	16928	34348.8	24785.4	19649.9	21274.8	16585.4	20215.4	23458.7	41403	45962.4	16989.1	13151.1	39297.5	26991.5	24402.6	25957.7
P00568	KAD1_HUMAN	AK1	Adenylate kinase isoenzyme 1	21179	19025.8	2602.78	16100.9	11064.1	17963.2	9947.43	10757.7	2377.73			9866.45				4029.5	16945.7	14277.5	17609.1	14660.3	15677.9	50498.3	3863.27	5991.5	2843.9		13795.1	17787.2	7899.33	8760.78	10516.2	13441	7090	9833.75	4189.05				6576.67		29821.6	15073.2	5693.88		15845.7	7032.34	9178.59	6888.89
P00734	THRB_HUMAN	F2	Prothrombin	7.32745e+06	7.4046e+06	6.36281e+06	7.47287e+06	7.5848e+06	7.05264e+06	6.66054e+06	6.41422e+06	6.41972e+06	8.35646e+06	6.70024e+06	7.27228e+06	8.13195e+06	7.19729e+06	7.04063e+06	7.62876e+06	1.03478e+07	8.60618e+06	8.8406e+06	9.16029e+06	9.70053e+06	5.42345e+06	5.54788e+06	5.53155e+06	6.4435e+06	5.47841e+06	5.57834e+06	1.06634e+07	5.57796e+06	5.34735e+06	8.58461e+06	8.23729e+06	8.66007e+06	6.24366e+06	1.01015e+07	1.13941e+07	1.08668e+07	8.3712e+06	6.43076e+06	5.82173e+06	4.62225e+06	5.98047e+06	7.14641e+06	1.00282e+07	4.74631e+06	7.0266e+06	7.06187e+06	7.02216e+06
P00736	C1R_HUMAN	C1R	Complement C1r subcomponent	1.70303e+06	1.75114e+06	1.56339e+06	1.65791e+06	1.75815e+06	1.83069e+06	2.04714e+06	1.23566e+06	1.62427e+06	1.49647e+06	1.76693e+06	1.86527e+06	1.50889e+06	1.24638e+06	1.69248e+06	1.77626e+06	2.05955e+06	2.1591e+06	1.83276e+06	2.13062e+06	1.9993e+06	1.77646e+06	2.34619e+06	1.48019e+06	2.00668e+06	2.21329e+06	1.71151e+06	1.91542e+06	1.68991e+06	1.70675e+06	1.37394e+06	2.40849e+06	2.52445e+06	1.40922e+06	2.63827e+06	1.85734e+06	1.31241e+06	2.06172e+06	1.51874e+06	1.72639e+06	2.11754e+06	3.07919e+06	1.33891e+06	1.7844e+06	1.86883e+06	1.67124e+06	1.68403e+06	1.67872e+06
P00738	HPT_HUMAN	HP	Haptoglobin	3.36281e+06	3.35837e+06	4.03722e+06	3.44099e+06	6.3078e+06	2.98433e+06	9.93048e+06	9.284e+06	4.43656e+06	1.14308e+07	1.06564e+07	9.99113e+06	7.66737e+06	9.29016e+06	8.95914e+06	1.16248e+07	9.36486e+06	1.36303e+07	7.07545e+06	8.09976e+06	7.85386e+06	8.23073e+06	6.79476e+06	8.71948e+06	4.25163e+06	5.98609e+06	3.4456e+06	9.12221e+06	3.32102e+06	3.09782e+06	1.13692e+07	7.98546e+06	8.02366e+06	4.38584e+06	5.4412e+06	9.73898e+06	1.68892e+07	8.90704e+06	1.07154e+07	4.90851e+06	6.20571e+06	2.26567e+06	1.35282e+07	1.01625e+07	4.10111e+06	7.92926e+06	8.03284e+06	7.90158e+06
P00739	HPTR_HUMAN	HPR	Haptoglobin-related protein	1.82968e+06	1.59461e+06	1.16359e+06	1.86175e+06	1.53083e+06	2.00708e+06	1.83085e+06	3.62602e+06	1.53428e+06	1.76758e+06	2.34229e+06	1.90841e+06	2.1083e+06	1.77052e+06	1.01207e+06	906124	1.53433e+06	2.06817e+06	986556	1.96195e+06	1.81444e+06	1.22706e+06	1.43471e+06	676451	1.53498e+06	1.43306e+06	1.0419e+06	1.39022e+06	1.13805e+06	1.17263e+06	2.52373e+06	1.78653e+06	1.47684e+06	1.67651e+06	1.09084e+06	3.77485e+06	1.41583e+06	1.85918e+06	1.42647e+06	1.41904e+06	915152	1.16666e+06	714572	2.48968e+06	530662	1.28258e+06	1.34686e+06	1.33062e+06
P00740	FA9_HUMAN	F9	Coagulation factor IX	4.40451e+06	4.2313e+06	3.43152e+06	4.72241e+06	2.7095e+06	3.58146e+06	3.90046e+06	2.12951e+06	2.87092e+06	4.00331e+06	6.2776e+06	3.85e+06	3.90792e+06	4.13535e+06	3.99558e+06	6.6631e+06	4.06808e+06	5.83255e+06	4.39812e+06	6.0599e+06	6.87932e+06	4.68622e+06	4.81922e+06	5.84204e+06	4.53899e+06	5.59673e+06	2.78061e+06	5.20821e+06	2.9925e+06	2.65261e+06	3.80478e+06	4.79057e+06	5.74752e+06	3.48496e+06	3.40239e+06	3.66922e+06	5.87586e+06	4.16196e+06	5.20534e+06	3.05838e+06	4.25926e+06	4.49024e+06	6.11145e+06	4.01331e+06	2.49831e+06	4.51002e+06	4.55332e+06	4.30453e+06
P00742	FA10_HUMAN	F10	Coagulation factor X	3.02514e+06	3.01431e+06	2.11532e+06	3.08737e+06	1.63708e+06	1.57024e+06	1.7086e+06	1.39136e+06	1.58391e+06	905178	991307	1.7461e+06	690108	790334	1.2253e+06	2.06422e+06	1.69906e+06	1.25709e+06	1.14244e+06	1.92701e+06	2.00877e+06	1.8048e+06	1.21959e+06	2.26042e+06	2.35281e+06	1.38629e+06	1.54103e+06	1.89539e+06	1.42053e+06	1.33763e+06	1.40212e+06	1.68845e+06	1.97582e+06	1.58474e+06	1.77021e+06	966587	1.26455e+06	1.08839e+06	1.69924e+06	2.0753e+06	1.54428e+06	1.49662e+06	1.66194e+06	2.19261e+06	2.40755e+06	1.36312e+06	1.35747e+06	1.38772e+06
P00746	CFAD_HUMAN	CFD	Complement factor D	728541	816077	816813	822836	2.00533e+06	640618	865858	785026	789468	417566	546145	791348	849303	529976	817175	1.27211e+06	990837	765976	1.47852e+06	376209	366966	1.5637e+06	2.16782e+06	723540	1.28886e+06	1.86845e+06	858697	825363	900550	890491	814184	683010	734822	531399	819808	1.65541e+06	785976	1.74183e+06	967104	669727	607500	872992	477683	1.40649e+06	1.50173e+06	886520	896122	867289
P00747	PLMN_HUMAN	PLG	Plasminogen	3.98858e+06	4.27439e+06	4.49255e+06	4.09677e+06	4.37565e+06	5.62028e+06	3.85884e+06	5.17365e+06	4.26334e+06	4.69122e+06	3.37121e+06	3.88531e+06	4.03664e+06	3.26576e+06	4.10127e+06	4.62196e+06	4.27277e+06	4.07782e+06	3.94169e+06	5.21035e+06	5.33352e+06	3.30959e+06	2.88916e+06	3.30701e+06	3.45987e+06	2.84449e+06	3.52411e+06	4.2499e+06	3.601e+06	3.74235e+06	4.97098e+06	4.77908e+06	4.83314e+06	4.02328e+06	3.51722e+06	3.77784e+06	3.16573e+06	4.70455e+06	4.11211e+06	3.35384e+06	3.17647e+06	2.59144e+06	3.87844e+06	3.88873e+06	2.80058e+06	3.28676e+06	3.1282e+06	3.27391e+06
P00748	FA12_HUMAN	F12	Coagulation factor XII	181728	178121	670591	175401	273866	303005	220519	906853	764177	611564	189765	227449	321503	269178	403960	250448	233743	243655	224832	604781	625873	217719	309767	137893	104570	259607	418422	223774	429687	429096	796250	254249	239686	635880	275972	222672	658971	632994	367892	165412	161997	56730.1	306787	269414	164086	266929	249311	268366
P00751	CFAB_HUMAN	CFB	Complement factor B	5.81015e+06	6.37663e+06	5.66798e+06	5.7144e+06	4.38623e+06	6.02589e+06	7.42054e+06	6.1704e+06	5.78058e+06	8.55094e+06	7.90998e+06	7.5157e+06	5.54923e+06	7.23157e+06	7.50524e+06	5.87002e+06	9.24379e+06	5.0019e+06	6.3716e+06	1.00655e+07	1.03807e+07	4.52054e+06	4.1043e+06	8.70183e+06	6.88729e+06	3.99997e+06	5.96432e+06	9.68802e+06	5.8963e+06	5.81684e+06	6.77796e+06	7.41127e+06	7.08749e+06	7.27748e+06	6.53166e+06	9.67517e+06	9.49333e+06	6.57406e+06	6.76536e+06	4.98251e+06	6.48907e+06	6.20399e+06	7.14763e+06	9.52163e+06	4.68235e+06	5.79461e+06	5.62581e+06	5.919e+06
P00915	CAH1_HUMAN	CA1	Carbonic anhydrase 1	357222	394562	92021.7	374450	383070	888048	532528	434469	111621	58052.9	466341	495257	118752	187194	131022	110875	505903	507563	387418	495083	442603	1.3767e+06	165406	97738.9	119516	160286	53078.1	415348	60959.6	65292.2	401174	519900	563878	258818	205391	132543	37542.8	108730	77334	111409	615362	615500	130908	101425	128971	287626	287848	285223
P00918	CAH2_HUMAN	CA2	Carbonic anhydrase 2	116841	128665	15157.5	119231	72722.7	175480	61166.7	55674.4	12670.8		60757.4	62792.3	16918.7	16854	13310.5	12088.8	73361.2	67581.8	92014.5	107554	118279	332480	32645.3	29080.3	8872.08	37149.7	28029.4	97147.1	18742.3	16972.6	48048.9	62514.5	53326	49194.6	20557.8	18978.7		10234.5	16131	16584.1	144492	164892	18288.4	16244.6	44742.7	45168.8	40938	42935
P00966	ASSY_HUMAN	ASS1	Argininosuccinate synthase		7081.29		5495.58		4436.3								36013.7		4201.84				6492.3															14901.2						5804.3	1540.02				5377.35		
P01008	ANT3_HUMAN	SERPINC1	Antithrombin-III	2.60933e+06	2.80568e+06	2.8052e+06	2.91102e+06	2.7986e+06	3.31314e+06	1.51609e+06	3.71807e+06	3.1279e+06	2.42126e+06	2.66073e+06	1.37582e+06	4.2942e+06	2.65463e+06	3.60815e+06	2.55593e+06	3.54097e+06	4.06948e+06	2.81593e+06	4.16042e+06	4.15139e+06	2.33282e+06	3.9397e+06	1.78446e+06	2.98405e+06	3.77117e+06	2.74435e+06	3.2202e+06	2.75473e+06	2.81668e+06	4.28649e+06	2.47763e+06	2.355e+06	1.58751e+06	2.81162e+06	4.63501e+06	4.9284e+06	5.4003e+06	2.73584e+06	2.47571e+06	1.83644e+06	2.16809e+06	2.41189e+06	4.23877e+06	2.28251e+06	2.86357e+06	2.8761e+06	2.84286e+06
P01009	A1AT_HUMAN	SERPINA1	Alpha-1-antitrypsin	6.17354e+06	6.89172e+06	6.86762e+06	6.62551e+06	5.81848e+06	7.72407e+06	8.57667e+06	8.48528e+06	6.62185e+06	9.72692e+06	1.0522e+07	8.94834e+06	8.47033e+06	8.73041e+06	8.41961e+06	7.54108e+06	1.03862e+07	9.24855e+06	1.05169e+07	1.15434e+07	1.13262e+07	1.03084e+07	9.51662e+06	1.00896e+07	6.96762e+06	8.97028e+06	8.60593e+06	1.02517e+07	7.47373e+06	8.07002e+06	8.79219e+06	6.64663e+06	6.41786e+06	9.19974e+06	9.36262e+06	9.66928e+06	1.11047e+07	8.12713e+06	8.34314e+06	8.9122e+06	8.47724e+06	6.31752e+06	1.34569e+07	8.87907e+06	6.43205e+06	8.42089e+06	7.98199e+06	8.68464e+06
P01011	AACT_HUMAN	SERPINA3	Alpha-1-antichymotrypsin	5.63822e+06	6.03764e+06	5.51319e+06	5.71535e+06	3.81252e+06	4.27163e+06	7.48513e+06	4.66215e+06	5.6272e+06	7.46353e+06	1.01281e+07	6.99612e+06	4.35379e+06	7.8647e+06	5.41311e+06	8.53637e+06	1.02198e+07	9.20844e+06	9.51019e+06	1.04447e+07	1.06125e+07	9.472e+06	7.67339e+06	8.28959e+06	8.96898e+06	7.34138e+06	4.99813e+06	1.00636e+07	4.66603e+06	4.58396e+06	7.38552e+06	7.29065e+06	6.8315e+06	8.88247e+06	1.11166e+07	1.0139e+07	1.02011e+07	7.68342e+06	7.8046e+06	7.40375e+06	5.92379e+06	6.09439e+06	1.0797e+07	9.10131e+06	4.62696e+06	7.74014e+06	7.69895e+06	7.99847e+06
P01019	ANGT_HUMAN	AGT	Angiotensinogen	2.01633e+06	2.0004e+06	2.881e+06	2.09378e+06	2.43286e+06	2.02956e+06	3.13193e+06	3.27265e+06	2.43301e+06	3.08323e+06	3.46474e+06	3.07595e+06	2.9576e+06	2.37179e+06	2.11479e+06	4.63011e+06	4.82808e+06	2.6467e+06	5.01887e+06	4.77418e+06	4.76821e+06	5.02554e+06	4.29017e+06	4.37824e+06	2.5463e+06	4.02688e+06	2.65934e+06	4.71889e+06	2.66435e+06	2.7039e+06	2.83495e+06	3.02291e+06	2.89736e+06	2.95652e+06	4.31353e+06	3.20576e+06	2.81205e+06	5.6678e+06	2.79954e+06	3.87063e+06	2.49609e+06	4.29872e+06	3.76772e+06	3.45574e+06	2.09943e+06	3.13633e+06	3.28655e+06	3.15915e+06
P01023	A2MG_HUMAN	A2M	Alpha-2-macroglobulin	2.50734e+06	2.34181e+06	3.11829e+06	2.4546e+06	5.83143e+06	1.87782e+06	2.01893e+06	3.57586e+06	3.44075e+06	3.92999e+06	4.67393e+06	2.91686e+06	4.26539e+06	4.96866e+06	3.07187e+06	1.46791e+06	2.65213e+06	2.84809e+06	1.71157e+06	2.16902e+06	2.1134e+06	2.46967e+06	1.86345e+06	1.83734e+06	3.07939e+06	2.22135e+06	2.51244e+06	2.57552e+06	2.49549e+06	3.10741e+06	2.82729e+06	4.11623e+06	3.04096e+06	2.49177e+06	3.00569e+06	9.20762e+06	3.73403e+06	2.79678e+06	3.69163e+06	3.64337e+06	897160	1.89754e+06	4.04759e+06	1.88383e+06	2.54307e+06	4.39094e+06	4.40774e+06	4.50741e+06
P01024	CO3_HUMAN	C3	Complement C3	6.61186e+06	6.93573e+06	6.55144e+06	6.95815e+06	7.66953e+06	5.78177e+06	7.29994e+06	7.93984e+06	6.562e+06	9.79847e+06	8.30833e+06	7.70403e+06	1.05751e+07	6.91908e+06	8.04322e+06	5.73982e+06	8.36505e+06	7.92791e+06	5.63139e+06	9.811e+06	1.00525e+07	7.99329e+06	6.30154e+06	5.44968e+06	5.9947e+06	6.38172e+06	7.20364e+06	8.14168e+06	6.82538e+06	6.96098e+06	8.20251e+06	6.62318e+06	6.69078e+06	8.11172e+06	5.15923e+06	9.2905e+06	1.07494e+07	7.63861e+06	5.56565e+06	6.39337e+06	4.24099e+06	4.33516e+06	1.0689e+07	7.7875e+06	5.69106e+06	6.70619e+06	6.46579e+06	6.39001e+06
P01031	CO5_HUMAN	C5	Complement C5	3.45474e+06	3.7423e+06	3.31697e+06	3.67168e+06	2.67002e+06	2.45504e+06	3.03751e+06	2.28134e+06	3.0153e+06	3.0524e+06	2.72285e+06	2.95146e+06	2.67918e+06	2.94297e+06	2.80061e+06	3.09854e+06	3.53561e+06	3.28674e+06	2.60734e+06	3.16833e+06	3.11572e+06	2.02688e+06	2.69461e+06	2.70423e+06	3.31988e+06	2.76918e+06	2.80967e+06	3.63684e+06	2.61757e+06	2.59833e+06	3.11542e+06	3.43799e+06	3.97659e+06	2.78177e+06	3.46198e+06	3.83495e+06	2.7969e+06	2.80571e+06	3.53419e+06	2.78051e+06	2.94148e+06	3.38569e+06	2.52936e+06	3.94775e+06	2.16324e+06	2.31825e+06	2.36266e+06	2.33385e+06
P01033	TIMP1_HUMAN	TIMP1	Metalloproteinase inhibitor 1	12132.2	13026.4	15473.1	9162.95	6554.2	3715.69	4977.47	3221.67	2706.65				3734.53	4776.55	5959.82	33982.2	8286.38	8835.12	17331.7	32836.9	32538.8	27099.2	21743.7	66214.7	7554.95	23911	14379.1	11994.3	8848.73	7019.03	4305.63			7551.34	5091.91	12657.1	14317.2	7068.94			21099.4	13640.2	32594.4	25723.7	30812.1	6137.67	6975.9	6675.84
P01034	CYTC_HUMAN	CST3	Cystatin-C	8918.24	6829.73	12038.1	10040.2	32129.9	11157	7527.06	5002.32	9586.23	31629.7	30406.8	8970.61	34769.3	41375.4	16868.7	57208.1	13118.3	32065.3	42935.8	22590.7	22464.9	104413	51457.7	24855.2	37158.6	58944.1	15021.9	17016.7	12581.2	18482.8	7222.04	9420.89	10773	12509.3	17674.9	73237.5	41401	37673	6506.72	10948.2	12670.1	25331.3	29977.7	38255.2	31031.5	44749.9	43217.3	43147.7
P01037;P01036	CYTN_HUMAN;CYTS_HUMAN	CST1;CST4	Cystatin-S		3712.1	2344.61				3758.15		5552.62	17132.6	5766.61		8189.86			4522.35	4158.21	4099.6							5152.76	5589.35	1489.29	4292.43	2606.72	13001.9	8118.64	4622.64	5753.86	5333.91	4126.03				5541.48	10335.5				4505.42	18037.6	3900.24	5665.69	6788.61
P01040	CYTA_HUMAN	CSTA	Cystatin-A	14645.5	10293.5	11631.4	8623.03	8558.06		6766.05	5447.75	6237.49	5491.21		6603.04			9586.02	23690				8143.78	13792.6	11127		20557.7	11019.2	15330.9	11760.8	25644.4	12589.6	41754.8	9894.15	10201.5		12178.9				9802.37		35661.3	7850.75	8190.11	10642.7		10276.5	17021.2	9325.58	13199.8
P01042	KNG1_HUMAN	KNG1	Kininogen-1	4.22233e+06	4.58128e+06	4.27857e+06	4.11226e+06	4.15952e+06	3.26909e+06	3.29317e+06	4.27554e+06	4.56728e+06	5.28914e+06	4.58213e+06	3.43871e+06	6.10752e+06	5.88616e+06	4.23007e+06	4.03256e+06	2.95237e+06	3.337e+06	2.43212e+06	3.84987e+06	4.05885e+06	3.31842e+06	3.878e+06	3.59868e+06	3.56887e+06	4.07543e+06	2.64613e+06	3.01409e+06	2.50359e+06	2.62085e+06	4.28235e+06	3.30271e+06	2.82393e+06	3.28994e+06	2.13308e+06	3.83938e+06	5.40825e+06	3.52288e+06	3.37427e+06	3.71156e+06	1.57647e+06	1.79372e+06	3.9161e+06	3.11362e+06	3.08353e+06	3.24202e+06	3.4608e+06	3.19776e+06
P01130	LDLR_HUMAN	LDLR	Low-density lipoprotein receptor	10878.9	13234.1	22946.3	11793.8	22748.4	32332.7	52840.3	18193.2	23697.3	38904	23649.7	36844.1	24333.4	28906.2	29159.6	42795.4	23411.6	25808.1	6731.58	23131.2	21103.2	34118.7	12738.2	20726.6	13808.4	13280.6	41231.7	28701	34828.3	34575.9	20482.8	43329.9	57926.2	40511.8	86727.5	22531.7	19264.9	28622.5	25298.3	72752.2	22364.6	56117.7	9143.49	23879.8	47500.3	20458	22229.1	23624.3
P01137	TGFB1_HUMAN	TGFB1	Transforming growth factor beta-1 proprotein	262205	237358	348443	257272	135373	323352	185864	247879	297924	218803	119271	195146	204792	157627	245382	327882	16054.8	114892	22844.6	145374	147391	101108	203905	454499	105420	207730	160199	21932.1	171324	168515	279678	141228	187726	165542	19639.7		180112	11640.6	50159.8	56044.5	206650	125987	310839	55586.1	200775	132767	112809	121248
P01591	IGJ_HUMAN	JCHAIN	Immunoglobulin J chain	1.96756e+06	1.78445e+06	2.69495e+06	1.88887e+06	2.84056e+06	2.78862e+06	2.181e+06	3.84602e+06	2.73747e+06	2.04338e+06	2.94657e+06	2.19725e+06	4.09619e+06	3.84121e+06	2.9225e+06	2.03717e+06	1.96762e+06	2.16463e+06	2.65197e+06	2.12018e+06	2.05935e+06	2.25909e+06	1.18006e+06	3.49198e+06	2.50767e+06	1.12226e+06	2.34127e+06	1.83948e+06	2.61354e+06	2.25065e+06	3.33391e+06	2.33268e+06	2.56419e+06	1.48247e+06	1.41375e+06	606616	1.56058e+06	1.15618e+06	2.4621e+06	4.38764e+06	2.02409e+06	2.62451e+06	2.02899e+06	1.28595e+06	2.03076e+06	2.10114e+06	1.93378e+06	2.01509e+06
P01593;P01594	KV133_HUMAN;KVD33_HUMAN	IGKV1-33;IGKV1D-33	Immunoglobulin kappa variable 1D-33	539406	515421	510639	530798	2.65847e+06	681742	866807	1.19568e+06	554327	1.67593e+06	777968	965025	1.08447e+06	1.29627e+06	3.09362e+06	508963	1.12562e+06	817859	691795	562602	595066	3.16816e+06	435178	823219	681259	450360	2.25433e+06	1.00668e+06	2.42285e+06	2.39789e+06	537664	689847	797744	649132	719610	384292	815957	846841	790553	1.11033e+06	1.37015e+06	665805	1.51264e+06	748090	885748	970256	1.18855e+06	936388
P01597;P04432	KV139_HUMAN;KVD39_HUMAN	IGKV1-39;IGKV1D-39	Immunoglobulin kappa variable 1-39	56088.3	59545.1	158908	49480.6	237232	176196	100243	148122	213857	240908	205031	158203	405371	353101	837430	63628.7	96374.3	150017	218670	90123.5	76331.5	734068	110908	287835	105183	89715.8	126212	115076	154946	179629	201937	243872	186062	172399	80837.7	237906	239378	133974	327196	259380	124960	97747.4	160369	85196.2	137673	223457	202955	198288
P01599	KV117_HUMAN	IGKV1-17	Immunoglobulin kappa variable 1-17	79013.5	89503.6	216832	92343.8	187325	133268	47245	81421.6	53758.3	240582	118903	98036.8	109625	215943	74088.7	312387	414107	175595	191241	187390	185371	420155	243769	378083	157047	257105	154904	394435	114629	130301	61162.3	17722.8	51865.7	81310.6	206426	193036	473444	202909	43400.8	146267	137629	236540	373300	286794	397621	169842	141312	148927
P01601	KVD16_HUMAN	IGKV1D-16	Immunoglobulin kappa variable 1D-16	25956.1	21577.8	64374.1	30378.3	105177	142652	43773.3	203463	106809	37970.3	574228	77378.3	209335	103076	194898	48553.7	103896	61043.6	35802.4	31495.5	25260.7	66770.2	39417	57597.1	48549.6	39752.8	33157.3	68219.4	55365.6	47817.4	63428.7	66200	48496.8	131081	423441	161137	47127.3	109720	148327	173615	20090	36029	104201	22609.7	99714.3	62686.8	74349.8	47586.7
P01602	KV105_HUMAN	IGKV1-5	Immunoglobulin kappa variable 1-5	65239.8	79167.5	616573	37748.6	230330	932140	73984.1	306731	561452	116715	530164	401463	399930	850638	601377	85383.9	152272	242972	43918.5	123841	221217	274189	135802	85399.7	484784	252440	96378.1	109565	154184	98142.7	672230	852093	637599	410726	573189	694338	575992	245844	516774	221633	49458	239172	285764	63461.8	133805	269581	673032	694776
P01619	KV320_HUMAN	IGKV3-20	Immunoglobulin kappa variable 3-20	1.87105e+06	1.61503e+06	3.57595e+06	2.0137e+06	4.48522e+06	4.11365e+06	3.67163e+06	3.45567e+06	3.84814e+06	4.04935e+06	3.06981e+06	3.714e+06	5.19248e+06	3.19676e+06	5.21039e+06	3.37211e+06	3.88579e+06	4.68131e+06	3.3541e+06	3.23538e+06	2.87407e+06	9.60363e+06	5.00051e+06	7.0312e+06	4.22813e+06	4.98593e+06	6.83125e+06	4.29888e+06	5.24051e+06	5.06398e+06	2.22945e+06	3.02517e+06	4.02051e+06	3.76995e+06	3.16713e+06	4.65416e+06	2.45806e+06	4.16267e+06	4.28934e+06	4.79221e+06	2.83397e+06	4.66106e+06	5.66613e+06	2.88965e+06	4.87759e+06	4.75531e+06	5.05038e+06	4.87874e+06
P01699	LV144_HUMAN	IGLV1-44	Immunoglobulin lambda variable 1-44	1532.95	1753.33	1035.81		3024.13	3424	1018.57					3835.73			10185.1	1572.38			1282.55		2970.87	6107.36	3754.36	12852.1	3774.36	5647.41	6560.68	3406.95	6011.9	3226.78		3374.33			1383.62		3325.26		5650.4	3853.69	5204.84	2600.42			3993.96	5965.25	5480.2	6575.58
P01700	LV147_HUMAN	IGLV1-47	Immunoglobulin lambda variable 1-47	673334	781599	673935	735684	885209	511785	605451	800498	406115	1.75744e+06	704475	646808	1.19254e+06	1.09369e+06	1.06379e+06	680429	557802	1.02089e+06	583925	493395	581372	1.56011e+06	1.74564e+06	1.34743e+06	591759	2.06656e+06	1.09576e+06	681587	743222	725225	693599	559041	530664	738305	319068	385509	662091	604099	787059	1.25284e+06	1.03183e+06	1.59199e+06	919153	491355	1.08996e+06	939238	649630	889403
P01701	LV151_HUMAN	IGLV1-51	Immunoglobulin lambda variable 1-51	188392	184939	423981	177286	176452	169195	176020	125656	238741	206752	122976	144277	541681	311788	370569	449434	284182	142680	363033	186238	248266	471615	238589	790195	284650	326120	1.36829e+06	375701	1.34054e+06	937345	326944	122566	181973	221507	179208	305940	140014	224177	273744	440722	538796	256479	505413	293001	520920	616073	494023	659601
P01703	LV140_HUMAN	IGLV1-40	Immunoglobulin lambda variable 1-40	45441.5	42583.3	152143	58052.1	186842	141254	90243.3	172131	177376	97514.8	100822	100829	115480	144329	529401	101308	173952	191798	101393	90900.4	87486.6	367556	262119	278387	63246.4	229249	367251	169154	422161	386751	156749	141573	177433	171006	109826	64110	2.2525e+06	173160	211034	257506	87707.1	78496.3	248074	839856	167227	210749	220353	226146
P01704	LV214_HUMAN	IGLV2-14	Immunoglobulin lambda variable 2-14	3846.82		11360.9	4634.48	4115.19	8886.18	4517.2	4028.5	12959.7					6430.64	28347.3	9662.3	18907.3		3819.7		5014.97		89423.7	650376		113407		14862.7						7322.29	95837.6	7817.04		43638.6	6185.11	8452.45	3369.7	38158.4		9554.3	41728.9	72552.8	65882.9	61621.5
P01706	LV211_HUMAN	IGLV2-11	Immunoglobulin lambda variable 2-11	71371.8	77584.2	206430	87244.5	352726	80699.4	26115	74735	246348	151562	29342.3	27929.4	114882	99132.1	255394	52882.6	58157.4	298715	90080.6	71133.7	103900	873382	106481	73075.5	39131.1	112337	196037	66509.7	153087	166742	76274.3	40820.8	41351.6	151777	17731.2	39714.2	149615	101413	31109	79905.2	104224	55273.2	139557	99357	110879	132182	142383	102309
P01709	LV208_HUMAN	IGLV2-8	Immunoglobulin lambda variable 2-8	111851	100546	502345	109397	408932	490423	155653	194246	468576	243285	96412.6	164490	171380	123714	184492	158373	385815	218039	138928	163250	174695	290075	223511	595108	185053	216009	420608	451692	331876	267598	122619	242429	280092	151764	217390	118205	160290	231595	142957	664815	220575	507768	290779	190176	446759	131922	201376	169624
P01714	LV319_HUMAN	IGLV3-19	Immunoglobulin lambda variable 3-19	17118.5	16716	16811.9	19700.1	16940.7	12925.9	11668.9	8298.56	18316.6	7317.88	14107.4	12696.4	15638.8	16944	80820.6	10336	20301.4	25248	19551.3	11581	8770.28	69316.7	25975.7	40971.9	13402.5	25847.8	8333.14	15009	11669.6	13817.2	42949	10217.4	12090.7	13028.8	9550.65	10122.4	15408.4	22438.4	21778.4	32000.6	22011.4	16868.7	37444	10515	22844.9	20194.4	17741.8	21033.5
P01717	LV325_HUMAN	IGLV3-25	Immunoglobulin lambda variable 3-25	21354	19171.8	28357.9	22755.9	44957.6	17278.5	55370	63304.2	32129.2	40016.7	38175.1	50646.5	46753.9	59826.7	92840.8	41126.8	35363.4	24623.3	57394.1	39786.1	40268.4	103680	38648.1	84263.6	17974.6	36217.4	34253.6	36962.6	33150.2	27627.5	73916	50240.4	54598.1	32544.1	25825.2	26387.8	55556.7	45563.3	44347.6	66654.2	57319.4	35989.5	20666.2	30291.2	49279.1	28649	38000.8	32961.9
P01718	LV327_HUMAN	IGLV3-27	Immunoglobulin lambda variable 3-27	87592.8	90196.4	149709	85699.3	104087	30327.2	54629.2	33044.5	121809	144908	64695.2	56544.4	147641	132253	92767.6	157253	68874.1	51120.8	39671.9	46146.6	36698.3	122322	43586	79694.2	77836.4	47088	102906	58112.8	83093.2	87481.8	397108	122037	110328	190728	38091	83882.7	75271.3	95816.9	56168.4	143811	67980	173767	49059.2	45652.6	77500.4	44579.2	48460.1	39885
P01721	LV657_HUMAN	IGLV6-57	Immunoglobulin lambda variable 6-57	120530	119824	334909	128500	389392	317904	82857	710648	549599	344184	234322	87379.7	287805	540257	693724	152077	178824	244385	231143	63237.6	101817	526611	330465	241260	187848	277872	754218	144052	1.22011e+06	1.07686e+06	619854	603472	349906	217169	108106	122930	572646	345198	153195	453629	320697	331732	122681	113738	315698	321002	353632	296968
P01742	HV169_HUMAN	IGHV1-69	Immunoglobulin heavy variable 1-69	15815.7	13217.7	23553.3	16589	79692.5	22515.3	35119.5	30744.7	32162.5	59917.3	66758.5	42929.6	105176	93578.6	1.22386e+06	17823.2	29226.6	58594.4	33688.9	23837.2	21285	57552.7	35839.9	74688.1	29265.3	36865.6	57704.2	25900.3	59638.9	62490.1	62904.5	60513.3	43523.5	27178.9	14338.2	72609.8	445475	56750.6	67637.7	82159.1	97663.8	15188	39654.3	135941	62796.4	61165.9	62180.3	60578.9
P01743	HV146_HUMAN	IGHV1-46	Immunoglobulin heavy variable 1-46	66271.5	74664.2	151853	72350	176263	143025	66487.3	270440	155581	145951	102714	63580.8	157404	183057	441427	129142	72305.7	325495	130250	90626.1	79873.9	98223.9	276982	278742	286104	327399	209438	69206.6	234368	241665	103588	110272	142991	105254	67291.8	117961	416423	86071.6	120151	170861	180071	191179	239751	275477	137149	250885	244078	248471
P01764	HV323_HUMAN	IGHV3-23	Immunoglobulin heavy variable 3-23	1.53607e+06	1.59813e+06	2.42317e+06	1.51317e+06	2.40684e+06	2.60576e+06	1.48274e+06	2.04485e+06	2.51525e+06	3.1321e+06	1.69866e+06	1.70645e+06	3.27268e+06	2.83247e+06	2.02723e+06	1.14741e+06	2.65776e+06	2.57002e+06	1.22053e+06	1.57582e+06	1.4765e+06	3.74325e+06	1.35485e+06	3.2287e+06	1.51449e+06	1.37511e+06	2.85674e+06	2.40076e+06	3.32908e+06	3.21464e+06	1.86877e+06	1.91423e+06	1.85488e+06	1.75493e+06	1.66346e+06	1.79724e+06	1.13033e+06	2.56034e+06	1.54177e+06	3.20518e+06	1.56577e+06	1.58432e+06	2.5774e+06	1.34457e+06	2.96744e+06	2.4285e+06	2.56796e+06	2.57674e+06
P01767	HV353_HUMAN	IGHV3-53	Immunoglobulin heavy variable 3-53								20141.8	19053	18774.1	36123.4	15491.2	41357.4	93274.1	53041.3																14062	36149.1	32955.6		10576.4	45610.3	25660.8		15837	41964.7						24333.6		25275.7
P01768;P0DP03	HV330_HUMAN;HVC05_HUMAN	IGHV3-30;IGHV3-30-5	Immunoglobulin heavy variable 3-30	47542.3	38417.6	26396.9	26190.8	24214.3	22539.6		20870.5	26403	65704.6	148016		125038	42847.2	92891.4	9304.45	56406.4	40647.7	13218.8	7256.22	6159.53	87034.6	15090.7	50509.3	35066.9	30047.5	58020.7	17046.6	62733.9	73109.2	38219.9	49751.8	22339.8	15468.2	12391	24338.7	30144.1	32747.1	9719.21	44918.9	18253.6	6859.16	34583.2	5900.17	11579.3	73045.5	77350.2	76182.5
P01780	HV307_HUMAN	IGHV3-7	Immunoglobulin heavy variable 3-7	955235	1.00306e+06	2.30667e+06	1.14967e+06	2.21588e+06	2.55311e+06	1.21108e+06	2.77184e+06	2.94735e+06	2.76298e+06	1.36884e+06	1.52332e+06	3.57299e+06	2.57552e+06	2.64932e+06	1.73243e+06	1.36972e+06	2.11967e+06	1.16842e+06	1.39557e+06	1.28087e+06	3.29636e+06	1.22968e+06	2.82739e+06	1.48937e+06	1.2161e+06	1.93979e+06	1.60369e+06	2.18926e+06	2.38082e+06	3.04369e+06	2.08895e+06	1.62068e+06	1.86523e+06	937384	1.87311e+06	1.44037e+06	2.25433e+06	1.84539e+06	4.61218e+06	1.72021e+06	1.94815e+06	2.61373e+06	1.02612e+06	3.18931e+06	1.76799e+06	1.86465e+06	1.85765e+06
P01782	HV309_HUMAN	IGHV3-9	Immunoglobulin heavy variable 3-9	37022.3	39944.3	48235.8	47921.2	21794	31100.1	42195.6	52354.4	60599.5	26234.9	43697.1	29112.8	34057.6	32587.1	65107.6	40891.7	23509.6	61044.8	24284.9	25226.6	28835.2	86038.4	31432.4	57823.1	28388.7	25798.5	46580.4	20880.5	39481.4	53571.8	42369.3	47210.1	48552.4	52083.6	27661	35704.7	35146.2	77191.5	45778.6	89038.8	60138.1	80256.8	78593.7	20878.5	45033.9	35678.3	30324	33918.6
P01824	HV439_HUMAN	IGHV4-39	Immunoglobulin heavy variable 4-39	16027.8	32979	30849.6	30945.6	48091.5	42459.9	16991.9	27733.5	35932	34937.3	26440.5	30151.7	36679.7	61852.4	71937	9702.31	29205.3	24829.2	43147.9	21324.9	22450.9	95840.8	54874.6	50319.6	36890.7	40064.1	50931.4	22252.7	45573	55078.8	34805.8	41237.6	24817.7	54487.7	9902.11	46886.7	49654.9	31831.5	44125.6	73716.5	31482.7	45561.6	57646.5	36404	48570.9	41931.8	51427	46956.3
P01833	PIGR_HUMAN	PIGR	Polymeric immunoglobulin receptor	60565.6	59971.8	104265	61437.7	153094	75416	118625	64580.1	106250	87496.8	53257.6	120176	146395	121716	409813	141300	78993.1	142919	298277	199434	206573	74057	237002	461278	152769	202679	797348	71178.5	556855	603151	183697	66297.2	68109.5	114110	176009	132309	736783	46376	53936.6	281318	56412	140384	109954	425624	405252	201579	243318	226149
P01834	IGKC_HUMAN	IGKC	Immunoglobulin kappa constant	4.54517e+06	3.9967e+06	6.68108e+06	5.10726e+06	6.94315e+06	4.96477e+06	4.8784e+06	6.79288e+06	7.55529e+06	6.28647e+06	4.85127e+06	4.47023e+06	8.41692e+06	6.28297e+06	7.56767e+06	5.46276e+06	5.92773e+06	8.29149e+06	6.72571e+06	7.21558e+06	5.0498e+06	1.00309e+07	1.83081e+07	9.5805e+06	5.65644e+06	2.35035e+07	9.5138e+06	5.98276e+06	7.54568e+06	8.16448e+06	6.48807e+06	6.57938e+06	5.08637e+06	5.27329e+06	4.51754e+06	6.04749e+06	5.86655e+06	5.28051e+06	6.97522e+06	7.52206e+06	5.55554e+06	5.81793e+06	9.20512e+06	4.88568e+06	8.94492e+06	5.27263e+06	5.5562e+06	5.35904e+06
P01854	IGHE_HUMAN	IGHE	Immunoglobulin heavy constant epsilon														23025.2	11895.3				6177.12	10662.6	7359.93	5582.93			20869																12068.5				12310.5	6242.83	5197.54	5180.19
P01859	IGHG2_HUMAN	IGHG2	Immunoglobulin heavy constant gamma 2	4.1555e+06	4.32777e+06	5.70315e+06	4.56032e+06	6.38315e+06	6.15154e+06	5.57762e+06	7.59396e+06	6.33688e+06	8.14973e+06	5.7428e+06	5.52908e+06	1.34345e+07	6.173e+06	9.34801e+06	5.43336e+06	6.95268e+06	7.74289e+06	6.75414e+06	5.5288e+06	5.51546e+06	9.62868e+06	9.59767e+06	9.72915e+06	5.0019e+06	8.88483e+06	9.0417e+06	6.54078e+06	8.52395e+06	8.76102e+06	8.83816e+06	6.47377e+06	6.37407e+06	7.43067e+06	5.89204e+06	7.08312e+06	5.81307e+06	8.9276e+06	7.73007e+06	8.96246e+06	5.45265e+06	4.7906e+06	1.05162e+07	5.14988e+06	8.34863e+06	7.21508e+06	7.38179e+06	7.06844e+06
P01860	IGHG3_HUMAN	IGHG3	Immunoglobulin heavy constant gamma 3	2.96662e+06	3.31174e+06	3.47608e+06	3.64252e+06	5.11214e+06	2.1236e+06	3.01314e+06	4.10576e+06	3.78193e+06	1.27264e+06	4.53782e+06	3.05741e+06	3.01268e+06	4.63834e+06	6.19945e+06	3.84174e+06	3.9173e+06	3.57227e+06	3.55908e+06	4.19877e+06	3.80115e+06	5.72355e+06	7.83279e+06	2.9977e+06	2.46557e+06	7.10954e+06	4.23302e+06	3.80047e+06	4.56644e+06	4.8463e+06	3.94927e+06	4.88443e+06	4.51823e+06	3.46023e+06	2.8438e+06	3.6139e+06	4.94082e+06	4.03693e+06	3.66996e+06	3.99457e+06	2.69052e+06	2.42642e+06	3.05217e+06	2.78312e+06	4.56714e+06	4.24057e+06	3.98752e+06	4.15782e+06
P01861	IGHG4_HUMAN	IGHG4	Immunoglobulin heavy constant gamma 4	1.1393e+06	1.307e+06	1.00933e+06	1.45953e+06	1.59418e+06	1.62767e+06	1.27291e+06	3.85759e+06	1.62088e+06	2.05408e+06	1.24267e+06	1.50193e+06	3.65202e+06	2.93384e+06	4.18439e+06	1.71557e+06	1.29914e+06	1.7812e+06	2.23998e+06	1.38689e+06	1.68176e+06	3.6028e+06	2.66984e+06	2.6654e+06	2.2736e+06	2.78604e+06	1.85382e+06	1.28227e+06	1.82515e+06	1.72326e+06	3.08168e+06	2.0334e+06	1.62349e+06	2.69951e+06	1.0556e+06	8.55824e+06	1.59713e+06	1.76144e+06	2.72697e+06	3.48819e+06	1.77369e+06	1.65647e+06	3.43598e+06	1.51994e+06	1.92181e+06	3.90898e+06	3.79352e+06	3.94733e+06
P01871	IGHM_HUMAN	IGHM	Immunoglobulin heavy constant mu	5.33097e+06	5.07133e+06	7.05054e+06	5.55026e+06	7.09606e+06	7.04395e+06	6.10055e+06	7.59326e+06	6.49241e+06	4.74312e+06	5.36343e+06	5.62979e+06	5.92904e+06	6.85663e+06	7.95841e+06	3.15894e+06	6.81374e+06	6.59787e+06	3.1791e+06	4.97836e+06	5.00292e+06	7.20375e+06	2.99874e+06	7.07341e+06	7.83119e+06	2.91335e+06	6.92089e+06	6.35219e+06	6.18724e+06	5.70637e+06	7.55146e+06	5.92939e+06	6.26747e+06	3.81757e+06	4.48137e+06	1.68784e+06	6.365e+06	3.73614e+06	7.4861e+06	1.11436e+07	1.63348e+06	6.0414e+06	5.1979e+06	3.98616e+06	6.14818e+06	4.88566e+06	5.01793e+06	4.88437e+06
P01876	IGHA1_HUMAN	IGHA1	Immunoglobulin heavy constant alpha 1	3.7568e+06	3.5418e+06	3.67222e+06	4.08176e+06	6.26138e+06	5.15858e+06	5.42156e+06	7.25987e+06	3.92943e+06	6.26159e+06	9.24354e+06	5.60571e+06	8.82095e+06	6.77484e+06	5.89085e+06	6.49539e+06	4.32168e+06	6.31918e+06	8.92125e+06	5.74242e+06	5.37148e+06	8.37198e+06	5.43045e+06	8.19043e+06	4.06943e+06	4.79978e+06	7.00131e+06	4.2061e+06	7.00108e+06	7.36476e+06	9.38842e+06	7.50258e+06	6.94365e+06	7.18047e+06	2.3842e+06	2.00042e+06	601505	2.8949e+06	4.87497e+06	7.92129e+06	8.18858e+06	5.74854e+06	1.4009e+07	2.95647e+06	4.27756e+06	6.01176e+06	6.15653e+06	6.0998e+06
P01889	HLAB_HUMAN	HLA-B	HLA class I histocompatibility antigen, B alpha chain	38773.7	35128.7	43308	36473.5	45243.6	53014.6	21598.5	99655.3	44278.6	14060.4	112184	28300.8	26247.8	45953.3	51817.6	10492.2	14309.1	12885.1	34004.5	51817.1	52853.2	90565.1	98452	29099.5	67831.8	103093	26984.7	9533.83	32655	27968.8	25864.4	11447.2	27980.8	57724.9	123761	32133.2	30388	23080.4	37318.4	162469	68319.4	98003.5	85579.9	27669	47525.7	33891.7	41216.3	31194.7
P02042	HBD_HUMAN	HBD	Hemoglobin subunit delta	14084.8	11630.2	13461.8	12109.2	42119.4	44761.9	76140.4	68967.8	15891	20101	148726	98080	42824.7	43684.5	22475.9	12652	48768.8	43019.2	29375.4	9114.05	8499.72	120212	7368.77	9447.29	5460.38	8534.18	4919.82	38194.2	6053.75	7646.97	44023	63839.4	57881.7	24511.1	32133.8	64544.3	15485.2	11250.1	14682.5	18549.2	25571.9	23528.2	40271.8	18110.7	10182.7	45772	47788.1	47936.7
P02144	MYG_HUMAN	MB	Myoglobin		2007.63			4257.12				2128.3			1697.02				22055.1		13134.9	20233.7	12451.5	11494.3	17184.8	5728.32	3339.26	73649.6	4424.99	3134.05			3344.19					8096.3				1946.67		6912.1	2656.02		6915.43	2640.63	14778.9	16635.3	17008.4
P02452	CO1A1_HUMAN	COL1A1	Collagen alpha-1(I) chain	3220.97	3859.39	3952	3994.18	14625.8	3830.77	2632.52		3576.58	2838.64	5655.71	4884.3				12828.9	5338.5	5818.74	6359.07	5134.19	5244.52	5313.23	8390.13	8118.94	5708.7	8356.63	10032.6	3812.3	12024.9	23006.9	4470.3		7710.12	5029.31	15300.1	8996.88	6158.28	10058.9	2683	5835.51	16770.3	21156.3	5960.92	8489.68	17372.8	7832.66	10174.7	8302.48
P02533	K1C14_HUMAN	KRT14	Keratin, type I cytoskeletal 14	430137	242614	500379	233532	243788	184768	245906	620970	462147	350111	516556	248912	261214	385339	192263	417663	220923	440205	271389	242395	238328	542769	181064	411415	455795	310760	366084	610474	307208	356554	524255	292363	326347	433844	341509	165530	171988	103747	399235	346177	365450	157102	241084	261249	360459	310345	301177	295761
P02538	K2C6A_HUMAN	KRT6A	Keratin, type II cytoskeletal 6A	90110.4	45828.9	113944	85774.1	59488.1	53982.4	103915	276110	127951	217709	140101	89501.7	67868.1	153423	41698.6	171113	55666.4	200734	84406.7	59713.2	70691	119486	38086.9	65471.9	129805	99840.4	93380.3	100055	34883.9	98894.3	203456	72397.2	111738	77018.1	77144.6	33327.1	34644.6	25647.9	140283	65501.2	131561	21120.9	75045.9	95684.3	94428.6	65602.3	72397.8	75671.9
P02545	LMNA_HUMAN	LMNA	Prelamin-A/C					9772.3	5431.43										6838.94	4412.8	3635.96	42013.5			11488.2	7948.77	10178.8	8536.62	6808.12			6217.13				3951.52	7387.94	9831.34			12409.4				7367.25		4889.34	6936.87	13234	8988.04	7884.67
P02585	TNNC2_HUMAN	TNNC2	Troponin C, skeletal muscle					3424.07											39894.5			6449.08	21840.1	23936.9	44424.3		5183.38	65286.5						6091.76			5067.97	5022.89					5467.91	42788.4			5949.17	4953.35	16172.4	15800.2	15264.7
P02647	APOA1_HUMAN	APOA1	Apolipoprotein A-I	7.55489e+06	7.49964e+06	7.52803e+06	7.58891e+06	7.05855e+06	6.30869e+06	5.60007e+06	9.61706e+06	7.33891e+06	7.14012e+06	8.08745e+06	7.05278e+06	1.07044e+07	6.01501e+06	8.48271e+06	5.22086e+06	4.90824e+06	6.39806e+06	5.6846e+06	6.33509e+06	6.38797e+06	6.11623e+06	7.26057e+06	6.92225e+06	6.24016e+06	7.66471e+06	6.03935e+06	5.05113e+06	5.35204e+06	5.97358e+06	8.0723e+06	6.88145e+06	5.8913e+06	5.62848e+06	4.17985e+06	9.16283e+06	6.12516e+06	5.69948e+06	7.15937e+06	4.58528e+06	4.90476e+06	4.19522e+06	9.42409e+06	4.97504e+06	5.31928e+06	6.31053e+06	6.63556e+06	6.67032e+06
P02649	APOE_HUMAN	APOE	Apolipoprotein E	5.11389e+06	5.70525e+06	5.60015e+06	5.43018e+06	4.63679e+06	6.55697e+06	9.02017e+06	4.45094e+06	4.99495e+06	5.17757e+06	7.19356e+06	9.25286e+06	7.04676e+06	6.44755e+06	5.32325e+06	5.2819e+06	6.15413e+06	5.78957e+06	3.66823e+06	8.30009e+06	8.29485e+06	6.57122e+06	5.45682e+06	6.54994e+06	6.12914e+06	5.2587e+06	6.35746e+06	6.88845e+06	5.63045e+06	5.38959e+06	4.0211e+06	5.00059e+06	5.27425e+06	5.67193e+06	7.55591e+06	6.17829e+06	5.28058e+06	5.56276e+06	4.44033e+06	6.82242e+06	6.45897e+06	6.37663e+06	4.3329e+06	6.31331e+06	7.64178e+06	5.56305e+06	5.69181e+06	5.53044e+06
P02652	APOA2_HUMAN	APOA2	Apolipoprotein A-II	1.58226e+06	2.40429e+06	3.14823e+06	2.0314e+06	551028	1.88977e+06	3.72958e+06	3.57472e+06	2.60593e+06	4.15636e+06	1.62486e+06	3.7569e+06	1.46855e+06	1.69491e+06	2.4315e+06	467593	1.09789e+06	707555	873573	1.53915e+06	1.86547e+06	1.75175e+06	1.75335e+06	1.1281e+06	1.33003e+06	1.52605e+06	1.45899e+06	1.84817e+06	588002	659156	2.51832e+06	3.44308e+06	561330	802160	286348	2.03587e+06	1.25987e+06	685204	452113	836188	1.38166e+06	1.51782e+06	1.45103e+06	1.57102e+06	809967	1.01391e+06	1.27618e+06	1.31575e+06
P02654	APOC1_HUMAN	APOC1	Apolipoprotein C-I	3.54708e+06	3.64764e+06	3.55136e+06	3.30713e+06	3.34365e+06	2.5776e+06	4.06959e+06	4.02333e+06	3.09993e+06	4.67172e+06	2.09425e+06	3.72655e+06	2.75011e+06	2.19236e+06	2.73622e+06	1.66187e+06	3.0661e+06	2.89448e+06	3.1093e+06	3.73078e+06	3.73517e+06	2.56405e+06	3.58629e+06	2.02174e+06	3.5147e+06	3.32206e+06	2.69803e+06	3.13167e+06	2.46517e+06	3.01772e+06	2.4857e+06	3.68401e+06	3.30542e+06	2.60095e+06	1.49229e+06	2.13329e+06	1.80747e+06	1.85798e+06	2.80998e+06	3.54914e+06	2.35151e+06	3.09606e+06	3.71332e+06	2.86872e+06	5.00889e+06	2.73906e+06	2.98696e+06	2.97146e+06
P02655	APOC2_HUMAN	APOC2	Apolipoprotein C-II	4.23785e+06	4.41195e+06	3.92782e+06	4.92985e+06	3.18984e+06	3.59342e+06	3.84722e+06	4.51336e+06	2.59698e+06	5.16063e+06	4.08198e+06	4.84878e+06	3.49772e+06	3.65136e+06	3.37544e+06	3.62563e+06	3.38459e+06	3.2786e+06	4.06566e+06	4.47526e+06	4.70796e+06	4.61428e+06	2.84377e+06	3.50839e+06	3.04794e+06	3.58283e+06	2.99675e+06	5.47454e+06	1.67783e+06	2.17928e+06	3.21669e+06	3.33457e+06	3.63271e+06	2.01951e+06	1.71109e+06	1.08338e+06	4.10867e+06	4.34322e+06	3.3604e+06	3.84687e+06	3.9787e+06	3.82965e+06	6.66936e+06	4.24959e+06	5.56184e+06	3.49649e+06	3.17226e+06	3.46571e+06
P02656	APOC3_HUMAN	APOC3	Apolipoprotein C-III	8.36337e+06	8.70752e+06	5.13624e+06	9.18949e+06	7.44036e+06	6.44094e+06	4.68775e+06	4.84754e+06	4.77834e+06	4.08042e+06	4.53881e+06	5.46067e+06	1.10939e+07	5.84167e+06	1.00692e+07	5.12474e+06	4.37759e+06	1.08017e+07	6.08135e+06	6.94869e+06	6.40473e+06	4.62758e+06	5.9463e+06	3.23462e+06	6.23463e+06	5.01065e+06	4.13496e+06	5.39112e+06	3.86027e+06	3.76193e+06	9.09443e+06	5.58417e+06	6.08131e+06	3.73307e+06	3.34336e+06	6.20607e+06	7.01949e+06	5.04184e+06	3.32791e+06	5.09002e+06	3.70231e+06	3.51591e+06	9.45024e+06	4.92235e+06	3.18845e+06	5.4878e+06	5.19739e+06	4.08731e+06
P02671	FIBA_HUMAN	FGA	Fibrinogen alpha chain	390487	452877	177927	454981	236385	140091	248424	111228	158821	239500	448269	239587	326658	268372	179264	644636	1.3366e+06	2.0516e+06	4.19027e+06	216712	167633	245180	2.5339e+06	1.03292e+06	942766	1.61046e+06	193635	485913	185614	205812	176124	271356	320741	309985	438581	1.44482e+06	303003	619344	413873	195989	488743	544560	337875	924592	565201	912522	903064	891998
P02675	FIBB_HUMAN	FGB	Fibrinogen beta chain	1.00508e+06	1.09367e+06	181827	1.05775e+06	301662	183548	276215	80441.3	176652	236625	553840	256135	372244	449765	122914	1.35501e+06	3.23152e+06	3.98224e+06	9.32437e+06	293068	256484	436178	5.32043e+06	2.55709e+06	2.90911e+06	3.35077e+06	298033	839802	319241	274892	268891	223358	241524	654242	920094	1.94299e+06	334422	1.32534e+06	705833	263794	1.28106e+06	1.13592e+06	635420	2.05861e+06	1.45012e+06	2.08503e+06	2.10968e+06	2.02671e+06
P02679	FIBG_HUMAN	FGG	Fibrinogen gamma chain	914150	982066	186098	1.00434e+06	359640	192760	277298	91084.6	187844	261655	738925	274999	589879	512779	158747	1.11594e+06	2.82164e+06	3.66863e+06	7.13207e+06	287249	272333	430992	4.36043e+06	2.4593e+06	2.36972e+06	2.81013e+06	313560	844857	327525	323685	301192	295420	297073	655472	811366	2.38919e+06	481301	1.41149e+06	756117	305584	1.11404e+06	1.04609e+06	661290	1.90791e+06	1.39381e+06	1.91764e+06	1.85454e+06	1.98517e+06
P02730	B3AT_HUMAN	SLC4A1	Band 3 anion transport protein	13238.5	14320.5	6056.41	10412.4	13998.8	33295.4	17138.9	13523.8	7394.05	5826.78	13040.7	22544.6	17691.9	19701.8	7673.68	7625.23	9455.73	6936.29	8944.6	15337.6	17537.6	31108.4	11243.4	9074.04	2623.13	9759.73	3196.09	6145.76	3467.97	4003.42	28740.4	14431.7	15406.1	11248.1	34972.6	2918.81	7678.5	12942.2	11791.2	8357.09	12217.7	27082	4497.52	6073.96	13688.7	6606.74	6529.06	8293.21
P02741	CRP_HUMAN	CRP	C-reactive protein	2.7477e+06	2.82202e+06	1.94172e+06	2.91832e+06	1.15275e+06	641751	1.2183e+07	789395	1.45169e+06	6.2913e+06	1.24781e+07	1.38481e+07	723271	4.77739e+06	4.07667e+06	1.4287e+07	1.55113e+07	9.3981e+06	1.73947e+07	1.9079e+07	2.24965e+07	1.62146e+07	1.13771e+07	1.91016e+07	1.20891e+07	1.1151e+07	4.73092e+06	1.89716e+07	4.8749e+06	4.71833e+06	1.272e+06	8.23046e+06	8.91587e+06	1.06912e+07	9.48118e+06	1.12379e+07	9.97218e+06	9.45004e+06	7.74662e+06	7.38008e+06	8.89158e+06	7.27758e+06	1.75452e+07	1.71946e+07	7.64172e+06	1.05841e+07	1.24472e+07	1.12157e+07
P02743	SAMP_HUMAN	APCS	Serum amyloid P-component	93165.5	84410.2	82835.7	89427.1	76211.5	80495.3	129815	194361	80808.1	591703	762557	315492	525866	408228	139328	347384	129367	125696	126587	132426	112877	85417.7	107188	91052.4	445261	138224	89064.5	110606	76586.8	86426.3	145922	302661	187654	391583	197036	768764	348678	246168	165336	180376	57675.3	149587	356659	176856	168939	268737	291967	265007
P02745	C1QA_HUMAN	C1QA	Complement C1q subcomponent subunit A	1.70481e+06	1.63444e+06	1.66384e+06	1.72111e+06	1.5572e+06	1.63947e+06	1.73337e+06	1.07322e+06	1.73134e+06	990244	1.49298e+06	1.7804e+06	1.81501e+06	1.25334e+06	1.57153e+06	1.28286e+06	1.27377e+06	1.59704e+06	1.35427e+06	1.51109e+06	1.28906e+06	1.39831e+06	2.9398e+06	1.58808e+06	1.72602e+06	2.78987e+06	1.2316e+06	1.34476e+06	1.58612e+06	1.36254e+06	1.45841e+06	1.49841e+06	1.846e+06	1.2218e+06	1.82651e+06	1.40072e+06	1.60354e+06	1.07989e+06	1.46825e+06	1.68754e+06	1.66959e+06	3.10838e+06	1.4872e+06	1.35844e+06	1.79611e+06	1.59013e+06	1.5054e+06	1.41048e+06
P02746	C1QB_HUMAN	C1QB	Complement C1q subcomponent subunit B	3.8947e+06	3.87878e+06	3.67819e+06	3.54854e+06	4.1516e+06	3.38491e+06	3.52299e+06	3.17363e+06	3.34887e+06	2.78243e+06	3.31225e+06	3.33498e+06	3.84867e+06	3.14767e+06	3.50418e+06	2.99853e+06	2.88784e+06	3.42101e+06	3.16614e+06	3.02038e+06	3.0096e+06	3.52263e+06	5.76416e+06	3.59713e+06	3.57627e+06	5.90344e+06	3.38989e+06	3.02952e+06	3.52763e+06	3.74597e+06	3.13789e+06	3.64624e+06	4.5408e+06	2.61199e+06	3.43751e+06	3.30725e+06	3.17114e+06	2.55946e+06	4.55551e+06	5.11517e+06	3.71482e+06	5.3279e+06	3.47599e+06	3.0453e+06	4.9596e+06	3.57545e+06	2.88138e+06	2.99154e+06
P02747	C1QC_HUMAN	C1QC	Complement C1q subcomponent subunit C	5.40274e+06	5.38365e+06	5.43024e+06	5.62915e+06	6.4957e+06	5.00502e+06	5.71416e+06	5.54149e+06	4.80182e+06	5.42942e+06	5.0349e+06	5.85277e+06	5.08719e+06	4.81518e+06	5.93799e+06	4.34376e+06	5.27556e+06	5.73916e+06	5.22179e+06	5.2567e+06	5.47706e+06	6.16353e+06	7.58291e+06	6.14491e+06	5.43915e+06	7.86542e+06	5.67732e+06	4.97384e+06	4.05011e+06	5.965e+06	4.64427e+06	6.12003e+06	6.29375e+06	4.78854e+06	4.74021e+06	3.01211e+06	5.79709e+06	4.26432e+06	6.91838e+06	8.33016e+06	5.11189e+06	8.07683e+06	5.91474e+06	5.05538e+06	6.72994e+06	5.56067e+06	5.1866e+06	5.13604e+06
P02748	CO9_HUMAN	C9	Complement component C9	4.02503e+06	4.23201e+06	3.3625e+06	4.55241e+06	3.22415e+06	2.88896e+06	3.23035e+06	2.87789e+06	3.11596e+06	3.99049e+06	4.98414e+06	3.32297e+06	2.90832e+06	3.86696e+06	3.12287e+06	4.17703e+06	5.64734e+06	4.93909e+06	4.66152e+06	6.09511e+06	5.90996e+06	4.3073e+06	5.72282e+06	4.88861e+06	4.80914e+06	5.77473e+06	4.08736e+06	6.10216e+06	3.36516e+06	3.34644e+06	3.964e+06	3.12762e+06	3.05121e+06	4.24246e+06	3.89035e+06	5.38838e+06	5.19738e+06	3.90651e+06	4.71797e+06	2.83737e+06	5.59304e+06	5.06306e+06	5.55019e+06	5.2195e+06	3.68926e+06	3.79377e+06	4.2349e+06	3.96472e+06
P02749	APOH_HUMAN	APOH	Beta-2-glycoprotein 1	1.21945e+06	1.08592e+06	1.57778e+06	1.16069e+06	1.74383e+06	1.43754e+06	1.41297e+06	2.25647e+06	1.25341e+06	1.61892e+06	2.73164e+06	1.80373e+06	4.32692e+06	2.14982e+06	2.02951e+06	1.61755e+06	1.45755e+06	1.78742e+06	2.2913e+06	2.87717e+06	2.87315e+06	1.23767e+06	1.69109e+06	613191	1.27723e+06	1.77759e+06	1.09622e+06	1.64941e+06	1.15876e+06	1.26211e+06	2.35789e+06	1.42432e+06	1.30052e+06	1.69568e+06	1.34019e+06	3.53983e+06	2.3561e+06	2.35514e+06	870429	841391	961092	1.222e+06	2.61497e+06	1.6874e+06	719486	1.49698e+06	1.43624e+06	1.43405e+06
P02750	A2GL_HUMAN	LRG1	Leucine-rich alpha-2-glycoprotein	3.34272e+06	3.57091e+06	2.74856e+06	3.18231e+06	2.91457e+06	2.1023e+06	3.52846e+06	1.8978e+06	2.32682e+06	3.45076e+06	3.20268e+06	2.67859e+06	1.7887e+06	2.22137e+06	1.89482e+06	3.43557e+06	5.09144e+06	4.23714e+06	4.41711e+06	4.54411e+06	5.22068e+06	5.09734e+06	4.27176e+06	5.43619e+06	5.32774e+06	4.4943e+06	3.05196e+06	4.23955e+06	2.58229e+06	2.66513e+06	1.93154e+06	3.19941e+06	2.0359e+06	3.70374e+06	2.74307e+06	4.78371e+06	3.21213e+06	3.76693e+06	2.62298e+06	2.87533e+06	3.5987e+06	4.10867e+06	4.38212e+06	5.90785e+06	3.22956e+06	4.40127e+06	4.32425e+06	4.46202e+06
P02751	FINC_HUMAN	FN1	Fibronectin	3.54628e+06	3.75356e+06	8.26523e+06	3.69582e+06	1.17339e+06	7.84548e+06	1.19083e+06	4.44932e+06	7.93346e+06	4.00962e+06	1.9096e+06	1.06281e+06	6.28163e+06	4.76089e+06	1.76002e+06	6.38015e+06	7.75069e+06	7.85526e+06	209542	1.62962e+06	1.62291e+06	2.63469e+06	6.60097e+06	3.2241e+06	4.87139e+06	5.49263e+06	4.88335e+06	4.37793e+06	4.76372e+06	4.77516e+06	7.67928e+06	1.17133e+06	1.28452e+06	4.76621e+06	1.69469e+06	886014	853558	1.78568e+06	4.55134e+06	2.77938e+06	4.20114e+06	4.57305e+06	3.39285e+06	1.07201e+06	4.19506e+06	3.62241e+06	3.53961e+06	3.64682e+06
P02753	RET4_HUMAN	RBP4	Retinol-binding protein 4	267643	192001	141790	220594	330216	287065	114699	344953	189468	432801	633895	152188	1.82671e+06	853674	332996	267593	113566	519868	333189	212260	191807	464630	323393	95587.8	667625	416184	136489	84925.3	138503	211719	385700	292647	220712	197566	151330	371444	337497	517765	135860	688952	56660.2	42883.6	522274	193420	505063	618351	600322	589289
P02760	AMBP_HUMAN	AMBP	Protein AMBP	5.52145e+06	5.85332e+06	5.05976e+06	5.6374e+06	9.13706e+06	6.43622e+06	5.25521e+06	3.92551e+06	4.90931e+06	4.65481e+06	4.38817e+06	3.8714e+06	4.58112e+06	4.45901e+06	6.00592e+06	5.15909e+06	3.83825e+06	6.33273e+06	7.61437e+06	5.4441e+06	5.16452e+06	4.335e+06	6.07008e+06	4.04087e+06	3.48649e+06	5.336e+06	5.09323e+06	4.10947e+06	5.10743e+06	4.78663e+06	5.54936e+06	4.73002e+06	4.94308e+06	7.48365e+06	3.88385e+06	3.09137e+06	3.82967e+06	4.1714e+06	5.41992e+06	4.52872e+06	6.09422e+06	4.72337e+06	3.49246e+06	4.66834e+06	3.77087e+06	3.79531e+06	3.37615e+06	3.55521e+06
P02763	A1AG1_HUMAN	ORM1	Alpha-1-acid glycoprotein 1	1.16787e+06	850029	1.05009e+06	990744	1.52476e+06	1.4753e+06	2.27615e+06	2.15617e+06	1.45655e+06	4.57847e+06	1.05626e+07	4.25006e+06	9.29181e+06	7.75435e+06	2.1666e+06	1.90621e+06	2.09236e+06	3.48068e+06	1.68802e+06	4.35543e+06	4.48931e+06	2.52472e+06	2.08052e+06	1.83676e+06	3.79339e+06	2.40257e+06	765692	1.93312e+06	759440	1.27467e+06	3.0896e+06	3.37146e+06	2.40623e+06	4.36598e+06	2.91763e+06	8.82376e+06	8.39719e+06	2.24979e+06	2.12533e+06	3.65044e+06	959076	1.19325e+06	8.39044e+06	3.80591e+06	1.50291e+06	4.92384e+06	5.16428e+06	4.9889e+06
P02765	FETUA_HUMAN	AHSG	Alpha-2-HS-glycoprotein	6.35061e+06	7.12291e+06	7.32157e+06	6.38353e+06	7.36021e+06	8.59031e+06	6.80494e+06	1.02728e+07	7.2829e+06	9.1572e+06	4.86596e+06	7.95449e+06	8.16069e+06	6.01017e+06	1.01427e+07	3.32627e+06	7.44829e+06	5.67494e+06	2.96915e+06	5.60208e+06	5.41175e+06	6.30389e+06	6.08323e+06	4.11385e+06	3.27107e+06	5.21082e+06	9.08144e+06	5.80286e+06	8.3756e+06	8.22098e+06	9.42236e+06	8.81449e+06	7.64205e+06	5.45904e+06	4.74321e+06	5.35728e+06	6.56895e+06	6.89695e+06	7.72403e+06	6.51293e+06	2.97024e+06	3.52073e+06	5.80091e+06	3.58369e+06	7.21435e+06	3.55958e+06	5.00831e+06	4.71962e+06
P02766	TTHY_HUMAN	TTR	Transthyretin	712018	687406	655045	717768	594817	1.54197e+06	629419	1.28517e+06	883168	1.21233e+06	1.45151e+06	768952	3.71149e+06	1.52269e+06	1.05374e+06	643964	879319	794317	534021	1.14161e+06	1.10157e+06	943279	873521	617613	859570	879888	854131	968129	835990	918030	1.60627e+06	1.57358e+06	1.12263e+06	887175	860231	1.13356e+06	1.01056e+06	1.18538e+06	859746	1.20197e+06	541364	434443	1.15688e+06	834031	676380	1.18414e+06	1.10072e+06	1.21679e+06
P02768	ALBU_HUMAN	ALB	Albumin	7.71152e+06	7.43217e+06	8.65716e+06	7.85112e+06	4.22401e+06	8.74231e+06	5.94028e+06	1.20338e+07	8.94949e+06	1.43787e+07	1.40154e+07	8.49321e+06	1.91078e+07	1.4424e+07	7.75425e+06	5.0972e+06	8.12847e+06	1.62269e+07	6.27602e+06	1.16034e+07	1.15175e+07	5.44007e+06	9.57497e+06	4.86664e+06	9.00292e+06	1.05974e+07	5.81665e+06	7.33324e+06	5.39386e+06	6.50786e+06	1.21078e+07	9.97212e+06	6.98837e+06	7.42958e+06	5.79791e+06	1.47269e+07	1.16419e+07	6.79474e+06	6.30978e+06	1.35548e+07	4.99744e+06	4.2401e+06	1.97313e+07	5.6226e+06	6.34133e+06	1.09422e+07	1.13351e+07	1.0919e+07
P02774	VTDB_HUMAN	GC	Vitamin D-binding protein	1.02173e+06	1.00348e+06	1.5269e+06	1.08336e+06	2.52932e+06	1.72387e+06	1.43627e+06	3.18768e+06	1.6453e+06	3.01242e+06	2.48716e+06	1.56715e+06	2.85232e+06	2.35911e+06	1.80264e+06	1.3419e+06	1.24424e+06	2.49152e+06	866813	2.87926e+06	2.78274e+06	1.29258e+06	1.11991e+06	718571	1.87034e+06	952819	854569	1.05983e+06	893556	1.12089e+06	3.01087e+06	1.65458e+06	1.24884e+06	1.38008e+06	1.50357e+06	3.01213e+06	4.57849e+06	2.1618e+06	1.18567e+06	1.19998e+06	397780	497138	3.88956e+06	2.51927e+06	627793	1.70384e+06	1.60207e+06	1.69696e+06
P02775	CXCL7_HUMAN	PPBP	Platelet basic protein	332530	340354	374380	337911	180675	533010	253637	403311	505398	607850	416867	341159	526129	568556	387823	421619	16548.2	150513	45034.8	265866	293745	137797	158342	320097	345956	225818	150988	21143.7	162027	181910	326941	237957	209715	302959			256133		19074	89242.6	220778	103208	572780	70211.1	233159	326814	323629	332470
P02776	PLF4_HUMAN	PF4	Platelet factor 4	2.13683e+06	1.94298e+06	2.02142e+06	2.0117e+06	1.04582e+06	1.6449e+06	1.41143e+06	1.80742e+06	2.16634e+06	2.71561e+06	1.54182e+06	1.86474e+06	2.48206e+06	3.17413e+06	1.84224e+06	4.37842e+06	109839	1.00596e+06	879877	1.46644e+06	1.46087e+06	1.00415e+06	3.18408e+06	5.86746e+06	1.81662e+06	2.70299e+06	1.12469e+06	89465.3	1.48008e+06	1.38035e+06	2.54939e+06	1.46417e+06	1.40247e+06	2.80462e+06	7118.18	25312.9	2.00274e+06		297476	633950	2.29248e+06	1.6796e+06	3.09925e+06	719803	2.29259e+06	2.01428e+06	1.88881e+06	2.16804e+06
P02786	TFR1_HUMAN	TFRC	Transferrin receptor protein 1	46955.3	48802.7	15527.3	45381.7	78376.8	16074.5	13209.6	21189.7	16788.3	34734	30496.5	20256.5	40554.2	24347.9	17237.1	25955.4	7372.01	11879	46840.6	28618	34671	14941.4	277283	55899.5	86478.5	310486	17358.6	9532.69	18018.7	21553.5	14357.2	39776.7	40901.8	42717.2	10753.2	30002.8	57678.4	7943.42	27824.6	30394	17669.1	34995.5	67387.4	15803.7	22495.5	47532	49191.9	44700.3
P02787	TRFE_HUMAN	TF	Serotransferrin	2.61984e+06	2.3988e+06	4.69088e+06	2.64139e+06	4.05435e+06	5.10253e+06	3.46456e+06	7.13912e+06	5.18125e+06	8.01694e+06	6.71532e+06	4.39692e+06	9.77181e+06	6.26893e+06	6.24364e+06	2.75671e+06	1.26677e+06	4.62451e+06	3.09237e+06	6.37345e+06	6.3964e+06	1.60313e+06	4.22223e+06	1.40027e+06	2.39007e+06	4.42644e+06	1.34637e+06	1.21344e+06	1.41362e+06	2.20315e+06	5.06478e+06	4.83394e+06	4.26714e+06	5.94142e+06	1.16117e+06	5.8555e+06	5.00499e+06	747532	1.99789e+06	5.81084e+06	839516	259329	8.17158e+06	2.02415e+06	1.12201e+06	4.46315e+06	4.67308e+06	4.57679e+06
P02788	TRFL_HUMAN	LTF	Lactotransferrin	11923.9	11896.3	12190.8	11898.5	4959.58	5570.77	13754.8	8061.4	18429.9	428575	22745.3	5519.41	18137.5	18925.7		28836.8		7642.41	38705.8	8003.51	7503.96	12941.9	10890.4	23031.7	21121.2	13162.9	15732.7	8533.8	20467.5	20680.7	18205.9	8896.67	10589.3	33457.7	2865.58	10538.4	7375.22	3857.28	9648.58	29171.3	11931.4	5401.61		5859.24	17699.6	19625.1	20664	20072.1
P02790	HEMO_HUMAN	HPX	Hemopexin	3.37658e+06	3.59762e+06	5.68896e+06	3.5714e+06	4.39384e+06	5.11175e+06	5.158e+06	5.39432e+06	5.67631e+06	8.3788e+06	7.61615e+06	6.50608e+06	8.01517e+06	6.33404e+06	5.9686e+06	5.27984e+06	7.74958e+06	1.02098e+07	2.67753e+06	1.05873e+07	1.18612e+07	6.97953e+06	6.92184e+06	5.2813e+06	3.68278e+06	6.95801e+06	3.71438e+06	7.05669e+06	4.05125e+06	4.44113e+06	7.18312e+06	5.20412e+06	5.0219e+06	7.38556e+06	8.06673e+06	7.88659e+06	1.02909e+07	7.09199e+06	5.85532e+06	5.8406e+06	2.96505e+06	1.69676e+06	1.15787e+07	8.00367e+06	2.26991e+06	5.98854e+06	6.07189e+06	6.11475e+06
P02792	FRIL_HUMAN	FTL	Ferritin light chain	13145.4	11850.5	22626.3	13834.4		27368.1	42733.5	17282.4	24615.3	34509.9	35694.1	42260.8	22653.1	63516.1	7523.77	26680.9	20065.6	30305.2	54983.1	29400.2	20661.4	56704.6	5929.85	27765.5	71037.9	8262.67	30245.3	13197.8	28443.9	29917.5	22200.7	8573.92	11715.8	9629.07	81528.8	75711.1	35458.3	79588.1	24872.6	30883.1	21979.1	99512.1	25078.6	28278.3	36692.6	17665.8	22817.8	23903.7
P02794	FRIH_HUMAN	FTH1	Ferritin heavy chain						930.192			1830.66							2494.89	1285.56	1972.86	4745.43			2003.09	1096.54		4093.03									1801.12	5108.78			2500.87			1732.58	2627.14	2157.26	1850.43	1972.97		2640.98	
P03950	ANGI_HUMAN	ANG	Angiogenin	28255.9	31445.6	44031.1	31697.1	66513.7	37918	60742.3	26845	38230.4	26734.8	49724.3	42631.7	48672.5	48773	61500.3	66819.2	32757.5	31798.4	59020	51295.9	47675.8	62173.7	63053.8	22830.5	67514.7	65393.5	19355.2	27859	21781.7	22232.5	42951.7	30674.6	35730.5	30624.9	67428.9	24619.4	48602.8	62191.8	23311.2	33189.6	38089.4	27268.8	33636.1	36797.2	23410.4	36651	42487.3	41122.2
P03951	FA11_HUMAN	F11	Coagulation factor XI	50478	54895.8	104412	64527.9	95415.9	115379	165210	133322	128842	93311.5	124678	149436	113957	72983.7	81287.1	138303	91662.6	115127	45592.9	86165	78075.7	73804.2	104335	68180	101521	106614	76150.9	88558.7	78774	74396.9	123849	107976	123342	81963.4	71139.8	73332.6	97737.7	125169	114857	31299.5	29965.2	85601.1	92277.9	82847.5	42296.6	69296.6	69619.1	68122.6
P03952	KLKB1_HUMAN	KLKB1	Plasma kallikrein	1.39936e+06	1.45631e+06	1.4699e+06	1.41678e+06	1.17178e+06	1.53364e+06	1.83895e+06	1.58165e+06	1.46741e+06	1.33625e+06	1.39413e+06	1.32623e+06	1.38483e+06	848420	859842	952758	1.4391e+06	1.07602e+06	1.12923e+06	1.0553e+06	1.06167e+06	939284	1.00756e+06	547182	919917	938094	1.12769e+06	1.10398e+06	988650	981845	1.62698e+06	1.67107e+06	1.76916e+06	1.05513e+06	1.29068e+06	685230	857012	1.40849e+06	1.38155e+06	1.07069e+06	641392	1.08185e+06	1.04402e+06	986153	688884	831155	868209	934511
P03956	MMP1_HUMAN	MMP1	Interstitial collagenase	18001.2	16015.6	4233.84	14972	18602.7	8345.45	4114.94	8339.33	2074.5	4105.3	1740.41	4033.66			5401.21	18148.9		3473.24	2645.61	7732.29	8188.88	2596.02	9221.46	13981	5810.88	7195.11	6195.31		8112.24	8915.77	5886.73	10503.3	10761.9	6553.22			19996				5273.87	7306.84	11349.8	9387.36	3898.25	5616.81	6600.65	7571.06
P04003	C4BPA_HUMAN	C4BPA	C4b-binding protein alpha chain	4.04941e+06	4.15896e+06	5.20926e+06	4.43134e+06	4.85595e+06	5.146e+06	7.45917e+06	4.62573e+06	5.1463e+06	5.81575e+06	5.85637e+06	7.16488e+06	4.04506e+06	4.53684e+06	4.82004e+06	5.78075e+06	4.93264e+06	3.27403e+06	4.40994e+06	4.79028e+06	5.23334e+06	5.79815e+06	5.21146e+06	6.00557e+06	5.82914e+06	4.62962e+06	4.40836e+06	4.51768e+06	4.54198e+06	4.35712e+06	5.62263e+06	6.70364e+06	7.48618e+06	6.9516e+06	4.62826e+06	5.13704e+06	5.12257e+06	4.28748e+06	4.49651e+06	3.2728e+06	3.48197e+06	3.37998e+06	5.85375e+06	5.15724e+06	3.8767e+06	3.61393e+06	3.51133e+06	3.5978e+06
P04004	VTNC_HUMAN	VTN	Vitronectin	7.97668e+06	7.92251e+06	8.14136e+06	7.86207e+06	6.13607e+06	9.21686e+06	8.452e+06	7.24592e+06	7.34096e+06	8.8481e+06	7.34615e+06	8.20401e+06	7.99097e+06	7.16854e+06	9.08818e+06	6.84443e+06	7.68063e+06	7.31017e+06	6.8909e+06	8.82958e+06	8.74612e+06	6.62908e+06	7.26246e+06	7.33373e+06	6.07747e+06	7.15043e+06	7.4292e+06	7.74477e+06	6.94432e+06	7.13586e+06	8.77596e+06	8.62623e+06	8.61078e+06	7.73889e+06	6.97844e+06	6.57466e+06	7.71906e+06	5.35376e+06	6.94224e+06	6.71338e+06	6.51091e+06	5.21125e+06	8.30012e+06	7.04958e+06	5.12058e+06	6.67801e+06	6.54601e+06	6.705e+06
P04040	CATA_HUMAN	CAT	Catalase	15157.6	11011.7	20258.1	8794.58	17173.8	21146.5	30819.5	23493.5	17905.7	16816.1	50551.1	28216.3	28591.1	23081	11902.9	65968.6	30094.1	26490.4	41524.3	26326.4	25214.6	65588.6	7855.75	25653.4	39721.7	13454	11636.9	41839.5	13043.4	10431.7	29098.4	22256.1	24082.9	37091.6	141198	29855	33898.2	24476.1	13029.9	19749.4	19677.3	32464.8	16288	33928.5	15705.6	25215.2	24400.3	26413.9
P04062	GBA1_HUMAN	GBA1	Lysosomal acid glucosylceramidase	2626.74		4137.02	2798.08	2301.71	5614.82		3243.94	4765.68	4104.7	6327.43	3746.44		4978.77							4304.22	3390.1	2426.05	4067.11			3146.22	3568.04	7115.85	4481.8				3593.67	2931.42	2670.51	2731.15	2147.78	5584.84	5497.11	4868.16	2431.21		1999.56	4256.13		5969.73	
P04066	FUCO_HUMAN	FUCA1	Tissue alpha-L-fucosidase	23331.5	24127.4	41463.9	21887.4	22871.7	46695.3	56221.9	21062.9	34968.7	18935.3	23048.9	51472.3	21659.7	18512.2	69231.7	22512.3	55422.8	19135.2	66898.5	91116.8	91870.5	28151.9	34600.5	45815.9	15767.5	43717.6	75834.1	61733.2	64565	69983.4	47922.6	23637.6	24700	27058.4	30041.9	21651.1	23703.4	56918.2	51156.6	69793.1	25876.8	70777.4	33294.9	27974.9	48947.4	42088.9	42824	42869.9
P04070	PROC_HUMAN	PROC	Vitamin K-dependent protein C	1.86718e+06	2.02136e+06	1.27878e+06	2.23147e+06	1.3405e+06	1.47612e+06	792240	1.09491e+06	1.07746e+06	950852	1.02025e+06	922137	1.13248e+06	1.14113e+06	1.34385e+06	984222	661816	784850	441791	972869	1.05976e+06	706603	626613	647013	1.08159e+06	623507	837298	704212	925973	873942	916352	1.61161e+06	1.6544e+06	799736	494121	608934	990998	596464	914658	694397	1.26686e+06	516709	735912	703739	646787	757627	698101	749876
P04075	ALDOA_HUMAN	ALDOA	Fructose-bisphosphate aldolase A	47334.4	47556	20801.7	42312.4	36754.7	17796.2	18889.1	18991.5	15541.7	16078.3	15864.1	17921.8	44728.3	21505.8	10362.6	33834.7	14144.1	31233.6	112417	42883.6	42721.7	56561.3	38998.1	47481	40797.3	44078.7	24010.3	16335.5	20383.2	17017.9	18878.5	8785.33	7983.1	24942.8	54995.7	12300.4	18152.4	18878.6	14948.1	18117.6	106643	78001.8	14933.6	22124.4	46921.4	28654.6	28637.1	26006.4
P04080	CYTB_HUMAN	CSTB	Cystatin-B	10049.9	9528.03			21246.4				5937.11	7928.33			28836.1	18547.9		9051.97		9765.34	54225.3			47154.7	20052	11222.8	25102.3	27119.9			19377.9	14227.3			7664.67		11099.4	17937.5	15897.5	12856.8		12641.8		7125.16	6092.28		23570.1	20955.3	20433.5	22708.4
P04083	ANXA1_HUMAN	ANXA1	Annexin A1	6748.59	5791.66	9628.07	9271.5	3712.09	6465.68	5878.13		8072.58	12756.7	8311.35		7106.1	10558.9	8216.48	12301.8	3769.61	2485.44	33697.3		6367.35		2806.09	7481.08	4558.79	4270	5439.96	4163.54	5997.42	6363.12	7742.05		3200.05	6871.78	3401.2	3231.88		2387.41	7536.9	11345.6	2280.05	5756.88		2124.33	9070.43	6564.01	6127.43	6160.02
P04114	APOB_HUMAN	APOB	Apolipoprotein B-100	6.26941e+06	6.56582e+06	9.23308e+06	6.22931e+06	5.91037e+06	7.05149e+06	8.78372e+06	7.96208e+06	8.29758e+06	9.85455e+06	9.21105e+06	9.42591e+06	7.69649e+06	6.85615e+06	8.81642e+06	7.05497e+06	6.46681e+06	7.30279e+06	3.90564e+06	7.45944e+06	7.25601e+06	7.39423e+06	5.88032e+06	5.31018e+06	6.0189e+06	5.86912e+06	6.82484e+06	6.41333e+06	6.30891e+06	6.86647e+06	6.57375e+06	9.29949e+06	9.87112e+06	6.0885e+06	5.0649e+06	7.14817e+06	1.05812e+07	6.96711e+06	5.28585e+06	1.18131e+07	6.40189e+06	3.79084e+06	9.38648e+06	8.85338e+06	6.2643e+06	6.8206e+06	6.85862e+06	6.86968e+06
P04179	SODM_HUMAN	SOD2	Superoxide dismutase [Mn], mitochondrial																																									10791.2							
P04180	LCAT_HUMAN	LCAT	Phosphatidylcholine-sterol acyltransferase	870120	898363	728889	960740	518854	951141	496970	439130	642779	468241	344386	417593	423818	299080	410370	329907	523521	203976	557228	567040	530383	334237	442686	260112	446768	398844	331489	518554	353606	302419	585351	637683	802156	578198	437970	271622	273927	508849	703408	318246	297836	396282	301573	521913	241391	325204	343537	329377
P04196	HRG_HUMAN	HRG	Histidine-rich glycoprotein	402682	336875	658338	451558	408106	389039	317163	454522	774135	510278	753188	467156	1.43305e+06	716170	493477	143594	316294	242213	464666	380553	329356	514837	388329	366155	293494	430223	427075	278475	538661	528475	408635	576659	567948	307902	325694	932286	523389	424230	665199	375180	190485	393674	628346	223516	753444	446029	440325	453489
P04217	A1BG_HUMAN	A1BG	Alpha-1B-glycoprotein	4.40081e+06	4.72052e+06	4.32329e+06	4.77279e+06	3.85442e+06	4.42799e+06	4.0469e+06	3.88155e+06	4.47523e+06	4.04594e+06	4.53393e+06	4.14909e+06	4.39902e+06	3.71279e+06	6.00911e+06	3.32745e+06	4.01434e+06	4.65666e+06	4.34659e+06	4.45668e+06	4.42748e+06	2.93562e+06	4.1674e+06	4.1228e+06	3.28792e+06	3.75725e+06	4.12245e+06	3.99753e+06	3.57271e+06	3.5576e+06	4.74954e+06	5.09286e+06	5.23593e+06	3.65836e+06	3.21891e+06	4.87293e+06	5.41526e+06	2.21161e+06	3.82875e+06	3.46511e+06	4.25571e+06	3.98548e+06	3.90112e+06	4.34366e+06	3.50036e+06	3.32217e+06	3.19083e+06	3.23307e+06
P04259	K2C6B_HUMAN	KRT6B	Keratin, type II cytoskeletal 6B	16907.5	12611.3	17815	20631.7	20791.5	9488.9	32994.1	120224	24259.7	85364.4	70175.2	22550.4	20662.8	47391.1	11717.5	36228.9	11562.2	52360.7	28821.8	28126.9	21015.2	37835.6	12859.5	21796.7	38665.1	28105.9	24663.2	25568	6090.09	32335.7	39513.6	19729.2	27183.9	22420.3	17136.4			9501.98	42972	14874.1	41975.3	8514.33	23546.4	34619.1	25321.3	15373	13501.1	16002.2
P04264	K2C1_HUMAN	KRT1	Keratin, type II cytoskeletal 1	4.35113e+06	2.16098e+06	4.34802e+06	1.84319e+06	2.04625e+06	1.42976e+06	2.23696e+06	2.88507e+06	3.88376e+06	3.09657e+06	4.55686e+06	1.29274e+06	3.47269e+06	3.53793e+06	1.65493e+06	3.3229e+06	2.3016e+06	3.04359e+06	1.7978e+06	1.99672e+06	2.21681e+06	4.64189e+06	1.80331e+06	3.68238e+06	3.45983e+06	3.39927e+06	3.15565e+06	5.70804e+06	3.16856e+06	2.89234e+06	3.92232e+06	2.60905e+06	2.73006e+06	3.71182e+06	2.94387e+06	2.08564e+06	2.48458e+06	1.12585e+06	3.03046e+06	3.64377e+06	1.86611e+06	1.45356e+06	2.57787e+06	1.86096e+06	3.48333e+06	3.44511e+06	3.43483e+06	3.42456e+06
P04275	VWF_HUMAN	VWF	von Willebrand factor	211049	212480	367622	224828	69515.6	304587	243366	161088	360728	262859	291312	222588	288325	844890	243669	995426	861968	651584	268202	253376	252166	878557	644268	741234	680385	579007	532211	631152	540674	537759	323826	55785.3	58327.9	942924	410348	526645	195655	456248	859648	936501	633547	1.15664e+06	477870	530622	1.0767e+06	546997	542140	540083
P04278	SHBG_HUMAN	SHBG	Sex hormone-binding globulin	687937	721280	857914	620298	392310	355642	80577.7	222371	697724	90960.1	68795.2	79841.7	32373.7	308717	245541	48459.4	531273	131513	252022	162387	180809	106094	169139	225993	127029	170004	221005	457320	180264	178143	115071	97070.3	114338	82077.7	181632	204657	43466.6	184367	774013	166197	358541	197365	196598	165670	137039	178443	179743	178845
P04406	G3P_HUMAN	GAPDH	Glyceraldehyde-3-phosphate dehydrogenase	216490	230660	64858.3	215594	85123	103816	75775.3	94927.9	61189.3	87687.7	95162.4	66409.2	48044.3	78445.7	58304.7	115397	54183.7	88469	296549	58196.1	60644.8	188428	45719.6	133586	81508.4	52477.2	69095.6	72754.9	84017.6	84508.5	83157.2	65701.3	62133.8	106959	75295.5	25122.4	46266.8	20959.9	59825	87230.4	124121	130060	36119.9	37057.6	161882	99846.7	86066.9	93065.3
P04424	ARLY_HUMAN	ASL	Argininosuccinate lyase	13473	13838		9619.14	21607.3	16149.7	31933.2	20469.5	13734.6	11004.9	14295.6	30091.1	40165	25972	16313.7	26620.1	40328.2	15848.4	67772	59707.7	70961.6	15391.1		22357.4	42606.5		48665	33852.8	51045.3	55389.6	28507.8	25219.4	23608.2	43919.7	176349		45537.1	25976.5	9178.44	60243.6	39573.8	15246.8	39531	35280.6	48617.3	33717	36086.5	37620.9
P04430	KV116_HUMAN	IGKV1-16	Immunoglobulin kappa variable 1-16	128605	131492	447585	106988	310715	189861	99119.4	277069	352329	103675	91544.2	77865.5	349304	359550	314557	121010	231323	134931	498408	102042	95735.6	455120	129192	291742	161335	157740	302412	196970	227885	237605	179046	180136	250263	223827	69470.3	185147	351000	203524	474941	273831	298405	177178	358526	194902	231392	171164	180535	166346
P04439	HLAA_HUMAN	HLA-A	HLA class I histocompatibility antigen, A alpha chain	49717.2	48017.4	56668.9	47559.8	59417.6	30554.5	10943	105770	50759.4	15592.4	75070	9875.69	41668.4	18600.5	30828	19573.1	10417.5	9310.1	12837.2	44561.2	52765.8	78956.4	80779.6	16073.9	54640.1	88917	25151	8992.04	27401.9	30748.2	17104.2	8494.57		35329.6	102902	17592.7	19890	25244.9	29569.1	152449	67611.2	84668.6	97307.7		90168.9	23073.4	21637.8	26657
P04632	CPNS1_HUMAN	CAPNS1	Calpain small subunit 1	25863.6	27362.4	9761.17	30690.3	20749.2	15733.7	17619.2	14230	8422.69	22008.4	14963.1	17021.5	12082.1	21670.1	19952.1	25955	17311.4	18243.8	43743.3	18926.7	16781.2	18631.8	17472	40141.1	44063	13181.8	18426.9	15708.1	16036.4	17741.4	12028.1	13857.3	12701.7	23525.2	31206.9			17838.5	14758.9	7634.01	17694.1	26963.2	15649	18429.3	16821.3	13982.6	18721.3	14476.5
P04746	AMYP_HUMAN	AMY2A	Pancreatic alpha-amylase			2710.45							2898.24			3341.4	1775.76						1947.37					2306.37					1838.03		2192	2354.23	4605.06	1426.74	2831.07	4222.85	2453.66		2628.64			1722.18			4516.15	6368	5830.55
P04792	HSPB1_HUMAN	HSPB1	Heat shock protein beta-1	25761.8	28119.1	17596.8	34106.1	22809.9	22171.6	21762	21941.1	24538.1	26044.4	33368.4	17263.8	9447.88	19256.5	11710.8	12247.4	8490.73	12461.3	11949.3	12673.4	13544.1	20383.7	9837.04		24454	12257.2	15976.1	12611	20824.3	18429.3	21274	20463.5	19606.3	24276.9	11412	8362.95	15468.3		7775.9	13601.3	12525.8	8916.86	9678.32		13948.6	16614.4	17135.7	15730.9
P04839	CY24B_HUMAN	CYBB	Cytochrome b-245 heavy chain	1804.66		1327.25	2425.74															3676.07					2021.5			743.203		2279.46										2866.44						4167.36	1202.29		1627.42
P04899	GNAI2_HUMAN	GNAI2	Guanine nucleotide-binding protein G(i) subunit alpha-2	27237.2	20418.6	19308.9	18267.8	11724.4	28293.5	8174.46	22466.1	21144	22123.2	17430	15461.4	16832.4	24108.8	11034.6	31070.3			49753.5			19536.6	9827.18	26089.3	9438.25		21651.7		29652	23307.5			10728.8	29498.7			41004.1		32770.1	45402.9	22326.2	17830.2	12968.4		31453.4	17245.8	17012.7	18040.8
P05019	IGF1_HUMAN	IGF1	Insulin-like growth factor 1	39816.9	51927.7	25138.6	58834.5	70765.7	53053.3	21364.1	61389.3	27321.2	47591.7	104697	34167	135371	40139.5	49750.9	25073	27615.3	18233.3		10982.4	13403.1	56682.2	54086.1	69701	12565.6	59107	39901.3	22549.5	64900.7	55529.5	44488.8	48116.5	40635.8	38679.1	39349.6	44590.3	41147.4	20350.6	27650.3	43855.2	16057.3	12974.6	47832.3	27858.5	26771.8	44586.5	46968.2	42823.6
P05060	SCG1_HUMAN	CHGB	Secretogranin-1	23166.8	18554.5	23270.8	21769.9	86319.7	8373.94	21465.8	9779.78	18604.1	8682.88	22468.6	11370.4	25929.9	12880.4	40036.4	116674	8551.89	42245.7	136216	29050.1	33685.9	76666.4	99444.1	31577.8	32565.6	101394	19026.7	10733.4	28972.7	15710.4	21618.8	5808.85	15000.8	15265.4	37649.3	37531.4	96280.8	45247.8	33734.6	18147	25414.9	35693.2	23545.4	21212.1	28895.3	64639.1	67849.7	50903.7
P05062	ALDOB_HUMAN	ALDOB	Fructose-bisphosphate aldolase B	38994.7	37283	63482.6	45923.5	61675.2	66634.7	215162	37355.1	73751.6	60789.5	112589	207074	124049	125361	51248.5	135556	82134.8	65449	451141	171731	148157	32673.7	24521.1	93660.4	326856	18339	336329	72145.3	343246	337560	69867.6	197911	221304	215385	896753	46208.5	280838	76259.8	17708.5	339860	229509	145687	154038	187056	218631	158033	185487	175813
P05067	A4_HUMAN	APP	Amyloid-beta precursor protein	666206	626708	697264	708992	378481	630957	385758	561895	584965	572598	389603	473540	397911	525329	549954	821262	34001.2	234084	64457	384429	469435	231040	374002	981773	362971	373695	330194	40700.4	373329	336014	417003	346192	356550	539194	14177.2	27313.8	420043	41499.6	76932.5	144176	498034	186023	851039	158405	322373	343185	363296	345276
P05089	ARGI1_HUMAN	ARG1	Arginase-1	35169.7	18157.6	41305.9	10490	10057.4	11525.3	19457.8	25408.7	40121.4	17083.8	65699	16334	28528.8	26687.2	14046.5	35839.4	19302.5	19382.3	20651.6	25490.6	19090.2	31279.5	10391.3	26617.2	31297.6	28033.8	24021.6	49570.7	29524.7	26539.2	42577.3	23823.9	26695.2	37475.5	27181.2	17417.8	13777.9	13101.3	25278.1	36045.9	12618.2	13591	26166.7	18298.1	29613.2	33079.9	32857.5	32130.3
P05090	APOD_HUMAN	APOD	Apolipoprotein D	896010	961060	1.05062e+06	966530	999634	562950	1.93292e+06	1.07356e+06	1.00085e+06	924733	498106	1.51159e+06	492160	732054	688869	848860	962506	675852	954858	998374	963759	832845	947756	1.04895e+06	1.12459e+06	904761	1.19424e+06	922868	1.04695e+06	1.20887e+06	656072	726966	793681	957882	1.29131e+06	1.59719e+06	388454	1.34318e+06	1.18373e+06	848285	759661	1.27192e+06	1.07891e+06	1.25367e+06	1.87733e+06	657780	1.01474e+06	794150
P05106	ITB3_HUMAN	ITGB3	Integrin beta-3	31497.5	29548.8	22394.3	30122.3	29832.4	47635.3	9978.79	46475	23824.5		11111.6	13454.9	19229.9	35261.1	9006.29	11232.8			7045.02		2318.75	23077.3	6421.03	21652.8	6747.44	8307.86	28069.5		31497.5	29151.5	8773.65	8128.99	6422.93	43398.5			6400.03		15322	11021.1	64044.2	5298.78	16579.9	1969.57	36103.5	13712.6	13135.1	12415.3
P05107	ITB2_HUMAN	ITGB2	Integrin beta-2	2907.19	7058.05		5392.94		3837.54		5019.71	5838.22	12279.5		6456.19		7322.9	12198.2	10287.8			16602		2832.18		6027.11	5224.45	1924.94	7443.35	3374.64		5852.42	8279.34	2385.8		3206.95	7928.29			7424.62		12443.4	18499.4	4453.58	13161.6	4882.18		7893.87	8529.81	8710.92	8056.63
P05109	S10A8_HUMAN	S100A8	Protein S100-A8	95785.6	77975.7	169592	118017	41042.8	107975	164129	110679	125793	502136	835483	156623	2.33918e+06	847083	85089.1	899751	38262.3	70253.1	325189	100349	90941.6	208648	190327	292008	269892	205378	89972.8	60298.1	97086.7	167433	155713	98726.3	78980.2	441023	149345	88838.9	582884	21039.7	128170	255808	97657.1	78840	376601	111843	142610	275484	288052	280209
P05121	PAI1_HUMAN	SERPINE1	Plasminogen activator inhibitor 1	6937.79	9119.84	8806.11	7702.02	5315.92	10014.7	10658	8114.53	10748	11539.4	8579.83	8927.21	14248.1	16639.2	10296	20133.4		7490.75		10219.3	10184	7220.73	5110.29	21780.5	11285.2	7877.29	9708.32		11539.6	9755.8	6799.82	6768.04	4941.66	16482.5	5360.59		12659.3	13889.9		4813.99	10419.7	22910.1	20767.1	8519.03	20356.7	6704.18	7133.75	7990.87
P05141	ADT2_HUMAN	SLC25A5	ADP/ATP translocase 2	28449.4	50692.4	23397.7	24659.6	11822.8	17521.9	14582.6	13695.9	18697.8	11253.8	11848.6	7167.26		7854.03	5199.23	5584.26	7625.98		4489.62		3361.47	10285.3		7867.32	3694.12	5710.12	9229.59		9301.39	8936.56	6076.91	2937.38		10618.8	2914.67				7072.12	4798.2	8779.47		11628.9	3030.26	11648.3	6816.74		4168.98
P05154	IPSP_HUMAN	SERPINA5	Plasma serine protease inhibitor	161426	180542	170541	189265	122892	137653	139032	125559	132372	124462	87212.7	129157	283801	164657	135346	83418.6	75586	54294.7	88112.5	58033	53942.7	67558.9	126617	49856.1	132380	126418	132296	75376	121155	113619	126696	50402.9	51521.7	47484.5	107701	57100.2	152051	154944	84330.7	144258	30614.7	103927	122802	108867	76935.6	81637	89800	83133.7
P05155	IC1_HUMAN	SERPING1	Plasma protease C1 inhibitor	6.80288e+06	7.08678e+06	5.84716e+06	7.13488e+06	5.73266e+06	6.31777e+06	6.02915e+06	6.13671e+06	5.75441e+06	7.09071e+06	5.38003e+06	6.17307e+06	5.84198e+06	5.90718e+06	6.35188e+06	6.75053e+06	6.94384e+06	6.97105e+06	7.05869e+06	7.15598e+06	6.91316e+06	6.79407e+06	6.65506e+06	6.73864e+06	7.52126e+06	6.91317e+06	5.73377e+06	6.47723e+06	5.65648e+06	5.86022e+06	6.43354e+06	6.44677e+06	5.8469e+06	5.73588e+06	7.16191e+06	6.06571e+06	7.2282e+06	6.82106e+06	5.83219e+06	5.88845e+06	5.94372e+06	6.97736e+06	6.78263e+06	7.34138e+06	6.59655e+06	5.84708e+06	5.98779e+06	5.95231e+06
P05156	CFAI_HUMAN	CFI	Complement factor I	1.67446e+06	1.56803e+06	1.72229e+06	1.67353e+06	2.02337e+06	1.51716e+06	2.33377e+06	2.4344e+06	1.85785e+06	3.70794e+06	2.25568e+06	2.29951e+06	2.39775e+06	2.46602e+06	2.79628e+06	2.70348e+06	3.00932e+06	3.27266e+06	3.08947e+06	3.84056e+06	3.71209e+06	1.81572e+06	1.97526e+06	1.34861e+06	1.41406e+06	1.9629e+06	1.90658e+06	2.64732e+06	1.9022e+06	1.83718e+06	2.70905e+06	2.35504e+06	2.60764e+06	2.56361e+06	2.42017e+06	3.28123e+06	3.39529e+06	2.24906e+06	1.92608e+06	1.4633e+06	1.58751e+06	1.71713e+06	3.75374e+06	2.76829e+06	960180	1.94072e+06	1.89959e+06	1.96015e+06
P05160	F13B_HUMAN	F13B	Coagulation factor XIII B chain	164371	170182	237683	185096	267571	220670	312390	377531	240614	318770	320728	281448	368318	218664	246173	177044	222418	174494	229294	272133	277140	181123	183807	87207.7	167915	179009	182735	191659	194241	194674	328973	165797	164990	209913	176773	221520	270718	436663	237358	176735	75721.7	115755	310495	175186	86045.6	173300	157142	173737
P05164	PERM_HUMAN	MPO	Myeloperoxidase	41132.7	39546.1	21876.6	47612	11170.5	26388.1	20244.7	28082.5	21749.9	78693.7	39473.3	24460.9	43028.5	36954.1	22316.4	181098		12106.8	1.19439e+06	16674.6	15056.5	53239.2	30429.5	253658	51555.8	27408.8	46789.6	7115.12	52451.8	45419.8	19915.3	13300.6	13909.1	126970	10835.9		22899.9		128816	58001.2	75826.1	31693.8	30625.7	11481.9	101531	62924	60753.5	62403.6
P05165	PCCA_HUMAN	PCCA	Propionyl-CoA carboxylase alpha chain, mitochondrial																			7364.5								2967.49		3928.6	3676.96		1565.44			16629.4		12862.2			2178.77	2068.71	1552.91		2787.08	2158.22	1635.24	4447.36	995.341
P05166	PCCB_HUMAN	PCCB	Propionyl-CoA carboxylase beta chain, mitochondrial																			15434.9								5493.82		5879.91	3086.37					25522.8		10658.6							6404.21				3080.98
P05186	PPBT_HUMAN	ALPL	Alkaline phosphatase, tissue-nonspecific isozyme	1852.02	1695.07	3773.45		1347.31	2205.73	5380.01				5907.09	6860.95	5136.13		8029.55	4473.9	3805.98	3165.87	19102.9	7787.58	10397.3	7923.59	4392.93	14002.2	2922.95	2800.94	10572.7	1740.01	6925.2	7086.9	2315.76	2923.93	2810.44	5106.59	4743.14	6390.72	19427.1		4163.43	3953.27	7176.42	4828.35	7960.68	12146.9	13864.3	7243.66	5525.37	5503.34
P05362	ICAM1_HUMAN	ICAM1	Intercellular adhesion molecule 1	9651.7	9268.93	11029.3	7715.75	6790.23	7930.66	17412.7	8747.97	10676.2	14532.1	15355.5	20243.6	16176.8	15152.2	28724.9	16334	9270.45	13271.4	27375.4	18359.6	18500.4	12557.5	18821.6	36086	13136.6	18702.8	33058.7	8967.49	30790.6	38287.9	13152.6	10356	6397.07	15585.2	29828	32362.4	80612.5	5818.4	8227.59	107839	9962.71	19788.1	28940	30030.9	35039.9	26435.6	25716.9	27225.4
P05387	RLA2_HUMAN	RPLP2	Large ribosomal subunit protein P2	53792.8	51779.8	35512	44567	57428.2	55389.9	34194.8	32279.1	29386.7	52775.5	68466.5	43110.1	24400.3	60701	29837.1	110114	10093.4	39895.4	210963	51940.3	60983.7	78094.1	35891.9	171122	67332.3	37384.4	37223.1	11828.8	42418.4	35710.5	13654.3	32383.8	28509.2	47276.6	42886.9	11470.6	25811.3	45801.6	33098.4	55615.5	42024.3	72262.5	25057.6	43813.5	73255.4	69319.7	61252.6	69429.5
P05388	RLA0_HUMAN	RPLP0	Large ribosomal subunit protein uL10	16320.8	19778.5	9842.51	15101.5	13685.4	10450.4	7808.21	7546.38	6365.57	7741.71	8820.79	9526.76	4457.41	6840.61	8895.16	37156.2	4283.58	9174.21	51035.5	10837	11999.2	18506.9	9303.56	25461.8	15012.7	8165.77	12210.3	4045.59	13520.3	11878.5	4420.59	7085.09	6912.22	13474.3	9758.17	1835.14	6522.13	8725.71	9728.82	8703.84	12819.6	28020.2	8528.69	9230.17	21457.2	17251.6	15846.4	16143
P05413	FABPH_HUMAN	FABP3	Fatty acid-binding protein, heart																									9131.18																							
P05451	REG1A_HUMAN	REG1A	Lithostathine-1-alpha	12682.9	15508.7	28514.6	14067.5	119241	33643.3	19972.6	11907.8	34624.2	11900.2	77531.6	15886.6	28750.2	15030.5	44617.5	242656	33607.3	25063.2	201716	24811.7	20160.1	190852	80388.1	37726.7	49924.3	84571.6	22347.2	27217.8	31690.9	25416.3		104009	95238.2	79571.6	20871	27129	45008.9	78359.9	17163.1	93764.9	9474.67	37757.5	25296.9	42802.1	350020	65839.7	68407.5	67146.7
P05452	TETN_HUMAN	CLEC3B	Tetranectin	240962	244197	95966.8	225267	115733	113392	155606	161297	132971	181799	174346	152889	252028	120530	127713	121787	166723	118455	58995.2	150633	157248	175979	111445	73952.5	103409	126537	114514	172865	108505	114793	151594	76458.8	77413.2	81874.9	95332	196444	107405	230591	70224.4	86619.7	63602	31706.9	160422	83154.8	69464.2	105349	102095	103052
P05543	THBG_HUMAN	SERPINA7	Thyroxine-binding globulin	449563	510166	601770	472168	373398	552370	414491	509644	612760	546450	408920	396839	475916	418373	514655	290008	657160	383810	428728	535442	590776	426169	362645	374620	453403	334145	634030	565974	649328	688617	557076	451505	465264	452807	410822	698148	373664	329543	376514	600429	253434	316054	645643	418944	296046	452265	449715	452252
P05546	HEP2_HUMAN	SERPIND1	Heparin cofactor 2	4.39665e+06	4.6058e+06	4.37022e+06	4.32974e+06	2.92446e+06	5.52885e+06	3.09203e+06	4.68788e+06	4.00158e+06	5.06267e+06	3.35262e+06	2.91908e+06	5.48114e+06	4.86742e+06	3.8648e+06	2.99446e+06	4.33947e+06	4.15335e+06	2.15846e+06	3.98758e+06	4.13432e+06	3.40039e+06	3.7441e+06	2.9737e+06	3.27306e+06	3.5293e+06	4.33218e+06	3.89536e+06	3.76357e+06	4.02084e+06	5.09651e+06	4.09251e+06	3.97753e+06	3.07276e+06	2.58508e+06	3.5103e+06	3.78931e+06	3.48518e+06	4.94284e+06	2.83016e+06	2.94051e+06	1.91711e+06	3.36054e+06	3.26317e+06	2.53858e+06	2.70009e+06	2.84699e+06	2.89145e+06
P05556	ITB1_HUMAN	ITGB1	Integrin beta-1	8178.4	10047.4	8257.57	6090.78	11596	9949.26	6515.8	7624.61	8739.42			7997.03	6040.13				4470.04		5082.72			4130.32	5108.56	5012.88	4179.52	5625.85	4253.39	1248.14	5755.2	7345.89	4761.55		3571.03	10023.2				3383.25	5195.67	4779.02	5057.36	4918.22	3772.3		10301.1			5356.34
P05787	K2C8_HUMAN	KRT8	Keratin, type II cytoskeletal 8	25568.3	24332.5	27084.6	27355.8	17606.2	23918.6	24328.3	19049.4	21308.3	29366.1	24901.1	6934.97	4605.78	4711.66		4274.78	4176.22	4422	2719		3720.2		5306.36	7910.57	3179.57	2802.14	7325.82	3606.36	7348.4	7454.92		4816.52	3093.85	3890.96	5932.77		4491.76	4767.62	4050.32	5567.61	3135.59	2392.19	4717.25	3619.15	5229.16	3234.97	4856.93	5249.32
P05976	MYL1_HUMAN	MYL1	Myosin light chain 1/3, skeletal muscle isoform					13087.5			4036.94								18574.2			11950.2	8235.81	7314.92	8434.08			42004.8										14795.8						3436.33			3065.22	2985.25	6881.74	9674.99	9846.5
P05981	HEPS_HUMAN	HPN	Serine protease hepsin			2672.78												6040.48			2636.69		6171.52								9701.49	2980.36				3549.11	4562.47	9678.17					4621.71	10668.9	5905.69						
P06276	CHLE_HUMAN	BCHE	Cholinesterase	139984	140753	228020	172220	154836	328429	259821	360622	245855	379527	269811	289177	453298	309298	187310	108720	193562	127982	99107.5	113252	106477	126883	53308.9	27632.7	121066	56693.8	94385.8	179204	96970.8	107968	358890	301078	284359	146821	128841	141447	74614.5	320211	166374	237521	41654.2	76512.3	188379	65075.4	54148.5	112394	108427	122874
P06280	AGAL_HUMAN	GLA	Alpha-galactosidase A		2770.61	2685.37		3049.74											7564.56			5436.31	5598.6	5295.54		2260.12		3422		2821.46		2789.18	3964.29					3695.1			5472.21		3659.48	3704.81			3226.88	3956.06	4890.69		
P06310	KV230_HUMAN	IGKV2-30	Immunoglobulin kappa variable 2-30	9494.58	6362.65	29852.3	6548.08	17932.7	7892.03	13599.9		11446.3	5120.93		11171.3	28617	17781.9		6557.65	34845.2	8852.29	4823.8	18502.5	8980.35			15272.1	53891.5		13355.7	35880.8	3084.93	2791.52		17759.8	6653.05	6403.86	11788.1	7410.47		7939.7		4880.6		3075.86	8069.73	6553.68	27426.7	6689.16	8440.57	12242.8
P06312	KV401_HUMAN	IGKV4-1	Immunoglobulin kappa variable 4-1	1.2564e+06	1.20205e+06	3.09344e+06	1.31434e+06	3.39531e+06	4.27235e+06	4.05698e+06	4.21885e+06	3.31366e+06	3.00289e+06	3.65485e+06	4.60418e+06	7.399e+06	3.5785e+06	7.37062e+06	2.72488e+06	2.81996e+06	3.23691e+06	3.39366e+06	2.16372e+06	2.17806e+06	4.53456e+06	2.97568e+06	4.37843e+06	2.97863e+06	2.99795e+06	3.19622e+06	2.78066e+06	3.10911e+06	3.54974e+06	2.58088e+06	2.52708e+06	2.44369e+06	2.75316e+06	3.13082e+06	3.44176e+06	5.6698e+06	3.87606e+06	2.89536e+06	4.75637e+06	2.13828e+06	2.64613e+06	6.49777e+06	3.0098e+06	4.62707e+06	3.20821e+06	3.06357e+06	3.21668e+06
P06315	KV502_HUMAN	IGKV5-2	Immunoglobulin kappa variable 5-2			10884.5	5709.54		13898.9			13269.8				4130.56		9259.93			3794.06				12696.8	7291.86	14500.1		7204.21	4885.59		7026.17	7992.73	2262.35	7487.06	5928.04		2891.44				9228.39						7399.19	4099.35		6060.02
P06331	HV434_HUMAN	IGHV4-34	Immunoglobulin heavy variable 4-34	41121.3	32822.9	23328.7	38838.1	40830.5	14499.2	28735.3	16614.5	28768.1	17957.4	40139.7	32606.3	128742	84556.1	307911	15381.2	27117.2		51357.8		23689.5	87907.3	201866	732256	25008.9	226666	28229.7	35614.9	19052.3	19521.4	55567.9	25579.4	33117.4	26913.7	17572.8	9075.27	1.3812e+06	29548	42870.5	24358.4	344714	49213.9	141305	635381	57049.9	72615.2	69335	67167.7
P06396	GELS_HUMAN	GSN	Gelsolin	4.4372e+06	4.91163e+06	3.91636e+06	4.89541e+06	4.86763e+06	4.27155e+06	3.92283e+06	4.21097e+06	3.74721e+06	3.0481e+06	3.06592e+06	3.75732e+06	3.40935e+06	3.12212e+06	3.43199e+06	3.99917e+06	4.83696e+06	2.69792e+06	2.2193e+06	2.46348e+06	2.60513e+06	2.81874e+06	3.86297e+06	2.91337e+06	3.44189e+06	3.65395e+06	4.31579e+06	4.67419e+06	4.11091e+06	4.1118e+06	4.94326e+06	4.37843e+06	4.41866e+06	2.62604e+06	4.10425e+06	4.52285e+06	2.35698e+06	7.38228e+06	4.12806e+06	2.11746e+06	2.38564e+06	4.02634e+06	2.54163e+06	4.07086e+06	3.50913e+06	3.00582e+06	2.92661e+06	3.01287e+06
P06454	PTMA_HUMAN	PTMA	Prothymosin alpha	40507.4	42381.3	23913.4	35661.4	54063.8	21600	8050.63	30322.8	17457.6		10720	5004.46			11718.1	93266		28986.5	531530	20252.3	10293.8	49502.7	38957.3	85111.7	20614.7	45174	17045.9		16436	21021.8	10481.5	7589.38	2560.78	16326.7	6672.58		11252.1	7898.74	21492	23689	23438.6	39173.2	5951.39	12455.6	41165.4	68592.2	42879.1	46462.8
P06576	ATPB_HUMAN	ATP5F1B	ATP synthase subunit beta, mitochondrial	11048.9	12246.3	9032.84	10590.7	10518.2	13244.4	9260.49	17751.6	18613.8	12388	15222	15001.6		15028.6	14424	7635.32	4466.99	9354.31	12969.9	7035.42	7191.88	11168.3	7313.16	6418.39	6415.94	8584.87	10712.5	7704.07	14898.2	18029.3	14951.1	8263.83	7227.77	15917.9	16737.3	11641.4	10143.7	7764.28	10671.5	13436	11810	7210.44	14000.1	7327.35	15679.6	14549.2	9710.89	13843.8
P06681	CO2_HUMAN	C2	Complement C2	2.59314e+06	2.82631e+06	2.91148e+06	2.84749e+06	2.36143e+06	3.08923e+06	3.17697e+06	2.45481e+06	2.98437e+06	3.15584e+06	4.15779e+06	3.16097e+06	2.83461e+06	2.72101e+06	2.2845e+06	1.65403e+06	3.57109e+06	1.72768e+06	3.78054e+06	4.33884e+06	4.37902e+06	3.27876e+06	4.08186e+06	3.51054e+06	2.36733e+06	4.11188e+06	2.79396e+06	3.46632e+06	2.61948e+06	2.71638e+06	2.844e+06	3.31684e+06	3.28944e+06	3.43958e+06	3.52884e+06	5.08855e+06	4.14919e+06	3.44304e+06	2.02399e+06	3.15274e+06	2.80486e+06	3.47868e+06	3.85732e+06	4.76695e+06	2.91999e+06	2.74027e+06	2.85616e+06	2.84718e+06
P06702	S10A9_HUMAN	S100A9	Protein S100-A9	219880	181482	495254	237537	102998	260627	410173	220456	257029	1.15966e+06	2.16008e+06	341308	5.3443e+06	2.04981e+06	251448	1.70678e+06	124267	157056	466230	203380	218158	525584	368819	606578	607912	400510	175430	175747	180870	385410	372332	269557	273078	814260	420320	324707	2.13438e+06	69639.2	284607	429154	194712	130143	739076	357184	299777	537054	592431	588648
P06727	APOA4_HUMAN	APOA4	Apolipoprotein A-IV	2.76609e+06	2.78592e+06	828239	2.79498e+06	3.76139e+06	1.55086e+06	1.39724e+06	668464	946222	710612	1.57253e+06	1.38606e+06	2.20477e+06	1.88911e+06	1.38339e+06	1.61642e+06	1.31179e+06	2.14375e+06	2.63294e+06	2.03892e+06	1.97352e+06	2.08471e+06	2.34401e+06	1.44068e+06	1.65707e+06	2.22269e+06	2.38577e+06	1.16897e+06	2.46513e+06	2.61718e+06	2.53189e+06	322285	302479	571311	1.47584e+06	3.10675e+06	2.16274e+06	1.11871e+06	1.64751e+06	1.99585e+06	2.58755e+06	2.27483e+06	2.37168e+06	1.63971e+06	1.59707e+06	1.91266e+06	1.93863e+06	1.95092e+06
P06732	KCRM_HUMAN	CKM	Creatine kinase M-type	8946.54	10926.8	9298.01	9809.09	40045.2	7650.55	10940.1	10164.9	7317.04	8130.65	5831.03	10264.6	7625.05	4664.46		80098.4	11549	15978.6	4214.87	71766.8	72297.1	37799.8	3730.32		226729	4773.41	11059.2	7555.03	9398.31	8604.94	19906.8	11125.3	11841.8	9598.48	47750.5	18074.8		14583.7	6441.84		98205.9	5513.7	5585.07	12364	11884.9	34640.1	34306.2	33850.4
P06733	ENOA_HUMAN	ENO1	Alpha-enolase	364006	370794	106927	357682	106032	127875	101018	102754	79916.8	75866.4	83934.2	78222.8	65896.1	75911	94708.1	171255	46653.7	102383	593904	82556.5	99099.5	160961	93078.5	234195	173698	101365	139558	46787.3	131517	114841	63881.6	64746.6	76893.7	135058	168200	36894.3	41941.3	81661.3	85544	120689	174091	157816	48850.1	63837.3	261227	120588	127780	128585
P06737	PYGL_HUMAN	PYGL	Glycogen phosphorylase, liver form	3951.81	4450.39	3570.36	4562.38	3106.23	3971.63	5947.2	4205.87	2623.31	6668.97	5992.02	7088.73	5804.15	7435.87	3765.6	9326.12		3354.05	12996.4	3172.67	4486.32		4472.95	10512.6	11325.8	2891.09	5599.62		6044.94	6936.53		4994.6	7793.01	10841.1	17846.5		8784.33	4250.06	3246.32	5942.69	5738.26	15683.4	2871.62	4047.28	6508.29	5793.39	5338.89	6599.67
P06744	G6PI_HUMAN	GPI	Glucose-6-phosphate isomerase	30906.9	35679.1	12407.6	35509.4	11785.6	17456.3	22598	13206.6	13473.2	29602.7	27928.3	19598.9	14266.7	15962.9	16518.2	58946.4	5876.2	15485	100976	13685.3	12238.2	25326.3	21093.1	56359.3	51230.2	23989.7	15641.8	6386.45	15580.8	16285.2	12999.6	12867.6	11583.8	27542.6	55672.2	22256.9	34924.4	18492.8	20932	29478.6	43996.9	67503.6	11198.6	24081.7	56394.4	27531.7	29305.7	30637
P06748	NPM_HUMAN	NPM1	Nucleophosmin	9306.4	23210.4	8331.41	6667.82	5304.6	6708.2	4282.49	4225.2	4675.88			3382.88				6662.77		2918.45	33813			4820.05		4465.8	2381.1	3115.36			2333.34			2589.25		4694.17	2830.48	6547.54		3510.23	4264.15			2447.1	2515.27			6601.82	5661.68	3996.87
P06753	TPM3_HUMAN	TPM3	Tropomyosin alpha-3 chain	39534	37911.6	15709.5	31625.2	36131.2	30896.6	8105.9	40212.8	13079.1	28841.6	12099.5	12508.4	12939.9	22654.6	19619.6	46374.2		27485.1	41292.3	17795.9	20111.1	62962.4	14976.1	40584.8	26901.2	16809.8	51672.9	6289.1	51676.4	41576.4	14959	14782.1	13468.6	40218.5	16988.7		15892.4	11123.3	29791.5	24384.9	40047.5	17409	10297.3	10107	57236.3	31690.7	37203.7	39085.1
P06858	LIPL_HUMAN	LPL	Lipoprotein lipase	8170.03	7545.76	7545.65	9758.58	13599.2				2234.29							10067.8		14895.5	25180	11842.2	11727.2	4983.84	7761.9	5998.32	5574.43	8658.02		6367.44	4976.86	4035.15		5695.06			6430.33			10439.9	2892.49		11071.1	14743.4	3476	5130.95	11294	5868.21	8415.26	7049.63
P06865	HEXA_HUMAN	HEXA	Beta-hexosaminidase subunit alpha	9686.48	10261.6	13408.1	8599.73	11443.4	13007.7	15447.9	9180.01	13466.4	6010.65	7780.16	18202.6	5632.5	4632.07	13888.2	15583.1	23110.5	9016.25	20190.1	16362.8	13051.4	12826.2	8626.4	10347	7188.78	10018.1	19138.6	24065.7	18635.2	17040.8	8928.34	3812.56	6962.77	13053.7	27243.5	13940.8	5770.4	17779.6	14396.7	12787.1	15997.6	18157	7953.4	17746.4	24762.3	12464.8	13490.6	16568.7
P06899;P23527;P33778;Q16778;Q8N257	H2B1B_HUMAN;H2B1J_HUMAN;H2B1O_HUMAN;H2B2E_HUMAN;H2B3B_HUMAN	H2BC11;H2BC17;H2BC21;H2BC26;H2BC3	Histone H2B type 1-J	14021.5	13964.3	7028.01	12980.1						41793.5						55398.7			55506.4					22726.9		5225.57			8979.88	10537.2										8755.88		6334.45			17170.3		15027.9	11295.7
P07093	GDN_HUMAN	SERPINE2	Glia-derived nexin	2831.76	3843.49	1963.73	2878.53	984.093	2628.62	1771.52	1990		1973.68		1541.05	1756.27						1070.67	2086.84				6268.08	1557.92	912.543	1391.91		1738.15	1135.83		706.394	1435.18	2357.84			1621.41				4498.72	4466.63			3106.24			1504.17
P07099	HYEP_HUMAN	EPHX1	Epoxide hydrolase 1				1560.87															11954.5								5661.32		4035.2	5593.72					8748.17					4022.54	1689.09			4478.5	14456.5		4090.31	2379.38
P07148	FABPL_HUMAN	FABP1	Fatty acid-binding protein, liver	4690.68	4139.12	2189.68	4623.03	17491.1	8547.86	9328.78	6223.79	2497.44		5678.91	4504.34	3148.81	5535.19	11594.2	17252.2		11709.3	14860.9	12383.7	9409.73		7239.95	10762.5	40362	12459.8	13275.3		12938.7	10091.7	2426.95	3649.1		6209.59			18585.3	6581.66		8193.72	4074.91	7414.07	4375.79	7834.93	12503	9070.23	11814	11971.4
P07195	LDHB_HUMAN	LDHB	L-lactate dehydrogenase B chain	32953.9	34190.6	19409.4	36183.6	31332.2	22770.6	20435.9	18796.3	16420.9	20004.5	34015.2	16587	36794.6	31884.7	13449.9	39199.2	11852.5	22940	39584.4	15359.2	20530.6	18486.3	20772.8	32234.3	38983.1	23009.2	16059.2	17104.8	14844.7	14753	10456.9	13925.9	10392.4	19320.9	30990.9	30402.9	13919.1	45287.3	10930.3	10658.8	22734.8	32568.1	15524.9	17453.2	24334.2	29510.3	29906.9	29856.3
P07203	GPX1_HUMAN	GPX1	Glutathione peroxidase 1	8200.31	10706.7		9431.8		9510.5	3932.51	8328.4								3146.05		1976.86				6724.76						2690		3352.76		4026.4	4450.17		6410.64						6435.68	4325.9						
P07225	PROS_HUMAN	PROS1	Vitamin K-dependent protein S	9.19769e+06	9.13691e+06	9.18656e+06	1.02099e+07	9.20858e+06	7.6514e+06	9.3229e+06	1.02063e+07	7.86678e+06	1.11239e+07	1.06162e+07	1.02691e+07	7.34175e+06	7.91056e+06	9.2037e+06	9.38726e+06	6.55586e+06	1.00354e+07	8.76148e+06	9.59528e+06	1.00631e+07	8.24457e+06	9.39849e+06	1.04582e+07	8.19967e+06	9.63504e+06	8.47426e+06	8.05789e+06	8.6253e+06	8.24264e+06	8.99596e+06	9.48098e+06	9.42144e+06	9.06586e+06	6.10068e+06	7.10205e+06	9.70179e+06	7.11737e+06	8.34352e+06	8.8312e+06	6.43041e+06	6.5925e+06	1.46388e+07	9.75414e+06	7.16902e+06	8.85992e+06	9.25059e+06	9.12355e+06
P07237	PDIA1_HUMAN	P4HB	Protein disulfide-isomerase	196501	188084	119370	204143	136220	115482	140981	97760.4	119973	139872	165756	149790	83332.3	124253	161273	173210	135917	227196	268620	177259	195481	164164	121358	197931	135881	121614	155840	145036	186240	162607	106507	122149	134458	178922	248588	84528.1	181017	152085	190766	159063	199635	100836	109952	150930	322154	184665	177483	183268
P07307	ASGR2_HUMAN	ASGR2	Asialoglycoprotein receptor 2	16519	14452.8	12470.1	12189.7	21499.1	13958.1	9285.38	6073.99	12682.3	16479.3	21143.5	14879.6	57531.5	15930.3	12088.4	16253.7	12420.7	15104.7	57281.2	8738.5	9970.64	29895.8	28128.8	23124.8	23304.4	26232.4	11758.4	15404.1	9356.6	10778.3	11118.2	9131.94	6376.36	13080.5	24264.9	123384	31876.8	37920.2	15046.5	20996.6	25593.3	20599	8546.93	29525	16158.3	19651.5	20223.7	26122.6
P07327	ADH1A_HUMAN	ADH1A	Alcohol dehydrogenase 1A							7161.21					6208.15								2838	2647.94				5347.86		3799.58		5111.18			9348.78	10736	2502.66	15111.7					4826.63								2975.5
P07333	CSF1R_HUMAN	CSF1R	Macrophage colony-stimulating factor 1 receptor	30502.4	30798.2	32453.3	32469.4	34430.6	40041.8	26277.7	26859.2	40812	17381.5	34109.3	51846.7	53346.5	38514.6	64341.7	9650.11	8581.24	43626	12139.6	17537.6	17198.6	20713.5	93825.1	18158	9486.28	73670.8	56404.5	9023.77	69725	63365	38411.4	25770	23124.4	15418.2	6410.83	50752.6	53504.6	9583.22	30980.8	157290	44629.9	91238.6	16509.4	24751.3	52751.3	32770.5	17943	18337.3
P07339	CATD_HUMAN	CTSD	Cathepsin D	31333.9	36765.3	38766	30194.1	36411.3	48968.7	46262.9	19944.2	41360.5	28926.6	44374.4	44357.6	40901.8	30379.5	56470.9	37638.7	57629.9	25204.6	68329.6	26234.5	22717.4	29643.7	33907.8	64957.1	20905.9	34343.6	107455	66693.7	82147.8	81664.9	18047.5	24448.8	20842.7	37610.9	87993.2	56768.6	42090.3	23909.4	41475.8	27308.4	75091.8	61580.4	33909.4	47484.8	83679.8	38607.2	43471.3	39732.4
P07355	ANXA2_HUMAN	ANXA2	Annexin A2	16638.8	10286.5	26280	12659.5	10138	7949.06	14394.9	17704.5	19004.7	16494.2	22241.1	7232.41	13051.6	13125.6	8925.99	9216.42	7567.65	8026.15	5123.63	4689.06	4307.11	13769.5	5879.48	9579.61	10553.6	9048.19	9522.56	13911	10810.4	18366	19527.2	12897.4	12224	16161	10748	9737.59	11644.3	7246.61	10952	19070.4	4709.01	4524.49	9504.15	5226.09	17101.9	13615.8	10860.8	14959.4
P07357	CO8A_HUMAN	C8A	Complement component C8 alpha chain	1.29958e+06	1.44798e+06	1.33956e+06	1.42639e+06	1.23099e+06	1.6307e+06	1.81805e+06	1.26838e+06	1.3403e+06	1.49823e+06	1.72677e+06	1.5287e+06	1.10731e+06	1.45228e+06	1.52212e+06	1.20971e+06	1.8707e+06	842960	1.39123e+06	1.55869e+06	1.49686e+06	1.20567e+06	1.46599e+06	1.24597e+06	1.55566e+06	1.33454e+06	1.49135e+06	1.76065e+06	1.44476e+06	1.41051e+06	1.1944e+06	1.69787e+06	1.83699e+06	1.43482e+06	1.26323e+06	1.21966e+06	1.14961e+06	1.13278e+06	1.60964e+06	1.00474e+06	1.31399e+06	1.33092e+06	1.31266e+06	1.44788e+06	1.34064e+06	1.05462e+06	1.02787e+06	1.02387e+06
P07358	CO8B_HUMAN	C8B	Complement component C8 beta chain	1.67297e+06	1.7612e+06	1.74514e+06	1.81279e+06	1.52986e+06	1.85595e+06	2.58583e+06	1.73138e+06	1.63637e+06	2.31403e+06	3.23638e+06	2.60016e+06	1.55029e+06	1.67633e+06	1.74889e+06	2.31727e+06	2.88827e+06	1.30225e+06	2.14242e+06	2.25064e+06	2.36815e+06	1.42202e+06	1.88787e+06	2.04425e+06	2.07067e+06	1.96673e+06	2.04395e+06	3.14879e+06	1.64478e+06	1.71449e+06	1.50775e+06	2.41375e+06	2.64156e+06	1.92041e+06	1.95115e+06	3.22565e+06	2.13144e+06	1.74364e+06	2.02132e+06	1.28844e+06	1.62448e+06	1.73699e+06	2.07201e+06	2.654e+06	1.83013e+06	1.80957e+06	1.79219e+06	1.76461e+06
P07359	GP1BA_HUMAN	GP1BA	Platelet glycoprotein Ib alpha chain	786348	891531	826295	832078	948831	1.39705e+06	631827	841444	876893	423462	217321	535030	1.16628e+06	589995	460642	778927	336014	659750	754200	600877	589573	917146	554205	1.08786e+06	931277	498520	965066	331739	890814	947958	549560	259724	279519	845627	946182	281082	421212	340561	392398	529750	1.39427e+06	677388	545513	405592	1.05119e+06	522687	512163	489102
P07360	CO8G_HUMAN	C8G	Complement component C8 gamma chain	1.99155e+06	2.16131e+06	2.10277e+06	2.17739e+06	1.66627e+06	1.69772e+06	2.34468e+06	1.97066e+06	1.72424e+06	2.10319e+06	2.17622e+06	2.26987e+06	1.25567e+06	1.96259e+06	1.89423e+06	1.45219e+06	2.37159e+06	1.31956e+06	1.83984e+06	2.13479e+06	2.16747e+06	1.33024e+06	1.42767e+06	1.56125e+06	1.66054e+06	1.37654e+06	2.11616e+06	2.40344e+06	1.95136e+06	1.93255e+06	1.59959e+06	1.75097e+06	2.09323e+06	1.66632e+06	1.53426e+06	1.96231e+06	1.43859e+06	1.60262e+06	2.01756e+06	1.32942e+06	1.652e+06	1.74994e+06	1.7738e+06	2.09414e+06	1.7556e+06	1.38764e+06	1.35317e+06	1.41866e+06
P07384	CAN1_HUMAN	CAPN1	Calpain-1 catalytic subunit	105137	106400	37419.3	106293	70516.1	85778.1	83898.6	36651.4	35297.1	78809	89336	91215.2	71847.6	187446	45570.5	106923	43910.5	59952.6	107815	74092	75983.5	83368	56026.8	259160	168270	57433.4	74286.7	46764.2	82457.6	74965.7	52483.9	34124.1	42113.6	108298	153581	45207.8	66505.4	77201.6	67381.1	67365.9	105394	90805.9	66811.8	54502.7	99151.4	103599	100961	96265.3
P07437	TBB5_HUMAN	TUBB	Tubulin beta chain	124524	140085	57635.6	126793	41276.2	69512	41480.8	72963	53649.7	42119.5	46671.1	36710.5	41484	57111	47773.1	59880.1	9225.21	52549.9	182434	33076.1	36166.1	103864	27762.7	76387.2	34080.2	30364.5	55568.3	8528.19	56401.9	58857.8	29086.8	22234.3	22389.3	95407.8	22628.7	10676.6	23751.1	14640.9	66466.6	54549.8	68611.4	62530.6	34832.4	15101.1	109285	49236.5	47191.3	47385
P07451	CAH3_HUMAN	CA3	Carbonic anhydrase 3	6694.01	7604.19	6415.68	8799.04	19592.9	10245.8	13225.8	6296.21	7079.46							24296.8		27260.8	22554.7	24092.5	30751.8	80404.9	14132.9		102189	12553.9	5216.76						4434.63		5157.63						28909.9	9546.67		6953.14	16613.5	23472.7	18588	22440.9
P07477	TRY1_HUMAN	PRSS1	Serine protease 1		19273.4	38001.2		30244.1		34490.1	74742.1	60449.2			14231.2	55450.5			31496.2	48755.6	20848.5	3872.33	3688.14	15194	127986	18971.6	125384		17588.5	22918.9		104741	19254.4		98086.7	102395	257671	31045.3		233047	14847.5	95209.5	150415	29155.6			139034	43493.5	70638.5	30181.8	
P07478	TRY2_HUMAN	PRSS2	Trypsin-2		2903.15	13731.6		7929.42	4134.84	14329.4		10402.5	5135.26	35545.4	9608.45	12901.9	9420.73	5028.85	29401.4		4775.42	17864.1		7046.75	42375.5	11770.8	25581.1	11471.6	12965.8	3868.45	3879.58	5877.22	3865.65		35639	68338	35139.1	16045.8	7577.83	23827.4	17342.5	22388.2	62200.6	6139.36	5737.87		26820.1	93795.8	5191.4	6246.48	8303.67
P07585	PGS2_HUMAN	DCN	Decorin	22870.9	7720.03	10599.9	20851	13638.7	11486.3	9829.49	5635.15	10981.9	11252.4	18862.4	7384.34		12710.7	12449.7	22004	11166.7	11555.6	29601.5	36693	39359.7	8849.92	23411.8	16265.1	16652	20314.4	31981.3	15570.2	27217.9	24095.3	3945.15	4234.04	6056.3	19737.5	8152.1	17656.6	4185.69	5489.83	6940.03	13712.8	36916.2	20015.8	23489.9	16099.3	24217.8	9762.66	13570.3	13725.2
P07602	SAP_HUMAN	PSAP	Prosaposin	6649.69	7447.99	5022.85	4059.96	5573.72	4879.65	7793	4163.89	9137.69	11657.5	4038.57				9021.79	9238.4		9374.4		18870.4	10493.1	5182.17	7334.61	10578.6	4148.24	5466.83	11188.9		9857.43	13345.9	8247.49		4818.8	10194.3					1246.43		19184.2	7336.48	9008.19	2959.23	3778.07	2874.66	5989.86	6572.17
P07686	HEXB_HUMAN	HEXB	Beta-hexosaminidase subunit beta	13641.7	9012.55	14105.8	9578.64	17170.6	19796.1	19114.6	12273.8	14830	8161.39	16757.2	18494.5	9576.3	13563.4	22293.4	13703.9	26193.5	9843.52	20732.5	16051.3	10166.7	16516.4	9208.81	21385.7	8158.44	8210.5	22956.9	25944	26280.5	23910.7	12843.8	7619.44	9829.06	18871.2	38942.2	21122.7	15609.4	15645.7	18129.3	19078.2	17170.9	22979.5	18237.6	15670.7	32939.9	14481	16422.8	14979.3
P07711	CATL1_HUMAN	CTSL	Procathepsin L	14999.2	13690.8	10442.9	15889	13472.3	14480.6	8680.43	9565.71	13117.4	11054.2	11606.2	12718.9	10006.5		13993.6	28830.5	12291.5	9140.05	26257.6	15118.4	13582.9	29961.2	32022.3	12145.6	9321.59	30682.1	24504.5	12244.3	25001.3	27577.3	10882.2	11198.2	13035.9	10829.1	22492.2		8361.06	14009.6	14761.9	11878.7	18531.3	20636	10237.4	11839.2	20204	17420.9	15971.3	18854.4
P07737	PROF1_HUMAN	PFN1	Profilin-1	828646	908002	134450	891330	295875	662462	72113	186844	128768	89831.2	74970.4	70389.4	99765.9	117738	132606	223458	29746.8	190190	842438	79008.2	84202.4	422623	311157	302008	181204	281999	467056	28050.9	429021	381998	78161.2	46510.4	56763.1	528490	42305.8	21856	65578.3	57836	177352	137776	274079	263063	94949.8	74193.4	935246	214406	223018	195836
P07738	PMGE_HUMAN	BPGM	Bisphosphoglycerate mutase	8859.4	7558.25		8675.9	12424.9	11393.5	7645.36	5898.5				7081.63				11072.3	10320.6	5415.48	8468.88	10392.8	9596.84	35961.6		2730.35	8169.6	3415.8	4338.54	8258.5					4791.12	5434.04	20150.1			6527.23	2923.67		6766.83	18717.9		4149.39		3782.13		5877.67
P07741	APT_HUMAN	APRT	Adenine phosphoribosyltransferase	4237.89	3094.09			4794.92		1996.03									2233.88			5267.06			8786.72								3042.5				3172.25							1092.32	2685.99			5140.56		5439.68	
P07858	CATB_HUMAN	CTSB	Cathepsin B	11547.5	12931.4	17491.7	12875.1	22296.3	11935.2	30458.8	11635.8	21994	13384.3	24112.7	13471	35999.1	16346.2	15997.7	51711.4	20904.8	15448.5	15297.6	16744.8	16430.1	7665.16	30407.2	12164.3	7460.44	21342	33024.4	22866.3	41535.7	38092.1	13541.5	22473.4	21203.6	14056.7	56958.8	34652	31514.1	26867.8	20926.5	27641.6	19208.9	26529.7	12523.7	23503.9	60560.2	21665.2	20072.7	20680.5
P07900	HS90A_HUMAN	HSP90AA1	Heat shock protein HSP 90-alpha	100117	103498	32441.6	107678	52092.7	47030.4	50102	34777.4	27044.1	29679.8	35403.9	50470.3	37021.9	49270.8	35905.2	92866.8	26349.7	62648.1	222155	86805.7	95071.7	109009	94251.9	182412	83481.4	98361.7	58726.2	35636.2	57519.6	54295	27545.1	28169.3	31960.5	101502	131901	28601.7	79163.1	38054	56625.9	68773.8	118957	150205	38159.2	59674.7	97414.5	78869.9	79599.8	78129.9
P07910	HNRPC_HUMAN	HNRNPC	Heterogeneous nuclear ribonucleoproteins C1/C2	38207.3	37925.4	26352.1	53584.6	19570	24202.6	18062.6	21723.6	29076	16524.8	12855.3	7928.86	6793.19	7137.8	6414.4	26596.6	3142.84	8951.94	143878	9470.53	10100.7	17469.7	8142.35	35312.7	15836.7	8805.53	7520.48		13155.4	10616.2			7287.02	24865	10786.3	2855.69	15471.3	13484.4	17360.1	19048.4	10851.2	13189.6	8039.13	10736.1	16239.1	23242.5	29268.8	25807.1
P07911	UROM_HUMAN	UMOD	Uromodulin	2832.04	4046.97	9707.83	3273.46	3466.35	2090.57	3847.26	3362.59	6257.08		1678.49	4281.13	2857.44		2662.58	2481.1	7909.21	4342.66		5155.84	3925.95				1862.71		5166.07	6285.73	6028.3	3416.34	5925.87	6138.59	3995.75	2449.37	4714.69	3009.83		2264.21	8087.4		5384.89	8615.3	5963.34	1963.61	1947.03	1698.67	2365.33	3437.1
P07942	LAMB1_HUMAN	LAMB1	Laminin subunit beta-1	43408.7	46013.8	35754.3	35985.9	73395.9	44744.7	50704.9	30509.1	38133.2	29925.7	52654.1	59442.8	39063.6	39015.1	27887.3	50013.3	50800.7	35819.5	62370.4	30650.7	30469.1	62121.3	54842.7	75874.1	55288.5	55922	60415	37852.5	58287.4	58354.9	27962.5	42151.2	43661.8	39304.2	109774	66808.9	42690.7	65772.1	45006.6	43437.6	74786.3	89423.8	34658.6	71137	77680.5	40500.7	43612.8	43017.6
P07951	TPM2_HUMAN	TPM2	Tropomyosin beta chain	23618	16922.9		26580.4	24829.7	45652.2		42193.4		14968.5	17031.7			34595.3	19224.3	68143.3		20814.2	14416.4	19975	35359.6	29536.7			20234		36191.8		52764.6	56383.8		11353.8	6452.51	80918.2	8400.78	5996.61	12588.9				11898.3		13891.9	10055.1	49362.4	31865.2	16577.3	34733.7
P07988	PSPB_HUMAN	SFTPB	Pulmonary surfactant-associated protein B	20548.9	17525.2	11617.6	18190.7	8384.07	2014.81	7489.44	8792.19	9947.34	5027.38	14745.3	13105.8	8391.46	23841.6	6741.04	17197.8	18420.9	21448	265078	31767.7	34033.1	15873.8	12247.2	19388.8	49456.8	10485.9	3140.28	14264.8	4736.91	3478.86	3527.4	3740.89		9679.71	79803.9	36863.6	54825.2	14520.7	11969.9	11339	27193.2	32353.5	4694.16	36268.2		38475	37414.6	44380.4
P07996	TSP1_HUMAN	THBS1	Thrombospondin-1	3.74628e+06	4.08129e+06	5.89604e+06	3.99933e+06	1.70478e+06	6.49266e+06	3.89428e+06	5.25832e+06	5.39977e+06	1.99721e+06	1.32612e+06	4.06052e+06	2.39977e+06	2.79297e+06	3.05688e+06	3.6849e+06	519473	1.38158e+06	590296	1.48531e+06	1.63533e+06	3.21324e+06	4.46523e+06	6.12274e+06	6.33755e+06	4.67704e+06	3.23315e+06	540849	3.49376e+06	3.31691e+06	2.41423e+06	3.63999e+06	4.09939e+06	4.27598e+06	136780	46536.6	717117	133073	1.02944e+06	1.04626e+06	3.24337e+06	1.49562e+06	3.06208e+06	386258	6.09529e+06	2.66254e+06	2.68127e+06	2.70242e+06
P08133	ANXA6_HUMAN	ANXA6	Annexin A6	793.657	1755.18							1505.65	2940.57						1934.07			4229.92					3003.45	639.983		1179.7		821.557	701.097				3027.94					2210.58	1268.61		1192.49						1061.93
P08185	CBG_HUMAN	SERPINA6	Corticosteroid-binding globulin	2.34852e+06	2.30904e+06	2.88376e+06	2.34181e+06	2.10318e+06	3.33549e+06	2.98826e+06	3.16546e+06	3.09338e+06	2.83588e+06	2.41209e+06	3.12988e+06	2.84013e+06	3.29228e+06	2.93363e+06	1.73706e+06	3.2818e+06	2.09112e+06	1.95304e+06	2.82726e+06	2.62736e+06	2.15417e+06	2.09012e+06	2.37203e+06	2.38161e+06	2.05215e+06	2.79309e+06	2.91779e+06	2.90379e+06	2.84014e+06	2.95621e+06	3.10442e+06	3.2431e+06	2.12019e+06	1.7675e+06	2.7713e+06	2.62743e+06	2.5157e+06	2.86988e+06	1.98483e+06	1.23809e+06	1.2241e+06	3.39105e+06	2.45121e+06	1.8769e+06	2.23126e+06	2.33278e+06	2.222e+06
P08195	4F2_HUMAN	SLC3A2	Amino acid transporter heavy chain SLC3A2	25177.1	23967.7	22460.8	24042.3	23426.7	25704	28899.6	34488.6	29182.5	18322.5	16578.6	35174.1	25438.8	23889.6	23797.3	15849.3	29537.7	17430.8	19470.5	19127.1	15976.8	10040.3	18918.2	23237.3	21633.4	22954.5	23452.1	22159.4	22506.4	25007.7	28112	23878.1	19544	17576.7	31322.4	23280.8	16469.1	31519.1	31747.8	29402.6	19975.1	27462.8	18158.9	20357.4	24162	19863.5	18724.7	19111.5
P08217	CEL2A_HUMAN	CELA2A	Chymotrypsin-like elastase family member 2A			5139				13368.9		7472.61		39122.4	12775.9				3697.53	2332.46	15843.5		10903	5816.74	7836.98										22900.3	40846.6	35476.1			51347.8	3108.49			5474.65			24533.4			6541.94	
P08238	HS90B_HUMAN	HSP90AB1	Heat shock protein HSP 90-beta	47032.3	50336.2	13514.7	49418.3	20846.5	17274.1	21208.1	10541.3	14550.5	11700.6	13724.9	18613.1	8167.18	22043.7	11414.5	33690.7	9451.36	27014.1	80599.4	29169.2	37932.4	35807	27303.9	65254.6	39359.1	33181.8	24747.1	11397.2	22906.4	23237.6	9075.22	13394.4	10564	47684.4	40368.6	12765.5	25236.1	14531.1	29236	24850.7	44472.9	44446.2	13055.7	21939.1	38807.5	32064.1	32291.3	31746.1
P08246	ELNE_HUMAN	ELANE	Neutrophil elastase														1780.52					7453.73								2432.42		2111.31	1448.96				2703.82						1627.16	2421.54	822.669			1424.07		1389.73	2017.67
P08253	MMP2_HUMAN	MMP2	72 kDa type IV collagenase	48527.9	46707.2	38043.5	47309.9	186361	42653.7	37006.2	24596.3	29453.1	37969.7	21881.2	39825.4	31010.9	24567.9	26678.6	21021.9	46780.4	40940.9	34883.4	37221.8	38282.2	43531.5	45849.9	37440.9	32383.6	48996.5	68928.7	45789.3	69590.5	63597	33336.7	12764	22624.6	32506.4	91464.1	50923.7	29342.4	94368.8	74820.5	27134.7	100307	80970.3	45445.3	43341.8	107765	30356.6	30872.7	27858
P08254	MMP3_HUMAN	MMP3	Stromelysin-1	6348.39	5154.51		4403.97	14380.5					3972.62		4233.4		3706.44	3332.7	10460.1	4200.09		19693.7	4761.14	4165.4	10088.8	6226.21	10304.6	8321.62	7129.96	4132.86	6050.14	4280.08	4178.18	4506.99			8332.78	29165	10242.5	5040.85	23535.9	1953.92	7678.44	10852	19980.4	6988.17	10151.1	23155.8	6497.31	4904.37	6675.44
P08294	SODE_HUMAN	SOD3	Extracellular superoxide dismutase [Cu-Zn]	314842	287090	205059	376880	3.09837e+06	139536	234979	156755	193162	139080	146132	236719	88083.9	158848	204683	916312	154709	155685	459459	145504	135153	909150	480359	441684	390531	542885	243928	176658	265087	235859	193271	284233	376380	194564	1.01509e+06	125190	108198	476474	145554	81810.1	279565	255010	140936	268816	580080	357732	330978	324090
P08311	CATG_HUMAN	CTSG	Cathepsin G	60629.9	66570	16290.9	59184.1	12072	32892.9	22548.1	35509.9	18673.2	105237	68304.5	17392.9	71810.2	51410.6	30852.6	176686		24265.1	479910	26228.9	24170.5	80227.9	15055.7	195440	104811	18721.6	52374.7		58932.9	52459.8	34999.1	21710.5	13636.4	89481.3			18681.3		25662.3	37931	60465.4	44056.6	20303.4	8991.94	71159.6	65722	76332.9	79630.6
P08319	ADH4_HUMAN	ADH4	All-trans-retinol dehydrogenase [NAD(+)] ADH4				2397.66			17649.2				3195.34	16324.5	13841.2	5298.18		9818.47				13472	15848.6			7456.86	27916.3		14803.2	2682.35	11595.1	8925.1		23815.9	30239	10050.2	44082.5		7934.66				5983.46	4661.44	6745.12	6774.88	8569.89	6926.67	10643.7	4926.96
P08493	MGP_HUMAN	MGP	Matrix Gla protein	22170.6	32273.6	42568.6	22359.8	37138.4	43888.8	56291.9	22752.6	26087.8	22646.5	48671.8	65511	65825.9	43691.1	49790.9	68578.1	54377.8	75235.2	11665	50117.6	81238.6	111022	174734	57628.6	77987.5	208605	13013.5	68329.5	10015.3	13069.9	29919.2	27241.7	27612.6	25474.2	47281.4	140575	145817	71930.7	13391.4	35316	46015.2	103479	21794.8	122051	45572.1	44136	49914.6	49180.2
P08514	ITA2B_HUMAN	ITGA2B	Integrin alpha-IIb	103671	100769	77283	94987.7	76822.1	143314	28882.2	138630	79207.8	22433	27139.2	27602.6	45504.1	91817.8	23671.3	31717		7340.27	18423.4	14489.2	12894.7	60538.8	19106.3	52700.8	24073.7	20311.3	82525	4359.48	89988.6	76730.1	13480.8	17022.1	25913.8	117750			6882.63		58118.5	21316.3	178051	18634.1	53199.4	7704.89	99721.8	24815.3	24133.9	26359.7
P08519	APOA_HUMAN	LPA	Apolipoprotein(a)	347802	327443	317051	312646	134118	68754	326023	300663	339857	543067	48023.9	374105	203451	467106	50746.3	213940	31141.5	100915	48066.6	71977.1	64349.4	59316.1	228007	12522.3	175164	217695	155398	28964.1	150855	184502	689500	276998	269398	499235	105383	512766	462493	121687	72459.1	49985.9	46521.9	11401	270254	300850	13003.1	144863	139704	151073
P08567	PLEK_HUMAN	PLEK	Pleckstrin	224090	232566	38232.5	220288	66162.5	119091	11901.1	65524.9	26944.1	16347.7		18006.9	27497.6	29865.5	33394.2	31706.3		29686.7	18605.8	6832.21		83541.7	11711.2	38797.5	11273.1	11027.4	72474.2	3617.34	56232	61646.7	13715	12969.9	9204.27	89686.5			5078.31		25262.6	9519.69	56237.2	12127.2	22636.8	6740.44	124615	20936.4	21983.2	22553.1
P08571	CD14_HUMAN	CD14	Monocyte differentiation antigen CD14	801446	945777	706942	1.0015e+06	657186	583183	847530	372174	511834	405703	930474	829136	383376	446261	675892	1.31288e+06	1.25111e+06	704127	1.01961e+06	1.17816e+06	1.14498e+06	957494	1.08729e+06	1.06276e+06	905525	1.07635e+06	845860	1.19858e+06	803536	707400	314981	454839	492526	566870	905508	1.52834e+06	1.0029e+06	1.4391e+06	840320	651365	1.06678e+06	1.55944e+06	593259	1.72866e+06	1.12707e+06	686357	679312	721586
P08575	PTPRC_HUMAN	PTPRC	Receptor-type tyrosine-protein phosphatase C	4351.09	4406.33	5256.94	4771.23			5014.74	3460.75	3789.92		4099.89	6853.62				4784.78		2726.77	8683.53					8631.5										4858.47					4669.93	9847.62	4403.74	10099.5			5911.3			
P08581	MET_HUMAN	MET	Hepatocyte growth factor receptor	7586.7	7586.67	7996.76	10161.5	5652.36	7531.89	9592.68	4583.23	8547.05	8311.36	8120.62	8212.97	5386.29	9418.23	9469.28	7605.1	11818.6	7870.56	6464.6	8591.58	11596.8	6288.22	6949.05	8672.58	9983.92	6640.9	11127.5	11931.2	12979.5	11636.4	10028.4	6673.81	7311.37	5381.39	17661.3	7475.91	7262.72	18790.2	6948.47	11640.3	7379.53	10726.1	10109.5	10660.2	13409.8	8016.84	7927.93	10265.4
P08590	MYL3_HUMAN	MYL3	Myosin light chain 3					4694.63											12989.6		11848.8	3903.88	4713.63	4558.13				15209.6									878.255	10484.1	2298.39			2283.97					4679.98	2528.11	5368.03	4593.61	4505.26
P08603	CFAH_HUMAN	CFH	Complement factor H	2.34785e+06	2.42376e+06	3.47942e+06	2.38106e+06	2.78628e+06	3.41499e+06	5.51553e+06	4.29785e+06	3.71654e+06	4.60308e+06	4.13696e+06	4.86656e+06	4.21032e+06	3.02359e+06	4.40174e+06	3.13602e+06	3.52192e+06	3.36443e+06	3.45451e+06	4.11347e+06	4.18217e+06	2.58102e+06	2.62208e+06	2.72625e+06	2.27821e+06	2.43134e+06	2.93475e+06	3.28915e+06	3.01661e+06	2.92496e+06	4.88946e+06	3.3249e+06	3.50799e+06	3.94656e+06	3.26876e+06	3.67385e+06	4.4617e+06	3.10778e+06	3.10362e+06	2.64076e+06	1.93775e+06	1.76372e+06	4.2899e+06	3.80052e+06	1.57454e+06	2.66239e+06	2.67057e+06	2.62659e+06
P08637	FCG3A_HUMAN	FCGR3A	Low affinity immunoglobulin gamma Fc region receptor III-A	74487.4	74603.5	76642.3	64225	52190.9	97039	126435	67315.4	95768.5	69374.1	78503.2	129823	140427	54235.3	102462	116710	103093	101237	88900.6	112275	116548	121590	270395	137505	53806.3	246677	132987	93296.3	135102	157021	102413	63842.7	66650.6	86136.7	189155	215270	147941	94058.8	161535	262925	65349.9	204549	72412.8	129881	107534	118411	121496	126574
P08670	VIME_HUMAN	VIM	Vimentin	42594.1	51847	29137.1	34675.9	17455.3	23806.5	23693.4	28061.9	21181.5	29714.1	16359.2	11890.2	6580.84	4868.89	12860.2	31161.7	6785.62	10600.2	66196.6	11639.5	9331.83	14363.1	9917.36	41188.5	16093.4	11106.6	16999.9	8096.22	18610.4	19123.4	16188.4	11131.8	13009	24003.4	13438.4	3331.61	11056.3	22893.1	23873.6	29606.6	15920.8	17840.6	5852.26	10183.5	27526.9	17635.8	15887.9	17892.9
P08697	A2AP_HUMAN	SERPINF2	Alpha-2-antiplasmin	1.88524e+06	1.99409e+06	1.8149e+06	1.97471e+06	1.50138e+06	2.45372e+06	1.62961e+06	1.38577e+06	1.75387e+06	1.64548e+06	1.78457e+06	1.43804e+06	1.79076e+06	1.47604e+06	1.5088e+06	1.66025e+06	2.94135e+06	2.52147e+06	2.20132e+06	2.6939e+06	2.70366e+06	1.39268e+06	2.22898e+06	1.9011e+06	1.76956e+06	2.13644e+06	1.18844e+06	2.90992e+06	1.10242e+06	1.09108e+06	1.94546e+06	2.03961e+06	2.39642e+06	1.27792e+06	1.87817e+06	2.9392e+06	2.2033e+06	1.64562e+06	1.78607e+06	1.68566e+06	1.46405e+06	2.25254e+06	1.94099e+06	2.82888e+06	1.13872e+06	1.53708e+06	1.6266e+06	1.52797e+06
P08709	FA7_HUMAN	F7	Coagulation factor VII	623870	629808	382004	642944	403560	516500	500924	214089	334851	284800	564585	556413	341595	263040	517966	340796	352027	296450	168208	417469	508061	375648	330725	285012	264333	340557	282685	374801	341293	332031	357101	508332	507054	407574	231419	276877	249672	276015	382015	235863	446767	220480	389564	245407	288649	282487	319454	312717
P08758	ANXA5_HUMAN	ANXA5	Annexin A5	3646.67	6587.45	5445.22	10500	3664.89	8734.23		8542.04	7671.3				2279.86												2514.49		5655.98		4318.17	4826.32									3536.95		4942.77	5284.2			7959.01			
P08779	K1C16_HUMAN	KRT16	Keratin, type I cytoskeletal 16	112010	48100	139239	80083.9	113592	108998	73191.7	683572	219088	214058	366774	128839	82670.8	248476	42749.2	206814	79266.3	320274	160098	115074	85682.6	162531	50573	117286	246826	124193	179334	92732.1	44844	171958	262299	112911	199557	131393	127518	30357.8	44771	21043.2	246442	99463.9	197299	30875.5	162218	120275	142603	93585.2	89628.5	87690.7
P08833	IBP1_HUMAN	IGFBP1	Insulin-like growth factor-binding protein 1	468169	1.03282e+06	294234	998005	877724	104421	106437	334672	272302	99117	227395	162042	190890	29127.5	207128	61229.8	846671	142655	543945	111665	110702	1.10027e+06	98220.7	1.63246e+06	46491.7	106739	550270	1.15361e+06	453364	669564	115853	259043	253611	153237	128309	236387	42433.6	732985	842729	59727.2	878537	2.03304e+06	302478	276273	1.15394e+06	590731	696014	679774
P08861	CEL3B_HUMAN	CELA3B	Chymotrypsin-like elastase family member 3B			8320.33						4076.05	2697.72				10246.5	13313.7																	13707.5	7784.34				19407.5			22277.3				2994.79	2070.36			
P08865	RSSA_HUMAN	RPSA	Small ribosomal subunit protein uS2	6248.62	10438	13547.5	9423.98	7327.19	7789.25	8890.89	14378.6	11231.3	13785.4	6574.14		4066.17														8113.89											4339.71			1918.14				4010.14			
P09093	CEL3A_HUMAN	CELA3A	Chymotrypsin-like elastase family member 3A	1526.6						4216.02				2666.07	7236.89				3721.94								3796.11	6319.9				2783.52	2747.11				38112.5	6058.73									6561.38		2395.55	2438.1	
P09104	ENOG_HUMAN	ENO2	Gamma-enolase	4629.08	5993.67		4886.97									15167.5									4883.8			3746.92	2672.57	5026.69															4895.1			5409.67			
P09110	THIK_HUMAN	ACAA1	3-ketoacyl-CoA thiolase, peroxisomal		1488.18					3552.19					3457.94			3364.29				2354.76					2872.18	3484.99		3251.99		4759.07	4118.39		4597.17	5771.78	3696.87	37399		9784.2				3401.95	1792.39		3638.04	3306.06	2261.07	2946.19	1991.23
P09172	DOPO_HUMAN	DBH	Dopamine beta-hydroxylase	22391.1	23062.6	11958.7	23528.2	40793.6	44640.2	50803.7	53462.6	13566.3	48815.7	149414	48685.1	67113.1	84597.2	34430.1	36847.8	58748.6	36925.3	18753.9	19099.9	18277.7	26311.8	54758.2	16354.2	15229.4	52256	25610.2	54217.3	28579.6	28429.8	33228.8		7757.65	19448.6	31742.8	64862.4	36614.1	56409.6	29870.5	20245.6	26418.1	34327.4	61729.1	25320.5	8118.01	21551.5	29037.1	24855.4
P09211	GSTP1_HUMAN	GSTP1	Glutathione S-transferase P	75836.4	78662	24546.9	70126.8	34924.3	42881.5	22823.9	30393.4	24082.8	25933.8	27029.9	18345.2	26023.4	18368.7	30279.7	36055.5	15303.1	26686.5	125745	18872.6	17600.8	46087.8	28082.8	49699.1	26972.9	27057.4	23052.6	16354.9	24905.9	19963.5	17445.9	16287.2	12926.9	46469.5	13336	23867.8	15403.1	23693.5	13650.4	18012.4	37984.8	35621.5		13665	68735.5	32281.9	33430	30654.9
P09237	MMP7_HUMAN	MMP7	Matrilysin	6397.71	6297.61	4841.05	6635.54	9174.68	3324.15			4207						4341.95							5612.35	9017.58	3830.39	6329.7	10296.2	7098.63	2095.54	5165.24	6238.84		6288.97	4796.49		5262.95		7039.87	8985.85	2598.15	4320.05	5406.69	5003.43		4504.2	19916.2	3578.35		
P09429	HMGB1_HUMAN	HMGB1	High mobility group protein B1	11304.8	10338.4	8971.15	11496.8	13120.6	16864.9	3864.86	11992.6	9401.8	15506.4	13268.4	6077.26	5175.06	18531.8	16854	30153.1		6654.84	160003		3837.86	12672.9	4899.02	20302.9	3245.4	3969.14	6033.34		6873.9	6414.96			3663.4	13888.5			8111.06		5497.04	21689.4	5939.5	10447.7		3593.81	7505.67	19769.3	22983.2	20861.5
P09466	PAEP_HUMAN	PAEP	Glycodelin	2758.05					4947.71	2973					4623.98		11922	14673.5	2623.62			11704.2			4476.36	7242.88	13591.7	10470.2	6678.05	1648.35		1993.55		4173.58	3768.91	2929.63	13352.5	3279.26		7196.78				5554.92	3556.36	4224.23	3827.46	6222.55	5587.09	5951.91	5815.94
P09467	F16P1_HUMAN	FBP1	Fructose-1,6-bisphosphatase 1					5933.09		5188.81				5205.22	10038.2		7835.2	5704.75				3963.53						11948.1		4559.2		7227.43	8054.82			6108.37	12000.6	16492.8		10104.2			7679.88	4247.4		10528.2		3654.47	5089.91	5579.32	5943.98
P09486	SPRC_HUMAN	SPARC	SPARC	1.53925e+06	1.63693e+06	1.6536e+06	1.73885e+06	1.12327e+06	1.82464e+06	1.62674e+06	2.05843e+06	1.62872e+06	1.76127e+06	1.27266e+06	1.77153e+06	1.44731e+06	1.81164e+06	1.9484e+06	1.65442e+06	148746	1.14128e+06	272645	1.24241e+06	1.35094e+06	703332	911672	2.10095e+06	980851	869775	1.15285e+06	150005	1.35094e+06	1.33323e+06	1.3065e+06	1.26659e+06	1.12126e+06	1.68046e+06	83732.1	58750.7	1.24114e+06	66584	230014	476831	1.11014e+06	701419	2.48794e+06	577374	1.09479e+06	1.13124e+06	1.01651e+06	1.1114e+06
P09493	TPM1_HUMAN	TPM1	Tropomyosin alpha-1 chain	18314.6	14633	5258.35	16404.1	41952.1	18808.6	7025.84	14655.8	7553.79	15064.1	5121.99	7121.61	14172.6	9017.58	13131.9	59832.6	945.286	16002.8	27244.2	25904.1	28390.5	24092.7	5772.23	25730.5	33441.2	6630.36	20229.3		35280	28823	9031.3	8766.43	10868.8	32209.6	12991.1		8170.89	7246	12865.7	7945.58	25891.4	7687.95	7336.14	10849.8	30140.6	20490.1	16863.8	21082.8
P09601	HMOX1_HUMAN	HMOX1	Heme oxygenase 1				1526.26								6523.99							10361		6287.14			5372.77										2050.25	12985.4	5588.97						7389.27				3618.82		
P09603	CSF1_HUMAN	CSF1	Macrophage colony-stimulating factor 1	63551.6	55090.6	30107.4	67912.5	309574	26854.1	44149.6	27356.3	36770.6	32698.2	41268.5	70687.8	23802.7	36890.4	44927.7	302923	43544.3	46075.4	116568	52614.6	62448.7	45871.3	66425.7	48600.2	69655.7	76047	66041	48341	77226.2	72691	29020.1	27535.1	22412.3	63012.7	64623.4	29434	35621.2	149941	32786.5	51508.1	147865	116468	29263.2	54912.2	72537.7	93866.4	86826.4	93508.1
P09619	PGFRB_HUMAN	PDGFRB	Platelet-derived growth factor receptor beta	8058.04	9522.31	17376.7	6970.73	36889	11809.2	19514	5670.99	15945.7	13924.2	9860.5	15268.1	21003.3	5368.29		14358.3	13863.2	15669.8	22254.4	12720.9	10910	13002.5	11642.9	17628.7	14578.1	12676.9	4960.27	9282.86	12530.2	11204.7		12331.2	13704.7	18565.1	18064.3	17390.8	15083.3	12285.8	8423.17	17607.1	14154.3	28308.7		11201.7	18083.8	10986.4	13929.6	11105.8
P09651;Q32P51	RA1L2_HUMAN;ROA1_HUMAN	HNRNPA1;HNRNPA1L2	Heterogeneous nuclear ribonucleoprotein A1	9868.91	13903.1	13225.9	13672.8	10229.1	10077.2	11314.2	10115.8	11728.8	4954.45	10418.4			3417.51	3677.87	13711.3		6084.26	37401.1	2950.66		9050.63	6267.19	11099.5		6403.06	5633.05	3225.33	5125.31	4545.95			3612.93	7784.09					8614.59	5704.26	4301.25	5832.02			9599.93	5235.98	7150.51	8100.31
P09668	CATH_HUMAN	CTSH	Pro-cathepsin H	16683.5	13959		18685.6	11532.4	27657.8	18558.7	20656.8	12672.1		19761.9	15079.6		53480.2	26999.1		12770.9	17158.3	25583.2	21899.8	23195.1	20717.1	12871.9	18295.5	14287.8	9315.09	35990.6	12193	36042.8	45454.3		30023.7	19180.6	16502.6	7513.84		29652.8	20728.9	20474.3	22523.8	15498.4	24782.1	22014.8		25585.6	18502.2	15564.1	25903.2
P09871	C1S_HUMAN	C1S	Complement C1s subcomponent	3.71131e+06	4.05657e+06	3.43177e+06	3.7562e+06	3.38501e+06	4.08678e+06	3.63418e+06	2.34048e+06	3.22397e+06	2.89138e+06	3.25405e+06	3.55474e+06	3.06224e+06	2.87534e+06	3.05912e+06	4.15056e+06	4.25481e+06	3.70954e+06	4.44721e+06	4.02883e+06	4.12788e+06	3.37193e+06	5.08975e+06	3.39296e+06	3.47746e+06	4.68461e+06	3.75851e+06	4.48427e+06	3.52089e+06	3.25173e+06	2.68192e+06	4.0681e+06	4.51618e+06	3.09406e+06	5.04729e+06	4.02024e+06	2.99607e+06	4.06281e+06	3.00606e+06	3.18198e+06	4.53035e+06	6.36634e+06	2.27228e+06	4.05287e+06	3.86908e+06	3.35002e+06	3.36034e+06	3.39976e+06
P09919	CSF3_HUMAN	CSF3	Granulocyte colony-stimulating factor																	10644.4											12201.1											32459.2									
P09960	LKHA4_HUMAN	LTA4H	Leukotriene A-4 hydrolase	44879	46749.9	32410.6	43783.4	38691.6	44999.6	76465.3	31726.8	35300.5	48180.2	86147.4	69503.4	43126	67666	32437.4	53850.4	29110.9	49962	171207	41892.9	44230.9	53932.9	88783.1	96673.8	60710.6	94245.2	37452.6	24252.2	47804.8	45146.4	22848.6	25162.2	28953.4	52221.9	62615.7	35706.9	50817.4	43807.4	22685.1	40659.9	90425.7	118174	38418.2	53692.6	77474.5	55588.6	54383.7	59936.2
P0C0L4	CO4A_HUMAN	C4A	Complement C4-A	8.53299e+06	9.33899e+06	1.11332e+07	8.8423e+06	8.89913e+06	9.09856e+06	1.0164e+07	9.9705e+06	1.03352e+07	1.42113e+07	8.08729e+06	9.13103e+06	1.20077e+07	1.12016e+07	9.99315e+06	7.2762e+06	8.67108e+06	5.3717e+06	1.03271e+07	8.14481e+06	8.05872e+06	9.8611e+06	1.03142e+07	7.61418e+06	8.3234e+06	9.6267e+06	1.02822e+07	9.26152e+06	9.8594e+06	9.3646e+06	1.19311e+07	9.00894e+06	9.20275e+06	9.89589e+06	7.83694e+06	7.68926e+06	1.01811e+07	6.76629e+06	1.0336e+07	8.90408e+06	1.21185e+07	9.29631e+06	1.06618e+07	8.81149e+06	9.2348e+06	7.23185e+06	7.13033e+06	7.15818e+06
P0C0L5	CO4B_HUMAN	C4B	Complement C4-B	1.67207e+06	1.71563e+06	2.33279e+06	2.04651e+06	1.6028e+06	1.83453e+06	2.30028e+06	2.20405e+06	1.69299e+06	3.70362e+06	2.08159e+06	2.21906e+06	2.37457e+06	2.37954e+06	1.88258e+06	1.65994e+06	1.68507e+06	1.54067e+06	2.21084e+06	1.70812e+06	1.7941e+06	1.87155e+06	2.00251e+06	1.51997e+06	2.22482e+06	1.9524e+06	1.88594e+06	1.34138e+06	1.7907e+06	1.73206e+06	2.82203e+06	1.80037e+06	1.82476e+06	2.74167e+06	1.9499e+06	2.84077e+06	2.80483e+06	1.96771e+06	2.48857e+06	1.7511e+06	2.97225e+06	1.80246e+06	2.57316e+06	2.24359e+06	1.96275e+06	1.65267e+06	1.75765e+06	1.64307e+06
P0C0S5;Q71UI9;P0C0S8;P20671;Q16777;Q6FI13;Q96KK5;Q99878;Q9BTM1;P04908;P16104;Q7L7L0;Q93077;Q96QV6	H2A1A_HUMAN;H2A1B_HUMAN;H2A1C_HUMAN;H2A1D_HUMAN;H2A1H_HUMAN;H2A1J_HUMAN;H2A1_HUMAN;H2A2A_HUMAN;H2A2C_HUMAN;H2A3_HUMAN;H2AJ_HUMAN;H2AV_HUMAN;H2AX_HUMAN;H2AZ_HUMAN	H2AC1;H2AC11;H2AC12;H2AC14;H2AC18;H2AC20;H2AC25;H2AC4;H2AC6;H2AC7;H2AJ;H2AX;H2AZ1;H2AZ2	Histone H2A type 1-B/E	414707	345753	135321	388566	220063	201010	83757.6	105140	182075	1.30085e+06	200878	54216.8	206780	193670	76870.7	1.34184e+06	34902.6	75162.5	2.38384e+06	115854	110129	123167	283470	673326	316286	265903	125622	40519.7	105056	136547	85609.5	55592.8	57171.9	411993	104258	54776.7	71334.5	51371.4	210244	288329	189616	153504	80721.3	52219.9	442628	367018	392169	348652
P0CG47;P0CG48;P62979;P62987	RL40_HUMAN;RS27A_HUMAN;UBB_HUMAN;UBC_HUMAN	RPS27A;UBA52;UBB;UBC	Polyubiquitin-B	125258	90397.1	68938.7	78854.6	74093.8	77851.7	71803.8	91694.1	65640	69721.4	107787	58889.7	58843.8	80637.7	48395.6	70621	37095.4	60999.9	107833	38050.6	42279.9	66541	37795.5	48825.8	37955.5	52403.8	48940.3	37543.1	60438.3	64789.2	64130.8	56041.8	48647.6	82286.2	48799.8	34086	54821.3	34854.5	50246.4	84465	34760.6	48514.1	42995.8	26005.8	44552	59063.4	54307.8	65303
P0DJD8	PEPA3_HUMAN	PGA3	Pepsin A-3	12848.2	16112.3	10495.2	14697.9	16346.4		3415.7	8031.19	8685.65				6277.55		10315.1	7750.25	22688.3		24109.3	37884	22788.3	18510.3	63536.2		56961.3	56954.4	8167.13	39840.6	8506.61	8394.22	8036.74		9205.82					78978.5			8831.8	3742.33		16433.9	23374.5	14469.8	19283.3	16507.4
P0DJI8	SAA1_HUMAN	SAA1	Serum amyloid A-1 protein	541378	1.04654e+06	71555.5	978878	44144.3	32004.6	856502	46020.6	29579	185311	3.2627e+06	1.13637e+06	26788	643640	436094	4.64802e+06	2.80272e+06	3.29279e+06	2.77137e+06	4.5583e+06	4.57272e+06	3.06793e+06	3.76205e+06	3.5785e+06	3.01604e+06	3.63171e+06	381072	2.84435e+06	207190	243453	522870	3.14025e+06	3.06587e+06	3.37104e+06	1.11086e+06	5.33682e+06	3.39726e+06	3.12473e+06	1.62251e+06	634463	1.14213e+06	2.93013e+06	5.53497e+06	5.00714e+06	395149	3.66069e+06	3.65526e+06	3.49067e+06
P0DJI9	SAA2_HUMAN	SAA2	Serum amyloid A-2 protein	182428	260729	33555.1	239047	66613.4	19044	555198	43436.4	21404.5	394248	6.84832e+06	707273	60824.3	743538	327210	7.71548e+06	2.81158e+06	4.70002e+06	1.84541e+06	5.56944e+06	6.05288e+06	3.11822e+06	2.88895e+06	3.41592e+06	3.82269e+06	2.9211e+06	119605	2.89995e+06	115104	138682	393441	2.10704e+06	1.97922e+06	3.99029e+06	1.14067e+06	9.07778e+06	7.50615e+06	2.64089e+06	763108	593514	626852	1.65128e+06	4.13873e+06	5.91037e+06	218508	3.34096e+06	4.18676e+06	3.79973e+06
P0DMV8;P0DMV9	HS71A_HUMAN;HS71B_HUMAN	HSPA1A;HSPA1B	Heat shock 70 kDa protein 1A	20599.1	21037.5	9128.37	21059.8	18093.8	19033.5	16090.2	13826.5	12695.3	19752.6	15580.6	10913.5	5923.18	13945.5	9320.38	31410.4	7952.42	16908.6	84278.3	14022.2	14592.8	105975	20487.5	22530.1	17430.4	18942.6	13234.7	6761.17	17929.5	16045.3	11014.7	8330.64	9711.08	21540.4	34974	6382.39	8059.8	15374.3	10401	18998.2	19312.4	21556.1	10472.7	8684.59	21325.2	20944.1	24848.1	20370.5
P0DOX2	IGA2_HUMAN		Immunoglobulin alpha-2 heavy chain	524715	569600	323433	698808	1.12616e+06	580913	770265	477746	291866	1.0842e+06	1.62431e+06	689851	1.86576e+06	1.20877e+06	1.42469e+06	1.43746e+06	878820	1.37045e+06	1.23201e+06	868888	806727	1.93841e+06	521499	2.37364e+06	698644	650095	942056	965451	771480	890302	1.61742e+06	447300	681679	2.1924e+06	402494	681224	301121	480757	730235	1.2121e+06	1.08024e+06	1.64367e+06	2.76589e+06	788089	1.00422e+06	1.23207e+06	1.29081e+06	1.22419e+06
P0DOX3	IGD_HUMAN		Immunoglobulin delta heavy chain	136780	136613	472530	121889	192520	292872	717546	1.96287e+06	393176	92493.9	897041	662145	303316	132471	391022	53434.8	93366.8	205136	886258	914693	1.07717e+06	292187	1.08355e+06	752697	104203	1.0702e+06	229292	71173.8	231262	212041	125182	395564	395230	646017	205649	259805	132430	103754	393227	1.11098e+06	463938	220175	578397	225518	336282	384175	392307	380321
P0DOX4	IGE_HUMAN		Immunoglobulin epsilon heavy chain	6716.74	10654.1		9157.53	20567.1		15574.4	2608.77	8746.54		44751.2	24831.1	14589.1	210195	58509.3	5023.42			29883.2	96781.7	97621.4	47247.3	4060.05		241945	10596	2673.24				2022.16	35207.8	35842.9		3210.62				6952.29	5765.83	91391.1	13152.8	3658.2	9882	98277.4	35743.1	34550.2	40282.7
P0DOX5	IGG1_HUMAN		Immunoglobulin gamma-1 heavy chain	3.30939e+06	3.79054e+06	3.15247e+06	3.4698e+06	4.93126e+06	4.83086e+06	4.68253e+06	8.39676e+06	6.34797e+06	6.61061e+06	5.8054e+06	6.03738e+06	1.37184e+07	7.37216e+06	6.29002e+06	4.19997e+06	3.72927e+06	4.65553e+06	6.21641e+06	3.54751e+06	3.09063e+06	9.18047e+06	8.16584e+06	4.36792e+06	3.37938e+06	7.23536e+06	5.25991e+06	3.66468e+06	6.21268e+06	5.55868e+06	9.09214e+06	6.76046e+06	5.65784e+06	5.1411e+06	4.89595e+06	7.00305e+06	9.13116e+06	6.01824e+06	6.43045e+06	7.97508e+06	4.06717e+06	4.66465e+06	4.59747e+06	3.56503e+06	4.96872e+06	7.43899e+06	6.81429e+06	7.07982e+06
P0DOX6	IGM_HUMAN		Immunoglobulin mu heavy chain	130972	117093	26995.8	119319	83039.6	141735	75100.1	46444.4	116287	62124.8	112206	80791	125697	269317	130585	23995.3	61318.5	112084	33063.2	102578	108974	172453	50534.4	222510	252894	47612.7	141875	58044.8	136767	178080	197915	320257	266741	39175.2	29450.9	19978.8	55347.9	39959.6	630991	397379	51830.9	173355	45905.6	59223	96533.6	104072	81735	83427.5
P0DOX7	IGK_HUMAN		Immunoglobulin kappa light chain	1.77376e+06	1.90744e+06	2.41658e+06	1.93504e+06	4.31818e+06	2.92286e+06	2.63359e+06	4.49428e+06	3.5521e+06	2.63508e+06	2.28929e+06	3.0085e+06	6.37123e+06	3.09539e+06	5.79454e+06	2.09722e+06	2.66315e+06	2.94365e+06	2.65072e+06	1.72824e+06	1.64647e+06	4.58366e+06	2.02586e+06	3.9962e+06	1.87742e+06	1.8345e+06	2.68158e+06	2.33046e+06	2.72613e+06	3.03491e+06	2.62226e+06	2.99564e+06	2.8093e+06	4.4129e+06	2.27152e+06	2.53311e+06	2.62196e+06	3.98838e+06	2.41389e+06	3.73677e+06	1.78468e+06	2.29089e+06	3.6738e+06	1.62499e+06	2.81848e+06	2.81239e+06	2.68458e+06	2.76487e+06
P0DOX8	IGL1_HUMAN		Immunoglobulin lambda-1 light chain	3.45533e+06	3.44549e+06	3.55809e+06	3.62778e+06	3.91738e+06	3.69822e+06	3.22616e+06	4.61255e+06	3.98008e+06	5.08645e+06	3.96921e+06	3.3421e+06	6.11604e+06	3.95651e+06	1.34951e+07	3.25402e+06	4.30306e+06	4.06804e+06	5.43991e+06	3.05494e+06	3.4065e+06	7.47329e+06	6.86793e+06	6.33577e+06	3.22143e+06	5.77481e+06	7.23087e+06	4.73963e+06	6.69062e+06	6.42137e+06	8.09268e+06	4.39484e+06	4.79889e+06	4.6256e+06	2.7584e+06	1.2657e+07	4.92743e+06	4.69557e+06	5.15129e+06	6.50031e+06	3.85477e+06	3.99291e+06	6.27193e+06	3.02827e+06	4.87703e+06	3.76074e+06	4.0996e+06	4.22294e+06
P0DOY3	IGLC3_HUMAN	IGLC3	Immunoglobulin lambda constant 3	7.17398e+06	6.37828e+06	7.33845e+06	6.48709e+06	8.08568e+06	7.728e+06	7.80509e+06	1.15816e+07	8.69133e+06	1.32509e+07	1.10412e+07	8.1317e+06	1.13911e+07	8.64284e+06	1.0864e+07	7.70247e+06	7.72995e+06	8.38184e+06	9.18337e+06	7.84164e+06	6.50606e+06	1.15601e+07	9.55033e+06	9.17233e+06	6.73802e+06	9.7853e+06	1.06993e+07	6.46436e+06	1.02474e+07	1.04802e+07	1.30782e+07	1.11848e+07	9.811e+06	8.80292e+06	6.19595e+06	8.09917e+06	1.06977e+07	8.45101e+06	9.56522e+06	1.02744e+07	7.43087e+06	8.56524e+06	1.64659e+07	6.69623e+06	8.70189e+06	1.03073e+07	1.04186e+07	9.85111e+06
P0DP01	HV108_HUMAN	IGHV1-8	Immunoglobulin heavy variable 1-8	7054.88	6359.54	177905	7712.72		20311.6	38758.2	198933	175885	31179.7	60373.7	43749.2	76815.9	32431	94436.9	20485.4	6175.57	49321.2	46473.8	36782.1	30368.3	73326.9	8155.67	34699.9	45196.3	10003.8					15283.4	37167.9	36832.6	50941.6	28422.3	36445.4	29904	46097	24939.9	120837	19033.1	63996	128508	28309.9	34889.8	39761.6	37147.3	32712.6
P0DP08	HVD82_HUMAN	IGHV4-38-2	Immunoglobulin heavy variable 4-38-2	8665.27	6691.98	3941.78	9731.34	12740.7	11693.1		6132.26							46713.1		7986.46					28706.8	17584.4		5496.03	18037.9	14436.8	10428.8	12638.2	18598.4	17403.5	13158.9	11704.6			8041.31			15600.8	19896		7323.5	25998.2			13203.6	13178.8	12781.6
P0DP23;P0DP24;P0DP25	CALM1_HUMAN;CALM2_HUMAN;CALM3_HUMAN	CALM1;CALM2;CALM3	Calmodulin-1	1.36474e+06	1.28845e+06	150931	1.25807e+06	364373	730886	135758	183304	103930	89701.8	181873	143784	63704.7	112514	165553	384234	63608.5	225677	1.12377e+06	283186	269130	949973	229945	602180	220557	239596	710656	93427.9	586036	537518	102208	77444.8	94685.5	591764	124445	40373.9	62391.6	65130.6	203760	186101	272206	303268	207381	136807	886121	386236	366125	402826
P0DTE1	HV383_HUMAN	IGHV3-38-3	Probable non-functional immunoglobulin heavy variable 3-38-3	41121.1	39779.2	125167	47295.1	47500.9	88096.8	42487	30623.3	126302	99100.2	40146	54065.1	221230	89608	49135.2	54236.4	76662.3	58650.4	64356.5	33038.4	33401.5	179058	70964.9	62676.6	55163.6	57708.4	135854	78695.7	52828.7	134163	86646.7	69227.3	24653.1	25257.9	52135.2	125020	20952.4	114361	19223.5	54333	142941	78588.5	54264.7	40551	221727	59204.9	112178	82265.1
P10124	SRGN_HUMAN	SRGN	Serglycin	1.48235e+06	1.44713e+06	1.92059e+06	1.52447e+06	1.61476e+06	2.07175e+06	1.87762e+06	1.55721e+06	2.01307e+06	2.56875e+06	1.506e+06	2.33226e+06	516384	1.63715e+06	1.82855e+06	2.59257e+06	98295.2	741914	448460	1.91788e+06	2.273e+06	965531	1.30843e+06	1.46289e+06	697605	1.37003e+06	698118	112933	1.08931e+06	986451	893331	1.30702e+06	1.33675e+06	1.87715e+06	8179.03	30434.1	1.63326e+06	8800.2	234859	523937	1.42952e+06	521321	2.8134e+06	913465	695046	1.29979e+06	1.31461e+06	1.36011e+06
P10321	HLAC_HUMAN	HLA-C	HLA class I histocompatibility antigen, C alpha chain	17403.6	12471.3		12997.9	7421.97	7609.71		7853.28						7779.02		13118.4	6989	11270.8	16540.8		11220.7	17615.5	5180.5	7727.47	8462.59	6772.51	8425.8	5325.18	9051.83	6727.41				17349.8					9718.01	15406.8	13669.3	19905.9			10670.4		9646	
P10412;P16402;P16403	H12_HUMAN;H13_HUMAN;H14_HUMAN	H1-2;H1-3;H1-4	Histone H1.4	14944.1	14297.9	8458.14	14785.9	12495.7		6151.26	10446.7	10121.6	21997.8	9133.22					15905.9			193025					30276.1	3314.88				2916.06			4098.39	3801.12	13048					4661.54	10558.6	5566.32				9343.91	10427.2		11484.2
P10451	OSTP_HUMAN	SPP1	Osteopontin	193932	196942	83747.8	198064	331975	63756.4	88496.2	65908.8	78998.6	85177.5	205382	93712.8	371622	98579.8	183960	868865	164684	201704	705918	379600	487958	832219	715278	438690	355445	775296	214152	252225	204727	187407	113691	102641	142675	140509	196998	292365	584566	294421	118238	200531	325235	533105	122743	530980	900167	394419	461716	420089
P10586	PTPRF_HUMAN	PTPRF	Receptor-type tyrosine-protein phosphatase F	20988.8	22200.3	15310.1	20972.4	21796.2	14475.2	16754.5	14412.1	16331.5	11848.8	12326.5	17695.8	19871.3	15039.9	14881.5	16638.7	28184.8	20697.1	22235.8	22290.8	24264.4	20289.8	24699.1	17793	16002.3	22890.5	17636.7	24303.8	19006.7	17291.7	17262.3	10411.4	11992.5	13157.8	35438.2	19354.5	10780.4	22832	22064.8	18189.8	31196.3	37758.8	12322.8	23402.9	23786.1	16386.6	19268	19668.9
P10599	THIO_HUMAN	TXN	Thioredoxin	22408.1	18774.5	22659.7	16773.3	22809.3	25684.9	24078.3	19340	22777.9	16950.8	41080.3	9500.54	17667.4	26159.5	12798.6	29193.3	18602	18033	25721	11300.2	14880.3	42572.5	16810	41936	29100.3	23536.5	31283.7	53960.4	32680.8	26670.5	28237.4	13705.5	22002.7	36701.8	21920.9		23443.8	12479.1	17317.1	28237	20536.1	12997.1	19382.8	10959.4	24221.7	28707.7	29261.8	26279.3
P10619	PPGB_HUMAN	CTSA	Lysosomal protective protein	17322.4	19606	19401.7	24271.6	13548.3	39956.7	26734.9	19877.7	26154.3	14218.9	6837.59	25104.5	11059.6	22495.7	19616.7	35903.5	6812.44	18761.6	7118.31	18120.3	20134	9154.74	14995.5	31065.6	9432.73	12650.3	22879	7957.05	28303.6	27655.9	11064.1	8613.71	14498.1	32337	13017.7	7649.74	16302.5	2260.72	13455.7	9850.98	27063.4	25703.8	20246.3	13596.1	23906.4	13472.4	16464.6	16938.5
P10643	CO7_HUMAN	C7	Complement component C7	1.46928e+06	1.54504e+06	1.69973e+06	1.46994e+06	2.71161e+06	1.6948e+06	1.50626e+06	1.35686e+06	1.63291e+06	1.92377e+06	1.29278e+06	1.53863e+06	1.12181e+06	1.41158e+06	1.61963e+06	1.06863e+06	2.02632e+06	1.59651e+06	981634	1.77434e+06	1.78881e+06	1.39164e+06	3.96331e+06	1.01839e+06	1.17144e+06	3.71219e+06	2.29587e+06	2.14427e+06	2.13438e+06	2.18721e+06	1.05666e+06	1.26576e+06	1.21447e+06	1.5428e+06	2.71907e+06	1.1783e+06	1.23628e+06	2.40352e+06	1.54586e+06	1.95116e+06	1.79687e+06	2.0597e+06	1.13573e+06	1.48933e+06	2.30431e+06	1.454e+06	1.43612e+06	1.38558e+06
P10645	CMGA_HUMAN	CHGA	Chromogranin-A	136089	122228	124224	138229	761683	31286.1	87431.5	44613.2	81850.1	35623.8	53491.3	102082	29813.9	26580.7	113142	321659	37310.8	217867	738308	539658	595240	502573	2.20025e+06	160820	571757	2.41239e+06	122372	46793.5	118742	108769	59793.3	23311.4	33687.5	76313.2	86789.5	150737	132335	136870	64895.9	70923	202346	109097	117282	287961	147979	583946	566582	536399
P10646	TFPI1_HUMAN	TFPI	Tissue factor pathway inhibitor	11636.5	13758.9	20123.2	9966.17	38387.2	13066.4	15410.3	6466.45	14226.3	6370.64	13797.8	14178.2	4403.25	10786.4	19668.8	22823.8	9506.04	13032	82867.8	17600.9	17006.3	19800.9	15234.9	25857.8	17372.5	12612.4	14071.1	7990.8	13523.8	12370.2	16909	7279.06	13975.6	18145.4	25325.5	12596.9	9618.07	30050	7560.17	10310.5	16608.1	10350.7	15303.4	18050.5	17263.7	19401	15506.9	16637.1
P10721	KIT_HUMAN	KIT	Mast/stem cell growth factor receptor Kit	5116.61	4688.07	6261.86	4096.99	7753.67	2804.55	4696.97		5833.22	4958.29	3642.3	6220.93		5178.84	9588.6		1703.13		2278.95		2663.9	2871.09		1746.34		1633.55	4428.69	3261.22	3101.35	5166.39	5673.11	5503.67	4538.7	1859.84				2398.93	2340.56	4833.59	2078.01	1878.32		2651.03	1549.65	2845.2	3474.97	3181.87
P10745	RET3_HUMAN	RBP3	Retinol-binding protein 3	23219.2	29178.5		25341.6		30390.2	21039.4	30958.8	27608.6	33962.9	22817.9	28314.2	31452.5	22710.2		13130.6	22336.6	25396.8	17355.7	26418.7	20040.9	14341.2	19213	11602.3	15133.4	17565.3		16338.6		23654.8		25513	27298.6	18098.6	15526.2	19637.4	14082.5	13219.8	23535.1	21263.7	13940.3	15678.7	17289.6	16805.8	17203.8	20358.2	18261.4	13775.9
P10809	CH60_HUMAN	HSPD1	60 kDa heat shock protein, mitochondrial	1952.84			2055.29												1102.87								2770.7					1722.06						3439.49				1614.8		2040.38	2278.78						
P10909	CLUS_HUMAN	CLU	Clusterin	3.86213e+06	4.36843e+06	3.59528e+06	3.99262e+06	2.36233e+06	4.13829e+06	2.58475e+06	3.1712e+06	3.58556e+06	4.34295e+06	2.89691e+06	2.38379e+06	4.89124e+06	3.21508e+06	3.48092e+06	3.57483e+06	2.49065e+06	3.84904e+06	4.55477e+06	3.84378e+06	4.49303e+06	2.41897e+06	3.09723e+06	2.87107e+06	3.06876e+06	2.9215e+06	3.91095e+06	3.14686e+06	3.68662e+06	3.56971e+06	4.17501e+06	4.25003e+06	3.98405e+06	2.77793e+06	2.40703e+06	3.15291e+06	4.15617e+06	3.55662e+06	4.02893e+06	2.7612e+06	3.0986e+06	3.76059e+06	2.62507e+06	3.06114e+06	2.38735e+06	2.85285e+06	3.08668e+06	2.96794e+06
P11021	BIP_HUMAN	HSPA5	Endoplasmic reticulum chaperone BiP	291286	303364	264301	296712	216925	306057	229972	201641	269790	233141	191510	204527	182211	251225	254629	222421	280435	281262	515300	235286	236682	194324	279381	184444	177269	249381	265403	273527	255419	251954	196933	228227	219266	196355	458519	118845	184447	241173	352635	183552	279292	344589	183966	154375	247426	195386	203067	191568
P11047	LAMC1_HUMAN	LAMC1	Laminin subunit gamma-1	15867.7	18776.2	10222.4	19008.5	33311.4	18426.1	19500.4	7033.19	11109.8	10150.5	17712.4	22302.7		11196.6	18714.9	16117.7	20418.1	16376.6	31052.2	14882.8	13625.4	22885.8	20688.9	31906.8	24050.9	19113.4	20267.4	17306.7	19853.2	20219.2	10379	15227.6	17109.9	20039.6	55937.1	48343.8	24012.2	50492.1	22673.5	15200.1	43670.2	44568.9	11530.2	27392.7	39493.3	18012.9	17049.6	18216.9
P11142	HSP7C_HUMAN	HSPA8	Heat shock cognate 71 kDa protein	72536.3	73911.2	30672	77549.4	42858.2	44782.9	37057	36138.9	28834.6	24253.1	42392.4	23885.2	22790.3	38081.3	20312	32285.9	16371.3	35002.2	78049.3	28323	30031	61802.4	26529.1	37179.8	28796.3	25564.9	31279.2	19257.8	29052.5	26387	19074	16953.4	19364.1	45859.5	52846.3	18510.2	19937.2	21104.5	23987.8	23324.7	43944	42325.9	16795.8	13566	50129.2	30860.6	29971.4	27390.3
P11150	LIPC_HUMAN	LIPC	Hepatic triacylglycerol lipase	5896.05	6786.42	6858.09	7282.84	14650.7	4611.29	3649.53		2640.3							5912.52			25152.1	2255.15	2125	4195.32	2993.83		5084.16		3372.09	3736.18				4115.8	5604.64			5567.72		4584.48	6537.98		8675.95	5591.72		4357.08		3866.11	4226.77	
P11166	GTR1_HUMAN	SLC2A1	Solute carrier family 2, facilitated glucose transporter member 1	3578.76	3332.99		3881.26	3753.36	17684	3177.75	3125.35				6567.86		2213.78					8232.65			7114.4	3928.96	2008.28					2465.28	4500.34	7118.21	2233.36		6170.7	24456.9			7222.25	4407.42	3855.52	3257.18	10897			7910.82	2229.83		
P11169	GTR3_HUMAN	SLC2A3	Solute carrier family 2, facilitated glucose transporter member 3	13197.6	12562.3	8471.01	21161.9	14444.7	29109.5	5821.72	11284.5	8177.93			9600.5	5138.03	9603.24	6077.18	7614.97		2082.29	7450.05		1908.49	17262.9	4367.11	15091.2	4704.18	4765.99	15691.8		17287.8	11761.8			3248.58	27571.1					17225.7	6512.9	39782.1	1811.34	10841.5		28174.6	6632.07	7566.66	5420.37
P11215	ITAM_HUMAN	ITGAM	Integrin alpha-M																45133.6			26189.7				15856.8		13368.2														33917.8			31402.9				25949.3		
P11216	PYGB_HUMAN	PYGB	Glycogen phosphorylase, brain form				2493.07	1582.52	1649.21								1603.28		1967.34			3243.08						2335.34		1655.67		2307.99	2425.25				2616.88	4936.67		1780.52	1151.38				3129.17			4653.44			
P11226	MBL2_HUMAN	MBL2	Mannose-binding protein C	1.25701e+06	1.16311e+06	892230	1.24128e+06	767062	1.96487e+06	173164	409112	606313	198575	208526	176429	310729	1.68085e+06	1.93921e+06	756970	64681.2	883766	847853	1.54093e+06	1.50683e+06	571344	384648	885391	1.89516e+06	390061	2.69538e+06	55149.7	2.52129e+06	2.4082e+06	1.79526e+06	581353	563894	2.09427e+06	81717.3	158525	1.09176e+06	155457	2.3684e+06	1.16452e+06	2.13193e+06	685984	267528	855116	2.18991e+06	1.01289e+06	1.21876e+06	1.04547e+06
P11277	SPTB1_HUMAN	SPTB	Spectrin beta chain, erythrocytic	1450.28	1380.34		1629.2	1328.15		926.504					1338.51									2204.39	5432.72	1479.32	887.841				1141.47							1625.63							2433.56						
P11362	FGFR1_HUMAN	FGFR1	Fibroblast growth factor receptor 1	219026	219653	230264	259384	572506	211348	229140	209021	221824	164910	121608	294770	133316	124330	205642	173813	143763	264012	227583	137385	168608	295170	376936	243971	151778	389297	281036	161919	314260	304099	162256	123193	146006	148146	131565	122708	160166	165460	182804	182145	273669	221789	214090	162664	231256	247627	265416	249734
P11413	G6PD_HUMAN	G6PD	Glucose-6-phosphate 1-dehydrogenase	16022.2	15751.9	6586.91	15010.2	7056.11	9936.79	5893.88	8232.37	4994.32	10013.1	7334.56	6062.68	9297.15	8612.29	8942.63	12025.7	3535.55	9355.16	43298.6	5541.89	5242.75	10902.5	5173.84	11498.9	6758.17	5047.75	10265.9		9346.49	8224.54	4326.92	3708.57	3055.13	10746.3					5417.67	7658.4	7604.43	9496.12		3675.77	16530.7	8415.08	8319.84	8516.74
P11586	C1TC_HUMAN	MTHFD1	C-1-tetrahydrofolate synthase, cytoplasmic	2700.4	4371.65	2065.76	2294.24	1537.02	1399.47	1215.77		930.674										7953.42	2123.53		3588.74	1905.81	1849.55	2034.23		2658.15		2246.9	2178.05			1333	2896.32	4291.37				1138.46		2052.55	3219.34			3412.39			
P11597	CETP_HUMAN	CETP	Cholesteryl ester transfer protein	1.9206e+06	2.05607e+06	849080	1.91849e+06	755596	836948	1.24851e+06	734522	763806	1.09811e+06	900926	1.38236e+06	747968	519944	953910	392458	855378	1.34789e+06	726500	1.18239e+06	1.33561e+06	458530	1.54181e+06	1.07356e+06	1.22346e+06	1.57725e+06	934276	880499	1.03374e+06	1.12237e+06	1.61213e+06	1.59362e+06	1.95485e+06	1.01979e+06	241906	273960	2.07007e+06	213761	1.28989e+06	957820	1.30387e+06	311728	2.72043e+06	1.1467e+06	542496	1.15105e+06	1.16757e+06	1.16254e+06
P11678	PERE_HUMAN	EPX	Eosinophil peroxidase	54029.8	52184.5	26005.1	54176.1	2788.19	9359.62	2999.59	9924.02	24326.1	26890.4		2677.19	16606.6	10577.2	19484.1	12904.1		742.587	5488.49					10629.6	16897.3	3147.14	21348.6		28963.2	24078.9	5757.5		1932.1	5992.44			2547.15			7852.29	3700.49				10665.9	9113.34	8368.09	9051.9
P11684	UTER_HUMAN	SCGB1A1	Uteroglobin	2114.34	1028.3		1210.21	18827.5	717.924	2011.95		2045.82	4172.7	2565.82	3426.5		1803.49	1873.8			2689.24	13315		771.224	10733.7	9420.09	1054.62	2324.94	10614.9	1059.25		925.839	1837.8	959.618	1510.55	1607.33	2321.82		4551.99		4169.97		2656.05		1743.91	2189.38	2311.65	3250.39	7565.04	6852.31	5697.05
P11717	MPRI_HUMAN	IGF2R	Cation-independent mannose-6-phosphate receptor	6992.71	7139.76	6667.94	6145.62	11561.6	8414.82	18035.7	9447.57	7215.42	9701.56	6565.43	18425.2	6721.92	9055.8	8640.98	14061.7	9281.13	11819.1	14464.4	11156.7	11146.7	8011.56	10845.6	10780.5	11618.3	11048.3	7887.13	7498.08	10001.5	8139.33	7980.58	6691.48	9708.77	12571.4	20823.3	15105.4	18115	18998.3	10966.8	16846.1	11228.6	14347.3	9325.56	11094.1	12328.4	9482.79	10397.7	11725.8
P11940	PABP1_HUMAN	PABPC1	Polyadenylate-binding protein 1	6760.68	9380.85	4152.42	5474.8	3898.21	2375.63	3078.21		2944.25			2727.27			3608.13	4992.66	3352.84	3482.97	16551.4	2366.07	1485.99	5970.96	2938.88	3784.26	3901.4	3349.89	4103.86	1509.27	3434.75		1557.3		2273.08	7490.79	6429.62			7269.22	4396.83	6364.21	8176.53	8273.7		3019.5	6784.86	3731.18	2603.96	3561.56
P12109	CO6A1_HUMAN	COL6A1	Collagen alpha-1(VI) chain	31991	31317.6	24941	30761.1	61849.6	34291.4	25624.8	19923.4	24336.4	27663.1	37066.3	23428.3	50392.4	29019.3	18817.7	44467	33337.7	22871.3	51454.5	26958.8	25407	51938.6	46888.8	26036.4	45281.1	43655.2	60695.7	30293.7	49428.4	50963.6	19496.3	25288.7	29648	24027.2	113525	62469.9	31216.7	56606.1	24266.4	53371.3	55114.5	97225.8	19499.2	42907.8	86176.1	30384.7	36029.2	36609.1
P12110	CO6A2_HUMAN	COL6A2	Collagen alpha-2(VI) chain	49596.8	56250.9	57387	65147.6	123572	63886.6	62906.2	50148.9	50274.3	51101.4	48665.7	54202	61586.6	40053.4	46574.5	96421.9	58872.8	59250.4	214489	56181.7	66551	64877.5	114323	47966.2	101327	114223	78479.8	67153.8	73494.2	76142.4	49534.5	42862.8	44073.7	48663.3	146427	92256.9	78185.7	107879	37622.1	52752.6	124432	322990	52847.1	70303.4	112144	85165.7	80242.6	76756.8
P12111	CO6A3_HUMAN	COL6A3	Collagen alpha-3(VI) chain	35566.6	39268	25240.6	34863.8	62404.4	25352.3	26009.1	23216.2	26585.8	29113.6	20552.3	25197.9	35694.2	20583	28088.2	50483.5	36138.6	30911.8	92008.4	34796.5	30813.4	38810.1	60987.7	38763.7	50011.4	60498.4	37296.2	35993.4	38821.4	40348.4	32604.3	20704.3	22715.9	23097.7	65169.1	53891.7	32019.6	72865.7	30739.7	22045.9	41436.9	104679	29839.6	40456.9	66186.8	36767.9	35394.7	38774.3
P12259	FA5_HUMAN	F5	Coagulation factor V	1.15885e+06	1.19363e+06	896083	1.15522e+06	1.1953e+06	988661	1.21596e+06	728859	895621	629968	680986	1.10149e+06	595544	780819	1.21181e+06	900318	1.67792e+06	1.50216e+06	1.07624e+06	1.30834e+06	1.32366e+06	743338	788150	883969	859764	756407	642252	1.59136e+06	633318	643103	894926	1.06443e+06	1.09438e+06	829886	1.27498e+06	1.46303e+06	1.39595e+06	2.36607e+06	1.37968e+06	587665	1.35511e+06	1.19172e+06	761694	1.71383e+06	585017	906084	918296	931472
P12273	PIP_HUMAN	PIP	Prolactin-inducible protein	7422.12	6364.99	16330.7	4152.25	5934.48	6187.99	10455.5	5358.09	37838.1	14284.5	16932.2	4680.07	10977.4	8483.12	5413.52	19180.6	8148.82	8177.49	4000.2	3967.48	7324.48	9077.51	3852.7	6872.87	12050.9	9886.7	12431.1	14968.4	13210.3	28281.9	16468.1	8615.81	12919.6	15652.5	10054.4	9581.06	4552.15	2841.87	10063.2	10488.6	4528.8	2893.2	8526.41	4595.19	16985.1	11514.3	12752.7	14012.4
P12277	KCRB_HUMAN	CKB	Creatine kinase B-type		1623.58													15402.2				1393.36						2915.09																	1470.81						
P12429	ANXA3_HUMAN	ANXA3	Annexin A3	5407.78	6126.21		3434	3649.71	9047.95	2849.94	4367.16		15398.4	3613.91	2282.32	7008.65	7850.52	2929.42	10446.8		5341.09	24148.1	2997.53		5829.91		9775.82	7940.05		4877.41		5803.71	8211.72			1166.64	7436.67					7375.4	6964.56	2551.99	5881.35			12605.2	6775	5475.11	5148.04
P12724	ECP_HUMAN	RNASE3	Eosinophil cationic protein	29132.8	29199	19205.5	25216.3		4634.67	3340.19	6197.13	12977	6199.55	5918.96	3509.56	8529.34	6169.02	8543.53	16901			27346.1					10042.2	21506.2		11231.1		11790	9848.83	3938.89			9284.23							3338.96	3585.22			6764.07	6344.31	5809.69	7233.73
P12814	ACTN1_HUMAN	ACTN1	Alpha-actinin-1	23403.8	24811.6	16779.2	21991.8	14110.7	32816.2	8779.59	37578.1	16551.9	14301.9	11148	7834.29	21394.3	27536.2	11237.9	12192.3		11813.4	26014.3	5602.45	4428.29	35574.4	6162.96	18901.2	6654.81	7379.16	29016.5		30445.7	24801.3	10475.6	5897.56	7599.05	30754	3208.22		5660.75	1054.79	17050.8	13235.5	33297.7	6545.73	12511.4	3787.84	41560.7	13502.3	10630.4	13219.4
P12821	ACE_HUMAN	ACE	Angiotensin-converting enzyme	17383.6	17221.2	11358.4	19128	20341.8	13387.9	23765.1	13018.7	12237.3		8370.43	21303	37774.3		6770.9	7655.91	8539.85	5998.26	17474.7	7505.8	7556.24	13408.5	13363	13403.9	7620.38	11289.9	18249.4	11175	14506.4	12259.6	11681.1	4459.83	7170.29	6122.48	13550.3	16239.6	15859.6	10729.6	12002.1	12323.5	14806.9	20792.6		14060.7	12267.6	10535.9	9665.98	8912.9
P12830	CADH1_HUMAN	CDH1	Cadherin-1	363208	384738	292154	375443	667364	282654	365403	277424	306011	227537	255734	338520	290641	214735	385903	327137	268769	405786	755632	327204	287542	814667	830787	937247	247975	685890	930485	224655	937435	924698	331655	233228	253884	192570	558438	155224	554618	452841	422091	604418	571786	820336	267593	286726	1.07122e+06	375354	362608	380259
P12883	MYH7_HUMAN	MYH7	Myosin-7	3651.62			2684.98	42066			5028.19								58019.3	3685.94	28854.5	9716.79	37002	34116.1	7067.82			19319									7779.97	40537.6				11938.5		9123.94	6955.75		14121.6	6991.04	10259	9485.91	11135.1
P12931;P07947	SRC_HUMAN;YES_HUMAN	SRC;YES1	Tyrosine-protein kinase Yes	13237.1	12852.8	4955.69	13707.6	7312.24	7210.46		8473.56														5499.66					5818.47		8269.58	6520.46				7986.04							10264.8				9109.81			
P12955	PEPD_HUMAN	PEPD	Xaa-Pro dipeptidase	61503.9	66758.9	47939.3	61776.9	41033.7	66837.2	60149	63959.4	45924.6	27653.6	32028.6	54618	58381.1	47640.1	34278.3	35177.4	59254.6	31959.2	129416	27392.3	28801.9	36956.7	32219.3	40663	38642.7	30399.5	56513.4	59956.2	45580.5	43510.9	40474.1	27124.3	27860.7	36030.5	95359	72400.2	33104.5	97338.8	43309.4	45602.4	43950.4	62907	25147.4	56916.3	53950.2	33965.8	33858	34904
P12956	XRCC6_HUMAN	XRCC6	X-ray repair cross-complementing protein 6	4145.61	10192.7	4214.41	5383.03												9326.08			22345.8					7910.09																								
P13224	GP1BB_HUMAN	GP1BB	Platelet glycoprotein Ib beta chain	22400	19321.4	27936.6	19059.1	13264.9	44593.3	8145.57	44378.6	19466.3		4951.29	12326.9	14397.5	39861.9	6070.71	11802.2			6576.86	3609.3	4307.97	25221.5	13332.9	23259.9	5842.44	11049.9	35782.3	1935	40194.3	32537	3850.14	7357.47	5518.18	50913.5			1417.44		23638.5	6995.05	61524.5	3601.1	21291.6		33883.8	7538.08	9928.77	11466.5
P13473	LAMP2_HUMAN	LAMP2	Lysosome-associated membrane glycoprotein 2	30341	31567.5	42649.1	35362.1	20485.1	48815.5	58538.6	46589.1	53707.8	62833.8	61328.9	50586.6	73764.7	52864.9	45456.1	27343.8	31101.1	37527.4	16348.4	19312.6	25204.1	19307.9	23655.1	24080.9	25406.9	16521.3	34782.3	28756.8	38533.7	39886.6	40474.7	30894.6	42933.8	23972.6	40049.7	83747.5	63272.2	37305.5	38347.2	39221.4	14801.1	23518.3	48418.9	31222.1	28210.1	32121	22310.6	24838.4
P13489	RINI_HUMAN	RNH1	Ribonuclease inhibitor	12754.1	13781.1	6059.71	11441.1	8441.53	12184	8777.74	8532.82	6093.75	6158.57	6785.3	7330.27	6941.66		7222.88	11744.9	14172.3	8576.67	73384.3	18506.5	15756.7	32800.9	19576	15217.3	9630.04	18483.3	11943.4	11342.2	12225.8	9354.12	9340.61	4743.9	5945.03	12449.1	20655.9	3489.16	12846.2	13990.9	7205.9	7614.44	20156.9	26154.4	7629.14	10099.1	19532.1	13349.4	9968.07	12630.7
P13497	BMP1_HUMAN	BMP1	Bone morphogenetic protein 1	10576.1	13171.7	9358.57	12536.2	33915.9	18663.7	9972.03	8019.39	13239.7	10550.5	10838.7	9552.06	12999.9	15521.9	15605.8	25911.4	6723.73	17857	52734.1	19026.2	20488.4	49546.5	42170.5	23470	24481.1	43508.7	11863.2	15227.3	14424.7	13401.3	12840	15999.6	13609	18443.5	8677.93	15307.1	18247.2	21707	12110.5	17534.1	13769.6	19590.6	16202	19116.5	25191.2	22984.4	26313.6	24965.8
P13591	NCAM1_HUMAN	NCAM1	Neural cell adhesion molecule 1	158466	157711	163186	168546	225605	111671	107454	111891	148169	105185	82032.5	94931.6	73712.8	112768	83831.5	147486	66869.4	101336	104978	97036.6	98445.7	76006.4	139412	74235.8	157868	130213	141987	75035.6	119856	118575	97477	117425	105369	76560.7	83547.5	46527	33916.9	70293.9	117050	153775	97306.5	207974	100269	58485.5	81556.9	79960.6	85550.1	92743
P13598	ICAM2_HUMAN	ICAM2	Intercellular adhesion molecule 2	1446.24	2128.77	2714.31	2529.7	4166.73	6068.64	3812.27	8133.92	5638.36	7964.83	18679.6	9196.89	17944.4	12896.3	5667.03	6117.83		3586.36	3417.15	3585.69	2100.12	4671.16	2431.96	14049.4	7373.49	7562.24	3965.78	2337.15	4923.66	4356.14	4893.02			6179.24	5500.19	11399	12105.9	2069.45	3835.57	10940.9	2388.5	3970.71	6741.33	2246.76	3906.88	10524.2	9219.47	12216.4
P13611	CSPG2_HUMAN	VCAN	Versican core protein	94004.3	92965.7	90891.8	99428.1	133906	51231.9	89918.6	51711.1	71071.9	56966.7	52756.1	95328.2	26505.9	48196.4	65531.1	221099	80106.8	176300	244023	161712	167303	270158	128143	226187	110243	143756	159189	101567	163383	158179	57299.1	36093.6	42730.9	146720	88147.1	141614	134619	70749.5	175387	473068	237686	383467	112481	238849	208285	140894	137654	134921
P13639	EF2_HUMAN	EEF2	Elongation factor 2	5545.75	4667.08	4939.15	5529.18	4292.27	3283.39	3995.19		4569.33	5009.36	7082.91	2677.73	8112.15	6526.12	3344.58	7404.4		5488.21	9361.27	4636.93	2926.32	4831.91	3408.48	6072.91	6337.29	8192.73	4702.99	2604.28	4115.73		6886.57		3001.94	4569.44	7091.25		6739.83	4898.68	3526.24	7600.56	3866.75	6878.47	2716.87	4336.67	4337.46	4333.08	2511.12	3896.72
P13645	K1C10_HUMAN	KRT10	Keratin, type I cytoskeletal 10	1.61807e+06	780695	1.75978e+06	759630	979854	577288	967804	1.3276e+06	1.54967e+06	1.46046e+06	2.79576e+06	389477	1.66707e+06	1.81434e+06	767871	1.46433e+06	675931	782762	563072	646372	677135	1.74085e+06	684218	1.43678e+06	1.46456e+06	1.26188e+06	1.13393e+06	2.25122e+06	1.57793e+06	1.17048e+06	2.3495e+06	1.25821e+06	1.13716e+06	1.77783e+06	1.25742e+06	1.24487e+06	1.50485e+06	436454	1.24978e+06	1.74812e+06	587873	528224	1.07414e+06	531390	1.27804e+06	1.53886e+06	1.50866e+06	1.54892e+06
P13646	K1C13_HUMAN	KRT13	Keratin, type I cytoskeletal 13		7148.78	23135.2	120086					43743.3	17785.6				27478	51947.7	26459.8	22035.1	16043.5			24951.7			11242.2	14242.3		9216.99	94517.2	11814	9856.05	70815.3		67306.8		25618			5054.96	44835.2	64094.6	3680.51	22409					13614.9	
P13647	K2C5_HUMAN	KRT5	Keratin, type II cytoskeletal 5	310506	180795	398234	168785	155798	106815	181142	242515	328686	271954	333486	126535	181846	241340	109213	303190	148559	322441	178324	248838	217820	414681	164052	324141	337408	274060	247967	547942	254739	214150	348760	161747	193751	268724	237922	146899	164657	77767.1	245237	287198	185751	159358	246381	205684	280914	235643	223366	225876
P13667	PDIA4_HUMAN	PDIA4	Protein disulfide-isomerase A4	42890.1	41661	31582.8	43634.4	57382.8	23933.1	38157.5	15409.5	25422.7	19221.3	30843.7	35200.8	9308.38	16849.8	33201.4	132516	38503.2	40639.9	92070	55182.3	57426.7	45274.3	44833.2	74914.1	66230.9	48749.7	43024.1	43718	45821.4	37111.7	22840.1	25436.3	33459.3	59921.1	81978.3	30867.5	45010.5	49434.5	53160.2	32088.2	92440.6	57765.9	36778.5	52954.5	40277.8	52696.5	57039.8	49717.6
P13671	CO6_HUMAN	C6	Complement component C6	3.35219e+06	3.69654e+06	3.1382e+06	3.676e+06	3.00746e+06	3.24404e+06	2.58751e+06	2.22935e+06	2.8887e+06	3.37159e+06	2.82201e+06	2.63263e+06	2.40213e+06	2.37512e+06	2.87283e+06	2.87146e+06	4.29301e+06	2.46673e+06	2.24127e+06	3.7027e+06	3.88479e+06	2.54096e+06	3.03008e+06	2.77084e+06	3.85387e+06	2.8717e+06	2.59881e+06	4.16655e+06	2.47403e+06	2.52837e+06	2.81611e+06	4.30029e+06	4.95394e+06	3.10295e+06	3.58039e+06	1.5216e+06	2.93623e+06	3.82734e+06	2.6198e+06	1.79564e+06	2.84935e+06	3.82542e+06	2.23026e+06	2.51283e+06	2.1645e+06	2.35972e+06	2.38773e+06	2.34006e+06
P13693	TCTP_HUMAN	TPT1	Translationally-controlled tumor protein	16536.2	20203.3		21379.1												6479.16			16715.4			9575.68		4879.35			10953.9		7660.7					16755.1					9476.29		6080.19				16974.9			
P13727	PRG2_HUMAN	PRG2	Bone marrow proteoglycan	147257	137815	441907	153334	239595	81248.7	104716	82205.8	371615	158071	169864	142897	342432	143430	186734	271706	20608.2	174119	705856	248060	268192	161435	382508	113864	261145	419962	352761	17474.1	423038	403604	161565	67788.1	50579.4	191395	19229.8	53614.2	363853	36911.9	49074.1	354266	193528	172753	197070	178690	129693	329440	321685	329065
P13796	PLSL_HUMAN	LCP1	Plastin-2	17288.7	16686.3	16976.4	17872.6	18856	20842.9	25942	23460.3	23067.9	63120.8	58219.3	35665.1	86177.5	144658	24714.5	32463.2	18126.2	32859.4	78774.4	22975.9	20570.9	40821.5	59904.4	53696.8	66405.3	58809.9	18222.7	17720.1	20002.5	22787	26871.8	20708.5	17720.7	43627.3	41786.1	53668.2	73544.2	70909.2	22013.6	37782	34411	63874.8	42661.4	33472.8	40555.3	36312.5	41631.6	38402
P13797	PLST_HUMAN	PLS3	Plastin-3	5791.29	4239.81	4681.71	8909.35	10060.5	5922.59	5022.81	6188.84	5825.88	8427.6		6237.57				6039.44	6985.91		6877.48	5641.65	6205.11		5625.84	8342.81	7691.75		5910.57	7319.21	8525.06	5283.98		4789.56	6081.68	5852.44	21729.9			18358.8	7497.47	5346.5	7717.72	3917.7	4375.78	9491.86	5339.9	4279.54	4449.39	5949.29
P13805	TNNT1_HUMAN	TNNT1	Troponin T, slow skeletal muscle					60173.3											84848.6		162193	221334	73047.4	79542.5	23775.8	6679.98	9477.19	194287	5936.28								5355.48	37349.6					5560.06	6847.74	13063.7		52622.8	19155.5	72119.3	77240.2	77555.2
P13807	GYS1_HUMAN	GYS1	Glycogen [starch] synthase, muscle				783.385												2157.78			5390.11			1191.2		3126.17						453.966				701.801					659.198		503.563				863.4			
P13861	KAP2_HUMAN	PRKAR2A	cAMP-dependent protein kinase type II-alpha regulatory subunit	6525.08	8203.92		7908	3517.01		1449.84	2597.44								4113.92			10779.8			5249.71	1428.42	3408.36	3895.65		2767.43		3615.09	4356.34		1141.84		3473.42	2798.42				1446.91		6797.44	2709.41			6316.69	3270.36	2275.85	3522.59
P13929	ENOB_HUMAN	ENO3	Beta-enolase	12780.5	16566.1	10134.4	10769.1	6574.46	10135.6	6372.2		6346.59						4805.18	5451.62			13861.1						2860.84		4518.74		1602.35												5366.24				6467.88			
P14151	LYAM1_HUMAN	SELL	L-selectin	10088.8	8080.57	16278	11704.8	8773.74	16538.5	17585.6	13887.4	18548.2	16453.6	22588	17315	27742.5	25834.5	13843.9	8503.24			11328.4	11249.7	12190.9	12886.3			11939.8				10912.1	15380	14349.5		14695.5		5702.06		26348.2			33636.7	7821.72	10119.4	17802.3			16070.3	17676.4	17312.9
P14222	PERF_HUMAN	PRF1	Perforin-1	2532.43	2131.28	2282.82	2344.3		2215.48			2234		2014.68		3405.26	2440.32		5839.76						2501.28	2368.65				2184.96		3957.31	4418.66			1570.54	1882.35			1467.36			1799.55	3363.6	4365.56		2263.08	3359.94	1277.1		
P14314	GLU2B_HUMAN	PRKCSH	Glucosidase 2 subunit beta	141825	145468	110383	164790	487841	109950	126672	75743.3	108703	103627	165072	160352	64855.1	92158.4	158009	331257	111440	142807	533652	231931	253427	142333	236336	145729	206399	234671	157093	122637	201026	176756	92028.5	83169.5	82926.9	159000	92283.9	98999.3	141891	215455	115235	173755	230594	245438	127078	142634	165402	244411	228559	225351
P14317	HCLS1_HUMAN	HCLS1	Hematopoietic lineage cell-specific protein	13289	11948.5	8555.76	14409	13470.8	15540.5	9958.31	17326.6	10439.8	28441.7	16651.4	11662.2	5265.16	9355.71	23661	20985.1		17638.7	147382	11102.4	12446.2	30208.5	18634	38108.4	9245.2	18432	9557.83	1848.68	19427.1	15276.2	7354.37	6438.3	4755.87	24491.9	2787.36		12086.6	4896.68	8563.54	42311.6	10622.7	19762.9	3647.4	5675	16503.4	28975	35464.1	29174
P14324	FPPS_HUMAN	FDPS	Farnesyl pyrophosphate synthase	3302.06															1338.86					1257.93														5786.91										1078.45			
P14384	CBPM_HUMAN	CPM	Carboxypeptidase M	1732.66	4075.26	2946.84		2252.03	2666.37	2702.69	1830.26	3082.57	2103.47		1187.18				1596.92	3191.55	2926.35	2961.66	2394.09	650.454	1591.78	2448.94	2093.09	2200.74	3394.07	4039.41		3830.6	4723.59	2738.95		2786.3		2073.1		4518.7			7734.31		1784.36		3953.2	12784	4084	2715.62	
P14543	NID1_HUMAN	NID1	Nidogen-1	100266	102401	86284.3	104166	85918.8	105944	93485.9	56859.6	80272.6	58213.2	64421.3	85271.3	49506.6	77010.8	108545	179960	93562.5	38170.4	91076.3	113222	110359	82738.7	62416.8	123903	82884.9	63621.4	59394.7	91599.4	58677.1	56676.3	61285.9	60471.7	68780.9	88434.1	150165	105971	49329.2	95298.7	53610.4	47308.8	200456	105522	107191	105238	124027	62550.4	68633.8	65690.8
P14598;A6NI72	NCF1B_HUMAN;NCF1_HUMAN	NCF1;NCF1B	Putative neutrophil cytosol factor 1B	4277.28	4310.65	3944.38	4805.92					2630.17						6191.83	9147.34		2879.6	29457.4				10646.3	10248.5	4375.61	10878.1	6321.58		9411.46	5257.83	4182.02			5020.14					3773.88	7739.11	4479.74	4515.63			8195.69	6979.93	6259.27	6414.08
P14618	KPYM_HUMAN	PKM	Pyruvate kinase PKM	114179	114279	40190.7	125223	56121.4	43765	34984.7	41468.8	33394.7	37356.6	34858.4	30487	24851.8	31014.9	30887.4	62713.3	18433.3	55347	264558	45835	43729.8	61150.6	66399.8	74907.4	51769.2	63180.2	51621.5	19987.8	45303.6	41380.8	28326.8	16891	21225	65119.5	35292.8	10934.2	20401.4	18093.9	50239.3	36616.1	65969	83974.6	23081.4	24234.3	98747.9	53422.6	54879.8	57370.5
P14625	ENPL_HUMAN	HSP90B1	Endoplasmin	351350	367944	333838	363116	298752	241051	310128	124052	293795	301901	396430	329566	207395	147860	262932	668125	483413	402410	869441	486130	520939	561142	370592	518605	278117	361045	438334	504037	486773	438636	202244	375460	382762	505359	564584	202732	373908	346649	482053	659916	901854	1.12263e+06	407759	393870	365836	473275	460343	460677
P14735	IDE_HUMAN	IDE	Insulin-degrading enzyme	45453.4	55572	36457.4	38022.8	14456	12589.9	23679.6	29544.1	16782.9	11554.3	25404.8	7401.95		15631.6		22303.9	27695.3	25909	68107.9	81784.8	63076.9	44313	20232.6	26040.6	32912.4	28701.9	32751.4	24289.2	36123.4	21980.8	22160.4	13592.3	24855.5		24185.1		27149.3	11071.7	22673		34883.3	31892.4			31023.8	14622.2	18079.4	12479.7
P14770	GPIX_HUMAN	GP9	Platelet glycoprotein IX	3622.57	2938.56	2246.7	2526.52	3703.48	4282.28	1329.88	3923.56	2619.81					7871.25		1421.29			2061.12			4400.58	1272.19	4910.6		2633.19	4014.96		1978.49	4351.35				6604.01					3760.24		8157.7		3554.76		4612.92			
P14780	MMP9_HUMAN	MMP9	Matrix metalloproteinase-9	18859.6	19850.6	23440.6	17485.1	4156.19	19809.9	8657.43	71613.6	17648.8	34357.1	37462.2	9416.07	30818.3	29183.9	10183.3	178609		9783.99	49151.2	28674.5	29496.5	35097.8	16357.3	169351	66807	19336.5	23310.5		18478.1	19470.9	14325.2	15447.9	13620.5	121615			27108.6		9552.79	41821.2	145426	16356	51564.9	8624.48	53304.4	38669.9	38632	41184.3
P14923	PLAK_HUMAN	JUP	Junction plakoglobin	24471.4	9007.6	24036.7	9346.61	11034.3	7491.62	16397.1	27209.4	27853.2	17200.3	35373.3	12901.1	13757.2	20163.8	9080.11	14338	9915.38	26096.7	8101.63	10489.9	11885.1	27322.6	7894.81	20704.9	19531.5	16730.8	16810.7	28925.6	31714.7	21502.6	32205	13177.1	16106.1	21929.7	24768.1	11844	16507.8	4695.71	16450.3	17864.6	10417.9	5319.02	11856.2	11471.7	18921	17431.8	18223.5	19834.6
P15085	CBPA1_HUMAN	CPA1	Carboxypeptidase A1	6674.31	8430.5	27291	5614.35	3157.71	10337.7	15271.5	3599.69	21044.9	11324.4	30576.3	12955.2	41279.7	10680.1	7477.35	11151.3			4771.09	5822.77	5995.98	10549.3	7380.68	17020.4	5625.28	9391.59	9250.39		6587.54	7148	5324.84	40687.9	45299.3	56270	13135.4		49558	11037.7	8881.92	60334	7126.66			17106	22375.3	5445.89	5004.27	5644.58
P15090	FABP4_HUMAN	FABP4	Fatty acid-binding protein, adipocyte	2591.73	3495.2			25849.6											6249.53		5852.99	14441.4			7197.86	17703.7		5256.85	15255.6		1821.23	1307.06			3387.13			5986.73			4544.9		2408.52	3199.36	15135.8			16855.3	4679.44		3796.4
P15144	AMPN_HUMAN	ANPEP	Aminopeptidase N	4175.18	2977.89	13046.2	4541.03	5726.42	4239.44	13391.8	8382.59	13934.9	7712.51	6947.65	14053.3	32117.6	8230.05	20465.9	9903.91	3363.96	13994.6	21583.6	13629.5	13194.5	4302.93	3305.32	13853.1	6380.01	3838.69	21191.5	5164.91	24130.8	27762.9	10173.5	6386.95	5826.27	20657.6	7126.26	16875.8	53025.9	3633.71	4422.79	32842.7	7829.43	2263.75	16605.5	22289.4	16993.5	16593.9	18808.3	17988.1
P15153	RAC2_HUMAN	RAC2	Ras-related C3 botulinum toxin substrate 2	15205.6	13151.7		16521.6	6704.23	10168.7	4517.9	6074.31	8351.1	10496	7039.08	3329.18		7497.19	10518.5	14034.5		6928.23	70566.7	6784.41	4485.18	9071.46	5041.3	18792.4	8912.67	6631.18	10964.2		8309.22	12701.3	6358.01	2318.84	2092.12	16706.5					12198.3	19355.1	9234.72	15262.5	1768.4	1708.42	18537.1	13336.7	11883.6	12812.3
P15169	CBPN_HUMAN	CPN1	Carboxypeptidase N catalytic chain	1.47079e+06	1.62184e+06	1.21504e+06	1.61125e+06	844764	955840	1.60514e+06	978645	1.13144e+06	956963	1.3256e+06	1.61794e+06	1.00491e+06	1.12098e+06	1.07584e+06	1.52846e+06	1.87061e+06	809700	1.18555e+06	1.25008e+06	1.2893e+06	822881	513802	1.08468e+06	1.27497e+06	444564	746507	1.83163e+06	689366	706548	939002	1.38633e+06	1.61383e+06	674873	1.25569e+06	1.6829e+06	484980	1.0894e+06	1.68373e+06	879338	946373	1.10961e+06	751885	1.61901e+06	529015	945647	841693	916581
P15170	ERF3A_HUMAN	GSPT1	Eukaryotic peptide chain release factor GTP-binding subunit ERF3A	3498.94	3362.63		5548.83																				3781.24																								
P15291	B4GT1_HUMAN	B4GALT1	Beta-1,4-galactosyltransferase 1	338865	365046	235664	367691	604728	396166	308401	250210	289665	325263	575481	317689	289739	317694	442434	816181	1.19482e+06	1.02136e+06	1.29701e+06	969490	1.22015e+06	975181	720403	1.04294e+06	637218	683508	412204	1.09728e+06	480970	429615	377224	325663	324976	436686	1.03657e+06	1.6105e+06	1.56528e+06	1.39172e+06	521646	598512	705995	835565	305533	1.85707e+06	707796	804943	792408	660155
P15311	EZRI_HUMAN	EZR	Ezrin					10693.9				4158.86							10003.3		9323.9		9848.47				31969.8					7152.26						14215.8	5279.94		24094.7										
P15531	NDKA_HUMAN	NME1	Nucleoside diphosphate kinase A	13541.1	11080.3	7065.94	5977.8	4822.71	11312.5	7085.56	5517.83	4834.25	5728.51	8267.67	5015.19	3053.17			4135.82	5182.67	7163.64	11504.7	5107.78	4317.58	15961.7	3643.27	5725.39	3533.68	4236.89	5696.18	6953.58	2993.9			5797.58	4556.79	7901.04	6716.39					5573.1	11950.4	11398.4	2357.93		5996.05	4339.83	4124.68	4180.78
P15586	GNS_HUMAN	GNS	N-acetylglucosamine-6-sulfatase		2526.01	3952.96			2261.22	1357.21	1862.7		2299.48				2250.93		1587.16			3835.08					3576.17			2593.91		2732.75	2508.58				2847.77			2437.58		1651.84		2949.3	1991.03	2116.5					
P15814	IGLL1_HUMAN	IGLL1	Immunoglobulin lambda-like polypeptide 1	114407	119250	97903.6	183375	151021	109959	92763	150826	120427	84862	126211	98891.9	448436	65377.1	145722	227729	75705	89434	142511	426475	335013	200479	250497	169876	41598	182311	95107.6	80644.6	80126.3	75609.4	431980	102321	78073	104996	117043	169439	92560.6	238276	88823.1	127004	98757.1	149019	125460	69439.9	120350	115454	105958	119643
P15907	SIAT1_HUMAN	ST6GAL1	Beta-galactoside alpha-2,6-sialyltransferase 1	8079.03	12782.6	6527.81	16123.5	10948.8	14791.8	11871.2	7370.91	13158.6	9710.02	16580	10583.5	14494	7797.08	11023.1	19216.5	11969.1	10400.1	10499.6	14478.6	10090.2	11908.2	11685.8	18761	20961.7	11310.2	7717.42	10439	8154.49			14578.5	11667.9	12510.1	11092.9	11314.9	19043.4	16008.2	9715.74		13580.6	17459.1	10397.3	16525.4	18035.2	13717.7	14593.9	16006.4
P15924	DESP_HUMAN	DSP	Desmoplakin	27953.2	12129.2	29897.3	12760.8	13079.2	12546.3	17219.6	29783.4	29041.9	26808.5	38818.6	11853	13821.7	25437	11073.7	16521.1	12543.1	29473.2	13193	12182.7	12688.7	28913.8	10375.8	20444.5	22635.6	19852.4	20747.9	24805.7	27621.2	23351.5	31566.8	16248.6	21585.3	27263.1	20506.9	15047.1	18727.7	7166.33	19303.1	22156.4	15011.5	9512	13267.8	13489.4	21480	21091.9	18953.7	20828.5
P16070	CD44_HUMAN	CD44	CD44 antigen	337737	396925	434045	527801	1.00601e+06	365366	240993	485768	259900	430152	146959	256509	763102	427687	396988	467959	214354	482950	433761	236219	280442	658684	759174	548995	264078	963585	855327	423487	623324	499638	363584	157150	215863	80485.7	123752	414340	524404	196521	422930	457396	720110	1.29106e+06	154325	158270	428866	214775	150236	203402
P16109	LYAM3_HUMAN	SELP	P-selectin	3609.27	6659.2			5112.33			3119.61													3537.24			9959.82					6105.78					6523.57							5855.83	6306.39			4553.81			
P16112	PGCA_HUMAN	ACAN	Aggrecan core protein	129318	107158	205903	158205	419647	121309	178805	221989	192360	119377	124211	209840	91457.7	181365	148308	132417	83105.1	101210	119162	121397	139491	89012.2	106551	118961	157793	100789	133812	98980.8	164511	168232	136697	273630	195836	158452	91823	54265.4	37396.5	97987.6	101042	171347	222872	146650	128543	81221.7	69208.1	115343	127503	111268
P16152	CBR1_HUMAN	CBR1	Carbonyl reductase [NADPH] 1	3581.54	5558.37	3314.31	5039.56	4642.98	4319.1	2558.54	3040.16				2731.84						3217.19	4365.05	2825		4830.5			2712.05	3670.51	4643.27		3164.66	3663.92		4000.38	3462.12	3674.14	4307.14				1809.88	2982.43	1975.1	2659.19		1748.47	6171.4	2782.56	1833.69	3321.87
P16233	LIPP_HUMAN	PNLIP	Pancreatic triacylglycerol lipase	2148.24		22119.2	7149.75	5435.31	8191.26	6743.82		24622	8428.47	16293	7563.11	6927.14	8884.29	6654.02	6615.16		6758.87		5208.83	4581.38	7171.13		11848.1	7328.78				8972.48	10250.3	6685.64	10736.3	10755.4	79951.6	5100.29		40754	8596.08	3485.48	42257	6969.4			13552.8	30742.9		5819.4	5436.95
P16278	BGAL_HUMAN	GLB1	Beta-galactosidase			12967.6			7058.35		4803.29	6478.78																					4114.88			2876.43	5972.2		3891.37		3504.42				4267.38			6348.2		3829.46	4559.95
P16401	H15_HUMAN	H1-5	Histone H1.5				2376.83		2825.26		1112.6		6520.69	854.281					2017.83			28545.5					3856.7					2405.22					2101.63					1915.17						1584.73	3531.12	3168.82	2756.22
P16671	CD36_HUMAN	CD36	Platelet glycoprotein 4	12337.1	22850.9	5674.14	17635.3	10317.4	21045.9		8350.14	6391.52				5084.37														10043.5		9882.93	9293.84											11853	5508.89			16758.7			
P16871	IL7RA_HUMAN	IL7R	Interleukin-7 receptor subunit alpha	7733.02	13832.9	5960.21	14651.1	9478.35	5324.45	9297.66	5048.12	4514.75		2556.12	7662.64		5685.17	3943.4	4979.29	2195.94		7678.71	5877.2	4828.01	6005.27	6586.22	4934.59	2318.73	5959.86	9892.72		9431.38	8831.3		3937.41	4777.35	6368.99	13802.8			5413.76	2492.59	9344.36	6527.6	6341.71		3720.43	3619.52	5653.28	5483.15	7584.61
P16930	FAAA_HUMAN	FAH	Fumarylacetoacetase	8147.45	6792.73	9575.52	7663.38	3762.61	11698.3	11208.9	12642.9	15100.5	15565.6	17310.9	14666.9	55946.2	24491	6084.38	7309.18	9676.64	8154.5	18626.3	32622.4	25294.8	4642.63	6405.65	13351.3	33290.7	6550.78	17096.7	8346.23	14486.4	18143.4	16012.9	16949.3	10240.7	15475.5	18544.5	6138.48	42123.4	4299.8	2228.5	17540.9	11901.7	5500.66	33139.3	14008.5	12777.3	15235.7	17525.5	17808.8
P17213	BPI_HUMAN	BPI	Bactericidal permeability-increasing protein	3403.95	3953.08	2179.23	2670.81		5617.64				5086.73						18476.8			64004.1			8254.17		5635.4	8467.57		3992.92		5030.25	8715.19				11816.1							3724.9					8784.01	6913.65	8235.62
P17301	ITA2_HUMAN	ITGA2	Integrin alpha-2	4239.15	4254.1	3660.56	3211.92	9182.31	4407.15	2172.33	6644.48	2483.74	3467.99		2808.76	2295	2139.97		2261.41		1516.17	2912.58			1911.09			1365.27		1559.79		1752.35		2047.84	2819.96	2215.98	3229.82	1693.56	2931.51		2272.15		1429.51	3561.67	2306.64			2242.79	1150.59	2131.36	1329.03
P17405	ASM_HUMAN	SMPD1	Sphingomyelin phosphodiesterase	3421.8	5417.52		3229.35	8401.24	4226.17	7339.31		3976.03		3981	7130.8		3482.18	5221.78		8890.56	4048.39	3176.57					1964.19	2512.82		5084.43	3467.46	5347.51	6506.64				3894.37	6362.03	8870.92		7280.65	10916			4329.11		5754.57	5281.1	3258.5		4147.47
P17538;Q6GPI1	CTRB1_HUMAN;CTRB2_HUMAN	CTRB1;CTRB2	Chymotrypsinogen B			64474			18324	19416.1		61868.6		14703.8		29095.1	21023.8	4450.9	26204.4		6824.08	2479.62					21276.3	11260.4				6511.77	4559.45	4821.02	17647		71032.4	7119.97	3248.22	26882.8		9623.52	32671.3	6789.41				25679.6		4476.68	
P17655	CAN2_HUMAN	CAPN2	Calpain-2 catalytic subunit	19298.2	16201.8	6969.01	17747.9	28245	10352.9	15301.4	9385.94	8360.07	10585	5814.05	11876.8	12385.6	25419.1	14298.5	21555.2	17117.8	10979.1	35692.6		11619.6	9421.36	10728	33276.7	36464.7	10588.3	16398.7	17349.7	17902.1	19570.2	7192.54	9689.49	10124.6	17108.8	22613.9	24161.7	7565.75	31307.8	16036.2	7075.93	13218.1	38210	11542.8	14495.8	23686.7	19310.4	21213.5	17303.1
P17812	PYRG1_HUMAN	CTPS1	CTP synthase 1	8496.46			6004.51		5776.81																																										
P17813	EGLN_HUMAN	ENG	Endoglin	3489.45	5274.48	9037.32	4800.12	12496.1	5240.66	3412.4	7981.55	14567.8			3807.4			6662.29			4526.95				3063.13	8009.75		6767.13	6022.19	8033.46	2940.19	7267.45	10878.7	6434.92		2067.51					5543.8	6351.51		2027.1	7526.14		3338.67	3376.86	4055.31	4348.17	5176.67
P17844	DDX5_HUMAN	DDX5	Probable ATP-dependent RNA helicase DDX5	8000.86	15642.3		3255																																												
P17927	CR1_HUMAN	CR1	Complement receptor type 1		962.829	2197.75	1142.96	2645.05	2814.8	4917.23	4343.26	2262.58	2655.42		7288.7			4954.43			5076.89	7324.35	4012.83	2840.15	4273.5	6520.64	5796.72		6240.64	5495.08	1519.06	5460.44	4879.52	2646.91	1036.81		3074.9	2379.14		6719.99	1662.4	3721.06	8609.63	1634.52	3778.84	4497.18	4427.34	5658.74	4710	3425.04	5810.43
P17931	LEG3_HUMAN	LGALS3	Galectin-3	32289.8	35168	23650.3	32619.7	49166.1	27131.9	26171.1	21504.5	27131	27108.3	28027.2	20999.8	62214.8	27563.1	32738.3	29637.4	16334.5	32973.9	66517.7	21970.8	18049.3	32974.4	32416.9	19528.5	22756	30855.8	26403.7	17563.9	29650.7	29301.6	26149.7	24882.9	24042.7	21424.3	38738.1	39648.9	43271	44747.1	25616.9	15385.9	36385.5	25115.5	18262.2	22314.3	27303.6	26804.9	24509	25542.2
P17936	IBP3_HUMAN	IGFBP3	Insulin-like growth factor-binding protein 3	99857.2	96656.2	116164	109101	163457	174749	70276.8	134747	145983	82221.3	135811	65286.2	204280	76478.9	152362	76251.8	131729	87433.4	25302	60524	57359.1	129206	133257	42377.7	52064	148750	84075.7	136387	96131.5	86503.9	137038	127806	134504	72728.6	59082.7	177847	120901	66211.7	59602.3	158833	46882.4	34535.7	62716.3	72325.5	35910.5	85561.1	86213.5	83760.8
P17987	TCPA_HUMAN	TCP1	T-complex protein 1 subunit alpha	4531.56	7268.73		3290.05	1707.59		3742.76												8800.18	4382.4		10711.8							2893.83		2423.24			4269.51					2321.77		5175.89	5480.35						3296.44
P18065	IBP2_HUMAN	IGFBP2	Insulin-like growth factor-binding protein 2					8267.55													38203.9	64753.6			116244	32377.2	16619.6	11308.7	33554.3											9126.28	55181.7	32691.3						12280		13642.8	7845.34
P18085	ARF4_HUMAN	ARF4	ADP-ribosylation factor 4	40624.2	49278	9430.59	46777.2	15191.1	41697.6	5398.31	19599.3	7498.09	4142.54		6001.01		9958.99	3088.42	11776.3	4916.13	7079.94	22841.2	5704.57	11527.9	36698	6093.97	18576.9	11539.2	4163.41	44956.3	6737	30247	30226.9	9879.65		2778.53	40323.7	7934.2			6840	18394.6	6554.41	36632.6	13832.4	4283.91	15143.9	56449.2	12204.7	13608.7	14863.2
P18124	RL7_HUMAN	RPL7	Large ribosomal subunit protein uL30	3208.66	4049.13	3691.02	4091.51	2388.12	3809.05			2829.62										4821.22																				1111.34									
P18206	VINC_HUMAN	VCL	Vinculin	75006.6	68882.6	21559.6	67488.1	41966	33975	17846.9	36661.8	24149.9	16706.4	24319.1	18612.5	30393.1	49343	13610.5	50968	8105.96	24814.6	48121.6	21259.7	20140.6	31509.9	19489.8	59407.8	55793.6	20171.6	33507	10320.1	36299.1	31581.2	14910.6	8950.54	12703	63595.5	24982.6	27053.1	20150.8	22196.1	34116.5	15462.4	60878.9	23344.1	26560.9	14164.5	52426.4	26811	27887.1	26317.3
P18428	LBP_HUMAN	LBP	Lipopolysaccharide-binding protein	413506	378376	272648	396981	175317	219412	418085	319661	255037	636601	1.63242e+06	582999	510583	598326	537312	1.91585e+06	1.6983e+06	1.04157e+06	1.4631e+06	2.0951e+06	2.01204e+06	1.68144e+06	1.46012e+06	2.87662e+06	2.27183e+06	1.68162e+06	687165	1.50753e+06	746060	783957	345227	852056	791064	1.13324e+06	828942	2.3745e+06	2.25736e+06	1.00747e+06	741364	950729	1.20176e+06	1.65844e+06	2.14677e+06	2.04811e+06	702795	1.42887e+06	1.38477e+06	1.6426e+06
P18510	IL1RA_HUMAN	IL1RN	Interleukin-1 receptor antagonist protein																31709.6				1898.24		3736.38							3063.94	6445.61				1594.36					3440.24	3361.34		3153.39			3182.55	2753.71		3284.91
P18827	SDC1_HUMAN	SDC1	Syndecan-1	150192	143448	223934	162704	640911	164297	191683	110247	189558	165639	141007	253684	235916	219125	968633	2.52156e+06	149905	876526	2.06991e+06	955559	1.15221e+06	182841	335330	922400	550609	357810	274662	122836	351729	345965	528387	77076.1	93328.8	807765	146961	62659.1	1.29353e+06	216671	177106	690618	1.49242e+06	325805	392450	851424	298308	749585	744579	771331
P19013	K2C4_HUMAN	KRT4	Keratin, type II cytoskeletal 4		734787		825471	763630				157088		15758.4		726469	273677	162954		112466	651263	403144	645383	615970	1.15456e+06	501828	1.0688e+06		710920	751051	1.71976e+06	819090	44042.1	376869		138153	50185.1	99274.2		806833		942566	443168		83731.7		828596	956699			
P19021	AMD_HUMAN	PAM	Peptidyl-glycine alpha-amidating monooxygenase	29007.2	30444.6	52424.3	35042.3	160957	54332.1	53071.7	56570.2	48713.8	56991.6	53043.5	63683	29284.4	46484.2	62604.5	40359.2	53511.1	40166.1	30434.5	46525.1	50130.4	55830.8	87573.7	30462.4	32637.5	89289.4	41988.5	55939.1	47974.3	46199.2	47007.6	51142.8	47422.4	46717.4	59824.6	37677	70022	163123	24855.6	46767.8	73745.5	40110.1	55395	60207.6	41095.8	51524.6	52447.7	51553.9
P19022	CADH2_HUMAN	CDH2	Cadherin-2				4756.4	19150.8								14600.7			12065.7		8581.17	23005.3		3751	15075.8	9002.25	5741.84	6059.3	10842.4		5173.42	5241.75							13628.3	5557	5465.41	5608.25		4767.86			10679.2	11589.5	6523.76	5986.41	8890.46
P19320	VCAM1_HUMAN	VCAM1	Vascular cell adhesion protein 1	33924	34177.7	43990	32907.9	52923.1	38371.5	44691.6	29543.2	46403.1	32596.7	35710.5	47072	38149.9	31114.4	52826.4	39987.3	25106.8	64250.9	68232.5	58647.8	61086.6	85468.4	109227	66489	70616.5	104020	79331.9	21316.4	79127.6	84031.3	38658.4	21728.5	21221	51842.9	40014.1	58629.7	53281.1	43995.6	41190.3	152643	59078.1	123921	37181.2	49635.7	98126.4	66188.6	65972.1	66894.4
P19338	NUCL_HUMAN	NCL	Nucleolin	4147.26	4390.05		5708.57	4056.44	3651.32	5543.17	3541.35	5425.69	3043.21				3226.34		10412.9			36310.9	2358.23	5091.53	4547.84	5353.85	5834.18		2001.73	4772.81			1099.97				3493.28					3928.18		3156.95	3494.8		4271.19	4220.29	3267.63	5223.63	4127.22
P19652	A1AG2_HUMAN	ORM2	Alpha-1-acid glycoprotein 2	1.04092e+06	999550	927808	1.0219e+06	1.75835e+06	1.21458e+06	1.52586e+06	1.5913e+06	1.0619e+06	1.92081e+06	2.09104e+06	1.835e+06	3.62456e+06	2.0418e+06	1.24387e+06	1.60122e+06	1.65313e+06	2.73268e+06	2.17219e+06	3.62748e+06	3.5131e+06	1.38686e+06	1.82157e+06	1.25163e+06	2.29776e+06	1.88012e+06	809053	1.60356e+06	775231	943419	2.04216e+06	1.56883e+06	1.62367e+06	2.20358e+06	1.24582e+06	4.38963e+06	6.01161e+06	1.08251e+06	1.05151e+06	1.60141e+06	1.43383e+06	767170	4.51275e+06	3.61234e+06	1.23357e+06	2.45584e+06	2.78288e+06	2.58257e+06
P19823	ITIH2_HUMAN	ITIH2	Inter-alpha-trypsin inhibitor heavy chain H2	9.72403e+06	1.10868e+07	1.02458e+07	1.07905e+07	7.80712e+06	1.15691e+07	7.81868e+06	7.96084e+06	9.13367e+06	8.73836e+06	6.83566e+06	6.29339e+06	9.91641e+06	8.21832e+06	1.00766e+07	4.72559e+06	7.63717e+06	8.59092e+06	5.31604e+06	6.32506e+06	6.48604e+06	4.51152e+06	6.57729e+06	4.83588e+06	6.16338e+06	6.05826e+06	1.03551e+07	7.6707e+06	9.9609e+06	9.66738e+06	1.04123e+07	9.53626e+06	1.0966e+07	6.61603e+06	4.61114e+06	6.80678e+06	5.93467e+06	4.7312e+06	1.01123e+07	8.42572e+06	9.6596e+06	7.38289e+06	5.50639e+06	6.0455e+06	6.76426e+06	5.64894e+06	5.64613e+06	5.36974e+06
P19827	ITIH1_HUMAN	ITIH1	Inter-alpha-trypsin inhibitor heavy chain H1	8.00004e+06	8.42654e+06	8.1488e+06	8.14883e+06	5.90684e+06	8.65006e+06	6.47376e+06	7.43738e+06	7.98432e+06	7.97804e+06	5.39695e+06	6.46005e+06	8.01615e+06	7.22553e+06	7.71091e+06	4.4094e+06	6.5252e+06	7.55874e+06	4.57532e+06	6.20295e+06	6.00235e+06	3.43461e+06	5.42765e+06	3.35393e+06	5.85655e+06	5.38182e+06	6.66906e+06	6.52988e+06	6.45892e+06	6.56548e+06	8.05584e+06	8.79874e+06	8.65924e+06	6.05888e+06	4.28597e+06	5.01446e+06	5.02137e+06	3.75661e+06	7.99544e+06	6.57013e+06	6.11321e+06	5.11028e+06	5.28964e+06	5.41368e+06	5.67977e+06	4.79744e+06	4.91477e+06	4.8671e+06
P19883	FST_HUMAN	FST	Follistatin					3643.08		6039.17					7390.05			5289.84		9187.82		15687.9					9994.49	4975.67				6581.84	6729.45		5487.35	4656.49	4257.77			4521.7	10167.8	5756.35			2845.89			2983.12	8810.96	9686.99	6040.6
P19971	TYPH_HUMAN	TYMP	Thymidine phosphorylase	12275.1	13134	5146.35	11665.1	5910.22	6958.74	8049.46	5738.62	11782.2	6931.62	4982.02	8066.38	9512.97	9263.53		5789.76	6551.03		20907.5	8629.38	10202.6	7849.13	14361.7	15518.6	6998.93	13689.4	11821.6	7822.41	11332.3	9588.6	8585.9		3395.55	7919.69	23967.9	8464.66	15424.9	11444.2	7303.39	10591.6	10886.7	61334.1	4656.53	12441.1	8427.46	8127.41	9490.76	8975.07
P20023	CR2_HUMAN	CR2	Complement receptor type 2	3817.46	3388.61	10047.5	5144.7	10289	12598.4	5119.38	7504.68	11100.6	3690.97	2903.72	4194.56	21341.3	6199.73	5433.11								4110.83		3233.45	4411.21	30917.8		34877.3	37771.8	4791.49	7147.58	9168.93	1190.64			4746.51			5539.96					5027.02			
P20062	TCO2_HUMAN	TCN2	Transcobalamin-2	12991.8	14723.3	12259.9	13860.7	9085.69	16146.8	7565.6	8382.42	12114.5	6140.12	14241.4	9512.44	7945.02	10197.6	11816.5	18121.2	19047.8	24269.9	12414.9	11880.2	11487.4	9811.28	28387.6	10440.5	15041.3	21464.8	8239.18	14846	11319.3	10559	8576.04	9494.84	10334.8	11464.9	41330.1	14984.5	15881.5	28951.3	23373.9	12307.2	16796.6	24891.5	7448.36	16167.2	21897.1	11935	12401.8	14213.7
P20073	ANXA7_HUMAN	ANXA7	Annexin A7	10105.1	7286.33	4046.53	7232.06	6041.15	18367.5	5145.12	6621.2	4430.34					6218.04		5441.61	4129.07		2864.01	2857.88		10443.3		3559.65		4038.27	9117.29	3383.11	13103.5	10365.9				14888	2724.22			2987.19	6714.72		7594.64	4783.62			6804.67	4404.4	4878.68	2808.47
P20160	CAP7_HUMAN	AZU1	Azurocidin	32634.5	37556.1		30769.4		22546.1		7793.76			10248.7			12325		219696			435285			23931.2	14197.3	142549	33095		27313.5		26534.6	31531.6				101212					8176.98	27433.8	34537.9	8745.63	13195		54901.2	44075.4	46788.7	48054
P20338	RAB4A_HUMAN	RAB4A	Ras-related protein Rab-4A	2088.36			3731.65		4386.69																					3751.69														2707.34				7868.25			
P20618	PSB1_HUMAN	PSMB1	Proteasome subunit beta type-1	53584.2	52268.2	33787.9	53748.3	69107.5	26138.1	62286	32302.6	27889.1	48421.1	48315.2	61315.4	40264.6	67207.9	39290.4	248013	44956.8	60494.1	116783	50794.8	49589.9	101479	80142.4	114732	175506	93935.5	32467.2	37742.2	40101.5	34123.6	53154.4	36267	33199.1	70928.8	198081	20223.6	113687	120760	47973.2	80083.6	127016	176646	55207.2	58801.2	105848	71312.2	74001	84409.1
P20700	LMNB1_HUMAN	LMNB1	Lamin-B1									13979.4									9272.66	41098.3				46925.8	24022.9		74444.7			14415									15411.5								15066.1	20074.4	
P20701	ITAL_HUMAN	ITGAL	Integrin alpha-L	39411.8	40161.7		41699.6	35999	22428	66483.7		36804.7	10702.7	23963.5	58838.6	5258.88	29528.1	41525.7	101950		80383		115566		65004.4	57369.5	75618.2	80850.3	48234.4	29285.2	113129	31132.4	28014.1	53943.9		58570.3	87791.5	153373		30411.7	81260.2	80280	41369.8	44721.7	48249.1	90172.2	78235.2	22027.8	56791.1		60713.3
P20742	PZP_HUMAN	PZP	Pregnancy zone protein	299883	297173	90913.2	310884	19436.5	185845	106042	9570.56	97658.9	38936.1	10186.2	106844	32016	44104.3	68319.4	38794.6	180423	156558	20453.9	44397.4	43820.5	17812.6	11757.7	105538	106698	12813.8	135562	170831	142749	140928	71282.7	123614	124487	42637.3	22175.3	67397.8	155347	102594	54360	24594.5	5365.41	28307.7	5492.6	78858.2	27810.5	82909.9	93439.4	90377.5
P20774	MIME_HUMAN	OGN	Mimecan	35787.5	39884.5	28314.7	34677	133400	23031.4	30824.8	19784.6	33439.9	25610.1	34299.7	28406.3	34207.7	20782.1	35565.2	43754.3	57215.1	37899.6	81699.4	29962.9	30548.5	60839	73455.5	45312	47606.1	83866.8	47546	48718	52888.4	56368.9	33394.7	30787.9	24413.4	33646.4	45728.4	39008.4	27267.3	91072.7	42850.6	23309.8	50904	58930.4	22835	47960.4	81222.1	39726.3	38807.3	39789.4
P20851	C4BPB_HUMAN	C4BPB	C4b-binding protein beta chain	181267	205717	257130	217804	260363	215084	370975	277676	256364	229073	386421	261542	319520	269058	264797	271731	181553	109971	208119	200426	198748	245308	235137	285892	286701	190952	224456	160637	207386	178170	360367	512469	472800	353217	229178	405077	288190	217491	237974	177062	165680	175936	283308	199925	151631	138913	125163	162973
P20908	CO5A1_HUMAN	COL5A1	Collagen alpha-1(V) chain					7645.51		2111.6								3081.6				19265.6		5921.44	5370.6		8326.55		3709.6	10013.7		8738.24	11434.9			4069.77	4668.2	3196.05		4154.27	5209.24	2879.2	6187.7	11368	4177.97	4102.09	3386.68	18856.3	3612.87	6721.72	5400.95
P21333	FLNA_HUMAN	FLNA	Filamin-A	199894	198486	95097.7	185422	190513	223118	50731	209307	101810	44216.9	50905.2	54489.1	97856	165793	55388.9	76234	16652.6	50453	103215	31251.9	29763.2	156553	55076	123044	54762.5	55993.4	193076	11890.7	228709	206060	40807.1	48335.2	49102.2	278800	29971.9		25091.4	33107	119779	63023.6	217051	44253.1	83427.2	22442.5	266952	87819.2	84623.9	86053.1
P21399	ACOHC_HUMAN	ACO1	Cytoplasmic aconitate hydratase	3474.18	4218.2	1015.71	3682.92	5042.69	2153.25	5616.41	2798.17	1298.72		3581.55	4438.06		6399.18	13026.6	5315.5	1123.8		3515.44	5330.77	3506.23		1014.37	8706.89	14085.4		8087.11	2105.97	6833.7	9870.89	2081.29	8717.86	6421.77	7197.28	46086.2		10418.3	3462.4		7430.26	8156.66	4223.89	3522.81	4041.17	7447.63	5167.87	5450.03	5144.98
P21549	AGT1_HUMAN	AGXT	Alanine--glyoxylate aminotransferase							7314.12					11752.4		4008.77						7322.92	8123.51				9757.7		14456.4		13522.5	12455.9		9154.1	9686.05	10543.2	124530		14285.2				15730.5	4199.88		9330.26	10600	8606.34		6271.87
P21589	5NTD_HUMAN	NT5E	5'-nucleotidase		2806.91		2261.5		1754.46									5594.99	3538.08			7874.28				1453.37		1491.5	4020.11	8357.09		7523.53	5429.36		2834.42	3241.33			1854.17	4238.6						4063.06	1566.34	8543.54	3181.98	3362.67	4974.19
P21695	GPDA_HUMAN	GPD1	Glycerol-3-phosphate dehydrogenase [NAD(+)], cytoplasmic					4425.64	2966.05	7641.28	2122.49	2340.84			7404.46													10251.8		9244.12		4807.36	10967.4	4804.88	7076.81	6267.98		26762.3					6993.87	3422.56	7223.07			4569.63	7042.2	4579.46	4496.12
P21709	EPHA1_HUMAN	EPHA1	Ephrin type-A receptor 1			2178.1											5607.12		3459.22		3596.01	3579.77	6801.35			2878.61	7247.31		1884.95	788.891	3589.81				2631.03	1619.56	5432.44	6428.49	6300.21		2966.6			4157	1596.82		8329.59	3495.53			9108.97
P21810	PGS1_HUMAN	BGN	Biglycan	11984.4	14586.1	20620.6	16098.9	12105.2	19980.8	15230.2	15043.2	19986.3	13625.7	13301.5	22281.6	10184.6	13661	21298	55085.6	11299.7	13345.1	71239.5	25275.6	25169.3	10573.5	17488.7	15801.6	17735.8	15351	22810	9801.59	31747.7	24077.8	11386	11673.8	12523.1	38721.3	12400.7	20603.3	13856.6	12913	12215.6	22246.6	49530.8	23788.7	23602.6	18291.6	37729.9	24716.9	21282.4	21949.3
P22061	PIMT_HUMAN	PCMT1	Protein-L-isoaspartate(D-aspartate) O-methyltransferase	13868	15878.8	3158.99	13433.2	4912.26	24424.5	4379.88	10912	2525.53	5603.96		2604.89			2552.2	7528.54		4896.95	10257.2	3078.48	3983.51	8175.66	7042.91	5106.25	7885.78	4766.82	12181.3	2404.53	5259.91	5212.56		2540.11		5784.94				7683.48	4827.1	5775.77	9286.68	10130.7	3596.31	2592.26	12571	7579.16	5014.13	5030.65
P22105	TENX_HUMAN	TNXB	Tenascin-X	171652	175474	167149	182173	308442	193889	347482	144878	189846	134451	174384	351740	134065	176339	103424	134131	172107	136276	85665.3	160573	153824	180888	191922	282394	203212	193318	220537	169080	256421	238607	133630	147766	162080	132216	343073	121396	134533	171292	252229	193682	231494	219246	97727.8	153324	171260	158708	159079	164569
P22223	CADH3_HUMAN	CDH3	Cadherin-3	5761.67	7855.2	4940.17	7629.68	24966.2	6457.07	5634.81	2958.06	9095.46		5304.75	5997.1	6071.09	3557.01	6431.71	7206.4	7679.45	13497.5	53067.3	16101.8	13145.9	21777.9	47389	41840.9	10456.1	47477.8	10647.9	10371.1	11969.9	12006.5	10714.9	3459.15	12770.4	8561.52	7691.41	17694.6	9211.68	6912.23	8807.56	19310	14588.6	9412.83		14341.9	23121.2	20679.6	20160.1	21882
P22307	SCP2_HUMAN	SCP2	Sterol carrier protein 2																																			58672.2													
P22314	UBA1_HUMAN	UBA1	Ubiquitin-like modifier-activating enzyme 1	17489.6	14530	5205.84	14659.4	9148.05	8976.01			4603.87	4810.82	2498.18	1935.87		5170.58			6292.36	10773.5	15681.3	5055.28	6604.01	15415.5	5943.23	5889.58	6054.81	4453.42	4788.67	5572.82	4318.54	4326.29			5720.67	5727.62	8306.2		2903.98	3652.04	4087.57		5903.2	9390.13				5500.5	6522.6	6340.77
P22352	GPX3_HUMAN	GPX3	Glutathione peroxidase 3	530361	548146	419914	542902	162409	330776	428918	614357	381815	881010	585845	428128	435343	498967	335649	383110	505021	391144	469926	431645	428037	182720	360287	455281	301189	372246	392072	514783	379887	383204	511601	626475	707100	525637	286901	544250	614004	482198	886149	398983	429577	912401	1.34191e+06	483113	449735	509606	483381	478576
P22455	FGFR4_HUMAN	FGFR4	Fibroblast growth factor receptor 4	2761.14	3091.8		2654.5		2207.36			2278			2701.59	9195.72		1779.11		2432.92	2977.94					2866.21	3093.66		4532.42				2901.3	3145.3		1377.5				3292.09	5111.44				3609.74		3814.47		2147.56		2354.29
P22626	ROA2_HUMAN	HNRNPA2B1	Heterogeneous nuclear ribonucleoproteins A2/B1	15791.6	19512.2	14385.9	12875	11949.2	12007.1	13060	14960.6	12559.3	7464.38	10308.2	6076.64			4759.59	12023.8		4641.7	37672.2			10721.4	4292.61	11532.6	5807.62		7604.4			10684.9		3398.85	3918.67	13352.3	2899.69	4008.71		2551.97	9990.22	9490.76	1992	6327.9			12087.8	5608.04	10306	8850.27
P22735	TGM1_HUMAN	TGM1	Protein-glutamine gamma-glutamyltransferase K	5164.14	4376.63	9068.29		4054.41	3394.16	4285.4	8519.35	9095.19	6028.39	8200.24	4027.93	12633.8	9865.68	4775.69	9625.72		3543.26	2689	2780.26		11538	3391.88	4971.56	8472.26	4698.06		10647	10503.3	8986.42	12095.8	6907.01	10887.1	9695.08	11485.1	5535.73	5864.76	3324.36	7154.18	7794.12			2876.31		8654.17	7779.24	7257.09	6924.37
P22792	CPN2_HUMAN	CPN2	Carboxypeptidase N subunit 2	2.00403e+06	2.16036e+06	1.72922e+06	2.04335e+06	1.12942e+06	1.66087e+06	2.17644e+06	1.78789e+06	1.72148e+06	1.4238e+06	2.02759e+06	2.41976e+06	1.3997e+06	1.31601e+06	1.55968e+06	1.71065e+06	2.24672e+06	1.26834e+06	1.4515e+06	1.54324e+06	1.56441e+06	1.03794e+06	968193	1.4062e+06	1.7373e+06	993749	1.06163e+06	2.23132e+06	1.04231e+06	1.04352e+06	1.67937e+06	2.04802e+06	2.01741e+06	1.58553e+06	1.85431e+06	2.04886e+06	1.44354e+06	1.80736e+06	2.23567e+06	1.69637e+06	961277	1.6699e+06	1.73508e+06	2.2004e+06	1.09797e+06	1.33667e+06	1.30404e+06	1.36161e+06
P22891	PROZ_HUMAN	PROZ	Vitamin K-dependent protein Z	2.40553e+06	2.55703e+06	981856	2.79669e+06	928790	1.75628e+06	1.68867e+06	1.5861e+06	723245	2.34476e+06	1.89689e+06	1.8003e+06	919265	2.31557e+06	1.73818e+06	1.90659e+06	744511	1.76454e+06	919727	1.56109e+06	1.72325e+06	1.00872e+06	1.19456e+06	1.12277e+06	1.48939e+06	1.16308e+06	1.0336e+06	972197	1.21778e+06	1.09904e+06	1.19737e+06	1.79515e+06	1.97119e+06	681710	1.20396e+06	1.5365e+06	1.26383e+06	1.41761e+06	2.41431e+06	2.88291e+06	1.37786e+06	980191	2.57853e+06	1.84199e+06	957284	1.21768e+06	1.24935e+06	1.18153e+06
P22894	MMP8_HUMAN	MMP8	Neutrophil collagenase														2402.39		5413.47								3358.79	2099.61					1492.77				2967.68					7226.23	3398.11	1670.72					2775.29	2349.73	2316.65
P22897	MRC1_HUMAN	MRC1	Macrophage mannose receptor 1	42792.9	41790.6	29629.1	40399.5	53808.2	32312.5	44992.6	21123.2	31488.4	33500.4	29140.6	42442.9	39014.2	37218	58928.3	74939.5	104465	149314	310390	66019.5	68901.9	97808.7	77703.7	132276	74307.7	80198.3	78374.2	97576.7	80521.5	76632.1	37915.6	31619.4	36126.3	61307.1	125379	106421	115785	87402.4	87766.6	99705.4	151884	311606	41089.8	135116	158389	84835.9	98570.7	93122.5
P23083	HV102_HUMAN	IGHV1-2	Immunoglobulin heavy variable 1-2	151130	178444	76881.2	140942	45725.7	68167.9	38935.3	12333.6	61450.9	59712.5	77986.7	34237.2	20780.6	102774	153957	57525.8	34529	20956.9	22741.5	23266.2	19425.8	29440.6	46192.7	193060	12580.8	46901.7	83467.7	47951	67336	64859	48396	34664.8	25277.5	138177	14842	42299	70541.8	47359	98206	11988.6	45097.8	35646.4	30876.5	37367.8	46259.4	35594.6	43001.3	38937
P23141	EST1_HUMAN	CES1	Liver carboxylesterase 1	10396.6	7174.1	4703.92	8469.53	7691.28	16671.4	45388.6	9588.2		12293.9	39694.7	53857	22843.2	15019.1	12319.5	5564.02	20814.1	25865.3	13411.6	24195.1	23463.3	15555.6		9545.84	5797.28	8423.79	39842.4	23332.1	40739.8	38735.2	17016.3	22513.6	19296	4652.1	301097	24851.9	12491.7	20819.4	16688.6	25895.5	25918.6	23264	11318.5	13670.9	17266.2	14134.6	17126.5	14776
P23142	FBLN1_HUMAN	FBLN1	Fibulin-1	1.16838e+06	1.28615e+06	1.13678e+06	1.27952e+06	2.59304e+06	1.6628e+06	1.80592e+06	816418	1.27007e+06	1.20937e+06	1.11331e+06	1.6294e+06	1.16373e+06	1.39228e+06	1.05127e+06	1.00186e+06	2.38626e+06	1.54965e+06	1.31818e+06	926427	830938	2.29142e+06	1.72311e+06	1.16798e+06	1.45023e+06	1.52776e+06	2.61012e+06	1.87547e+06	2.36128e+06	2.29022e+06	1.76103e+06	984168	1.05003e+06	1.39363e+06	2.38457e+06	1.97858e+06	1.21116e+06	4.47625e+06	2.72785e+06	924168	2.15617e+06	3.60463e+06	1.0385e+06	1.60915e+06	2.53012e+06	1.14521e+06	1.15985e+06	1.15433e+06
P23280	CAH6_HUMAN	CA6	Carbonic anhydrase 6	4014.36	4453.4		4397.6	4418.9	6798.84		8183.27	4952.01			8366.18		8551.65						5391.11	1334.12			2768.94							11290.9	7553.84	11467.8					6807.21	8009.93					1753.05		5112.33		
P23284	PPIB_HUMAN	PPIB	Peptidyl-prolyl cis-trans isomerase B	51882.6	53999.8	47889	54194	44618.9	95114.9	27205.1	32471.7	35222.2	31730.6	28716	19240.6	34244.9	25154.9	28796.7	103641	78371.5	34826.6	52082.1	32288.6	28315.2	60240.4	33321.6	68676.5	57991.9	30140.7	86386.3	85597.2	77424.5	71862.3	25725.4	31327.7	34160.2	96030.8	25743.5	130546	21937.5	502021	42080.7	16698.7	81750.4	44076	28509.1	146771	108074	41847.9	50904.3	44951.3
P23297	S10A1_HUMAN	S100A1	Protein S100-A1					1901.65		776.237									8004.22		3411.02		5907.58	11070.4	4088.21	4565.21		57864.2		1591.89							2138.78	2564.58			3972.37			5157.12				3026.16	9762.52	9063.63	8292.49
P23327	SRCH_HUMAN	HRC	Sarcoplasmic reticulum histidine-rich calcium-binding protein	11116.2	11262.6	3540.49	11106	78995.3	4010.01	4348.24	4506.33	2623.34			4112.8				67677.8	3585.38		31685.1	8323.87	10083.1	5893.37	5146.9	4261.44	12445.7	6364.4	4752.24	5375.26	5881.58	4257.17	4889.93			4929.37	11637			31108.7	5006.3	4102.94	6040.14	10925.5	3126.14	6072.22	5084.38	12067.2	12817.6	10631.3
P23381	SYWC_HUMAN	WARS1	Tryptophan--tRNA ligase, cytoplasmic	41378.1	45284.1	27734.4	28300.2	34449.7	27533.8	43394.5	17422.1	20832.1	18956.1	12359.8	33463.3	10363.9	16276.5	17346.1	35004.2	35540.7	24388.2	119059	55810	43540.2	17665.2	66769.2	28145.8	18885.6	104447	25482.7	27817.3	42552.9	30153.1	18869.3	17230.3	26846.9	15185.7	145780	36731.6	18522.3	53597.6	32073	32020	35045.9	175957	28534.3	27299.6	41155.4	45142.9	52172.4	48913.8
P23467	PTPRB_HUMAN	PTPRB	Receptor-type tyrosine-protein phosphatase beta	1106.73	642.519	1146.96	685.807	2407.16	774.574	1275.46		1221.01			971.081	633.272	1270.26			767.255		1394.73				769.92		1013.21	1182.14		1034.59	1377.81					960.442	1622.68			1540.89	799.836	1761.2		1110.41			1075.28	1153.73	1495.84	1809.33
P23470	PTPRG_HUMAN	PTPRG	Receptor-type tyrosine-protein phosphatase gamma	9594.92	9216.84	10623.8	10924	24275	9734.89	15004.7	21484.2	11012.6	11990.1	9907.67	16660.2	21807.6	10645.4	11331.5	11050.3	13488	17932.3	48287.6	12796.7	11658.1	26223.5	17549.5	16102	6066.51	20487.7	13189.8	10621	14389	13267.5	13441.8	7762.67	3953.91	7709.29	18883.3	19982.2	15131.7	16840.1	15007.7	10416.3	12741.5	14054.3	8905.17	9946.99	11501.6	13087.1	9444.81	12755.2
P23471	PTPRZ_HUMAN	PTPRZ1	Receptor-type tyrosine-protein phosphatase zeta	33669.4	33683.8	21495.7	34813.8	42645.9	19338.2	26408	17919.2	21530.9	22357.1	32696.3	29320.8	16704	33818.1	28987	29450.5	17373.8	19204.1	26428	19699.5	21228.7	12187.6	19800.1	16810.1	19970.8	22166.1	25616.1	19552.5	34230.3	32721.7	18214.3	17629.2	17553.5	30878.6	16663.9	29871.3	19626.8	37903.3	24735.7	26379.2	23736.7	49099.3	25081.1	21426.8	16426.6	23165.5	25549.9	23816.8
P23526	SAHH_HUMAN	AHCY	Adenosylhomocysteinase	10487.6	9141.7	8401.98	10153.7	9038.39	8579.88	10547.4		7715.67	9842.14	12854.4	6712.37	9373.31	12736.4	9585.8	10131.4	8984.58	6003.67	21298.6	7513.19	8234.46	15408.3	5200.86	7728.36	8356.33		4847.44	6954.94	6000.19	7280.73	6595.68	9171.02	6723.76	7991.01	22170.1	7667.38		8538.11	6085.04	6198.53	9506.21	12626.6		7475.8	11431.4	9544.01	8963.79	9807.62
P23528	COF1_HUMAN	CFL1	Cofilin-1	68330.1	66293.4	35887.8	55762	56349	83811.3	22377.1	53292.2	34193.4	28711.1	20549.9	19141.1	39485	19589.5	18162.3	33657.9		19739.9	83482.6	17027.3	16900.1	58138.5	20339	33177.1	22615.2	25534.6	46549.5	4507.74	62720.5	62687.3	7999.44	9133.33	18247.1	90856.5	4428.68		12488.1		30233.9	13950.8	47692.9	30469.9	14461.8	5764.32	72849.2	24858.1	23642.3	24213.4
P24043	LAMA2_HUMAN	LAMA2	Laminin subunit alpha-2	11662.1	11283.9	10711.1	12202.5	42862.8	13523.4	20682.9	9586.3	9995.63	11948.6	14953.2	13283.1		11530.5	13366.4	12208.8	17915.6	8548.46	22604.9	8467.67	7859.51	15279.2	11616	26201.8	16176.5	11357.7	15932.1	13873.6	18332.2	17544.2	6401.49	16596.9	19165.3	11815.5	67517.4	20398	15748.3	36036.7	14909.1	12816.1	26052.1	29495.3	5830.76	19292.2	30627.3	14615.6	12889.6	15364.4
P24158	PRTN3_HUMAN	PRTN3	Myeloblastin	62113.2	66649.7	18432.8	63099.9	6616.32	37937.9	18915.2	32182	17592.7	44637.8	45415.3	19482.6	77467.4	28650.8	31539.5	119334		28230.6	203896	22026.2	25015.5	66756	58306.5	98417.8	89559.9	50739.9	61289		61643	62373.4	32833.1	16609.6	20518.4	67421.5	1967.76	2685.22	16949.2		42471.7	46769.1	73335.8	41649.1	40117.7	14113.1	70509	55171.4	50307.2	56426.6
P24298	ALAT1_HUMAN	GPT	Alanine aminotransferase 1	3809.94	3894.27	5900.59	3354.72	3694.03		14824	2251.68	4873.54		2044.81	11481.5	5903.68	4200.26	8139.55	10662.5		6828.98	25450.1	25760.6	29140.7			6290.09	18373.5		24439.8	7151.06	24036.8	25526.8	8665.56	6522.45	6912.16	14481	53996.9		9547.26	3912.33	1046.34	21880.4	6365.1	2263.16	19947.5	8966.97	8296.62	12714.9	9679.5	12828.8
P24387	CRHBP_HUMAN	CRHBP	Corticotropin-releasing factor-binding protein	5649.18	5060.46	6138.66	6995.12	4347.3	5019.77	7546.72	4569.55	3321.98	10770.3	9729.41	5139.27		3914.7	5656.08	11972.2	18428.7	5968.5	6703.22	8595.52	6424.57	9638.67	9110.19		12172.7	6385.05	9862.54	15100.2	7167.4	9275.55	7707.42	7612.63	6658.44	5161.66	5092.49	8402.5	6599.55	10221.8	3666.43	4369.64	6355.59	7295.57	4528.05	7426.09	11281.2	4805.45	7488.53	10253.3
P24534	EF1B_HUMAN	EEF1B2	Elongation factor 1-beta	30713.5	30227.7	5712.01	26098.7	10422.6	8341.77	5341.66	7029.42		8876.1		8406.73		5454.75		14520.6		11703.2	50877.5	10334.6	9974.83	22454.3	9379.93	26337.5	12675.2	10607.7	10153.6		8117.77	9305.38				18539.2	10668.1		8144.71		9115.43	13032.6	9519.5	9553.36		10168.6	19010.7	11564.2	16217.1	14385.6
P24592	IBP6_HUMAN	IGFBP6	Insulin-like growth factor-binding protein 6	13292.4	11164.2	11571	10447.9	54362	13475.7	13278.9	29203.8	12679.5	18119.6	20803.3	18694.4	30284.9	8276.18	19617.2	39251	20085.7	38861.5	103126	19033.6	18847.8	90543.8	84542.7	19573.9	18229	76735.2	15395.9	14534.1	15481.4	13552.8	21076.6	10612.3	10315.7	12499.5	21421.7	37959	20043	33517.9	16515.5	25087.9	9054.07	12253.4	21697.5	24287.5	14062.2	33545.6	33290	33120.7
P24593	IBP5_HUMAN	IGFBP5	Insulin-like growth factor-binding protein 5	48809.8	24406.9	27923.6	53252.1	110944	62662.7	34013.6	75814.6	38750.6	47620.7	39166.5	31421.1	115932	48069.8	58086.5	62451.7	13317.6	34847.8	20147.4	19174.8	19330.1	15002.5	78328.5	42789.1	71077.4	78168.6	42048.5	11016.5	52977.7	41619.8	63943.5	38213.5	40781.1	45250.4	32092.9	125673	66204	33274.1	44223.6	30257.2	37175	21594	28528.1	38534.3	19769.9	41954.3	37420.5	39854.2
P24666	PPAC_HUMAN	ACP1	Low molecular weight phosphotyrosine protein phosphatase	5874.58	5276.23		6100.33		7869.25	4237.09	3243.53				3129.83					4088.08		5320.2	3350.83	4368.26	9372.09	2720.43					5663.55	3366.97	3531.51											5691.75	3565.14	4133.9					
P24752	THIL_HUMAN	ACAT1	Acetyl-CoA acetyltransferase, mitochondrial		3571.04		2390.74								3171.49	2110.4	1397.91					2603.94					4670.89	3371.36		4903.58		5990.82	4936.58		4704.54	4309.4		17395.7		3466.66	924.462			1790.96			1803.91				
P24821	TENA_HUMAN	TNC	Tenascin	87856	98057.4	57673.9	88738.2	111449	82509.7	71453.3	23267.9	59995.1	34169.2	42429	61965.8	53605.1	76610.5	52533.1	199949	130669	138375	177502	184145	180344	229834	577797	144737	279893	558791	128892	122250	126814	128772	59204.4	33051.5	38002.6	109317	329461	140275	108946	148038	151959	141028	229775	531980	60552.4	134203	224233	147044	150666	149743
P24844	MYL9_HUMAN	MYL9	Myosin regulatory light polypeptide 9	27588	30618.9	12221.2	24135	23297.8	39563.7	10740	20264.1	10499.4	10334.8	13524.9	14240.2	10681.7	13857.6	17098.7	34964.9		10962	89596.6	9499.42	11496.4	33279.1	11226.6	29971.1	20691.4	10074.7	69114.9	5251.67	67183.7	65369.9		9728.86	9821.92	77944.5	10584.3		10129.6	13445.1	20164.7	23064.6	31791.7	22384.3	12591.5	10487.5	68646.8	32643.4	33455.5	34857.3
P24855	DNAS1_HUMAN	DNASE1	Deoxyribonuclease-1	9152.75	12523.8	4427.79	12454.4		4705.97			4370.55	6234.41	6170.33									4792.11	4660		3530.97		4562.84	3112.68	9006.34		10844.8	7506.89	4302.91	3597.71			4619.03				6497.98		8135.04	11408.7	5660.29		2377.38	4517.58	3177.97	
P25311	ZA2G_HUMAN	AZGP1	Zinc-alpha-2-glycoprotein	118888	76301.3	100524	97174.5	209582	170544	140641	245983	172328	744728	1.22284e+06	407353	1.71123e+06	1.4452e+06	385652	150248	71548.8	174267	148140	151550	137430	109115	89470.6	77399.7	421128	155105	76661.8	82971.2	89119.1	191068	299063	419867	259630	432845	318287	2.17588e+06	1.03572e+06	424752	319718	599467	76331.5	104955	474320	101361	253925	736195	625319	653541
P25325	THTM_HUMAN	MPST	3-mercaptopyruvate sulfurtransferase	4087.65	5253.23		7145.2	2003.51	2883.47								1393.7				1447.39				5283.58		2642.02			3480.35		2309.1	2083.93											4143.1	2295.07			1471.46			
P25705	ATPA_HUMAN	ATP5F1A	ATP synthase subunit alpha, mitochondrial	14117.7	13937.4	17152.4	16402.9	9617.46	17550.3	11848.3	12509.3	18362.3	10654.9	21385	7341.59		14674.6	18438.3	10254.7		9252.07	13362.8		4376.11	8851.97			10234.8	9674.2	7264.2	7347.1	11682.1	6275.04	11279.1			15755.2	12633.3	15477.2	4049.07	9802.91	3559.28		12093.5	6705.51	13335		13713.5	7609.74	5916.77	16580.5
P25786	PSA1_HUMAN	PSMA1	Proteasome subunit alpha type-1	82106.1	95153.5	65110.1	86799.3	118524	55278	110997	60942.2	67654.5	78144.1	80207.6	101958	84006.6	103019	63328	460757	68567.6	80398.9	207571	92867.1	86567	166327	161088	220378	321236	162722	54391.7	67253.5	62732.3	54494.8	75914.4	68729.5	63906.4	172469	360683	51176.5	241622	234828	66220.6	140306	214981	362284	72485.4	118294	202040	135972	131756	137406
P25787	PSA2_HUMAN	PSMA2	Proteasome subunit alpha type-2	56424.2	66345.9	39416.8	57559.6	70768.5	40031.2	63131.3	40580.2	40116.4	58766.4	47452.5	77660.9	50877.2	62967.4	34258.5	280012	36139.8	56591.8	145050	58380.4	58382.5	118910	112245	159866	201536	113060	32653	50284.6	47249.2	39940.4	47723.4	45355.1	39098.1	105745	255041	17118	167917	163048	35603.4	98096.7	155466	218658	56603.5	81007.5	131346	108293	115624	104925
P25788	PSA3_HUMAN	PSMA3	Proteasome subunit alpha type-3	48111.4	48107.7	34010.6	40856.7	62075.6	32422.2	76625.4	39480.6	42775.4	34360.6	32722.3	67138.2	38853.2	45501.4	37253.3	244076	47472.3	58034	122671	53228.3	46059.6	99498.1	90498.8	91318.8	176330	95945.6	32849.4	40557	38909.3	36657.7	41473.1	38104.2	36054.9	102031	241751	21497.6	118877	112392	46360.7	86243.2	127505	225100	49845.4	71819.3	130831	90396.2	100448	96963.1
P25789	PSA4_HUMAN	PSMA4	Proteasome subunit alpha type-4	57747.4	54672.1	43132.8	60249	70190.8	26978	62641.3	30990.8	31838.5	36197.1	44883	61132.4	35714.3	43381.5	33867.1	314964	47872.6	50439.4	164560	67208.6	59497.2	125996	122496	145929	217633	120211	41908.7	47107.9	36738.4	38119.1	36032	37646.6	37387.2	88096.1	246619	14937.1	107758	135929	42640.2	81695.4	159809	270723	50541.3	79688	145201	96993	97923.9	94600.8
P25815	S100P_HUMAN	S100P	Protein S100-P	2804.26	4072.09		6334.58	3321.18		7560.22	4803.49	4431.76	19655	12312.7	3897.53	7401.13	7030.74		27349.2		3990.02	49736.6	4450.19		9702.78	8967.6	28813.3	12314.4	9701.7	4629.9		7540.95	8645.36	5639.76	1919.61	4155.09	13300.4	1899.79					8275.21	9313.4	3481.08	8472.5	3239.95	12445	12026.3	14180	9256.7
P26022	PTX3_HUMAN	PTX3	Pentraxin-related protein PTX3	33051.7	35187.7	28693.3	35352.7	15920.5	11725.7	7651.58	6410.75	28774.8	5539.95	19124.3	8570.63	6490.24	7024.1	16786.4	674834	92004.2	34875.5	188340	32133.2	30245.9	388649	35253.3	55147.3	126637	31473.9	28643.7	97708	35655.3	32144.2	6642.64	5106.59	9796.55	36771.1	104139	91660.2	11159.7	91470.7	72817.3	33279.6	59896	182679	18361.4	73770	56963.8	94076.3	96928.8	101361
P26038	MOES_HUMAN	MSN	Moesin	95918.6	103964	46059.6	92349	81145.6	59867.4	54631.7	44395.2	42945.3	42885.9	38069.7	46353.4	44875.9	63714.2	44081.8	93373.6	43850.9	54357	161368	47219.7	50199.2	68354.4	78161.5	114386	77664.1	74043	71279.2	41230.6	73437.3	73624.7	40040	43365.9	40093.4	70904.2	126082	31846.9	45688.8	195394	51030.5	62378.1	106088	110354	34543.3	54489.2	105686	62131.3	64440	65072.3
P26368	U2AF2_HUMAN	U2AF2	Splicing factor U2AF 65 kDa subunit	4296.58	15884.6	2694.83								2055.91					4762.64							1834.21				2710.03																					
P26572	MGAT1_HUMAN	MGAT1	Alpha-1,3-mannosyl-glycoprotein 2-beta-N-acetylglucosaminyltransferase	26468.2	26295.5	31512.3	25940.1	35228.9	36209.7	49406.4	24462.3	33788.1	31408.1	66568.8	49156	41811.7	32564.6	29871.9	69512.5	90705.6	68564.8	58081.7	83378.8	79526.9	56522.9	74627.9	82144.9	55928.2	73825.3	48947.5	100767	45082	46998	40065.7	36821.4	42263.2	48742.5	68831.1	88270.9	89904.5	77638.7	39481.2	57829.5	66193.8	78101.8	45673.8	87013.2	58081	59792.4	59677.1	56079.5
P26583	HMGB2_HUMAN	HMGB2	High mobility group protein B2	29407.2	31913	13863.5	32604.6	7550.53	17411.7		24132.5	15240.5	36174.9			26596.2			46531.7	12005.9		197671	29921.4	18170.8	16098.3		31983.2	14387.2				18080.2	18221.1				28747.6						42592	9649.91				28245.9	24980.9	22589.7	29024
P26639	SYTC_HUMAN	TARS1	Threonine--tRNA ligase 1, cytoplasmic	5978.19	8341.12		5498.53	2418.71											2744.04			11438	3646.35				3305.21			1859.84		2585.1										4098.07		1870.65	4391.35			2825.83		2563.47	
P26641	EF1G_HUMAN	EEF1G	Elongation factor 1-gamma	22593.6	20970.9		23741.8	2578.35	11704.2		4095.7						7301.83		8850.41			28852.9	3532.01		15824.8	4108.56	11950.3	6046.79	6098.9	16594.4		16426.5	15372		2672.24		28479.2	7240.08		3878.67		7476.64		8586.75	10434			33485.4	7260.73	7664.46	8724.77
P26927	HGFL_HUMAN	MST1	Hepatocyte growth factor-like protein	506656	507389	597961	506045	559548	646912	633321	595880	638025	685062	575401	624529	521105	570748	602840	493565	519779	577649	738933	553040	556357	361931	288368	245442	328325	268278	525314	426483	549032	550907	486935	666092	752656	515381	614538	664923	576362	455978	550180	301522	514356	542591	453471	609614	417655	394742	423969	390952
P27105	STOM_HUMAN	STOM	Stomatin	20862	24911.4	12695.7	28520.3	27841.8	33648.4	9710.29	28743.3	9919.56	15027.9	8007.23	15590.9	11039.9	27863.1	7150.52	21312.3		6268.26	19547.3	7555.1	7250.8	19126.7	7811.93	21041.6	5589.76	8776.53	21268.3		22253.9	21420.2	7728.49	5914.16	7778.93	45580	7168.8		6053.21	2921.15	17935.2	11899.7	30979.3	9210.8	13516.9		34475.9	11512.4	13881.2	13520.9
P27169	PON1_HUMAN	PON1	Serum paraoxonase/arylesterase 1	8.33126e+06	9.69294e+06	5.86733e+06	9.03849e+06	4.3104e+06	9.68759e+06	5.14632e+06	7.70402e+06	5.25799e+06	4.40458e+06	4.74688e+06	5.37283e+06	5.47078e+06	4.93949e+06	4.52269e+06	4.72129e+06	4.60681e+06	5.74759e+06	3.16465e+06	4.15238e+06	4.18067e+06	3.92369e+06	3.54756e+06	4.26593e+06	4.51322e+06	3.62159e+06	5.93455e+06	4.57821e+06	5.61921e+06	5.34523e+06	5.48695e+06	7.97264e+06	8.54797e+06	4.59318e+06	6.7873e+06	4.53082e+06	3.98086e+06	3.72678e+06	7.97548e+06	4.31784e+06	4.23112e+06	4.71383e+06	4.51742e+06	5.17528e+06	4.08584e+06	3.87124e+06	3.74348e+06	4.00861e+06
P27487	DPP4_HUMAN	DPP4	Dipeptidyl peptidase 4			7434.08				7850.42	8067.44	8763.41	9210.54	7585.87	9391.08		6411.75			5508.61						5265.67				9119.25		7369.29	7376.56				6024.14	7589.79	16245.4	8340.41			6407.76	3872.66	4082.83			3316.49	5931.99	6351.75	7123.1
P27708	PYR1_HUMAN	CAD	Multifunctional protein CAD	1183.06	2219.59	1154.78	1382.45																																						582.515						
P27797	CALR_HUMAN	CALR	Calreticulin	200649	203792	140587	220775	796896	99833.1	164186	124411	136402	99217.4	247582	168599	157460	118654	193414	569089	150642	467704	1.2575e+06	251659	275340	470518	509720	465106	245178	599584	225300	194307	270082	265014	125326	89963.5	120203	280829	246567	187222	296621	330719	306592	237524	271894	289322	231951	278942	459531	440648	420998	394380
P27824	CALX_HUMAN	CANX	Calnexin	63972.7	56115.4	79248.5	69624.2	142815	34324.5	57230	27640.4	62798.9	23766.7	71075.6	56304.8	42407.3	47638.1	67846.1	107779	43903.6	75967.3	432759	120743	111747	121473	165740	101867	66955.4	168240	108444	47057.6	91607.9	99195.5	30836.1	25939.5	24732.4	45484.2	68907.8	19889.4	87504.7	63687.1	48327.4	96272.1	141386	144184	50718.1	60844.1	135024	117915	116147	128843
P27918	PROP_HUMAN	CFP	Properdin	74457	55307.4	113032	70862.3	96762.3	71309.9	159126	78408.3	92402.1	47937.3	46730.9	115238	107709	49895.2	108886	66657.2	36572.7	66961.1	62767.3	85136.3	75127.6	49104.7	84032.2	75802	25648.5	87663.6	70705.8	49461.3	73591.2	47884.7	63132	86278.4	139027	47537.1	60209.2	47221.8	148337	30438.5	90382	133122	33698.1	48757.4	90178.4	57066.8	43818	56438.2	42200.3	36966.4
P27930	IL1R2_HUMAN	IL1R2	Interleukin-1 receptor type 2	1696.14		1037.89				1642.18					2276.4				3951.7	1393.87	2465.01	1986.29			3699.39	3595.84	5570.27	1104.76			1900.58	1638.67				1448.86	2029.09	4597.28			1349.27		8152.18		782.996		2896.06	2186.39			1787.12
P28062	PSB8_HUMAN	PSMB8	Proteasome subunit beta type-8	27454.8	27589.9	27759.6	28601.2	32583.6	14572.2	37722.8	17146.3	23607.2	26756.1	16467.7	29385	31181.9	24085	19954	120354	20840.2	22763.4	86427.7	26789.5	24573.1	37196.3	63713.2	92879.7	81099	64644.2	24633.8	20084.2	24804.6	22934.1	18625.1	14620.9	13449.1	46701.2	90597.7		94149.8	73620.7	24020	40048.6	71595.6	154344	23232.3	50477.1	84109.3	34670.9	43312.8	40497.5
P28065	PSB9_HUMAN	PSMB9	Proteasome subunit beta type-9	15350	18051.8	14643.2	15277.5	15398.9	6914.13	18892.2	13943.8	14418.4	11431.1	17070	12466.9	18833	28935.5	9512.8	83946.7	9478.17	12445.2	44793.9	16050.5	14586.8	18641.3	46784.1	52234	44366	45563.5	11736.2	6678.23	12083.4	13760.6	11526.9	9460.91	11269.5	29675.6	77193.5	9643.69	51746.4	51839.8	15393.1	28204	44852.4	137357	16054.5	29481.5	44130.4	20998.5	28759.6	24796.9
P28066	PSA5_HUMAN	PSMA5	Proteasome subunit alpha type-5	80732.4	85003.2	67626.6	79235.5	114757	63542.7	104001	57627	64478.1	82869.8	93920.9	104357	77093.8	90003.2	59722.9	426660	62619.5	83598.3	183715	80405.2	75233.5	143472	152913	196449	311997	164082	54266.2	61522.2	58366.4	58118.2	71385.8	64885.3	64941.4	149403	333551	41416.6	259326	208729	59917	129107	209735	301403	82245.8	105764	209649	141771	139235	140595
P28070	PSB4_HUMAN	PSMB4	Proteasome subunit beta type-4	33178.6	37441.3	26971.4	36807.4	44065.6	27234.9	42670.4	24274.5	28640	26524.3	35843.7	44806.4	29823.1	32922.1	19343.7	166434	24796	38640	78524.4	40372.3	36772.1	66733	70613	91386	112813	78580	24771.3	25867	29158	27275.1	29225.4	25381.4	29087.8	59029	140739	13148.4	94788.9	86605.1	23856.1	56340	92783	133081	31702	53394.7	92995.6	68710.5	60869.1	67973.7
P28072	PSB6_HUMAN	PSMB6	Proteasome subunit beta type-6	25784.6	22514.8	14452.6	30090.6	36521.7	21293.5	22448.3	12186.9	17971.9	19043.5	23155.6	22698.8	28144.8	25570.8	32812.9	142149	15432.5	45776.6	45352.9	19687.5	15960.1	54938.8	27842.5	50708.6	89728.9	45008.7	14584.9	15413.3	21646	13044.2	39243.6	15100.5	21550.5	35674.1	120173	7581.15	92308	52770.4	64120.4	47913.5	55666.6	52709.7	19991.5	28831	82736.3	28469.3	29328.1	31841.5
P28074	PSB5_HUMAN	PSMB5	Proteasome subunit beta type-5	31472.2	30624.8	23771.5	23976.8	30562.1	21452.8	27473.7	16790.7	16802.1	39681.9	41289	33738.9	37484.4	31493.6	17636.6	101966	20742.8	30388.8	30508.2	14873.2	22208.9	40120.7	30584.9	30463.4	98745.9	38716.3	10403	17362.1	13234	11944.9	30518.9	22483.4	23538.9	34290.7	77705.9		86833.5	59266.6	20723.3	38908.4	78342.3	64768.8	14879.1	24546.5	44494.7	33569.1	35151.9	34901
P28676	GRAN_HUMAN	GCA	Grancalcin	7079.19	6263.16		7661.94	4144.03	9867.4	4740.39	4316.28	3727.84	14101.3	3575.96					13840.9		3996.18	66160.7	5665.02	2705.58	14476	20865.4	19573.7	5639.23	21295.5	9505.95		12570.1	10377.8	5144.11			12055.9					8509.97	9574.79	8743.52	15539.2			20648.1	13694.4	12555.4	13054.9
P28827	PTPRM_HUMAN	PTPRM	Receptor-type tyrosine-protein phosphatase mu	8023.08	7881.16	6910.34	8705.77	8948.1	13078.9	9588.91	11060.8	8126.73	8030.13	14110.5	12013.1	4138.52	19907.5		5154.15	6354.84	3355.29	7646.62	4978	6767.17	7361.8	10078.2	9167.99	6869.49	9732.2	14510	4061.96	13390.5	15061.5	8467.47	5110.7	7420.97	7308.93	10940.2	8856.84	7499.51	5179.2	9990.65	16438	9976.43	16535.4		6148.05	10896.2	8531.53	10032.6	7454.43
P29122	PCSK6_HUMAN	PCSK6	Proprotein convertase subtilisin/kexin type 6	9123.7	8631.75	23406.7	9940.7	8141.5	19964.8	11321.3	25270.4	23118.2	8805.43	9079.47	12341.3	9793.67	14281.5	13819	12303.3	6593.05	9295.37	7394.61	11946.2	11420.3	8855.15	14294.6	19474.9	8322.52	16054.6	13276.7	6041.16	14217.2	14112.4	6712.13	12649.1	12283.1	16192.8	8427.35	6087.12	7340.35	3839.85	4324.05	5532.91	17362.9	7257.86	19709.4	8083.43	13313.6	12554.8	12009.5	12567.5
P29218	IMPA1_HUMAN	IMPA1	Inositol monophosphatase 1	6995.12	10154.8	1501.4	9881.92	1967.53	2143.95			1482.53							2901.41		4190.81	4726.93	3570.32		1655.28	1865.05	5915.21	1388.21			1652.76	2419.58	2293.46				3067.92					1703.53			935.989	3611.23		2080		1735.21	
P29350	PTN6_HUMAN	PTPN6	Tyrosine-protein phosphatase non-receptor type 6	5265.55	5124.57		6817.33				2459.5								5509.29			13613.7		3210.7	6361.36		6652.69	3012.71	3097.01	4169.81												4041.4	4534.83		4276.67			6624.06	3061.12		
P29401	TKT_HUMAN	TKT	Transketolase	10673.5	9891.02	8052.98	8640.82	7734.06	4336.38	10651.2	8335.17	9573.7	15524.2	14256.2	9790.11	16863.4	13804.8	5710.14	12635.1	3179.95	10794.6	42439.5	9112.56	6148.57	10259.3	17084.9	17059.3	14264.8	20696.3	6992.61	4534.26	9954.14	7064.45		2746.31	4046.08	12673.2	9414.75	8582.14	9213.38	7167.7	5978.74	8583.35	7939.25	16124.4	10632.1	9729.03	15375.8	12538.9	12478.5	11957.2
P29508	SPB3_HUMAN	SERPINB3	Serpin B3	14545.3	12098.1	28650.7	14872.5	11726.9	8185.52	15822.1	17223.4	27567.7	20151.9	31490.1	11126.4	24028.1	20901.8	12016.2	20589.3	8758.06	14167.2	7967.73	13560.1	7790.54	18438.5	4403.64	13579.1	14073.9	16861	13889.3	16056.8	20615.7	19544.8	26671.4	15937.2	18614.7	24805.6	25257.9	15893.5	13403.5	6586.35	16341	22818	7395.03	6509.3	8906.88	7837.46	27186.4	17771.2	15906.9	17712
P29622	KAIN_HUMAN	SERPINA4	Kallistatin	1.75236e+06	1.97214e+06	2.16195e+06	2.01864e+06	1.20417e+06	1.96152e+06	960070	1.64846e+06	2.12646e+06	1.27521e+06	726058	887229	2.4331e+06	1.66887e+06	1.75527e+06	883268	966942	782011	634760	967430	881902	772344	833472	650322	1.27844e+06	824778	1.5974e+06	934618	1.5323e+06	1.56576e+06	2.29577e+06	1.53327e+06	1.60643e+06	634698	1.36335e+06	961576	842196	1.25824e+06	1.13423e+06	1.6095e+06	512438	634419	738272	954912	1.2462e+06	796411	863391	843309
P29692	EF1D_HUMAN	EEF1D	Elongation factor 1-delta	12725.6	11489	3602.92	15151.6	5252.64	7003.69	4698.36	4394.56		4928.91					4171.21	10029.6		7796.07	31688	7984.83	7059.46	11890.7	5418.08	21028.8	8680.94	6534.71	6093.39		7349.29	5463.55			3353.73	11503.1	10951.1			3077.9	8141.49	6478.48	7062.67	9264.49	5825.09	6741.22	8425.12	9553.13	7740.46	8793.18
P30040	ERP29_HUMAN	ERP29	Endoplasmic reticulum resident protein 29	12488.3	12769.2		12440.2															17733.9		3561.61					5160.39								13891.7	13024.4										8336.18			
P30041	PRDX6_HUMAN	PRDX6	Peroxiredoxin-6	102632	105709	22801.8	115963	59727.3	93537.6	64553.9	62477.3	24219.3	15625.7	48660.9	63186.3	29317.2	29380.9	21760.3	19408.7	43244.1	49657.6	39234.2	58403	60007.8	125740	19377.7	29522.8	34729.1	22550.6	29348	46768.8	29630.3	26534	39265.7	55597.4	52070.2	47503.4	50127.7	12743.3	12002.6	14681.8	22827.8	19041.2	89167.3	61437.8	22315.4	12157.3	42099.1	31328.1	27435.8	29238.9
P30043	BLVRB_HUMAN	BLVRB	Flavin reductase (NADPH)	65866.5	72084	16878.3	73540.5	77630.4	165254	108561	62675.6	16846.4	10018.5	104694	101827	17629	24432.2	16838.4	27840.3	113561	76899.9	105959	125554	127810	361663	27328	21277.4	16946.4	26108.6	12262.6	112273	15427.9	12331	64839.9	82027.1	102601	50292.3	43049.1	17304.8	6139.85	23481.7	16555.8	16818.1	126370	113288	21805.3	19754.6	27497.4	56548.7	61762.2	61594.2
P30044	PRDX5_HUMAN	PRDX5	Peroxiredoxin-5, mitochondrial	46586.9	89878.6		63861	11901	39561.8	13209.5			14615.1					17810.9				77438.9			15232.5	20556.4		22548.9		31672		43391.5	35586.8				54220.3	8660.4				27038.8	20894.3	11973.9	16384.4			53113.5	14962.1	22065.1	18645.9
P30046	DOPD_HUMAN	DDT	D-dopachrome decarboxylase	11770.5	9620.39	5711.14	19839	15922.9	15309.3	15852.6	10407.1	2863.78	2967.24	14257.5	13973.8	8822.87		18785.5	62818.8	11233	8920.25	44769.3	22975.3	20718.5	16855.7	6392.48	20574	141737	10703.2	30432.1	3127.94	29328.5	25572.2	7673.68	14818	12116.4	19294.8	81401	7816.28	25428.6	6717.56	3968.9	11175.1	33406.6	13453.3	11081.6	14142.1	10202.6	26745.6	24938.6	29841.7
P30048	PRDX3_HUMAN	PRDX3	Thioredoxin-dependent peroxide reductase, mitochondrial	4781.22	6907.57	5311.58	5096.2	2723.73	3955.1	3134.93	5078.91	4808.35	5290.5	3279.85			1231.55		2954.11			3161.38				1459.17	4183.66		1268.84	2090.17		2834.06	2767.48			1469.43	5026.85					1356.18		2518.35	2610.51			2914.57		1454.13	3031.56
P30085	KCY_HUMAN	CMPK1	UMP-CMP kinase	9582.83	14379.9	1846.19	11611.5	2700.37	9351.05		1627.76			4505.04								4428.52	2149.39		5534.03		1534.13	1496.01		5626.81		3922.34					6545.59							2488.96				7703.75			
P30086	PEBP1_HUMAN	PEBP1	Phosphatidylethanolamine-binding protein 1	35195.7	35276.2	11607.6	32298.9	27508.2	42303.4	21357.4	23914.1	13010.8	10582.2	21733.1	22128.7	14868.1	19124.2	17942.5	16676.1	10761.4	16385.5	44373.4	18837.2	21367.7	41860.3	15410.5	15351.4	35725	18967.3	24280.4	15142.1	26004.8	29135.2	11128.7	24328.7	15031.8	28878.5	25352.9	16596.5	21292.5	23662.4	10708	13799.8	20569	17517.5	7500.57	11430.6	37686.2	23404.6	22914.7	21253.9
P30101	PDIA3_HUMAN	PDIA3	Protein disulfide-isomerase A3	70790.7	64150.6	66124.1	65421	54558.4	55552.9	57290.3	42151	54409.8	44710	45145.8	39931.1	24773	32713.2	41316.8	65950.1	51245.3	43816.9	52755.3	38929.6	37760.9	52958.6	38145.7	60066.8	47695	45983.4	50228.9	65589	52610.6	51533.6	48914.6	38482.3	43684.6	52050.1	77551.2	23183.4	27338.5	49121.7	87876.7	40701	61951.6	43899.5	43727.8	33838	59539.4	38034.4	40440.7	38306.7
P30153	2AAA_HUMAN	PPP2R1A	Serine/threonine-protein phosphatase 2A 65 kDa regulatory subunit A alpha isoform	8541.33	6822.65		7388.64	7105.28			6835.42										4446.11	6383.94			10683.4						3793.11													5912.04	3879.23			4049.56			
P30530	UFO_HUMAN	AXL	Tyrosine-protein kinase receptor UFO	17863	19879.2	18412.7	18875.2	23859.3	18565.6	26327.9	7090.01	11497.8	6801.14	23277.3	23956.7	13169.1	12437	15296	15924.1	12332.6	35181.7	24831.6	23957.2	26321.2	27026.6	85537.9	37145.5	26905.9	91910.4	40771.7	12424.1	31289.8	37353.7	10860.1	4145.71	6915.61	9609.3	12162		23598	10147.9	10043.9	32111.5	40187.4	37594.7	12453.8	21273.4	49296.8	16546.1	24635.8	25727.3
P30626	SORCN_HUMAN	SRI	Sorcin	3115.89	5327.96	732.916	4243.43	1153.43	1112.62			967.696							1398.53			3082.58	1575.41		8067.25	1530.13			2352	2955.18	1495.78											2097.55		2307.7	1312.94			2927.68			
P30740	ILEU_HUMAN	SERPINB1	Leukocyte elastase inhibitor	37731.1	36486.2	15143	36149.9	26992.7	24315.9	16846.9	14631	15778.3	26419.8	29572.9	15062.2	21531.6	30366.5	26813.1	34157.7	6152.63	19391.4	123455	18522.1	19123.6	25171.5	45092.9	62966.5	33515.1	41407.2	21833	6903.46	27121.5	27789.3	18824.4	10904.5	9627.78	27869.4	9915.16	16886.5	19260	13242.9	23749.4	30702.1	28871.7	35447.4	18189.6	18822.4	48984.1	33035.1	32530.2	31466.6
P30990	NEUT_HUMAN	NTS	Neurotensin/neuromedin N																									2340.19		11035.3		14400.3	12474.4							5782.84				3343.85	2513.16				4947.15		6883.21
P31025	LCN1_HUMAN	LCN1	Lipocalin-1	6608.42	6377.31	9873.57	3934.29	4992.24	3208.99	41326.5	3708.7	7166.95	15554.2	12506.2	4005.87	4622.77		2603.78	10852.6	13528.2	6343.57	4857.16	12882.8	10358.1	8444.67	7507.86	15656.7	24279.1	11146.3	11653.9	20020.2	12807.5	12858.7	4798.91	6751.19	10840	11834	2794.49	4921	4968.62	7834.43	6872.16	13697.5	5059.88	10121.1	26649.3	5340.6	14174	8741.63	12546.6	8392.29
P31146	COR1A_HUMAN	CORO1A	Coronin-1A	17682.3	24419.3	11035.9	24030.1	11611.4	14123.5	9230.97	14205.6	8862	11434.5	20422.7	8189.25	10652.9	14997.7	16178	39004		12665.6	102152	11266.7	10468.9	16293.8	44402.4	28557.1	11695.6	38672.4	14851.1		17411.2	15195.5	8134.9	7351.26	13309.4	20807.9	9311.3	2591.82	8598.81		13968.2	21933.9	14108.1	29220.1	4749.09	6219.79	22338	19937.4	15992.3	14556
P31150	GDIA_HUMAN	GDI1	Rab GDP dissociation inhibitor alpha	8033.12	8661.86		9178	4688.18	3905.1	4235.54		3564.05							7593.44		4263.49	7168.71	5731.13	4640.55	6968.9	6680.43	7701.09	5921.99	5707.05	4745.99		4790.13	4578.51				4211.35	6337.49			5882.63	5479.51	4486.26	8322.1	4928.52		4154.79	8057.47	3639.61	4709.31	4811.35
P31151	S10A7_HUMAN	S100A7	Protein S100-A7	31429.5	21039.7	62887.3	18713.7	24956.6	21726.4	68203.2	27261.7	84009.4	42531.5	113725	22133.4	52363.7	65533.5	26007.3	114814	24917.8	16784.6	11098.2	17811.6	18142.4	40285.9	19686.3	42525	46775.6	34105.8	28364.3	57881.8	31490.8	213119	86910.8	51997.3	52794.6	55816.1	140394	40574	82312.3	16746	84513.6	66541.2	14983	9030.95	29574.4	13433.9	70065.9	50679.6	58761.5	51910.5
P31153	METK2_HUMAN	MAT2A	S-adenosylmethionine synthase isoform type-2	2208.13						3763.91									2902.07			14625.7	4860.05		1575.76			4260.2		2564.68	2291						2660.75	5473.62			4375.62			2592.69	6148.85			3864.13	3553.47	2338.18	4054.06
P31327	CPSM_HUMAN	CPS1	Carbamoyl-phosphate synthase [ammonia], mitochondrial	3823.72	3783.61	5004.45	4549.6	4456.7	5044.06	6257.97	4215.92	4927.49		6350.99	6110.62	3110.33	5161.45	3931.61	3982.16			3850.82	4431.4	3396.7			7604.45	21158.4		7166.05		6856.37	8863.84		9759.41	9827.27	5884.19	74959.9		8848.08			7172.14	14870.4	5503.65	3304.4	3530.49	13057.3	5337.96	4723.46	5303.23
P31431	SDC4_HUMAN	SDC4	Syndecan-4	197306	171749	237304	223382	134936	145218	165071	143919	154868	123233	70393.7	146698	80291.2	101838	196333	494832		59022.6	58515.1	168382	170069	59706.6	93188	360939	99270.9	114613	131380		138945	145011	176149	115656	157303	125574			94070.8			79235.3	111887	44686.6	331533	42509.9	104380	185191	157137	162677
P31939	PUR9_HUMAN	ATIC	Bifunctional purine biosynthesis protein ATIC	4150.31	2332.09		3498.72	2890.97	2954.95	3834.28	2429.08			3864.61	1875.05					2695.73	2457.03	4114.47		1846.53	7344.96				1515.9	1213.84	2674.48	1448.65		1625.96	1786.2	1659.13		3698.98				1121.89	2549.47	1038.91	3461.47			1752.39	1865.59	2451.16	1416.58
P31944	CASPE_HUMAN	CASP14	Caspase-14	8222.13	6281.68	16412.7	3515.68	4697.32	3167.14	7339.25	9405.34	15169	7810.79	19819.2	4826.61	12274.3	12569	7213.08	10357.4	5040.32	5193.22	3079.14	5922.5	6322.05	10445.1	3270.17	7680.44	12895.8	9309.45	6969.9	17883.4	12964.1	17244.4	15176.2	10110.7	8758.78	15776.7	14703.5	7618.7	7848.44	3353.89	11090.5	11546.3	4033.49	2310.45	4950.93	4682.33	13097.9	10741.6	11203.7	11108.8
P31946	1433B_HUMAN	YWHAB	14-3-3 protein beta/alpha	17455.7	14353.2		14491.6		9548.39		6587.71	8562.57			5950.25				14818.8			19298.3	5519.77		12433.7	9183.74	10922.9		6000.82	7559.82								5625.78				1897.05	8736.82	12724.4	12338.8			12487.7	12694.1	11812.8	9528.16
P31948	STIP1_HUMAN	STIP1	Stress-induced-phosphoprotein 1	5355.65	6051.37	2208.6	4193.84	1026.13		2037.45		1040.66		1063.61								1983.99	1029.28		2221.75			1188.57																1893.53	1275.64			964.337			
P31997;P06731;P13688	CEAM1_HUMAN;CEAM5_HUMAN;CEAM8_HUMAN	CEACAM1;CEACAM5;CEACAM8	Cell adhesion molecule CEACAM5	1096.11						2059.97									3578.74			6075.13					3145.52															2995.49				3315.19		7638.53			
P32004	L1CAM_HUMAN	L1CAM	Neural cell adhesion molecule L1	1794.05	1813.47	1548.64		2926.42	2266.27	4035.11		2487.73			2973.84			2084.58				1496.84				2093.49	1690.69			3703.13		4649.75	3468.23	1960.11	1858.94	1247.77	1953.34			1774.47		1851.21		2254.01			2999.31		1935.88	1550.73	2168.56
P32119	PRDX2_HUMAN	PRDX2	Peroxiredoxin-2	14657.2	8912.12	19715.4	8728.12	19459.2	14588.6	10785.6	12166.8	18413.9		4118.17	11688.4	16513.2		8078.42	6491.41	6380.1	6457.96	6905.75	7799.25	10831.4	33237.6	5115.4	5779.06	4720.9	4892.86	7348.13	5664.11	12750	8418.04	14478.3	9673	15575.1	7496.18	3335.56			3911.28	4688.11	4435.94	5639.56	7857.97		3649.26	8693.61	8993.39	10918.1	8900.61
P32754	HPPD_HUMAN	HPD	4-hydroxyphenylpyruvate dioxygenase	8663.52	11414.1		6079.62	10465	8137.4	26208				11955.4	23137.6	28051.9	20698.7	22616.4	9364.16	12747.5	10012.5	18637.6	19338.8	19858.3		5289.37	7302.13	37815.3		56837.7		48401.9	53123.1		22608.9	26326.8	35671.5	121344		44166	11450.7		55379.7	21969.9	7251.05	24762.9	12497.7	43486.9	21724.4	19807.9	19065.7
P32942	ICAM3_HUMAN	ICAM3	Intercellular adhesion molecule 3			787.269				1780.53									1920.29					719.539		884.459			1543.54			710.055				1104.03				4154.49					2434.07	1349.35	901.142		734.888		1409.15
P33151	CADH5_HUMAN	CDH5	Cadherin-5	207915	210973	217213	212818	296801	223986	242913	157075	209836	124937	146452	220407	194695	145137	150031	92208.1	153196	167209	139943	118451	126553	152130	207925	238846	111227	195355	289194	145603	270338	297277	176677	122486	111880	110967	157293	191833	206109	154271	171522	230775	181474	284472	126369	158549	187352	139045	129890	136085
P33241	LSP1_HUMAN	LSP1	Lymphocyte-specific protein 1	13884.6	8977.9	5966.06	15528.9	12660.4	7169.22	6112.71	9927.09	4782.86	12988.2	7218.04	6185.14		8349.39	9198.86	48401.6		11320	97259.9	13606.3	10766	12688.4	12780.1	37356	13008.7	16038.1	17245.4		13263.4	10294.4	14123.7			17020.5			8937.88		14739.7	18009.8	8294.48	13473	4904.12	6768.96	15620.4	13919.6	14520.4	13775.3
P33908	MA1A1_HUMAN	MAN1A1	Mannosyl-oligosaccharide 1,2-alpha-mannosidase IA	160917	193963	134820	187539	158050	199537	209143	138452	194972	208105	219565	266678	147885	166408	167720	392635	364257	196890	338915	257842	263906	196606	240339	209514	207886	219830	192433	374170	174109	185921	172167	249986	270864	195417	302567	359538	234543	335036	178380	184690	269046	442754	89612.4	331988	213962	201268	179593	216236
P34096	RNAS4_HUMAN	RNASE4	Ribonuclease 4	31533.1	31197	50780.7	30873.4	98363.2	32722.4	52806.1	37208.5	54460.1	40464.5	54972.5	52037.5	64425.8	38657.9	42448.2	94614.5	67068.4	76294.3	106919	66916.5	63121.6	98846.1	121876	65373.6	67696.8	113394	33587.5	64872.8	35853.2	37544	38514.3	55761.5	57676.9	47467.1	72784.3	118305	59827.5	115007	35140.8	61609.8	48090.6	75901.4	30593.8	102194	72203.4	66810	67367.6	59544.1
P34932	HSP74_HUMAN	HSPA4	Heat shock 70 kDa protein 4	10923.2	13897.3	9114.44	13871.3	13336.5	15689.6	11196.2	7977.2	10860.4		8398.95	7064.58		8020.35		12986.4	12405.8	18987	46967.9	18862.3	20700	28802.4	21424.4	24940.7	14278.7	21512.9	13935.4	15992.6	14144.2	13095.2	7988.6		5859.35	14440.8	37976.7	8738.44	13043.9	16822.9	10571.3	18330.5	23391.3	42304.9		15556.2	18441.9	13781	13635.1	13325.5
P35030	TRY3_HUMAN	PRSS3	Trypsin-3	521814	507616	555884	501438	485069	524559	603045	601990	463969	642580	740369	650810	771324	737944	676340	588224	687573	822270	587693	617496	635786	664213	588166	608342	514182	656412	531226	576058	646770	741169	682715	743164	702845	597460	617036	492416	746474	614630	669035	718964	674626	590375	1.1282e+06	671716	618169	653569	668703	694160
P35052	GPC1_HUMAN	GPC1	Glypican-1	6658.22	7198.44	6709.13	9564.98	18629.4	3915.67	5729.88	6852.6	5119.14	5396.64	5974.09	8270.18	6134.75	5785.05	8829.25	41575.9	5026.53	10226.5	41226.5	12483.9	10309.9	3308.49	2948.49	13020.2	8895.96	5687.74	9700.24	4789.37	7553.34	7526.18	4720.08	5871.29	4268.31	19279.6	13217.7	6003.34	13002.1	10459.8	7466.26	17443.9	20669.7	13045.8	8236.66	11504.9	15596.6	10290.7	9741.84	9393.12
P35237	SPB6_HUMAN	SERPINB6	Serpin B6	5780.34	4549.56	2417.49	5796.84	6623.3	1988.19	2082.97	1313.98	2264.78			840.151	3335.79			3635.88		1564.81	9612.64	1633.17	1313.98	3614.99	3602.6	5762.26	5050.14	5603.4	5291.58	1332.09	3053.11	2948.75			988.756	3704.11	4170.5	1788.26	1292.34	5275.83	752.982	528.378	3038.75	6459.47	2205.66	2469.14	4325.06	3783.27	3901.74	3700.15
P35247	SFTPD_HUMAN	SFTPD	Pulmonary surfactant-associated protein D				5478.41	3289.47											2235.42			21274.9																2349.07	2295.39			3043.64							1357.6	2428.93	
P35442	TSP2_HUMAN	THBS2	Thrombospondin-2	8392.16	10285.2	12928.9	9448.14	25539.8	8569.88	11038.3		9423.88		11738	13575.3		7382.48	7265.04	55490.2	13398.1	15502.8	46693.3	19746.1	19938.4	49050.4	35480.2	80606.3	24977.3	39140.2	57848.2	18467.8	56777.7	56503.7	7892.17		4935.23	21464.9	66251.2	22053.5	13938.9	67773.2	18949.9	31596.9	39982.1	81570.3	22704.6	41287.8	107019	38494.5	31899.1	33623.4
P35443	TSP4_HUMAN	THBS4	Thrombospondin-4	284226	249584	118942	281102	175002	164486	359238	204334	109009	64421.1	97268.7	344637	57033.1	100110	207883	93876.8	159561	85616.1	244699	174605	185240	451723	292476	335058	425907	298152	244992	167956	282298	239104	103282	271663	318331	191467	410241	94265.1	150528	192770	297917	172789	201756	412594	117175	174423	413013	224306	247305	225061
P35527	K1C9_HUMAN	KRT9	Keratin, type I cytoskeletal 9	1.61089e+06	738899	1.48548e+06	545918	691308	397803	720013	1.25796e+06	1.39886e+06	866474	2.05384e+06	436057	1.13314e+06	1.36972e+06	579914	973744	833709	1.04041e+06	620738	612315	720022	1.55112e+06	636835	1.40854e+06	1.30084e+06	1.13299e+06	1.1485e+06	2.0204e+06	895947	1.13472e+06	1.66494e+06	924750	963401	1.21942e+06	920668	949658	844398	315809	1.13821e+06	1.38488e+06	695601	540340	755106	561338	1.16216e+06	1.2019e+06	1.16571e+06	1.16017e+06
P35542	SAA4_HUMAN	SAA4	Serum amyloid A-4 protein	1.98748e+06	2.37388e+06	1.77878e+06	1.93138e+06	1.37455e+06	1.63237e+06	1.4804e+06	2.39841e+06	1.40669e+06	1.96148e+06	1.72561e+06	1.43038e+06	1.33825e+06	1.26176e+06	1.49173e+06	1.11763e+06	1.80215e+06	1.88937e+06	935699	1.35214e+06	1.20499e+06	1.17291e+06	1.71338e+06	965223	1.93027e+06	1.47083e+06	1.67451e+06	1.9197e+06	961638	1.40769e+06	1.46846e+06	2.86081e+06	3.08116e+06	1.05406e+06	1.94225e+06	1.58252e+06	754719	1.71644e+06	2.22206e+06	1.60755e+06	1.5047e+06	2.33873e+06	1.78371e+06	1.07889e+06	1.77295e+06	1.34951e+06	1.18703e+06	1.24693e+06
P35555	FBN1_HUMAN	FBN1	Fibrillin-1	94149.2	102860	101533	103929	278964	94489.8	126486	71400.8	84249.8	114519	100582	120128	78535.8	70057.8	86151.3	133100	110902	94572.7	115118	86455.3	88450.9	347473	269919	190803	110228	224511	223890	125126	233959	252316	83074.9	89189.8	91701.8	109031	218694	80429.1	86531.5	151969	117435	131188	209897	214788	77629	120192	168523	126320	120612	123456
P35579	MYH9_HUMAN	MYH9	Myosin-9	109061	118628	62157.2	110516	68633.9	117683	56731.4	96023.4	54417.4	103575	68384	60462.4	53608.6	61589.4	121635	178322	18841.3	116940	532307	58764.9	62457.5	152450	49702.7	176118	69223.9	50712.9	182518	19487.1	186544	180560	60618.7	40926.6	46955.3	287458	24436	4688.33	42949.7	25550.2	81207	128499	112581	108149	41503	28048.2	195764	120041	124485	128830
P35580	MYH10_HUMAN	MYH10	Myosin-10	51000.2	68847.1	8658.76	17228.8		6083.14		5726.86		5413.29									4818.71																													
P35590	TIE1_HUMAN	TIE1	Tyrosine-protein kinase receptor Tie-1	22154	26615.8	18746.6	23252.8	19029.2	23785.1	14500.3	12698.4	18154.8	14637.4	15893.3	15205.3	20490.5		18207.3	17090.8	20493.8	14542.7	17174	15019.2	19098.4	20327.6	22641.1	29196.8	10867.3	17412.7	46835.8	23272.8	24046.2	40394.7	7124.74	10931.8	15896.3	10569.2	34123.2	8723.89	14577.2	9928.1	19659.2	20661.3	43030.7	39627.2	7712.38	21873.5	27394.1	7439.64	18577.8	13006.9
P35625	TIMP3_HUMAN	TIMP3	Metalloproteinase inhibitor 3	11511.9	11443	12962.8	8329.62	5900.89	6452.75	8453.55		16975	4990.71	1843.57	8143.25	2652.1			15381		6400.98					6494.91	17694.6	8491.78	6794.7	4427.21		3931.16	7402.84	8966.27		7875.89	4946.58							8898.68	4468.43			8978.97	3722.39	5459.05	4665.2
P35659	DEK_HUMAN	DEK	Protein DEK	5092.83	4703.64	3459.87													8692.73			17687.9			4700.64		6535.81	6322.45									11850.1					8870.96	6301.38					4848.8			9835.04
P35858	ALS_HUMAN	IGFALS	Insulin-like growth factor-binding protein complex acid labile subunit	2.31922e+06	2.71463e+06	2.16415e+06	2.67154e+06	1.60086e+06	3.49053e+06	1.39985e+06	2.23639e+06	1.9273e+06	1.33313e+06	1.37569e+06	1.29365e+06	2.5064e+06	1.00074e+06	1.29693e+06	1.85177e+06	1.70747e+06	972518	424339	1.74324e+06	1.73996e+06	1.25335e+06	2.42654e+06	1.23409e+06	1.81985e+06	2.36071e+06	1.57515e+06	1.95677e+06	1.27593e+06	1.24002e+06	2.31828e+06	2.43169e+06	2.58736e+06	1.32863e+06	1.20972e+06	1.65371e+06	1.8558e+06	1.0614e+06	781456	1.24571e+06	1.05963e+06	1.3352e+06	1.04983e+06	2.35986e+06	840326	970819	1.10714e+06	1.00996e+06
P35908	K22E_HUMAN	KRT2	Keratin, type II cytoskeletal 2 epidermal	1.0419e+06	517666	1.32569e+06	424318	547330	279156	594630	749732	984483	436540	1.20649e+06	266326	798606	740752	447773	993150	411825	304642	355181	395298	485597	1.26564e+06	436273	1.02174e+06	951582	846191	728084	1.93922e+06	1.02508e+06	714142	1.41727e+06	616261	687435	985234	705433	577609	594939	267203	745362	796730	318687	297641	613843	311038	866257	874443	886383	890474
P35916	VGFR3_HUMAN	FLT4	Vascular endothelial growth factor receptor 3	11400.1	9225.72	13699.9	9780.48	15851.5	18859.4	13580.9	14528.8	17136.2	14937.3	16556	16555.9	16386.5	13497.9	13136.2	8866.11	6721.46	8818.89	11863.5	8404.22	9560.11	10939.8	17230.4	24158.4	12388	18344.3	17497.8	5245.88	22324.8	21599.7	18902	8919.27	11029.4	9859.09	15833.4	17664.2	19220.2	10216.3	21810.7	25653.6	11763.9	19465.6	17214.8	9487.58	14082.5	11800.8	15241.4	15762.7
P36222	CH3L1_HUMAN	CHI3L1	Chitinase-3-like protein 1											14401.9					9833.98			11335.5		7257.21	28187.5	10386.8	3831.25		9600.96								8701.02	2835.61	19715.7	3106.94	10527.7		4919.34	9192.08	2761.73		4687.76	9612.11	7070.37	7840.97	5332.82
P36268;A6NGU5;P19440	GGT1_HUMAN;GGT2_HUMAN;GGT3_HUMAN	GGT1;GGT2P;GGT3P	Putative glutathione hydrolase 3 proenzyme	3680.95	6577.97	20876.2	8385.96	5476.48		18000.6	5658.02	12796.5		9342.62	14502.3	4766.56	5704.8	12819.2	20352.6		9362.86	27947.7	34071.6	27228.4	9300.31	7228.16	49834	6629.37	6966.61	36869.6	10605.6	41083.2	36092.7	10006.8	5105.61	6713.48	13598.4	13495.3		42616.2	4790.16	6345.21	35171.1	17630.7	4831.5	33154	22123	18090.6	20887.5	23013.1	23101.9
P36871	PGM1_HUMAN	PGM1	Phosphoglucomutase-1	12271	13866.3	3634.11	11163.4	6248.72	4505.54	9156.75	4496.97	3348.85		6032.94	7337.84		2531.3	3878.62	11310.1		4778.82	12378		5200.56	9496.32	5183.7	5357.83	8313.99	5303.2	12421.1		11575.1	9224.01	3984.38	5395.63	8860.58	10291.8	27602.4		8296.93	1974.77	2997.13	3645.2	13362.9	4562.21		4262.95	9107.41	3889.31	4474.77	4224.74
P36955	PEDF_HUMAN	SERPINF1	Pigment epithelium-derived factor	2.54377e+06	2.8819e+06	2.092e+06	2.74385e+06	3.14803e+06	2.70962e+06	2.8365e+06	1.71624e+06	1.9368e+06	2.37884e+06	3.37711e+06	2.68314e+06	3.34031e+06	2.06029e+06	2.08951e+06	3.42569e+06	2.54201e+06	2.50026e+06	4.16275e+06	3.66228e+06	3.74221e+06	3.29535e+06	4.32576e+06	3.03808e+06	3.31385e+06	4.13606e+06	2.81157e+06	2.71682e+06	2.45529e+06	2.42864e+06	2.38822e+06	1.85087e+06	1.96776e+06	2.23196e+06	3.03714e+06	3.02915e+06	3.05707e+06	3.24944e+06	2.18299e+06	2.82676e+06	3.04525e+06	3.55025e+06	2.42855e+06	3.7451e+06	3.4546e+06	2.35572e+06	2.47491e+06	2.41129e+06
P36980	FHR2_HUMAN	CFHR2	Complement factor H-related protein 2	19113.2	37334.8	27225.3	26212.4	29930.3	27353.5	34312.1	48351.4	28217.5	45430.6	70773.9	33220.9	39883.9	23155.9	21032.6	21107.6	81988	92938.2	111609	66867.8	67256.7	76518.8	73948.8	23496.4	31042.1	58207.8	21339.4	74410.9	18991.4	21979.7	17431.8	27961.9	18085.7	33885.7	28797.7	34252.5	43088.5	91103.2	11563.3	26637.9	47267.7	37926.2	58791.9	71547.4	27744.6	41701.1	47091.6	46922.1
P37235	HPCL1_HUMAN	HPCAL1	Hippocalcin-like protein 1	5214.2	6418.02	4410.88	5886.38	2394.66	3435.69	4017.58	2726.45	3894.39			1996.73		3642.39	2447.59	2847.11		2639.38	2007.84		3169.41	3692.38	3100.5	4670.25	5346.1		3360.03	2058.63	3118.63	3060.4		1990.46	1210.35	5768.17	3736.56			2147.84		2422.37	2830.66	1920.99	3228.9	1872	3230.13			3055.37
P37802	TAGL2_HUMAN	TAGLN2	Transgelin-2	135464	152399	20830.8	154269	73970.4	255051	13551.1	59330.8	20148.9	10242.2	8640.29	10430.2	22443.8	44018.2	15063	20483.5	4017.77	12834.9	46484	6869.91	7285.8	133933	15975.2	34478.9	19104.8	13421.9	195113	5307.16	180843	168024	8493.21	10390.9	11961.3	244466	8058.08	2547.22	9127.32	8538.46	61131.7	8189.56	59444.1	15199.9	20103	7232.19	253599	44235.5	43029.8	46701.4
P37837	TALDO_HUMAN	TALDO1	Transaldolase	15178.6	18120.8	4298.52	16813.7	10378.9	12601.2	10368.7	9390.96	6255.43	10783.6	20062.8	11436.6	17099.7	18601.4	11860.8	20247.9	6035.48	12055.5	82755.2	10805.1	12164	18394.3	16401.1	27374.3	16936.9	16735.6	9839.04	5141.36	10602.6	12544.6	13664.8	5697.33	3351.64	13922.1	18336.2		20468.9	16925.7	6839.96	12597.2	20015.2	11375.7	7742.64	10350.9	26084.6	13983.7	19822.8	17335.2
P37840	SYUA_HUMAN	SNCA	Alpha-synuclein	13014.9			22118.7															10416.4			13983.6																										
P38606	VATA_HUMAN	ATP6V1A	V-type proton ATPase catalytic subunit A	9250.51	11756.8		12059.8	4420.44	8235.7			5911.43										7339.57						3478.54		4108.35		4637.3					5370.18				4269.37			3936.05	7961.73			9226.5			
P38646	GRP75_HUMAN	HSPA9	Stress-70 protein, mitochondrial	5646.49	4818.05	4783.85	6019.31	3252.44	4323.47	6393.89	4053.48	5179.68	5817.24	4148.03					2464.59			5787.89			1673.77			2504.35		5103.23		5141.46	5052.9			3353.71	3105.05	6216.24				2215.12		4366.75	2380.05		3092.03	4435.93	2153.49	2337.93	
P39059	COFA1_HUMAN	COL15A1	Collagen alpha-1(XV) chain	16854	16426.5	15503.7	16300.8	75531.4	10259	13933.5	14036.6	14007.3	15368	12653.7	16866.4	21817.6	17591.7	14409.2	49459.5	11679.3	11998.8	79668.6	13154.3	12165.3	19717.1	19952.4	15171.8	18231.7	22415.8	15279	13864.9	17148.8	15841.3	13355.9	13071.8	12631.6	21338.6	10079.8	22550	15445.9	23329.9	12371.2	14895.1	30375	39348.7	11090.9	23008	18723.9	27610.8	27809.3	24917.7
P39060	COIA1_HUMAN	COL18A1	Collagen alpha-1(XVIII) chain	218658	227826	305991	233274	480476	202314	246619	183101	259908	259026	469861	298321	256025	218386	192523	512112	254199	312815	669470	259263	288372	328289	348044	262057	271540	347019	178215	279806	193266	175933	139277	223220	295846	313267	294224	247761	271482	344704	273023	458542	423518	238384	157651	399313	378596	285977	276799	294579
P39687	AN32A_HUMAN	ANP32A	Acidic leucine-rich nuclear phosphoprotein 32 family member A	3365.06	4792.46		3445.73	2995.24	1593.41	1663.79				4930.9			4176.95	2577.81	10809.4			33076			5652.17		8115.22	5003.35	3287.23	4155.85	1633.26	2448.21	1134.88				5039.54						6191.51	1834.09	2480.87			5057.15	7020.1	4142.42	4889.67
P40121	CAPG_HUMAN	CAPG	Macrophage-capping protein	8806.51	6777.17			6474.26							7873.56							26429.5			9160.85	20394	14120.5		15865.9	4279.61											5777.36		6071.44	3901.97	8048.13			10443.8		6229.51	6218.79
P40189	IL6RB_HUMAN	IL6ST	Interleukin-6 receptor subunit beta	32544.4	33941.1	37022.7	36228.3	88610.9	48953.4	63028.4	53741.9	55238.4	40912.5	51084.1	53814.6	67771.7	58954	71271.8	36631.4	45619.5	43367.4	60006.5	43588.2	32612.7	58819.5	74827.9	56569.5	44413.3	60110.1	68932.2	40047.8	79379.4	88199.5	53548.7	45812.3	42823.3	39260	64754.1	78694.2	87239.9	80875.4	58748.2	64305.4	38779.8	64774.6	39282.4	55301.4	88600.5	53872.7	52532.7	54303.3
P40197	GPV_HUMAN	GP5	Platelet glycoprotein V	218239	221559	383722	221086	200399	385740	171767	277597	421262	225907	108786	161181	217381	190985	227022	213778	16782.3	46672.7	27777.6	156710	147988	106198	102816	358282	111801	110898	194775	15470.3	189692	192238	156974	213457	237814	144929	22930.1		138683	11438.5	29319.4	57984.2	209231	74025.2	217543	44902.2	264240	104140	113200	110781
P40227	TCPZ_HUMAN	CCT6A	T-complex protein 1 subunit zeta	13587.6	14532.3	6223.21	13159.5	7464.32	7811.49		8809.39	3589.25	5525.02	5459.7							5615.81	10629.1		5453.21	16792.2		5912.7			2305.13	2927.34							3134.51				3895.58	2111.18	8901.27	6429.49			9197.12	3478.64		
P40306	PSB10_HUMAN	PSMB10	Proteasome subunit beta type-10	4171.4	6414.37		4071.54	4023.74							2830.24				11001.8			5866.82	5041.7	2954.6		6486.41	4321.87	5634.25	3881	2405.34								11566.3		18297.1	8800.74		5560.24	5093.32	17201		4779.45	5242.87		5054.83	
P40925	MDHC_HUMAN	MDH1	Malate dehydrogenase, cytoplasmic	19344.4	22481.8	7769.57	18653.5	12249.5	16079.5	15930.6	7889.25	6596.67	7408.27	10419	11607.1	7067.38	6797.69	8137.84	8213.62	10456	10859.2	15431.2	13108.4	13995.8	24837.7	6660.28	8103.25	19876.3	8483.77	13897.6	9412.6	10507.5	11579	8664.31	11049.9	10934.7	11762.3	26304			19289.5	7363.29	7926.57	16953.3	15309.5	6122.86	6391.07	19398.9	12292.3	12944.4	11278.1
P40926	MDHM_HUMAN	MDH2	Malate dehydrogenase, mitochondrial	11780.5	12899.8		10197.1	10906.1	6776.07	11981.2	5830.22	9914.63	4916.15	16260.1		4271.9	2003.35					3162.34		2756.25	6512.77		7460.33	4083.31	2583.71	5459.86	2524.69	6378.81	3106.08		3859.53		4291.04	18851.7	2466.92			4088.73		4368.31	1563.98			6032.79	3175.51	3198.7	4221.55
P40967	PMEL_HUMAN	PMEL	Melanocyte protein PMEL			6999.59		14228.9	5874.75	6139.9	4504.05	4985.35			6284.17		4949.34	4779.2		8409.96	10554.9	2429.07	6616.1	4605.18	5684.09	29351.2			25170.9		7345.75	6271.2	7819.28	7205.68	5050.12	8004.76	8537.4	14660.9			16747.8	25345.1	4692.18	15901.9	11183.4		6570.08	4920.39	6176.41	7271.92	8898.22
P41159	LEP_HUMAN	LEP	Leptin	3654.9	3425.98	3157.84	2155.54	3057.49	5675.26	1473.91	1308.99	3475.87		3792.7			1739.84		4309.84		5585.71	1915.38				1501.71		4050.63		3935.9		6408.53	5014.51		11497.9	15338.6	6428.56	3354.38		1773.64	12328.4		5558.59	1349	3492.1			1196.37	2586.19		
P41218	MNDA_HUMAN	MNDA	Myeloid cell nuclear differentiation antigen	14496.9	13729.6	9693.02	13331.3		3715.36				24667.6						21474.3			84363.4		7693.56			21563.7	12683		7869.89		3165.57	5658.23				10938.6					17157.8	11943.6		9786.33			21096.3	13860.6	14959.7	14421.2
P41222	PTGDS_HUMAN	PTGDS	Prostaglandin-H2 D-isomerase	109176	109696	110711	123187	442877	126576	118159	143201	135440	123681	138848	118524	195148	112680	126897	137343	59572.7	133673	326970	113434	109360	288115	391877	95382.1	96794.9	353315	67324.7	54678.4	69884	72080.4	127648	77293.6	65166.4	89945.7	76268.8	180040	204594	120046	70249.5	96180.1	91687.4	84828.2	144043	119831	72196.9	173395	169066	165144
P41226	UBA7_HUMAN	UBA7	Ubiquitin-like modifier-activating enzyme 7	7775.9	5523.32		6737.34	2557.32															2474.87																									3340.99			
P42126	ECI1_HUMAN	ECI1	Enoyl-CoA delta isomerase 1, mitochondrial		1750.83		1019.46															1989.24						1868.08										2052.56					1809.92				1230.48	1699.68	1222.48		
P42166;P42167	LAP2A_HUMAN;LAP2B_HUMAN	TMPO	Lamina-associated polypeptide 2, isoform alpha																			5511.87																					2876.22								
P42262	GRIA2_HUMAN	GRIA2	Glutamate receptor 2																																										2030.05						
P42357	HUTH_HUMAN	HAL	Histidine ammonia-lyase	9264.37	2470.78	8378.38	3940.02	6424.85		5783.05	8733	8271.29	8507.66	12765.7		10630	8996.17	3339.34	10622.7	6549.63	4113.1	3322.33	4149.95	6238.56	5400.05	1963.28	6178.78	10273.3	6010.5	4673.34	7761.89	19553.2	7101.82	11131.7	7245.72	8464.12	10305.9	8176.41	13707.1	9599.19	2592.81	8402.29	8371.11	2639.22		5590.43	3603.37	8236.64	8069.77	7180.33	8552.11
P42566	EPS15_HUMAN	EPS15	Epidermal growth factor receptor substrate 15	3040.48	5488.81		5083.79		4519.97	2775.38									4693.92		3339.47	13101.5			10509.2		4318.36			2510.55		4877.03												3529.58	3203.75				4229.17	4549.95	
P42768	WASP_HUMAN	WAS	Actin nucleation-promoting factor WAS		3283.38		3627.01						2598.34	2886.3					4046.74			9793.73			3190.82		7490.73		7712.21	2780.76							3313.92							2134.23					2459.48		1131.13
P42785	PCP_HUMAN	PRCP	Lysosomal Pro-X carboxypeptidase	10549.7	12226.4	13819.1	13362.2	8808.59	17167	18456.2	8607.99	13313.1	12189.8	16463.8	15234.9	13113.4	22792.2	16013.4	30058.1	18158.5	13775	21746.6	19128.6	17331.2	14797.5	9748.93	9224.35	8517.17	12708	18959.3	15460.8	24121.9	26190.9	10583.8	15224.1	12615.3	10998.4	17282.3	11432.7	14854.1	11975.3	12202.1	28327.8	20729.7	19162.6	13856.1	10637.8	18896.9	16686.4	16884.4	18938.1
P43034	LIS1_HUMAN	PAFAH1B1	Platelet-activating factor acetylhydrolase IB subunit beta	12967	9990.45		7142.38		5177.57													8618.66			20902.5												14951.6							5542.96				7013.39		3988.14	
P43121	MUC18_HUMAN	MCAM	Cell surface glycoprotein MUC18	10222	9782.47	11155.9	8000.56	30782.8	9351.15	20148.1	12522.4	14474.6	9890.86	12767.2	17027.6	16571.3	16392.6	8029.52	9001.37	11079.7	11403.4	10467.1	5161.25	8031.27	9813.53	13781.8	7128.78	7972.07	10271.4	13853.2	6782.5	18907.3	17652.3	12846.7	10035.9	9918.93	10326.2	17394.6	11876.5	9619.21	20025.3	14220.3	17517.9	9034.77	12746.6	11601.8	9096.71	11718.4	11667.7	14147.9	13551
P43251	BTD_HUMAN	BTD	Biotinidase	219506	226489	324196	216605	247845	372310	413000	324902	271424	310681	331413	349369	408205	330639	250045	223928	458583	256642	294143	315209	310926	209981	188228	203361	158204	189408	332697	442820	283075	295063	238096	330608	357473	238046	331867	239930	179710	343410	332457	317747	210945	236981	246905	369427	188256	179771	194411	203267
P43490	NAMPT_HUMAN	NAMPT	Nicotinamide phosphoribosyltransferase	2525.89	3683.78		2740.56												3796.07			14953.2	1776.61				3473.88	4835.17		1502.65							7174.47	6349.34		4089.59		4946.56	6625.63	2046.71	3237.21						
P43652	AFAM_HUMAN	AFM	Afamin	1.72196e+06	1.88407e+06	2.71416e+06	1.87902e+06	1.29885e+06	3.38932e+06	2.29683e+06	2.97987e+06	2.50443e+06	2.33981e+06	1.97388e+06	1.96949e+06	3.11373e+06	2.67429e+06	3.05222e+06	1.30381e+06	1.84076e+06	1.27803e+06	1.24886e+06	1.60533e+06	1.77783e+06	1.1076e+06	1.33164e+06	1.12032e+06	1.07799e+06	1.29137e+06	2.27922e+06	1.92624e+06	2.25848e+06	2.42052e+06	2.52817e+06	2.33762e+06	2.66253e+06	1.28948e+06	1.74274e+06	1.19681e+06	900191	1.88568e+06	1.61404e+06	2.34955e+06	761919	777426	1.83622e+06	1.33915e+06	892139	1.44193e+06	1.32322e+06	1.39627e+06
P45378	TNNT3_HUMAN	TNNT3	Troponin T, fast skeletal muscle																																									10927.1							
P45877	PPIC_HUMAN	PPIC	Peptidyl-prolyl cis-trans isomerase C	10674.4	10716.2	6205.41	9233.81	20277.8	11257.4	7782.75	7830.21	6647.47	8771.31	5970.12	6555.07		5126.23	13936	23440.2	8110.89	8048.82	19743.8	4628.85	9701.71	8540.15	20001.5	13559.8	12513.4	22694.4	11360.6	9307.06	13627.5	10705.3		6620.81	6493.97	9025.8	10362.9	15597	10912.2	37623.3	7767.11	10216.5	8747.17	13086	5198.08	20335.5	12560.7	12491.7	11397.3	8890.27
P46379	BAG6_HUMAN	BAG6	Large proline-rich protein BAG6	2146.03			2319.11															8012.04	1260.5						3029.68																1078.75						
P46459	NSF_HUMAN	NSF	Vesicle-fusing ATPase						3943.53																		88359.1							476.35													20526.3		6514.23		5349.33
P46531	NOTC1_HUMAN	NOTCH1	Neurogenic locus notch homolog protein 1	2257.83	4797.32	3446.45	3388.33		6057.76		2978.67										2323.15					8409.48			7332.89	13236.1		2145.35	5479.48											6486.18	13736.3			7311.22			
P46781	RS9_HUMAN	RPS9	Small ribosomal subunit protein uS4	12282.3	17130.3	9564.75	11957.3	6378.49	7937.18		10178.6						4422.13		6716.01			15247.8			7778.67			7599.41					4859.97															6245.46		7599.66	
P46940	IQGA1_HUMAN	IQGAP1	Ras GTPase-activating-like protein IQGAP1	7628	8837.21	4462.18	4720.33	6288.04	4901.86	5006.57	3916.4	4580.63	7747.82		2092				5212.33		4024.7	26734.4			5794.31		10950	5261.36	3720.53	4257.03		3425.23	5580.46				3946.56				2702.44	5393.65	6181.08	2558.51	6746.91		3098.03	6101.36	5738.84	4257.92	6666.22
P47755	CAZA2_HUMAN	CAPZA2	F-actin-capping protein subunit alpha-2	10478.3	8827.61		9250.56	4151.42						2785.4								3904.62	1607.75	1324.15	5914.08		3940.18	2885.73		3477.72			2454.87				3646.44	1543.02						5449.37		3467.76		7722.89		2754.11	2117.83
P47929	LEG7_HUMAN	LGALS7	Galectin-7	4578.71	3910.07	3243.78	3119.04	2352.53						6038.27	2375.94				3933.07	6557.12	3080.64	2439.55		3646.27	5290.47			6496.59				5531.94	3335.34			5429.1	4103.82	5680.95	6756.14	4440.94	4208.69	2917.54	5483.35		3696.05			4344.4	6270.61	5661.44	4925.93
P47972	NPTX2_HUMAN	NPTX2	Neuronal pentraxin-2			1883.34													6578.38		4020.4				5417.9	8684.95		2092.28	11338.1	2868.96							2750.79	4798.97			6288.23	3076.27	6242.4	2975.83	1241.79					3228.42	
P48147	PPCE_HUMAN	PREP	Prolyl endopeptidase	1422.2	2021.39																	6634.02			2065.76		2887.02											2910.29							2338.09			1243.16			
P48163	MAOX_HUMAN	ME1	NADP-dependent malic enzyme	6408.39	3780.8	5423.14	3328.77	6508.07		5684.45	2992.42	3939.51			3585.24				3075.22	4801.21		13978.5	4709.53	3268.39	2833.7	1713.3		2968.67	3398.13	4624.02	4778.84	4662.2	6348.83			5013.76		11194.2		6624.88	7552.53	2112.96	4846.17		25259.3		2915.07	6709.02	4543.97		4312.88
P48304	REG1B_HUMAN	REG1B	Lithostathine-1-beta						19991.1	24886.3				50286.7					72813.2			63535.8			34286.2								11325.5		92508.4	66461.6	47877.8	15679.8		27585.3	49072.3		94819.7					102622	28865.6	34369.9	35538.6
P48426	PI42A_HUMAN	PIP4K2A	Phosphatidylinositol 5-phosphate 4-kinase type-2 alpha	15416.1	17031.7		21380	6031.98	12854.3	6152.07	5430.88	3747.15		13077.1	5626.34		4397.77	5030.92	1798.01		5428.4	5608.15	4716.51	3118.03	19817.7	1384.56	4095.47			5234.83	3651.94	4746.02	4875.31		6439.96	8174.09	10356.5	1450.13				3562.75	4370.07	8998.96	6521.5			8632.41	4887.72	5753.72	5853.11
P48444	COPD_HUMAN	ARCN1	Coatomer subunit delta	6172.43	7478.04	3313.14	3819.78		4112.97		2331.52											4998.82								3502.39		3125.07	3521.57				6847.58					2616.98						5963.23			1120.43
P48506	GSH1_HUMAN	GCLC	Glutamate--cysteine ligase catalytic subunit	2435.21	2784.97		5169.65	3629.86		5564.38				3718.76	5124.83					6076.45		3017.67	7138.9	7892.21	15219.2		2003.82	3479	1485.2	1503.82	6378.8	2511.27	1996.6	4809.41		5103.05	3199.83	17939.9			8422.12		2071.12	5626.91	6523.68				4374.96	3567.27	2534.34
P48507	GSH0_HUMAN	GCLM	Glutamate--cysteine ligase regulatory subunit	8471.99	8181.93	5105.43	9491.79	6663.5	8896.15	6101.61	5395.59											9632.82			9628.6													8757.32			3765.69			13309.8					4144.71		
P48595	SPB10_HUMAN	SERPINB10	Serpin B10		2716.26			2573.99	3990.96					5752.43	1756.56				4262.19			28564.7		3294.89	7717.66	5006.8	8726.64		3303.86	2553.11		3009.8	3390.34				5915.39			3639.02			4026.78	2877.52	6252.08		1244.76	5352.15	4292.78	4010.66	2688.33
P48637	GSHB_HUMAN	GSS	Glutathione synthetase	19487.9	20469.8	15491.3	17437.8	15856.5	17566.4	23579.8	11648.8	16243.9	15934.4	17574.1	22615.6	31383.3	32522.7	12164.3	19208.7	18052.3	14630.1	44230.9	17651.9	18056.9	17876.2	17218.2	37103.2	21174.4	19810.4	24145.5	19647	23343.9	23655.8	16483.8	11205.9	13357.6	18375.1	59091.3	17756.1	20009.4	31763.6	12002.6	35363	22194.7	30836.3	15103.9	24506.5	24260.9	22152.8	21213.1	23574.1
P48643	TCPE_HUMAN	CCT5	T-complex protein 1 subunit epsilon	2328.73	2926.35																				4252.74																				2126.67						
P48668	K2C6C_HUMAN	KRT6C	Keratin, type II cytoskeletal 6C			5876.84					26077.3		35311.8				21790.3		9861.55		14497.1	5114.46								12221.1							7931.26											7965.48			
P48681	NEST_HUMAN	NES	Nestin					2335.25											2845.5		4029.34	7465.11	2438.91	3151.94		1246.4		2507.81	1988.84									2475.07			4746.69	1830.02		1962.95	2839.7			1451.05	1701.37	1500.95	1463.74
P48723	HSP13_HUMAN	HSPA13	Heat shock 70 kDa protein 13		4986.68	6272.21	5444.7	9757.03		8412.56	5959.04	5780.18		6250.52	8031.88		5196.71	6240.21	12807.1	22745.9	5343.38	10518.8	13848.6	7339.87	12441.2	8325.1	9689.94	8208	5728.11	4512.57	16136.8	6665.33	5994.17		5532.41	9012.95	6752.61	11095.8		4060.28	5981.79	2964.95	5918.82	24518.1	9235.89	2755.03	9027.18	9817.28	9435.19	8001.22	6144.86
P48740	MASP1_HUMAN	MASP1	Mannan-binding lectin serine protease 1	900699	859771	669290	884020	590519	848144	740777	497303	630794	424608	749903	752168	320307	510002	741377	469764	750902	392476	539675	498231	492006	376928	380422	473287	654446	348562	555346	743237	604502	592308	683633	485967	615723	539041	1.21045e+06	379790	409957	478414	1.20535e+06	555899	693094	947456	400019	519602	768772	484748	427237	470361
P48788	TNNI2_HUMAN	TNNI2	Troponin I, fast skeletal muscle																1996.16				3218.18	2286.95	2058.78			4919.15																					1963.38		
P48960	AGRE5_HUMAN	ADGRE5	Adhesion G protein-coupled receptor E5	5527.19	6143	5441.99	8965.53	2619	3224.83	4667.13		3221.59			4048.63		4677.94	4301.88	3515.67		4268.5	4169.98	4262	4067.04	3766.21	6845.78	4456.18	3365.3	8779.06	8147.74		4193.36	5477.14			3277.71	3069.97	1588.7			3424.26	5006.35	6333.13	8153.47	16129.3	3591.73	3111.69	12600.4	3275.85	4779.2	3676.52
P49189	AL9A1_HUMAN	ALDH9A1	4-trimethylaminobutyraldehyde dehydrogenase	2689.89		4748.77	2206.56				3456.85	3197.06					2974.25			4755.2	4032.29	10341.6		3454.03	6007.9		4744.07		5319.27	2607.99	5064.73	4461.98	2858.71			5930.4	5643.75	11225.8		4640.46			5002.71	2083.34	5000.36		3419.23	9643.94	5185.03	3513.15	5409.54
P49257	LMAN1_HUMAN	LMAN1	Protein ERGIC-53	28680.2	26586.4	49246.6	23799	30550		26601.6	24175	34607.7	49169.3	58190.6		32866.2	30167.9		58448	54192	51703	39859.5	23197.2	22388.6	50205.3	32242.7	26657.7	73694.6	43175		63020.9	12751.1	13423	26339.6	37237.7	23239.3	20455.8	22090.1	67129.9		60336.7	33036.7	63970	23441.9	57984	30792.7	43238.5	85356.7	40892.4	52041.7	30513.7
P49327	FAS_HUMAN	FASN	Fatty acid synthase		3787.6																																											2050.39			
P49368	TCPG_HUMAN	CCT3	T-complex protein 1 subunit gamma	5982.79	4718.95	1926.84	6006.36	2120.72	1633.49		974.217						1917.41				2032.2								3559.5	1591.06		2271.09												2744.6	2890.46			3156.2			
P49411	EFTU_HUMAN	TUFM	Elongation factor Tu, mitochondrial	2113.36	6927.07	2099.82	4673.14	1003.14	2167.54	1911.95	1454.22	1728.26	2891.17																	825.287												1177.76		1203.56							
P49585;Q9Y5K3	PCY1A_HUMAN;PCY1B_HUMAN	PCYT1A;PCYT1B	Choline-phosphate cytidylyltransferase A		1820.08																	9952.43					2798.78																								
P49641	MA2A2_HUMAN	MAN2A2	Alpha-mannosidase 2x	14512.4	17101.8	12830.4	16351.9	9929.31	16009.4	12867.7	11053	11385.2	13701.9	11490.4	11253.9	16618.5	9254.76	7798.24	9373.31	13419.7	10014.1	10110.6	11115.6	15072.7	8957.7	12266.3	8322.93	8582.36	14466.2	13913.8	12672.6	11437.8	11568.3	11147.7	11472.9	11093.5	8121.57	14706.6	7029.93	10438.6	12474.5	8366.81	12204.5	12611.4	28025.3	8071.61	10325.9	12991.5	8627.68	8604.39	8161.23
P49720	PSB3_HUMAN	PSMB3	Proteasome subunit beta type-3	84051	85497.4	65381.6	76262.9	90359.8	54248.1	92644	58252.8	64679.9	90020	77019.4	94553.6	75775.1	112519	60437.4	449373	67983.6	73636.4	152947	82914.5	84575.4	149821	137816	202041	305553	132150	38544.1	58991.8	46846	43852.3	82836.5	72845.6	69636.9	174714	326761	37951.3	245740	201921	57050.9	140822	206453	313145	65649.3	101731	214793	146281	147307	143376
P49721	PSB2_HUMAN	PSMB2	Proteasome subunit beta type-2	29348.5	30277.8	15928.8	27294.9	53258.7	21192.4	39579.6	27427.9	22227.4	35186.6	28758.5	40523.1	24964	30529.6	23287.4	163131	33214.9	38711.6	99253.2	33761.9	36997.6	79458.5	63967.5	96869.6	115271	60698.7	23749.8	27703.9	26267.2	30833.1	24219.7	15940.2	19666	56858.4	114993	9870.02	70776.6	96940.6	29780.7	61654.5	90123	149046	38147.8	49643.3	98394.6	53886.3	61928.9	64500.9
P49746	TSP3_HUMAN	THBS3	Thrombospondin-3	18785.7	14549.7	7691.07	15728.4	29243.4	13080.5	20245	10825.6	7529.58	2556.06	16292.4	18362.5	2424.04	6319.78	17626.2	8364.68	9030.37	4845.25	12062.3	8423.34	7984.44	28015.6	14678.4	22989	23138.5	17701.2	13384.8	9700.72	14810.4	15898.1	9036.49	15010.3	19356.1	8313.73	12365.2			16041.6	15867.2	10424.2	20793.6	31072.8	5562.98	7752.82	26861.7	15320.6	10517.5	11783.3
P49747	COMP_HUMAN	COMP	Cartilage oligomeric matrix protein	448803	432777	250896	475799	515699	306164	530321	252914	228625	137586	235116	538298	140764	218333	461340	226064	256170	194204	388585	263418	288007	664348	745312	574966	827464	772456	379657	285543	445370	376444	219752	455208	529381	297200	958614	123413	235041	292551	366808	203231	496268	581842	227521	282454	727930	446325	439517	425368
P49788	TIG1_HUMAN	RARRES1	Retinoic acid receptor responder protein 1	5339.94	4267.32	5404.03	3768.69	6250.68	3731.04	3703.95		4316.11	4741.27		3768.28	2688.97			6631.7				4076.19	3278.01			6526.15	2208.6				3823.96	4230.8		3532.62	4391.59	6391.46					3575.01		5024.64		7945.69	2042.3	4579.81	3845.13	3377.21	2792.55
P49908	SEPP1_HUMAN	SELENOP	Selenoprotein P	332801	344701	275813	343292	240660	365207	399441	255600	234467	291107	500984	319619	644803	346963	228300	371746	159300	302245	183806	245459	236965	174939	242610	275504	301733	229959	254854	164378	302430	263473	385135	282280	393039	304726	299390	182222	283614	238918	327153	148422	173780	282536	335316	204569	146078	249750	208753	217047
P49913	CAMP_HUMAN	CAMP	Cathelicidin antimicrobial peptide	7804.64	4358.57	5358.76	3246.76	5912.09	3857.11	10570.4	4468.08	3260.51		5572.02	8519.83	8988.63	5209.75	5613.16	9097.52			4042.48	4826.32			6228.05	8406.83	11434.1	6165.98	4940.93		12812.6	7787.92		7199.41		7461.14			8103.28			25058.6	7742.02	6909.33	11336	3913.81	5088.64	6331.69	8837.94	7994.74
P50395	GDIB_HUMAN	GDI2	Rab GDP dissociation inhibitor beta	14995.4	11861.5	11808.3	18573.1	11343.6	17978.7	17614.2	15936.2	11194.1	9699.86	12853	14766.2	11505.2	12174.2	10107.8	16301.8	9483.79	12867.2	36742.2	14465.2	14886.6	31754.7	11253.4	22440	10873.5	7004.84	14233.4	12695.8	13649.7	13138.9	15338.6	11034.6	11203.6	19908.3	22659.4	11680.1	8247.65	16171.7	6895.04	10463.5	22850.4	19470.4		8734.82	17641.6	15415.4	15881.5	12156.9
P50502	F10A1_HUMAN	ST13	Hsc70-interacting protein	129186	121669	38316.6	162438	79524.9	129678	77319.8	70437.4	33816.6	29155.4	66878	82011.7	21739.4	43029	40526	64356.5	41279.3	61100.1	255024	88258.8	85275.5	303804	72019.4	81451.8	55331.4	66329.7	66371.1	57851.2	74808.6	73273.1	54552.6	62948.8	61477.9	100808	48708.3	28554.6	38588.7	30377.4	63046.9	52675.8	122900	104595	29535.8	49480.1	86974.2	108244	107682	100336
P50552	VASP_HUMAN	VASP	Vasodilator-stimulated phosphoprotein	43529.6	41609.6	8199.02	41308.1	17778.7	74759.7		16741	6124.38			3080.84	7600.98	14826.2	6888.73	10111.6		8861.5	27784			22016.2	9048.3	17040.2	7498.28	5472.16	38597.2		41265.4	36827.2				49454.2					14804.7	9626.53	18589.3	6740.86	5804.57		60174.2	18130.1	14989.6	13340.7
P50990	TCPQ_HUMAN	CCT8	T-complex protein 1 subunit theta	11878.9	13248.7	6130.15	13220.7	5781.59	9007.32	3895.4	2825.93	3263.33							3137.52		3517.22	10504.8	2765.75	3101.51	14930.9	3549.88	3792.32	1471.68	1566.53	2807.56	2257.43	2415	3684.92		2303.66		4137.13					3296.32		6359.65	6093.27			4383.65	1987.75	2808.94	
P50995	ANX11_HUMAN	ANXA11	Annexin A11		3042.77			1798.6	3852.75			1640.83					1929.12					2784.1			2688.75					2626.51		4670.09	5686.68				5742.17					3060.03		3644.02				3482.55			2734
P51148	RAB5C_HUMAN	RAB5C	Ras-related protein Rab-5C		3838.24		3801.73	2251.93	4432.12	2275.91	2386.43	1831.34							2086.22			4509.8			3029.99				1366.05			5351.49	3957.19		1650.29			3761.66			3781.24		2998.3	2581.46	6179.96			6289.28	3352.02	3518.78	2442.43
P51149	RAB7A_HUMAN	RAB7A	Ras-related protein Rab-7a	20421.1	21405.1	7121.93	20648.2	10498.8	34515.9	6494.21	11394.7	8056.93	9492.38	5302.56	5483.62	11967.8	10150.2	4190.85	11335.4		2698.32	17154.7		6396.54	14228.8	5307.86	11195.1	5427.67	6797.16	27871.7		25140.4	24148.4	4166.92	4362.57	3577.5	32705.1	3949.29	4361.47			12110	8193.35	14303.8	7648.29		2448.96	38355	10964.9	11510.2	11959.9
P51693	APLP1_HUMAN	APLP1	Amyloid beta precursor like protein 1	18671.4	19000.7	23554	14883.5	26295.7	11829.2	15012	11654	21110.1	7384.02	5872.42	16809.7		9094.89	12207.4	12395.1	8201.02	8582.98	7070.94	19262.4	16008.1	9097.73	24888.5	12563.1	8067.03	23040.8	19598.6	5051.5	20389.5	17321	7315.98	3686.01	7792.39	10619	8360.81		11681	17478.4	12837.3	10565.6	33802.9	25706.2	9259.4	11560.8	19747	12636.6	13711.1	11843.1
P51858	HDGF_HUMAN	HDGF	Hepatoma-derived growth factor	10332.5	7689.61		10730	11128.8	4503.33	5743.4			6696.96		12338.7				22580.5		14055.9	106602		6055.99	25384.9	33411.3	27078	11029.6	23453.7	5595.87			10051.1				22025.9	7419.52		6864.58	5164.57		11087.8	6572.43	9015.98	5224.78	10492.6	15394.2	21153.8	19713.1	18116.9
P51884	LUM_HUMAN	LUM	Lumican	2.91047e+06	3.17841e+06	2.15353e+06	3.24483e+06	3.96764e+06	2.39723e+06	2.43098e+06	1.55216e+06	2.04223e+06	1.32885e+06	1.37224e+06	2.19817e+06	2.1762e+06	1.4166e+06	2.10831e+06	1.56434e+06	3.27882e+06	1.96272e+06	4.71571e+06	2.26719e+06	2.26495e+06	5.17472e+06	3.4054e+06	2.97915e+06	2.08041e+06	3.45601e+06	4.39501e+06	3.37837e+06	4.07032e+06	4.11978e+06	1.74124e+06	2.2482e+06	2.50173e+06	1.31097e+06	2.76386e+06	2.44015e+06	1.21707e+06	3.48133e+06	3.07745e+06	1.66732e+06	3.27099e+06	5.23408e+06	1.74226e+06	3.40344e+06	4.12008e+06	2.53744e+06	2.50303e+06	2.47962e+06
P52209	6PGD_HUMAN	PGD	6-phosphogluconate dehydrogenase, decarboxylating	27758	31893.5	8051.1	30009.5	13423.9	18344.7	11981.2	10024.4	8638.11	12405.5	11891.5	10914.2		11596.7	13015.7	25643.8	10100.7	13856.2	128297	15533.6	12100	29282	22427.7	33235.4	22036	20468.2	15354	7357.06	18216.7	17097.6	10038.8	10868.2	8723.76	23214.4	12634.9		7580.56	7578.9	19400	17488.8	26514.1	33280.8	6970.98	8518.6	31024.6	20760.2	23526.2	19613.8
P52565	GDIR1_HUMAN	ARHGDIA	Rho GDP-dissociation inhibitor 1	47733.2	51258.4	9807.16	46965.5	25340.4	33743.1	13282.5	13349.4	11056.1	9333.44	14136.8	10797	8767.48	10319.9	14407.6	16904.5	10631.5	16615.9	61248.4	5986.07	11500.5	35119.2	22441.8	25231.5	19608.1	17065.7	17452.6	7443.99	18816.9	19051.2	6488.46	7904.43	8876.08	35608.1	8242.7		10775	12149.5	14596.6	12603.5	25872.9	24511.3	7813.64	7923.88	45239.1	20542.9	20546.8	16631.1
P52566	GDIR2_HUMAN	ARHGDIB	Rho GDP-dissociation inhibitor 2	112547	137800	23501.4	111021	53982	48510.6	25356.6	45056.4	18909	29926.5	15850.9	27795.4			36776.6	92786.6		79223.5	268923	42097.8	43493.8	110797	101982	122200	42873.8	119079	80258.4		40086	39349.3		20291.7		75270.7				7687.28	41180.3	57069.7	59133.4	73193.5	19896.6	24966.6	132158	57222	60378.2	72841.9
P52790	HXK3_HUMAN	HK3	Hexokinase-3	4055.94	4047.24		3786.6	3323.8	4197.97	5670.1			4376.18	4968.42	2582.96	3173.29	5414.58		8140.82		7168.89	39270	5277.61	5138.84	5155.81	11095.4	10121.6	6756.73	11553.4			4611.81	3640.1				7918.39	6137.62		4556.17		5876.98	9783.19	6836	18105.9		4667.72	8232.28	6656.37	6608.37	6404.59
P52848	NDST1_HUMAN	NDST1	Bifunctional heparan sulfate N-deacetylase/N-sulfotransferase 1	2710.84	2725.27	3335.12	3118.74	1424.85	2239.9	2135.69					2772.82				1899.04	4134	2014.88	4702.07	2857.36		4508.66	4281.19		1890.9	3529.78	2648.04	4029.05	2724.09	2237.59		1627.99	3833		6040.21			3977.49		1741.75	3275.38	7258.21		1419.44	4822.48	2901.26		3394.65
P52907	CAZA1_HUMAN	CAPZA1	F-actin-capping protein subunit alpha-1	30816.2	29605.2	8200.24	33598.1	12688.2	14001.2	6550.02	10675.7	7281.38	9115.94	9284.14	5239.51	7495.8	12267.1	8511.85	13505.8	2946.45	8490.49	38236.5	5635.64	4969.24	12369.6	5365.85	17303.1	7633.88	6495.36	10857.6	4310.12	11431.5	13190.1	5003.2	4525.52	5230.29	16605	3939.55		5752.33		9425.19	7696.33	14252.7	10897.3	5736.88	4082.3	22873.3	8407.37	10718.9	9061.5
P53004	BIEA_HUMAN	BLVRA	Biliverdin reductase A	10610.3	9340.72	4720.65	9280.32	6469.58	9971.55	3899.42	7058.37	2859.04			5193.18	1663.96	4865.55			4344.57	6238.82	9618.61	5217.45	4807.22	21869.1	4812.67	3557.71	3464.97	3067.52	5025.2	7010.37	3819.13	7128.78	5381.18	3981.22	4743.95	4298.46	4338.79				2594.03	2837.19	10695	5676.22	2351.45	1775.26	6440.43	4866.88	3689.78	6034.28
P53396	ACLY_HUMAN	ACLY	ATP-citrate synthase	5256.93	6099.86	1555.86	4571.19	2151.01	3364.33		2082.07	1805.34			2194.26				2883.63	4064.19	3434.12	5442.16		3015.4	7278.03	1748.24	1634.3	1770.87	3077.62		1714.88	2056.59	2018.54					4216.43			1478.66			4004.05	4750.16			2585.1	2148.42	1917.16	1705.88
P53618	COPB_HUMAN	COPB1	Coatomer subunit beta	5364.83	6995.27	2136.93	4411.89	1917.81				1209.73																				2571.63										2361.1			1526.34				1304.24		
P53634	CATC_HUMAN	CTSC	Dipeptidyl peptidase 1	14912.3	14728.7	14684.5	12957	9230.94	24196.8	15302.8	15052.2	16763.9	14173.2		15473.2	12917.3	7760.18	12168.2	13116.5	8414.94	12653.3	16715.2	14573.5	13082.1	14129.8	14996.3	12253.8	7234.89	16630.1	24641	10113.7	17976.3	22363.9	7312.84		6039.9	18510.3	14179.6	17260.3	6450.94	10326.1	10615.9	10483.1	22991.2	25775.2	8198.73	15671.3	33235.6	12160.2	10329.8	10681
P53999	TCP4_HUMAN	SUB1	Activated RNA polymerase II transcriptional coactivator p15			4722.02													6746.18			27879.3					6331																15476		4001.59			5161.16			
P54289	CA2D1_HUMAN	CACNA2D1	Voltage-dependent calcium channel subunit alpha-2/delta-1	12069.2	9335.74	7851.55	9999.22	21779.3	11984.7	13907.1	11992.9	6743.51	11066	7790.19	9894.25	8012.1	20073	7152.53	5801.02	13143	4750.26	5779.81	5312.65		7641.68	9998.18	6543.03	8947.4	8929.76	19634.5	10043.2	15666	16851.6	13018.8	8203.95	8276.4	5268.68	14133.7	5964.85	7467.43	11434.2	7934.67	5117	7235.36	11293.8	11542.4	7669.04	14549.9	5491.78	1651.21	9220.51
P54578	UBP14_HUMAN	USP14	Ubiquitin carboxyl-terminal hydrolase 14	4154.16	5307.54		4807.37	3159.94	7281.52	4496.64	3129.89				3358.42				1464.1	3303.75	2782.94	4752.1	2720.75	4951.84	15025.1	1567.74	1777.6				2324.74	3364.39	1889.73			3171.92	2574.85							5327.95	3456.2		944.224	2837.81	2338.1		
P54760	EPHB4_HUMAN	EPHB4	Ephrin type-B receptor 4	5041.21	4106.09	3629.5	4753.19	14867.3	2797.69		2598.24	4272.6					2421.29	1457.07	4166.82	5808.32	5825.02	9867.99	6224.94		11696.2	17387.6	8283.16	4402.41	15942.3	5902.04	5249.29	4652	4386		3663.61	4205.16	2480.56	6947.57	5220.64	4378.66	6288.58	4392.18	5573.01	7395.91	13201.2	3656.84	6600.6	9733.36	4491.25	6467.04	4774.25
P54764	EPHA4_HUMAN	EPHA4	Ephrin type-A receptor 4	4261.69		7241.18	2817.65	23818.6	9284.78	9775.71	5928.74	12211.2		2389.68	10245.2			6511.13	7536.76	5022.1	7783.9	3890.57	3871.63		4079.06	11530	7051.29	5542.46	9363.26	16524.1	3652.52	15035	15303.1		4183.72	6846.59	8122.77	8489.08			9796.95	9443.94	17280.6	8824.09	15621.3			12908.8	6524.95	6481.61	7958.29
P54802	ANAG_HUMAN	NAGLU	Alpha-N-acetylglucosaminidase	28839	33022.9	38454.8	31703.3	59941.8	62049.6	49930	46246.2	46336.1	48118	24201	50454.1	55119.5	33330.3	48297.9	23280.2	62086.2	26893.2	73558	30542.1	31218.3	24162.3	24737.1	15749.3	10274.1	22190.1	41081.3	61405.6	43915.4	46281.2	41547.4	33474.1	34786.2	21275.4	89965.3	48190.4	24337.6	62766.8	44757.1	40666.7	23937.6	43611.7	25116.2	32477.1	22371.2	34198.6	33512.3	32084.3
P54803	GALC_HUMAN	GALC	Galactocerebrosidase	8438	7374.59	16177.3	8153.93	7723.9	12617.7	11667.9	5164.3	16299.1	14952.8	11667.3	13405.5	9650.93	11604.9	13063.5	9407.28	9414.22	5332.12	13164.3	8016.31	5759.45	6788.05	9599.89	2893.9	12236.3	6779.99	14010.9	10444.3	11508.7	12089.7	11689.7	12016.6	9444.09	5901.56	16710	15285.7		5218.92	11104.6	16155.8	15200.5	19010.8	6609.89	10486.3	9699.81	7686.39		9878.28
P54868	HMCS2_HUMAN	HMGCS2	Hydroxymethylglutaryl-CoA synthase, mitochondrial					4905.25		5217.17							5168.7											2672.52		2642.16		2343.26						6524.59						2146.57				3631.45			
P55056	APOC4_HUMAN	APOC4	Apolipoprotein C-IV	1.5181e+06	1.50763e+06	1.69724e+06	1.63937e+06	1.52434e+06	3.07379e+06	2.08292e+06	1.31787e+06	1.71282e+06	2.68241e+06	2.09652e+06	2.37398e+06	2.88996e+06	2.42754e+06	742385	811025	870411	713120	480068	2.34538e+06	2.52394e+06	1.07504e+06	449379	284624	1.36345e+06	481373	398062	995699	444240	469809	1.04171e+06	3.20508e+06	3.30049e+06	1.81101e+06	855217	2.00144e+06	1.81726e+06	578485	995032	1.06579e+06	1.07612e+06	685386	1.61869e+06	1.19853e+06	1.78525e+06	1.20928e+06	1.33466e+06	1.50485e+06
P55058	PLTP_HUMAN	PLTP	Phospholipid transfer protein	509749	514304	327515	531328	425299	302641	366396	235700	272095	185780	187653	334502	222072	277418	279046	352439	695840	316527	938924	563278	539561	724771	898835	1.50288e+06	390215	950746	734974	638720	772123	713796	356676	208637	275623	397819	677253	434568	643392	282459	871798	864965	986250	1.14271e+06	693578	638580	873409	716973	715869	710663
P55072	TERA_HUMAN	VCP	Transitional endoplasmic reticulum ATPase	53482.9	57433.7	12028.7	57929.7	30011.3	48903	38199.6	29369.7	12436.9	13909.8	39989.1	49474.9	7370.63	14000.8	22417.6	21181	23675.9	30983.9	86283.8	30216.4	32941.4	134851	21307.8	27494.6	12897.1	20322.4	18451.5	28361.5	18166.7	18835.8	27434.7	30727.5	29284.5	40687.4	11056.4		7990.79	1687.31	17925.8	16586.8	53107.1	38134.6	13657.2	8257.1	34802.7	34645.7	33957.5	35447.1
P55103	INHBC_HUMAN	INHBC	Inhibin beta C chain	49249.3	43666	44156.9	45996	82189.3	71051.8	59335	21790	47037.6	51710.3	91582	65758.6	108739	38392	63644.3	60884.1	63104.7	57097.3	104465	56808.9	56966.2	62510	68735.2	71297.8	44051.1	53222.6	55628.7	60260.8	53099.6	45157.2	47610	98060.1	98054.1	60899.3	62459	66343.2	78164.2	81423.9	42413.6	41232.6	71086.9	114296	60796.3	65360.1	60430.4	51180.8	51305	51839
P55157	MTP_HUMAN	MTTP	Microsomal triglyceride transfer protein large subunit							1285.04	1266.74				2288.7						1042.86	931.188	3848.2	2157.23											737.758			1500.61	2709.08		2562.55				1099.28		1891.2				
P55209	NP1L1_HUMAN	NAP1L1	Nucleosome assembly protein 1-like 1	26725.1	24880.9	3956.46	24031.2	19440	13533.4	15416.5	12980	5675.4		19691.2	16319.4		10230.5	11025.7	11628.7	6450.31	19461.7	24779.6	12083.9	11713	51328.9	6106.27	12587.6	5132.49	5663.14	7129.33	7497.96	8114.02	8859.44	7074.06	8315.55	11874.7	17979.3	4486.69		7794.74		8853.86	10402.1	15108.6	13483.9	8904.99	3602.15	16406.4	11764.2	15533.2	14804.9
P55268	LAMB2_HUMAN	LAMB2	Laminin subunit beta-2	8164.54	8690.84	9941.58	9946.84	18925.1	7311.11	9757.78	6665.94	6043.91		11207.1	9530.58		5893.5	10479.9	5757.47	13197.5	4537.95	13236.5	7756.23	6904.29	8653.41	9099.25	5776.87	12173.5	7542.04	15428.4	10300.8	15503.3	13942	5717.26	7553.94	11003.4	9909.78	21346.3	16741.4	9171.45	25175.3	11328.3	14224.6	13707.9	17781.5	5494.98	10259.6	13888	8349.12	6902.56	10438
P55285	CADH6_HUMAN	CDH6	Cadherin-6	17884.8	17850	17971.7	18199.3	30097.5	14779.3	20501.6	11248.7	16393.1	10726.1	10851.6	17163.2	13908.9	14666.9	16643.7	11396.4	11850.9	9407.7	17987.8	6851.19	7156.34	15566.2	26964.8	18884.2	11965	26999.7	27868	11129	30473.8	25750.4	9862.5	13188.8	16257.8	8960.3	38250.6	16897.7	11844.3	17047.4	31433	23496.8	23168.4	32071.7	6505.17	13234.1	56510.2	13986.7	12700.5	11556.5
P55287	CAD11_HUMAN	CDH11	Cadherin-11	11376.3	14826.9	8486	12100.3	14885	9007.27	4911.58	3820.63	12366.8	7923.43			10187.6	5838.32	6116.93		7859.91	10243.7	17153.6	6542.67	6664.9	11475.4	31116.4	5607.9	8233.82	25078.3	12374.8	7026.09	14459.8	14748.7		5399.39		3599.56	13269.8	8732.45	8080.42	7919.18	9457.59	18966.2	15253.3	11336.3	4598.6	6888.15	17289.1	9648.27	10229.3	11640.4
P55290	CAD13_HUMAN	CDH13	Cadherin-13	19525.2	25684.7	15255	19324.5	16607.1	18200.6	4028.97	13148.3	16647.7	2338.09		2170.74	4156.85	5731	2470.34	4831.72	3617.93				5952.73	5689.13			3461.91		10131.7	4880.19	7379.37	5271.6	12554.6			3004.72	3239.87	4410.79		3205.59	4134.45		5086.55	3411.54		5917.87			3433.18	
P55291	CAD15_HUMAN	CDH15	Cadherin-15							5290.43			7049.51	5255.31			7047.28					3993.51				4009.6			4314.21																					2060.3	
P55786	PSA_HUMAN	NPEPPS	Puromycin-sensitive aminopeptidase	3918.52	3148.22		2778.35	3485.28	2936.21	3540.84	1767.41			2223.77	3529.06		1434.64	1550.14	2565.84	1431.44	2379.58	8923.45	2012.49	913.215	4070.02	6314.83	4612.96	3262.14		2032.36		2751.71	2799.25	2321.7	2177.47	1637.29	3278.19	5263.14	1222.25	2471.75	2251.36		2201.35	2732.47	5224.65		2133.04	7442.78	3696.17	4056.83	3917
P55854;P61956;Q6EEV6	SUMO2_HUMAN;SUMO3_HUMAN;SUMO4_HUMAN	SUMO2;SUMO3;SUMO4	Small ubiquitin-related modifier 3	136422	91525.4	49478.3	52829	23218.8	36886.9	37957		34341.5	25211						8601.56			25669.8			20469.6		10866										28175.6				11595.9					16915	14310.5	16898.2	17692.2	17530.6	
P55899	FCGRN_HUMAN	FCGRT	IgG receptor FcRn large subunit p51		5294.97	4450.08	9501.69	11600.7	3489.09			3777.15		6974.07	6864.48	3562.07	10562.8	7627.69				11381.8		5922.3		10844.9	5905.39	1421.54	22265.9	5127.81		9259.55	5737.37	23323.9	2890.98	2777.39	1590.31				8227.16	1129.98	11426.8	7967.41	8599.08	1635.29		7047.19	3933.33		4636.49
P56192	SYMC_HUMAN	MARS1	Methionine--tRNA ligase, cytoplasmic	819.346	1807.15			898.43																																											
P56730	NETR_HUMAN	PRSS12	Neurotrypsin	226069	218746	207056	165796	154857	180072	124154	108554	125488	188710	125336	106641	265629	175866	95675.6	234092	176684	146199	167536	233184	247104	156703	139800	163806	172645	153189	183078	187719	115969	114584	177707	198677	205860	124253	102602	123801	64481.4	137900	162296	86513.7	140300	93090.2	146239	166759	150435	114005	118257	124348
P58166	INHBE_HUMAN	INHBE	Inhibin beta E chain	2102.53	4592.55	4426.41	3604.38	7574.41	10935.7	10276.3		8635.06	7715.34	13491.6	11089.2	10193.6	7032.39	5895.12	16323.4	4076.49	3023.43	8316.72	8606.04	9337.21	7985.19	4963.07	11088.6	4514.33	5719.92	5277.77	3796.01	3843.73	4376.09		10685.9	9538.1	18234.5	7634.9	19482.5	11589.5	6215.76		13571.2	5343.46	42961.5	6598.5	8150.89	8821.29	6701.71	7240.77	6778.54
P58215	LOXL3_HUMAN	LOXL3	Lysyl oxidase homolog 3	2261.24	2963.31	2854.97	2845.19		2628.36		4491.75	2621.2			1723.5				2349.67					821.392			2480.46		1839.06	2100.55		1674.39												3920.43	5964.64			2184.46			
P58335	ANTR2_HUMAN	ANTXR2	Anthrax toxin receptor 2	8023.96	6560.25		7547.4	7900.78		8420.24	9071.54	9364.03			9120.66										11739.2								8197.98								9398.76				6032.51		8668.18		7424.46	8493.51	9153.92
P58546	MTPN_HUMAN	MTPN	Myotrophin	52631.8	55153.7		49520.9	8439.3	33935.4													12218.5		8071.98	27407					27295.2		22036.6	19899.6				13709.1					9875.58						34596.6			
P59190	RAB15_HUMAN	RAB15	Ras-related protein Rab-15	40907.4	56433.7	17164.8								12853.2					34908.8	6474.9			12118.2	13104.2	50888.6	11849.4	41021.7		16508.3	63094.9	12779.1													58881.4	38781.1						
P59998	ARPC4_HUMAN	ARPC4	Actin-related protein 2/3 complex subunit 4	16849	20493.3	10269	20976.5	8816.82	15655.6	6864.03	9440.53	8000.55	5205.14		7020.89	6587.34			9369.05		6092.16	34617.8	6195.8	4209.3	10392.6	9234.38	12906.4	9583.68	8412.57	16689.7		14083.6	13780.5	3799.36	4938.57	6474.28	17346.9	8988.81	1369.5		7877.26	7521.94	6499.29	19167	17986.2	4244.83	3588.63	29137.6	6757.26	10560.1	7550.45
P60174	TPIS_HUMAN	TPI1	Triosephosphate isomerase	28827.1	28182.2	10595.7	30017.2	15546.5	18419	14261.4	18657.2	10817.3	9170.54	10978.7	11675.4	7434.57	6623.88	9672.11	8860.14	6494.76	9365.71	27753	9764.78	10023.9	30019.9	6017.24	9633.81	10710.7	5361.74	10121.2	6382.59	11146.9	9909.24	9112.97	7999.55	9524.53	16031	15574	3727.52	4891.04	7954.32	3924.07	7170.25	11295.7	11673	6006.95	2918.38	16958.9	12258.5	12222.6	10828.7
P60660	MYL6_HUMAN	MYL6	Myosin light polypeptide 6	24811.7	25150.5	7746.5	24047.4	17970.3	38449.4	12592.3	17367.1	12665.1	20081.2	20092.4	9475.07	15047.3	19180.5	18931.1	35892.9		17972	104643	9434.05	6987.02	31404.3	10909.5	38585.4	20008.4	8602.46	40670		50681.2	47239.2	13851.5	11296	9375.52	62043.3	8203.13	9544.78	12740.7		24298.9	21570.8	30820.6	23365.3		9643.65	51610.8	33483.1	24124.2	28563.1
P60709	ACTB_HUMAN	ACTB	Actin, cytoplasmic 1	763903	770446	348140	727776	497020	463412	216966	430732	308239	197533	208628	187784	328338	375254	250059	376907	109354	288101	966586	203702	207639	458051	324952	433522	311702	310536	480313	112942	464206	412972	173331	126729	149975	636470	296252	196613	209213	281174	366234	269172	679243	679969	204682	170068	841950	305175	323864	301360
P60842	IF4A1_HUMAN	EIF4A1	Eukaryotic initiation factor 4A-I	28291.4	36463.3	17399.7	35057.4	24493.6	14614.7	13554.2	16159.1	13001.7	8939.07	17971.1			2195.81		3728.91		3443.4	12189.9	3499.74	5805.47	12243.2		4178.74			5384.87	4919.37	5676.28	5285.1	3809.94		4377.76	9906.08	3676.43	2874.94			6671.84		6246.89	16021.3		2626.17	7507.04	4972.86		
P60891	PRPS1_HUMAN	PRPS1	Ribose-phosphate pyrophosphokinase 1	9070.78	6389.32		4816.42															6260.09	4304.94		14665.7																			4525.89	7993.44						6815.23
P60900	PSA6_HUMAN	PSMA6	Proteasome subunit alpha type-6	52717.4	49994.7	33006.9	48466.6	54858.6	32883.8	53705.3	23925.4	24009.4	32551.3	31512.7	49557.2	33558.5	35877.4	26348.5	240432	26183.5	39618.4	101215	47847	46296.9	85472	80161.1	93996.9	122228	87836.8	27831.6	30763.9	28006.3	28367.8	33758.1	33448.8	29902.3	75371.9	162551	10361.9	98038.1	118304	27312.2	62767.3	139055	211056	33189.4	57695.8	90925.8	76723.5	66847.4	74593.8
P60985	KTDAP_HUMAN	KRTDAP	Keratinocyte differentiation-associated protein	67433.6	80388.1	39497.1	64641.6	148564	39081.4	52677.7	74111.8	37896.7	51461.7	40575.4	68099.4	76674	51967.5	59368.4	147393	92552.8	73326.2	100937	83540.4	134869	73146.6	102515	70387	187085	95656.1	57487.8	67809.1	48452	48455.9	66239.9	132566	111282	71343.5	68528.2	167775	92435	107837	53975.8	27219	38360.8	94568.9	100247	101996	16956.1	76007.9	75406	85972
P61006	RAB8A_HUMAN	RAB8A	Ras-related protein Rab-8A	49151.7	68583.2	20144.5	53419.3	25171.4	20505.6	8338.98	17873.9	7129.8			9612.69			10795	18913.3	10881	12035.4	53820	24110.5	24024.4	32302	16893.1	38247.8	19549.4	21774.3	46955.1	12474.4	47685.2	44475.9			8203.02	52582.3	19878			7746.39	29574.2	4042.4	54675	16860	16106.1	19778	83261.7	15004.3	24229.2	23945.4
P61019;Q8WUD1	RAB2A_HUMAN;RAB2B_HUMAN	RAB2A;RAB2B	Ras-related protein Rab-2A	2330.47	2966.23	1981.11	2919.34	2133.59	3042.78	2483	1408.82										1718.95	3729.82	2125.86	1914.98	2994.39			1923.5	2331.16	4113.4		4212.38	3344.05			729.35	3564.43					2446.43	1796.36		5074.3	2301.64		7816.1	4585.61	3688.42	3216.79
P61088	UBE2N_HUMAN	UBE2N	Ubiquitin-conjugating enzyme E2 N	24894.3	26897	4958.62	25244.3	12506.5	32428.1	12252.4	14331.5	7539.53		9616.38	15154.8			5425.33	7058.72	10449.7	8055.27	16240.1	11926.1	5552.66	34311.6	4785.88	9043.71	6236.84	3874.39	17231.9	11102	15299.4	14207.5	8655.07	11174.6	10172.7	23080.7	6136.86		4701.36	4206.89	8518.6	6103.64	20345.1	14281.4			22918.6	9949.7	10835.8	10929.1
P61106	RAB14_HUMAN	RAB14	Ras-related protein Rab-14	4998.84	7230.74		8811.89	2209.01	12766.4	9047.61	3696.84				1541.49		2750.67	8312.64	3279.83				3409.99	1861.77	9457.62		2491.81	3524.11	3180.16	11611.4		7756.45	10645.4	6213.58	7219.54		12484.4	2283.26		6052.8		3821.93	6093.57	7381.09	1151.23			13272.7	3483.25		3090.91
P61158	ARP3_HUMAN	ACTR3	Actin-related protein 3	7871.68	5317.25	2982.36	5438.83	6927.46	7175.62			4596.16				12255	7950.91	5061.86	6125.03		5527.58	13037.7	2453.57		2876.75	3368.43	5432.81	4884.33	3633.03	4587.4		5198.79	7340.28			3871.1	9467.96				4324.2	6305.98	5240.48	5703.35	7551.8	4063.16		7242.81	5562.7	5274.73	5680.75
P61160	ARP2_HUMAN	ACTR2	Actin-related protein 2	9999.42	8315.21	4687.14	8962.3	6973.06	11734.4		10701.3	7609.72				4762.41		4335.87	8572.94			22312.3			6246.35	4873.5	9937.5	3053.43	6100.5	8758.35	4130.81	12337.9	8788.09			2124.4	9886.66	6657.79			5184.93	7618.62	4323.36	10919.2	12826.2		3032.02	16133.4	8254.89	5038.52	7065.48
P61204;P84077	ARF1_HUMAN;ARF3_HUMAN	ARF1;ARF3	ADP-ribosylation factor 3	43752.6	42672.9	11902.6	47152.7	17429.9	82826.5	9718.34	28544.5	10544	8008.17	4718.07	8894.07	10417.5	14863	8426.09	17321.7	6182.52	11129.8	29978.4	7827.6	8977.07	43223.3	9212.85	19032.9	16116	9444.96	49267.1	8978.42	54654.1	54799.6	7911.02	10434.6	10143.9	68847.4	9886.25	3767.12	8247.75	8520.42	22627.3	13662	34549.1	19801.7	12786.6	9421.77	77974.3	22217.8	21492.4	22165.1
P61224	RAP1B_HUMAN	RAP1B	Ras-related protein Rap-1b	76249.3	78331.7	36955.7	77750.2	47016.9	52784.9	17306.9	51296.4	21579.5	16236.6	11162.3	16289.5	21009.4	49643.3	16906.5	26438.5		16249.6	35323.1	10201.5	11371.8	50566.5	18805.5	36572.3	20065	20098.2	58177.8	5676.99	56756.4	73542	13621.4	16635.8	14562.7	74238.1	3830.27		7944.93	4439.11	35072.6	28972.3	82834.6	24878.3	31398.7	6182.15	76860.6	20142.7	26307.7	25699
P61604	CH10_HUMAN	HSPE1	10 kDa heat shock protein, mitochondrial		5187.96	10581.1	8767.99	4660.84	4453.27	6014.78	6559.94	8458.03		8786.09		2385.34																4627.83						2858.49				3523.26			2168.99						2369.75
P61626	LYSC_HUMAN	LYZ	Lysozyme C	133733	122877	293796	137526	263531	152101	467857	310000	307658	574808	327874	369881	143339	245416	291245	1.07588e+06	102094	520604	1.2939e+06	604606	615698	1.51264e+06	1.5885e+06	800837	466628	1.48839e+06	417418	178751	472115	422641	359424	172808	189170	285988	135326	203331	462428	293192	282775	815781	426328	412426	581254	509468	428244	620530	625342	643854
P61769	B2MG_HUMAN	B2M	Beta-2-microglobulin	27103.4	19985.2	39585.3	27271.8	214930	30400.7	29915.1	44720.4	42991.8	45800.1	27848.9	25380.1	9740.43	5344.4	27363.9	27654.4	18840.4	58249.4	245210	33336.9	27808.5	210370	278046	55695.3	58134	240069	42463.7	20192.2	46736.8	47758.8	15523.9	23965.5	11573.4	23220.3	15383	35965.3	14229	61025.7		49716.4	29601.9	59771.2	31655.5	38944.2	99695.4	86599.3	94469.9	85926.3
P61960	UFM1_HUMAN	UFM1	Ubiquitin-fold modifier 1	1751.64	2828.68	1435.41	2132.61	3188.11		1799.08	664.282				1792.11			1741.24			3841.34	11614.1	2734.78	3205.4	7435.7	2745.86	1870.62	2769.32	2118.44			1641.19	2744.77		1331.75	1401.14	2858.68	1217.6	2334.03		1677.11			2045.96	2054.43			2888.19	2250.01	2685.15	1854.55
P61978	HNRPK_HUMAN	HNRNPK	Heterogeneous nuclear ribonucleoprotein K	14311.8	31931.4	12873.6	11270.9	7496.74	9654.42	10746.8	10364	8880.86	4940.65	9006.03	4518.13		2202.96	1748.54	2729.94	1882.73	1603.22	11449.8			4331.43		2718.61	1599.09		2784.53		3159.01	3047.35	2560.05	2250		4128.17	2521.66		2351.59	708.544	2370.48	3425.75		2731.16		1442.64	4664.23	2544.08	2881.91	3239.21
P61981	1433G_HUMAN	YWHAG	14-3-3 protein gamma	31255	33838.1	8526.26	29725.8	10774.4	13442.4	8803.64		12479.8	6421.47	14372.2	12926.1	19546.2			29921.5	12411.6		60549.4	16087.3	17316	11409.9	13298.3	28676.8	30555.9	9769.17	12227.3		8909.56	10474	8254.87	9840.57	10587.1	24430.8	31391.8	17542.6	14452.7	33243	11853.5	11973.4	34243.5	50597.2	12330.4	19737.3	35205.8	31728.6	23166.5	31550.1
P62136	PP1A_HUMAN	PPP1CA	Serine/threonine-protein phosphatase PP1-alpha catalytic subunit	7660.91	10069.2		6710.64	5510.36	3688.23	2584.45	4100.82		9314.52	7697.03	6455.67	4540.18	8050.91	4900.59	8232.69		2219.29	36293.3	8227.39	5818.24	3532.33	11945.6	23223.8	6699.97	12332.8	5377.59	1899.07	5276.74			3210.73	3365.54	9938.13		3447.71	9412.55			3617.77	5495.78	8752.25		7566.9	6133.99		9979.73	
P62140	PP1B_HUMAN	PPP1CB	Serine/threonine-protein phosphatase PP1-beta catalytic subunit	16059.3	16677.2	6910.4	12061.5	11987.8	8284.96	6781.38	6574.02	5655.45	7177.51	5661.99	8812.39		7674.95	9076.28	11172.4	4766.75	6262.3	39083.8	8240.75	10080	11503.4	12437.1	26646.1	12288.2	14808	8598.15	6058.86	11182.3	11502.8	5811.99	6222.02	12330.5	15254.5	14956.8		13371.8	8254.52	7816.43	15241.8	14467.7	16014.8	9045.6	8528.23	16022.8	14255.9	14517.4	13046.1
P62241	RS8_HUMAN	RPS8	Small ribosomal subunit protein eS8	7711.29	8020.97	5439.05	6056.61			4389.94	6576.93	6825.44	6090.9	7823.17			2830.31		2183.28			4211.46			3271.37																				1793.41						
P62258	1433E_HUMAN	YWHAE	14-3-3 protein epsilon	70822.1	70463.6	32840.3	72829.2	37046.3	43833.6	26381.1	31600	14249	31004	24342.1	14503.2		18002.7	9054.68	36869.2	19398.8	28259	73714.4	27470.2	25448.1	47725.6	22797.9	49065.6	31459.6	22083.6	38676.1	9926.74	40629.9	35915.5	12345	13313.7	11936.9	35512.6	27923.4	9458.71		33628.6	17073.9	17430.9	52661.7	60967.1	11653.2	18131.4	53205.4	18715	21853.9	18420.5
P62330	ARF6_HUMAN	ARF6	ADP-ribosylation factor 6	2389.48	2114.27		2463.32		3266.19																					2383.98		1026.62	1546.98				1405.56											3991.1			
P62736	ACTA_HUMAN	ACTA2	Actin, aortic smooth muscle		375492	158165	339228	237239	224731	111074	210980	147935			71538.5			109133	169750	51250.4	149668	468496	103802	102159		153825	198386	191165	136921	232044	47680.7		198035	54006.4		64400.8	270866	140374			144278		146948	344267	306871		98875.1	468953	176279	168871	170430
P62753	RS6_HUMAN	RPS6	Small ribosomal subunit protein eS6	6235.26	12998.5	6001.94				5006.13	4596.96	5246.05										5307.86			2978.76																										
P62805	H4_HUMAN	H4C1	Histone H4	545001	548106	141753	603084	231285	149083	83706.3	84669.8	120550	484234	122675	42147.2	155844	117112	116685	2.16385e+06	24966.9	87032.8	1.95812e+06	118328	119771	78091.6	241458	665447	322550	242848	204393	34059	216374	207561	54734.2	44906.2	48802.6	501077	79237.9	45336.2	39920	40535.5	286851	185456	235598	131418	78611.7	97830.4	459237	407497	453922	406717
P62820;Q9H0U4	RAB1A_HUMAN;RAB1B_HUMAN	RAB1A;RAB1B	Ras-related protein Rab-1A	18450.8	20369	7167.15	22891.2	10720.2	18058	6486.39	7961.62	3391.51							10664.9	5591.13	8898.39	16437.2	8848.93	10079.2	14365.1	6457.96		8638.45	7354.59	24845		14249.3	15163.4		5335.6	6139.71	21560.1	5234.55			9731.99	4896.88	12140.4	21682.5	7643.85	10797.3	4870.62	21625.9	18018.4	13141.8	15625.7
P62826	RAN_HUMAN	RAN	GTP-binding nuclear protein Ran	55523.9	48454	14542.5	59079.3	25071.8	72670.4	26308.7	16010.3	11296.3		21357.8	20023.2	10077	9778.58	13718.5	8580.5	33754.9	25067.4	49121.3	27617.7	28929.9	85821.4	11381.8	17388.4	8977.87	9677.56	16928.6	25889.4	19216.5	18374	22433	25915.1	29095.6	32402.5	14450.1	7707.34		8468.68	19250		54651.4	43841.3	6742.54	6182.8	35596.2	14170.6	17007.6	15483.4
P62829	RL23_HUMAN	RPL23	Large ribosomal subunit protein uL14	12757.4	16478.7	16241.1	6869.03	5909.4		12089.2	6600.68				7975.98							4751.81															3990.78				3916.83		5088.78	4994.17	2116.89						
P62857	RS28_HUMAN	RPS28	Small ribosomal subunit protein eS28	13248.5	11833.9	11235	11631.9	5627.12	10422.4	10540.9	12729	11019	7114.3	8393.27	5725.52		4049.84		4512.58	1874.41	3246.73	8013.49	4380.65	2529.74	4690.94	2735.07	5820.15	4134.48		2726.72			3184.08	3307.98		3898.73	4996.15	3084.56			4113.89	3747.25	2941.37		2491.44		3600.78			3944.74	3664.52
P62873;P62879	GBB1_HUMAN;GBB2_HUMAN	GNB1;GNB2	Guanine nucleotide-binding protein G(I)/G(S)/G(T) subunit beta-1	11919.6	11641.7	9365.43	14977.9	7062.89	7945.61	7967.96		9216.23		5431.9	5179.13		7996.06		6848.57	9662.86		19264.3	6957.68	5398.64			10139.6	11225.5		10577.2	5638.44	13837	13485.9			7798.23	15579.6	16417.1		8908.75	13275.1	7814.32	9099.8	14212.1	19630.5		6091.88	10723.7	7582.08	8186.65	9526.57
P62937	PPIA_HUMAN	PPIA	Peptidyl-prolyl cis-trans isomerase A	107736	117700	34295.7	115538	56025.6	136032	36940.9	53594.2	35020.5	29901.2	35886.9	23969.9	26379	49104.7	24664.7	38687.5	19542.7	27249.6	635221	27940.1	27530.4	119360	42235.9	58047.5	27705.7	43869.3	83447.1	21321.4	88252.4	80475.1	20946.8	19928.1	21194.2	108205	14872.5	8978.81	21149.8	26497.8	38104.1	20471.7	64794.4	50447.2	19802.5	17062.5	131716	75422.7	79692.3	76994.4
P62942	FKB1A_HUMAN	FKBP1A	Peptidyl-prolyl cis-trans isomerase FKBP1A	13906.3	15899.2	3588.24	17173.9	12033.6	15056.4		6444.45	2429.3					9987.81		12314		6843.4	22113.6	4050.69		17362.1	8430.08	9443.13	5563.41	10826.3	9759.55		7174.35	9000.9				13506.7				5221.62	9810		7105.83	8415.99			12160.2		7122.65	7832.99
P63098	CANB1_HUMAN	PPP3R1	Calcineurin subunit B type 1	4404.68	5256.25			3499.05		2771.08									4023.12	3934.88	3525.56	9016.78	2561.41	3641.77	8859.94	6109.79		7793.31	7515.9	5955.65			4674.98				7379.27	3476.68			7261.64			4682.01	3488.21			7013.45			4551.02
P63104	1433Z_HUMAN	YWHAZ	14-3-3 protein zeta/delta	89872	89525.1	24167.6	76146.3	61474.1	56501.7	24242.3	43106.3	28594.5	22259.4	17220.2	19903.2	26320.9	30731.9	23790.3	37047.7	9222.11	22490.2	64404	12576.2	17335.3	43197.8	25173	65041.1	37485.3	24340	32155.1	8651.73	43910.4	40120.3	19214.6	16340.3	19540.3	67113	33058.2	18732.1	23782.6	34932.6	27344	22338.9	48836.6	45238.3	15886.7	16308	75953.1	36432.7	36598.9	32904.2
P63208	SKP1_HUMAN	SKP1	S-phase kinase-associated protein 1	8888.83	8812.49	4866.78	8036.26	11932.7	13572	14211	11363.1	5017.96	4787.44	5537.39	10774			5980.6	12845.3	13648.2	12483.5	51497.5	12787.7	13884	47511.4	11000.7	9592.14	10413.1	10228.8	5399.98	12481.6	8886.28	4629.39	10233.6	6654.24	8412.99	8761.14	13387.7	2597.73	6475.71	6315.76	4986.44	6241.08	14508.1	9954.08	6018	6869.02	10233.5	15154.3	18364	15747.9
P63241;Q6IS14;Q9GZV4	IF5A1_HUMAN;IF5A2_HUMAN;IF5AL_HUMAN	EIF5A;EIF5A2;EIF5AL1	Eukaryotic translation initiation factor 5A-1	15761.2	16896.4	5368.89	19901.4	9981.55	18820.1						2964.14	3842.17						11091.6		3342.29										7233.84			5911.41							9578.54	11389.5			7140.49	4144.52		
P63316	TNNC1_HUMAN	TNNC1	Troponin C, slow skeletal and cardiac muscles					21261.7						8114.5					85234		55129	22468.7	118544	127514	22753.3		5975.18	199709	4434.36				1621.89					9920.51						7010.67	6756.31		19078.3	10372.9	46369.6	43872.9	45120.9
P67936	TPM4_HUMAN	TPM4	Tropomyosin alpha-4 chain	335599	321998	70884.2	306063	265116	197719	57156.6	165071	53736.8	34299.1	24583	44044.1	38730.6	48354.8	56736.8	188954	8615.55	99191.5	115216	50198.5	62350.9	285409	25523.1	164732	84702.9	31198.6	352575	16340.3	395273	345210	24120.2	33156	40093.1	468198	24217.1	8460.36	17972	22339.5	125059	38358.6	124142	46788.6	61453.5	44810.9	379480	117755	110194	122475
P68104;Q5VTE0	EF1A1_HUMAN;EF1A3_HUMAN	EEF1A1;EEF1A1P5	Elongation factor 1-alpha 1	33746.1	31662.3	18634.5	33898.9	17744.7	18257.6	16311.7	25031.6	23769	24511.7	31958	9926.12	7885.25	22503.2	6801.72	15603.1	6579.47	15969.5	67230.5	17685.4	15360.9	22053	7567.46	23856.2	15568.3	9380.84	11210.3	7692.35	11985.5	13934.4	14561	11056.2	8390.48	20693.3	15264.9	12632.9	14359.2	5364.09	15065.8	21897.7	12963.8	21794	11465.1	11034.5	26613.8	17885.9	19239.8	19713.7
P68366	TBA4A_HUMAN	TUBA4A	Tubulin alpha-4A chain	154427	134576	92906	131629	46345	99536.6	35412.4	81269.9	68188.6	29936.8	23911.8	32180.6	67816.5	69780.6	33248	69267.4	7224.81	55970.8	130283	27084	28736.9	130137	35800.7	84067.5	38514.3	34433.4	58988.9	8709.01	56194.3	48944	20413.1	19069.2	21078.5	86322.9	7906.78		17466.9		51659.2	34862.2	115894	62100.7	42451.4	15297.4	170658	42975.1	41943.3	42968.4
P68371	TBB4B_HUMAN	TUBB4B	Tubulin beta-4B chain	34418.3	38505.2	21655.9	33360.6	16656.9	23081.1	12892.6	17395.6	16332.2	10422.4	11721.7	8938.25		12805	11453.1	10919.8		13703.2	42374.7	13277.1	11584.4	34759.5	6697.31	17507.1	11190.5	6464.77	11359.2		14611.6	12814.8	9573.72		7467.45	20417.7	4446.54		7748.76		12880.5	11455.4	17999.8	19299.8	11110.9		25079.9	12473.6	6854.93	11192.4
P68402	PA1B2_HUMAN	PAFAH1B2	Platelet-activating factor acetylhydrolase IB subunit alpha2	13788.5	14545.8		15860.9	4507.24	7331.33	3860.73	4375.34	3049.81			2884.63				3211.2	4632.75	5340.07	17367.1	5190.14	6628.1	18497.4	2367.22	6205.76	635.379	2514.37	3551.7	4475.51	3990.04	4331.03	2448.76	2043.14	3582.21	8121.89				1372.32	2504.93		10214	8439.5		1269.56	8468.85	3933.09	2637.78	2557.94
P68431;P84243;Q16695;Q71DI3	H31T_HUMAN;H31_HUMAN;H32_HUMAN;H33_HUMAN	H3-3A;H3-4;H3C1;H3C15	Histone H3.1	10322.5	17346.1		11839.7												11843.6			27730.7	3232.24	5694.19			24254.1	4244.08	3331.86				4141.1											4092.24	2100			5544.97	5215.52	3629.93	4767.33
P68871	HBB_HUMAN	HBB	Hemoglobin subunit beta	571951	495847	437043	519972	1.38704e+06	1.38198e+06	1.70762e+06	2.15074e+06	588379	685331	3.4676e+06	2.35614e+06	1.39335e+06	1.32312e+06	583420	327645	1.63738e+06	1.55374e+06	1.18634e+06	369495	352233	3.45771e+06	314710	301720	302366	361505	218623	1.80886e+06	176417	245957	1.3974e+06	2.14494e+06	1.49179e+06	624292	957806	1.22484e+06	498122	341962	438541	629706	962850	890067	1.47283e+06	612260	502974	1.71796e+06	1.81393e+06	1.82944e+06
P69849;Q15155;Q5JPE7	NOMO1_HUMAN;NOMO2_HUMAN;NOMO3_HUMAN	NOMO1;NOMO2;NOMO3	BOS complex subunit NOMO3		7414.5			3986.61	7494.19		6151.29	3942.36	5908.94	5620.02	4583.71	10658.3	5366.67	7585.26	4549.41	7746.52			8624.85			4796.81	4509.77	3835.09		4304.95			8146.37	3889.97	5550.54	4096.87		5940.74	14216.4	4421.86		4535.06	9093.94	6160.55	7469.98		2908.85		4191.01	4345.55	6398.55
P69892	HBG2_HUMAN	HBG2	Hemoglobin subunit gamma-2	7761.15	8604.02		4307.94		12512.2		7965.79							6087.34		15279.1	6393.62								73810.5	7374.19	12732.3	20409.3	8851.41		23071.7	21331		16740.3	4991.52					7599.58	11714.8			5810.69	10556.2	7990.08	8702.97
P69905	HBA_HUMAN	HBA1	Hemoglobin subunit alpha	498495	407295	378849	489649	1.31324e+06	1.15821e+06	1.68653e+06	2.08296e+06	522067	623905	4.38828e+06	2.05882e+06	1.37904e+06	1.54719e+06	658476	333048	1.57363e+06	1.37093e+06	1.06195e+06	345329	319196	3.52114e+06	245747	262525	296394	256510	167048	1.44916e+06	163060	207431	1.51613e+06	2.04718e+06	1.50902e+06	670275	945331	1.18249e+06	557552	386242	446490	557828	774074	728766	1.33731e+06	591634	367922	1.67303e+06	1.64021e+06	1.63514e+06
P78371	TCPB_HUMAN	CCT2	T-complex protein 1 subunit beta	4103.5	3152.74		3795.91	1994.49	4768.81	1725.2		928.815					1565.03					6773.12	1239.4	2324.12	6956.57				1769.26			2180.54			748.449								1750.74	2293.44	4878.16		1128.48	2070.05	1641.05		1837.21
P78417	GSTO1_HUMAN	GSTO1	Glutathione S-transferase omega-1	68087.2	67157.6	19727.8	73876.7	54883.4	42279.9	37645.3	30518.3	22359	14119.1	25139.6	34538.5	65401.3	21160.4	30634.5	39267.7	31889.1	37247.9	135785	54195	44426	58581.1		36767.5	42969.4	2960.33	21773.8	32607.5	24942.6	25560.3	28690.1	27055.5	24664.9	43136.3	57874.1	15891.1	16889.4	28394.1	17152.6	33680.8	52486.1	58352.6	26789	18300.9	53394.1	33065	34268.3	36989.3
P78509	RELN_HUMAN	RELN	Reelin	14405.7	16614.9	17676.2	15569.3	12560.4	16907.2	12235	8203.97	16131.7	10295.7	12433.3	12156.9	8690.94	13255.2	19968.8	23160.3	47068.4	54817	12097.2	16368.3	17525.2	21659.4	25588.5	23669.7	28691.9	21359.5	17291.8	30058.4	16905.2	16730.2	13070.1	9977.84	10688.4	15087.3	21188.3	17618	21807.4	18555.4	16809.7	17621.5	34158.4	21900.4	14516.3	28196.3	16437	16271.3	17783.5	18306.2
P78539	SRPX_HUMAN	SRPX	Sushi repeat-containing protein SRPX	4912.74	5118.65	5255.56	5389.93	15244.5	4173.97	4377.1	1857.39	3742.43		5868.5	3248.12			3900.15	31249.7	11081.6	13314.3	39425.5	11392.5	11333.9	10796.1	16410.5	10125.5	8360.47	17352.8	9155.34	14132.8	12036.2	8247.45		3037.59	2655.18	15260.9	12706	13267	6602.01	23877.6	10025.4	8073.78	37139.5	24859.8	9641.08	14340.4	17071.8	12313.2	13474.6	12802.6
P79483	DRB3_HUMAN	HLA-DRB3	HLA class II histocompatibility antigen, DR beta 3 chain																							6197.81			4659.12										24022.6					2553.79	2094.21			4153.11			
P80108	PHLD_HUMAN	GPLD1	Phosphatidylinositol-glycan-specific phospholipase D	166562	174979	224181	164802	158286	322439	284054	539250	230224	361569	231831	228526	459301	286096	548564	135194	189323	155207	227787	216553	212123	139710	157215	99179.5	172128	151922	212017	176002	228626	234272	379264	283183	249082	124627	291979	313463	158117	224103	171236	213568	63165.7	50132	193852	230384	117421	166555	174693	172159
P80188	NGAL_HUMAN	LCN2	Neutrophil gelatinase-associated lipocalin	5273.7	4676.12	8860.74	5841.43	18413.7	5580.28	8271.45	9603.61	7494.25	13897.8	12359.4	6744.32	16644.7	12787.7	11016.7	48559	2098.98	7146.97	50549.5		11582.6	86631.7	17524.3	42483.6	19215.2	17510.7	13807.4		15415.3	16737.3	9073.29	4320.41	3314.23	10210.9	16549.5	6514.44	22067.7	2259.05	15721.2	42799.5	17412.4	10650.8	9401.62	16500.1	13928.4	21757.6	24621.1	24966.6
P80303	NUCB2_HUMAN	NUCB2	Nucleobindin-2	3803.35	5731.28		6804.31	3600.91	11104.9	11170.5	7273.84	7486.48	7740.13	10455.8	12924	4570.68	10419.1	9586.5	12569.7	4247.08	5555.31	5343.48	9956.39	15712.2	6959.14	4552.66	8564.47	6013.61	3600.38	5803.87	3352.34	8012.83	5935.02	7714.4		5607.43	13065.9	2351.44	4943.64	5878.92	12140.9	3426.17		8234.88	4071.88	8765.91	13793.7	5955.44	5662.86	6085.85	5226.4
P80404	GABT_HUMAN	ABAT	4-aminobutyrate aminotransferase, mitochondrial							2280.53					1753.7	2984.37	2166.75	1901.67	3054.96			2003.6					4487.04	4540.6		5951.91		7454.66	6297.4		7559.08	4727.64	2960.65	26173		9846.71				8659.15	1950.8	2306.22	5781.22	4377.52	1974.42		2553.79
P80511	S10AC_HUMAN	S100A12	Protein S100-A12				3261.16		7234.68				27435.9	20202.3		197542	73536.6					5940.83			17574.7		9306.76	8589.07	7609.66					5280.02			9002.41			29303							5438.24	6421.78	7124.12	11077.8	9282.19
P80748	LV321_HUMAN	IGLV3-21	Immunoglobulin lambda variable 3-21	2.95603e+06	2.94037e+06	1.13402e+06	2.78209e+06	1.62707e+06	1.5101e+06	1.52817e+06	1.29153e+06	1.45155e+06	1.62856e+06	1.78993e+06	1.63425e+06	3.75078e+06	1.83341e+06	2.0678e+06	1.72491e+06	1.46435e+06	1.86889e+06	3.21583e+06	1.09519e+06	1.07573e+06	1.77463e+06	2.04653e+06	1.43971e+06	1.43441e+06	1.92749e+06	1.5235e+06	1.25536e+06	1.62158e+06	1.78662e+06	3.48111e+06	1.6876e+06	1.66493e+06	1.3867e+06	1.21094e+06	773553	2.50448e+06	1.47842e+06	1.226e+06	3.23609e+06	1.60745e+06	1.96648e+06	2.58458e+06	1.12908e+06	1.68655e+06	1.45309e+06	1.65574e+06	1.4978e+06
P81605	DCD_HUMAN	DCD	Dermcidin	11894.3	15762.7	20139.3	8240.61	27736.2	16463.2	35207.9		70349.6	31641.6	72886.8	20051.3	93044.4	66656		45523.5	15149.6	36322.1	20014.4	13238.1	10551.2	15700.5	12996.4	21831.4	18331.9	19546.4	16874	34911.7	24229.8	19653	28779.8		21167.4	23754.5	17752.8		10124.3		28641		21118.1	17381.3		14298.3	30790.2		22887.7	21781.6
P82970	HMGN5_HUMAN	HMGN5	High mobility group nucleosome-binding domain-containing protein 5					3612.49											6733.64			37060.4	1022.7			2104.34	2647.23		3355.3	1116.87										3506.13								2781.72	3704.48	6174.01	7854.56
P82979	SARNP_HUMAN	SARNP	SAP domain-containing ribonucleoprotein																			21737.7						1864.32	3264.72																4370.61					3912.69	
P84095	RHOG_HUMAN	RHOG	Rho-related GTP-binding protein RhoG				4208.44															11243.1					6571.73						5285.92				3847.39						5442.06		4212.72			5562.69			
P84103	SRSF3_HUMAN	SRSF3	Serine/arginine-rich splicing factor 3	9820.51	12351.3		7091.48															13135.9															9945.95						17712.8					6025.75	6430.61		
P98066	TSG6_HUMAN	TNFAIP6	Tumor necrosis factor-inducible gene 6 protein	6204.87	8043.84	3952.96		5524.83	7533.9	5958.67	2719.1	5622.9			2174.53		3808.46		21773.6	9865.47			9167.23	9427.58	4340.16	8965.86	13499.3	8996.92	8575.03	9777.82	8609.15	6515.78	8083.61	6777.07		5051.1		7142.26		4680.41		10156	7777.08	26106.5	22417.6		5260.31	8737.77	6218.26	7614.89	7923.62
P98088	MUC5A_HUMAN	MUC5AC	Mucin-5AC										6430.25														136709															4365.35							12033.7	12032.3	15044.9
P98095	FBLN2_HUMAN	FBLN2	Fibulin-2	12078.7	11320.5	11181.2	14925.4	92652.1	16514.8	20060.8	7409.58	11872.1	17726.5	50696.6	18839.3	48579.6	23855.5	24860.3	96199.8	19861.2	21324.2	93426.8	22879	26009	31516.2	28903.4	35746.7	41421	21925.1	26311.6	21024.5	40210.1	36604.3	25457	7613.6	9621.9	51488	39848	93643.5	49522	73547.9	19333.1	42204.4	94826.3	95798	24848.7	37956.6	56154	45459.2	38219.6	37187
P98160	PGBM_HUMAN	HSPG2	Basement membrane-specific heparan sulfate proteoglycan core protein	63496.1	59179.7	55192.7	65472.8	275552	49709.1	54733	41887.1	50758.1	42324.5	49610.6	59904.5	45400.5	59694.2	52857.8	234160	62410.2	63199.6	263284	60922.9	63381.7	116626	104914	115127	85103.7	103112	80148.6	64822.9	93949.2	86874.2	39195.6	47384.6	44356.8	100976	78613.1	83994.2	58481.6	143282	68971.4	102173	187144	116316	51089.8	99367.4	134966	108824	106914	110703
P98164	LRP2_HUMAN	LRP2	Low-density lipoprotein receptor-related protein 2			8498.24									8333.95												31802.4			12524.6	9734.79	5409.06			9433.39												9880.03				
Q00013	EM55_HUMAN	MPP1	55 kDa erythrocyte membrane protein	5908.67	6256.18		7527.11	4139.43	2892.95	2495.21	1448.3										1212.88	2655.69			3623.39					2274.96		2753.57	1776.82		2429.95	1643.59	3242.91	2431.92				1478.54		1573.97	1979.7			2643.09		1820.98	
Q00610	CLH1_HUMAN	CLTC	Clathrin heavy chain 1		3706.51							2440.31	3628.19				4105.4					7111.6			3793.18																				3296.46			3194.02			
Q00796	DHSO_HUMAN	SORD	Sorbitol dehydrogenase							3464.21					4278.26		3827.7		2273.07								2072.41	11411.6		2253.79		1825.75	1953.1		10504.4	10426.8	5087.93	21586.5		7030.25			3709.82	3604.37	3203.2		2031.21	2860.25			
Q00839	HNRPU_HUMAN	HNRNPU	Heterogeneous nuclear ribonucleoprotein U	13937.1	17567.2	5481.11	10580.5	8690.5	10117.5	4906.11	14790.5	5855.21	17864.3	10237.2	5381.26		3138.28	4764.77	25162.2		6660.17	111137	5428.91	8116.04	9717.31	11694.3	35288.2	13126.4	14956.1	5834.88		5640.62	7682.44		4921.68	3066.12	13110.1	4641.05		8026.82	7558.05	10058	15375.3	9990.49	8359.59		11581.4	11392.3	13674.3	19447.3	18933.6
Q01105	SET_HUMAN	SET	Protein SET		8618.22	8869.83	9421.25		6091.2	12664.5	7387.43								16933.8		4829.67	38625.5			10303.7		17031.2	4820.56									6334.23					8799.39	10137.9		3672				10000.1	11055.3	11547.4
Q01130	SRSF2_HUMAN	SRSF2	Serine/arginine-rich splicing factor 2	10655.5	11557.4	5638.63	10381		5779.12			7840.78							34628.8		6823.88	77335.1		6459.58			24242.3	6190.79									11590.6					11062.8	10341.5		8661.87			5484.21	13039.5	13048	11864.8
Q01459	DIAC_HUMAN	CTBS	Di-N-acetylchitobiase	48962.9	56020.4	51348.6	55903.6	42341.1	70701.9	72300.1	30219	36474.9	39259.3	22354.9	77957.7	33937.8	29573	59895.9	43841.4	67231.3	21886.4	40536.8	45290.7	41147.8	26256.3	31964.9	47275.6	17856.6	30488.7	45642.2	66087.2	45769.8	43918.1	37432	49260.9	51428	22060.8	65557.6	25505.7	19938.2	61419.3	40479.1	25103	41814	40952.8	33105.9	60532.2	40019.6	29186.1	28460.9	28466.3
Q01469	FABP5_HUMAN	FABP5	Fatty acid-binding protein 5	18289	11532.9	8413.6	13385.5	6877.28	5035.96		2869.43	13389.2					13779.1	4818.73	12025.8	9147.04	14768.3	33667.7	11248.7	11957.8	20130.7	14093.7		17438.8	19418.1	8572.54	9665.59	7237.46	10513	4889.43		6416.01	8181.26	9472.24		13256.4	5060.32	5421.47		9588.52	6335.42			17357.6	10126.1		8862.7
Q01518	CAP1_HUMAN	CAP1	Adenylyl cyclase-associated protein 1	113670	115546	23388.9	117948	39989.9	63641.5	17280.5	39936.1	26781.7	26133.6	15005.4	18829.3	5160.05	16846.9	19127.9	38386.8	1844.73	27972	143459	15112.3	13082.9	52760.7	11110.2	56998.5	28399.1	12086.9	54963.1	3233.5	61155.9	57914.4	13800.1	7833.7	11500.6	96660.7	6293.56		10598.6		32953.5	27766.8	38151.5	34218.6	14136.6	6931.46	99107.6	37750.7	39090.6	41083.7
Q01638	ILRL1_HUMAN	IL1RL1	Interleukin-1 receptor-like 1								5568.7								11067.5			13183			22828.9		6613.06											12247.5		6913.47	11513.6				5517.35			6395.55			
Q01995	TAGL_HUMAN	TAGLN	Transgelin	4799.67	5905.97	4779.56	5823.28	11618.1	4530.55	2603.65	2181.03	4220.78							6182.07	3624.29	7067.3	14377.6	5120.96	5225.43	8327.76	18961.7	9774.51	8267.96	17288.9	3467.09		3230.94	4417.58	3131.92	3285.94	3509.27	4040.33	6749.52	6849.69	3889.59	22222.2	3302.73	4585.11	13110.7	9446.77	3068.96	7841.53	19910.8	5604.85	7223.69	7194.34
Q02383	SEMG2_HUMAN	SEMG2	Semenogelin-2																					10863.7																											
Q02413	DSG1_HUMAN	DSG1	Desmoglein-1	47502.8	21651.3	55919.7	13328.5	19223	15968.4	19330.4	30531.1	45661.9	19508.4	72449.6	18748.3	45865.2	40709.7	22809.3	33637.5	23322.1	27366.5	14766.4	20769.7	19259.1	36203.9	14388.4	28530.4	40423.9	33808	28520.3	65416.4	35297.4	39593.1	58229.1	33110.1	31326.1	55480.4	29800.5	27835.6	27120.4	14921.8	36234.9	58361.2	14892.5	10723.5	24358	23301.9	43104.3	42099.8	35176.4	43558.8
Q02487	DSC2_HUMAN	DSC2	Desmocollin-2	25461.7	36084	19731.5	27974	45156	21325.6	23927.1	15001.7	18416.4	16594.7	17291.6	25118.7	20267	17653	23975.2	20171.8	29027.4	33269.5	95056.5	28037.7	31635.5	68754.3	76995.5	80884.6	34618.9	69163.4	52800.9	26147.8	38815.3	34151.3	19214.5	20076.8	23352.2	19559.3	35107.5	31828.2	51898.7	23136.3	41138.3	45748.8	50740.3	84147.5	23104	40568.2	51046.6	36471.2	39041.9	35987.6
Q02809	PLOD1_HUMAN	PLOD1	Procollagen-lysine,2-oxoglutarate 5-dioxygenase 1	1512.76			1775.12	1249.82	2622.73	942.989	994.037	2069.52						1130.44	2115.26	1522.15				1630		1856.38	4499.61			1944.22			2273.03	1022.92	1358.09			3139.28	1645.34	919.347	1365.52			1748.57	984.221		2182.36	2857.24	930.649		
Q02818	NUCB1_HUMAN	NUCB1	Nucleobindin-1	13807.4	12893.8	16099	12203.3	8055.06	14106	17889.2	14251.7	15118.9	28719.6	32802.4	14293.4	13892	15653.2	17522.5	45410.4	8781.69	16284.8	9715.34	16622.8	14383.5	10103.9	12584.2	14275	17613.7	14204.4	15116.3	8598.2	14869.4	14910.9	16122.6	13405.7	16637	22584.1	14320.8	41386.9	24359.7	49777.1	19484.4	11986.1	19798.7	24808.8	8686.61	19066.8	18867.2	11776.4	9705.32	11875.8
Q02952	AKA12_HUMAN	AKAP12	A-kinase anchor protein 12	7124.96	8352.5	4001.36	7859.75	23937.1	3844.46	6511.15	10631.3	3792.69	4241.49	2779.14	7099.65	5750.04		8602.09	6630.3	4030.86	7141.45	16861.5	4326.05	4090.18	9116.66	5719.13	8171.84	3956.21	6001.88	7821.45	4443.26	8304.52	6877.94	6117.02	5162.19	6410.93	5301.57	7861.08			12243.2	5276.04		4602.88	6565.23	6270.39	4506.92	8829.89	7648.9	5871.75	7858.67
Q03154	ACY1_HUMAN	ACY1	Aminoacylase-1						930.98	1863.91	500.766	1087.62		944.568		2541.31	1197.01							2270.26				2946.55				3730.08	2763.99		1466.87	2642.17	675.028	6822.94		3305.65			3297.7					2838.68	2504.58	1692.49	1615.03
Q03167	TGBR3_HUMAN	TGFBR3	Transforming growth factor beta receptor type 3	31707.1	31842.7	24568.3	32354.8	137723	20578.8	18064.3	10880.2	16819.1	13921.6	12085.6	18022.1	27517.3	14175.4	17163.6	32154.2	38231.4	18799	33996.5	26027.4	28355.4	63678.9	51554.5	31046.7	25587.1	50225.9	35607.8	36469.6	34070.3	36442.3	13429.6	12748	17759	15102.9	66830.9	76676	14605.3	73553.6	21346.6	19561.2	79449.7	75225.7	12353.3	32800.1	50876.7	27066.2	27106.6	27056.7
Q03252	LMNB2_HUMAN	LMNB2	Lamin-B2	25930.2	25394.8		22556.5					26864.3							35024.5	26904.2	55465.7	145949	16215.1	17414.9	39853.7	77008.6	67230.9	67357.5	56688.6	14761.6	33332	20250.3	15855.5					68376.6			69619.3	24302.1		61082.5	42265.9		28584.3	26582.6	44175.3	38404.5	57230.5
Q04446	GLGB_HUMAN	GBE1	1,4-alpha-glucan-branching enzyme	5831.69	4810.66		5928.74	9682.03	8217.25	10154	7146.07	4592.01	9515.74	12247.1	10803.4	9080.21	11269.7	6556.77	10492.2	4159.14	4925.36	27188.6	7671.07	8086.79	5522.79	8017.4	8734.24	10656.6	7610.65	7720.16	4255.62	13234.6	12931.9	5377.81	7542.31	8151.21	9567.44	34340		14889.1	12903.6	5397.34	11029	8520.84	9543.79	6998.84	4006.05	12122.5	11498	12175.7	14053.7
Q04637	IF4G1_HUMAN	EIF4G1	Eukaryotic translation initiation factor 4 gamma 1	4021.56	3235.41			3492.32					3567.92										4549.43	3585.22	4477.03																	1746.71		2687.83					1659.16		
Q04695	K1C17_HUMAN	KRT17	Keratin, type I cytoskeletal 17	19967.3	10443.9	26064	10727.1	10802.5	13353.7	29045.3	36837.3	17662.1	9344.55	22157.7	11883.4	7471.93	20988.3		23030.8	11615.2	22109.7	9654.68	8710.94	12861.5	12696.5	8208.54	12376.4	16463.1	16767.5	10353.1	24296.2	11759.7	13475.5	18843.3	11696.5	17380.1	14050.4	13985.3	6203.45	7116.51		23327.4	9167.04	29403.1	2787.37	11513.6	8980.13	14420.7	13789.9	12740.1	10484
Q04721	NOTC2_HUMAN	NOTCH2	Neurogenic locus notch homolog protein 2	7021.4	8903.58	10798.3	6902.75	4059.46	9291.58	10522.3	7755.01	11431.9	9924.05		2387.41	7949.16	7840.75		4808.43		11002.5	6651.67	5342.88	4518.05	98669.1	23457.7	9742.62	7689.17	18843.8	18835.9	3168.57	17324.9	17897.6	10481.9	11783.9	8076.84	6360.89	9147.72		7282.73		20038	26520.6	21032	26329.2		6037.24	18558.1	10222.5	10528.5	9933.17
Q04756	HGFA_HUMAN	HGFAC	Hepatocyte growth factor activator	105183	106155	99875.7	117389	92652.1	76862.3	66769.5	74547.6	100918	79757.5	57337.3	76972.1	125490	81304.4	120737	19935	53307.6	73676.6	15818.7	56540.2	65658.3	29209.9	35009.8	42528.4	24432.4	27964.8	99540.5	62346.7	97489.6	103416	52184.7	57847.7	53227.3	33041.6	36197.9	87806.9	29634.4	32261.5	80604.7	67515.2	24256.4	12139.5	68860.3	31480.6	19263.5	46993.1	53589.2	50347.1
Q04760	LGUL_HUMAN	GLO1	Lactoylglutathione lyase	4519.44	8519.04		7008.01	5092.53	6673.75	4621.03	3106.79	3650.52		5011.25					2328.46	3510.74	2769.21	1776.4	5379.29		8274.54	2328.44	3483.74	3759.57		1852.75	4231.15				3354.86			4529.59	1409.73		2057.83			3145.57	4684.68			3555.95		2465.74	3360.73
Q04917	1433F_HUMAN	YWHAH	14-3-3 protein eta	26044.5	31672.4		23481.7	10709.6											15617.3		13298.3	36770.1	8602.84		13635.7	11436.8	20461.1	8493.85	9329.79	11064.3		14158.9	11727.9				17404.7	11680.9				13165.1		23199.5	11741			21240.5	12061.7	9645.73	
Q05655	KPCD_HUMAN	PRKCD	Protein kinase C delta type																			7461.4																										2315.43			
Q05707	COEA1_HUMAN	COL14A1	Collagen alpha-1(XIV) chain					3383.88	1731.5			2197.06							3261.98										3447.07			4389.65	5766.08				1995.52	7114.26			12068.1	1676.29			4462.65	2548.69	5663.51	6462.63	2050.45	2564.15	
Q06033	ITIH3_HUMAN	ITIH3	Inter-alpha-trypsin inhibitor heavy chain H3	9.43194e+06	9.70397e+06	8.77617e+06	9.67864e+06	8.89813e+06	6.6184e+06	8.91367e+06	4.56889e+06	8.1355e+06	6.94253e+06	7.0141e+06	8.69941e+06	3.40134e+06	5.24032e+06	9.2859e+06	6.81324e+06	1.3852e+07	1.22532e+07	1.18122e+07	1.17837e+07	1.18357e+07	7.61722e+06	9.19956e+06	8.96794e+06	8.16825e+06	9.13445e+06	9.98402e+06	1.32012e+07	9.23118e+06	9.07712e+06	6.71765e+06	7.96292e+06	8.75805e+06	9.6566e+06	9.97009e+06	6.20254e+06	6.15037e+06	7.10563e+06	1.00849e+07	1.03218e+07	1.3272e+07	1.02632e+07	8.54222e+06	9.3459e+06	9.43298e+06	8.65113e+06	8.77004e+06	8.77042e+06
Q06141	REG3A_HUMAN	REG3A	Regenerating islet-derived protein 3-alpha			3937.79		4068.29		31574.4		8621.18			5354.5				8750.97			8881.6					5113.59										8417.65				7262.02		13964.4		9806.9		3945.14	70441.7			4122.37
Q06323	PSME1_HUMAN	PSME1	Proteasome activator complex subunit 1	1927.34	2116.47	1454.19	2869.43	1697.64	1754.93		2996.06		1474.59				3646.8		2706.6		2826.13	4524.43	1627.47	2218.36	5669.95	2522.75	3886.49	3005.25	1556.33	2000.34		1745.42	1516.22	1892.99		2399.25	2288.31	3500.21		3289.04			1464.64	1741.6	4220.2	2911.93	2269.73	1870.76	2842.93	1506.46	2596.88
Q06481	APLP2_HUMAN	APLP2	Amyloid beta precursor like protein 2	52761.9	56645.5	64583.9	65655.2	59985.3	79913.5	37333.6	57234.1	55634.8	46385.3	37232.9	40605.9	40976.7	46754	89901.9	96888.1	4598.49	24097.5	11930.8	39003.5	39468.4	24386.9	44321.3	104740	33960.5	48030.3	38448.3	7381.46	40304	43471.9	36968.4	39225.3	37234.5	73454		5446.6	35648.5	3976.56	13382	24528.6	64444.5	16647.7	80344.8	17990.3	59981.3	47149.7	48613.9	46274.3
Q06828	FMOD_HUMAN	FMOD	Fibromodulin					2238.61		5042.93					3970				3027.14	3224.61		4827.07	6405.17	2915.3	7784.32	3197.64	3811.85	3940.99	5918.28		6107.2	4203.38	4186.74		2758.1		3225.47	4202.52	8841.74	3612.98	7304.8			2975.64	3799.41	3496.67	4240.87	11959.9	4133.2	4847.06	5020.4
Q06830	PRDX1_HUMAN	PRDX1	Peroxiredoxin-1	21444.2	15338.5	18150.3	17793.1	11917	6377.01	12671.9	11134.2	11050.9	5230.75	14050.3	9776.41		2985.3	5061.52	11177.4	4471.6	11795	9525.76	7109.26	9582.48	13353.7		16975.6	10498.7	10066.2	8772.34	11015.4	18786.9	12215.7	8427.52	6938	6153.86	8137.56	11502.9		3190	5443.54	8705.96	7031.56	8901.23	8396.1		7485.39	13414.2	8877.59	8615.17	7027.93
Q07507	DERM_HUMAN	DPT	Dermatopontin	25076.2	20773.7	22862.5	26594.1	28351.4	15565	11875.5	5261.53	19279.5			6480.39			12030.4	4465.52		11077.5	6048.81		4583.69	6913.04	24455.1		11156.8	34535.9	21203.7	4482.61	21686.9	11847.6		5875.88	11264.9	9402.62				12529.8			12167.6	15694.4		4136.51	9858.19	4517.3	8678.5	5903.73
Q07954	LRP1_HUMAN	LRP1	Prolow-density lipoprotein receptor-related protein 1	189053	192927	136702	195075	170322	152409	163837	88696.3	133733	77295.3	103481	169578	69794.2	102064	135454	184059	113561	158832	213059	170757	177577	184118	218453	265698	123489	225521	188870	118089	206871	206364	129810	112506	118005	185802	230789	76417.8	131193	142883	187628	250798	246308	282295	116658	132460	284575	153512	155647	155397
Q07955	SRSF1_HUMAN	SRSF1	Serine/arginine-rich splicing factor 1	4854.7															8157.66			29741.5				7554.94		7207.1																							6742.61
Q07960	RHG01_HUMAN	ARHGAP1	Rho GTPase-activating protein 1	14025.2	15526.4	3815.4	12632.9	7057.97	8301.52	5161.25	7027.97	4560.16	6493.48	4659.86	5085.59		5365.17	4324.73	7237.38	3078.18	6214.7	13949.9	9018.13	8131.18	6756.59	7404.9	8638.11	7475.92	7026.02	5623.95	3833.8	5184.3	6204.98	3540.34	3593.52		8622.43	7376.92	4659.14	5084.9	15846.5	14014.8	5475.27	12332.6	9811.47		6571.07	9963.49	6733.94	7211.98	7313.86
Q08043	ACTN3_HUMAN	ACTN3	Alpha-actinin-3	50562.1	37371.1	35852.2	49593.9	25401	48839	19461.1		33897.4		42458.9			37885.2	51769.1	93933.6	38862.9	102363	83693.6	53419.9	58470.2		54939.4	19828.8	77196.5	51262.2	37060.6	42230	35344.6	31406.9		52885.6	70862.1	51366.3	58760.4	23860.6	28283.2	30215.4	31239.5	71842	118605	145655	34055.1	77088.5	27046.2	42609.6	43122.8	44641.4
Q08174	PCDH1_HUMAN	PCDH1	Protocadherin-1	5394.99	3534.53	4763.02	2632.41	5451.7	6516.94	8841.42									7574.16	5915.39	7801.06	13021.1	8567.52	3529.6	6825.05	7655.73	7779.45	7636.68	5404.77	6675.87	3621.85	5819.14	8445.83			3114.44		10468		6488.02	11167.1	9795.64	6097.02	11623.9	13566.8		5850.55	8355.8	8053.46	7216.1	6426.39
Q08188	TGM3_HUMAN	TGM3	Protein-glutamine gamma-glutamyltransferase E	10881.8	3549.02	10734.8	5910.76	4175.87	3359	6802.32	7941.62	12857.6		15250.8		9138.38	5796.13	7343.04	7576.73	5581.54	3066.96	6065.63		4832.81	11402.7	4626.61	10787.1	10645.4	10514.1	6613.8	16236.1	15371.9	9093.09	20132.4	12978.4	10105.5	20719.6	10165	14199.9	7334.17	2998.93	10452.8	14673.1	3696.69	3633.33			13174.5	12654.7	15844.7	10926.1
Q08209	PP2BA_HUMAN	PPP3CA	Protein phosphatase 3 catalytic subunit alpha	3550.86	3849.77		2719.55	1835.95	2292.67	1753.7		1790.13	13194.9		2220.66				4541.63		2881.58	6713.48	3173.78	1092.21	4313.56	3798.47	1525.54	5634.68	3077.09	1531.82		3591.95					4060.92	2799.42			2448.04		1689.09	1427.8	4556.68	2523.17		4074.06		4248.49	3802.9
Q08257	QOR_HUMAN	CRYZ	Quinone oxidoreductase	6330.02	7964.27	2915.55	7262.58	6079.3	5882.73	8121.41			10347.8	1994.39	9030.53	8669.45	7869.82	5209.42	7161.22		5953.96	7876.55	6296.05	6199.34		5427.81	7431.8	9770.08	3757.88	21021.4	2615.68	19562.3	21821	6009.12	11712.4	11040.5	5938.01	55415.8		12820.6	11209.8		7988.73	13104.2	8252.49	4553.94	6257.73	17548.4	7285.1	5510.03	6644.9
Q08345	DDR1_HUMAN	DDR1	Epithelial discoidin domain-containing receptor 1									924.749																				2049.02																	1391.4	1616.85	
Q08380	LG3BP_HUMAN	LGALS3BP	Galectin-3-binding protein	21962.8	23195.9	26532.9	23592.2	36707.8	50866.7	47643.2	39728.2	24923	195755	186528	61981.8	78689.6	110218	59389.8	86150	19036.4	31750.9	20423.8	52248.8	43085.3	34380.2	47295.1	43576.6	137166	53039.4	42446.7	14478	35234.6	39544.7	40771	51573.3	39884	55451.1	28727.1	171482	111348	15832.7	29474.5	84925.6	31094.4	57452.8	63295.6	52702.4	56344.1	68234	69450.4	70363.6
Q08554	DSC1_HUMAN	DSC1	Desmocollin-1	33307.9	12864.7	38791.1	9414.84	22075	9140.89	18458.7	27566	43309.4	18521.8	51864.3	12299.1	34372.3	49219.5	19014.8	36163	11827.2	25763.3	12273.7	12457.7	12503.4	28852.3	10521.1	20537.3	27699	22450.1	20595.9	37636.2	22866.9	25459	59584.5	28380.5	32116.7	28469.1	31657.3	29169.5	23734.9	11898.1	42486.9	38322.4	12285.4	8134.84	17390	11775.5	25033.6	33631.6	28652.7	33171.6
Q08629	TICN1_HUMAN	SPOCK1	Testican-1	1932.84	1703.46	2703.32	2049.62	3129.17		1557.21		1656.33			1269.68			1476.51	6381.08	527.402	2306.02		1742.22	2101.24			1104.83	1828.27	1973.93				1705.17	2144.74	1148.28			1714.35			2020.47	1504.34	1603.8	2575.78	1915.8		1731.26	2182.86	1512.54	1681.78	2538.9
Q08830	FGL1_HUMAN	FGL1	Fibrinogen-like protein 1	7295.01	8504.84	8534.6	6342.33	21916.4	6699.22	10750.2		10826.3	19094.4	39770.7	14785.2	4263.47	13944.2	7890.83	88538.6	248254	111633	102275	14104.9	14403.7	72978.8	102174	51697.2	117850	100364	24089	170360	20905.2	21635.1	11621.8	17207.5	15556.7	67786.6	125958	182203	27186.6	87600.5	36593.8	17694.2	207346	112239	53983.9	84516.6	128825	75135	68670.2	68019.3
Q08ET2	SIG14_HUMAN	SIGLEC14	Sialic acid-binding Ig-like lectin 14		3406.5	3317.7	3615.17		6939.21	12705.9		6243.73			4408.07							9803.64	13532.7	12755.8	10610.9	22288.3		14287.5	16053.7	19304.2		19041.6	14841.2			5243.83	5042.37			8070.12	14374	7325.75		9040.96	12618.3			28975.5	6796.43	5400.98	8596.46
Q09666	AHNK_HUMAN	AHNAK	Neuroblast differentiation-associated protein AHNAK	1753.54			3319.47					1805.83	4538.05	5553.96	8120.04			5443.53		9272.48		8042.31				5374.19	5984.52										4836.27				8469.6			3905.35							
Q0VD83	APOBR_HUMAN	APOBR	Apolipoprotein B receptor	22386.2	21137.9	16322.9	23879.1	41991.3	11012.6	18963	14137.1	15632.8	19473.2	16564.5	22506.3	13099.9	34718.8	22449.4	44624.7	7206.22	24756.2	93695.3	25201.4	25894.8	23077.3	77394.1	36095.1	29397	81706	14322.1	7171.61	14689.6	14525.7	14414.5	12663.7	10250.3	40169.2	48367.1	15014.1	22925.6	24830.6	18753.8	41014.3	29808.1	34039.5	22883.3	25728.5	28661.6	32016.5	33596.2	32542
Q0ZGT2	NEXN_HUMAN	NEXN	Nexilin						8663.12																					4430.77		3708.12					4968.1							1494.77				8706.63			
Q10469	MGAT2_HUMAN	MGAT2	Alpha-1,6-mannosyl-glycoprotein 2-beta-N-acetylglucosaminyltransferase	9965.13	11410	8717.42	11168.9	6536.14	6766.66	5334.89	7584.33	4652.22	4644.52	6618.53	6225.78	9908.85	4811.14	6956.47	4981.68	5968.2	3651.54	6302	11036.5	6149.87	8525.88	7115.53	11113.1	6258.93	8303.99	9613.23	18077.9	8271.2	4888.78	6289.56	11747.8	6402.52	4950.34	12069.2		12654.8	11270.7	5074.76	14295.6	12433.3	10136	14535	7138.45	3634.95	9452.46	7798.78	6146.14
Q10471	GALT2_HUMAN	GALNT2	Polypeptide N-acetylgalactosaminyltransferase 2	20435.1	20554.2	24607.8	14379.7	24824.4	32465.8	28729.1	18537.8	24934	17003.7	42446.7	25178.5	30838.8	16586.1	19385.8	36463.8	45080.2	18900.6	24928.8	26959.3	27365.7	21958.5	25042.2	37964.2	22868	19725.5	18787	38616	18341.7	18288.1	19292.7	22079.9	22124.9	27170.7	47425.4	33428.5	22041.9	29446.1	17275.6	19215.1	38547.4	33405.5	21293.3	35458.4	22974.5	23129.8	20832.4	23973
Q10472	GALT1_HUMAN	GALNT1	Polypeptide N-acetylgalactosaminyltransferase 1	3009.03	4281.01	2662.85	2020.1	2922.37	4353.13	4370.35	4349.65	3930.69	3025.54				2874.81	4157.39	4205.1	3776.77		3117.2	2854.64	3681.02		2402.77	1921.62	2529.75	5474.7	3807.49	2865.44	4642.88	4324.59	7058.7	2874.58		4239.6				3150.18	4918.84	2711.55	4518.89	2677.22		1747.1	5447.4	3061.93	2592.19	6269.05
Q10567;P63010	AP1B1_HUMAN;AP2B1_HUMAN	AP1B1;AP2B1	AP-2 complex subunit beta	6981.87	4866.69		2944.44	3380.59			3744.56											4669.16			3683.18		3521.79		2567.01			5327.9					6738.97							2458.58	3509.48			5346.19			
Q10588	BST1_HUMAN	BST1	ADP-ribosyl cyclase/cyclic ADP-ribose hydrolase 2			3077.97	4370.06			5191.68	9013.43	2410.51	8239.01	3561.01	2531.4	12123.1	5930.58	3022.7	5778.72	3216.78		5144.1			8482.36	7861.17	3050.76	3997.96	7640.66	5355.17			3551.54		2868.08		3642.78	2812.28	7399.74	10027.2		4177.73	17582.6	1795.14	3640.69		4043.31	4570.73	5740.52	3754.96	6273.16
Q12794	HYAL1_HUMAN	HYAL1	Hyaluronidase-1	42976.8	49504.8	37200.3	40352.8	18992.2	33191.7	28745.3	22336.8	37146.2	18170.4	17482.7	23476.4	15589.2	26981.1	43511.5	40856.5	21303.6	46667.8	29595.3	28009.3	34233.9	14679.1	26986.2	22217.1	30144.7	23672.9	37885.5	22609.9	29053	28951.7	30778	32209.2	30324.3	36443.2	44627.3	22152.2	13805.4	37653.8	52754.5	31305.5	35480.7	30756.8	24818.9	25426.1	33386.6	26048.6	28671.7	23860.8
Q12797	ASPH_HUMAN	ASPH	Aspartyl/asparaginyl beta-hydroxylase	3337.26	2253.58	4459.57	3962.67	5778.37	2196.5	2367.5		4390.94		6875.84			2931.26	3962.08	3322.86	4200.92	4623.28	3575.41	3502.94	4369.24	3493.27	4101.71	3417.03	2621.38	4080.98	3495.95	5358.91	4938.76	5503.58		2944.09	4282.46	5496.45	4664.91			6721.09	4597.53	2948.15	5751.82	6801.82		3319.84	4035.39	5274.87	4278	5589.27
Q12805	FBLN3_HUMAN	EFEMP1	EGF-containing fibulin-like extracellular matrix protein 1	30538.6	25665.8	21177.2	30682.7	122458	15040.6	21706	13921.4	22301.6	16685.1	10586.8	14129.2	52696.4	52994.2	29254.6	31453.8	45091.4	43280.9	59737.8	32725.7	22842.6	94409.8	55893.7	59881.1	75609.2	58923.1	81728.5	42698	57137.1	72463.2	24598.2	10383.3	14699.6	27575.9	36967.6	92567.8	18907.4	66966.2	35920.9	47454.9	47528.1	66580.1	45071.4	32580.1	72082.5	37896.5	53742	39452.5
Q12841	FSTL1_HUMAN	FSTL1	Follistatin-related protein 1	8944.56	10744.4	8773.56	12654.7	9468.05	23243.7	11975.5	20095.7	10443.2	20419.3	5461.77	13555.4	10623.8	18304.2	8978.14	15886.2	2462.51	7447.11		11277.7	14211.4		4810.62	9147.56	8142.87	6134.2	3869.28	2964.69	9475.53	3699.56	15789.3	10105.5	11997.5	14944.5	4792.26	11039.6	8807.31	6647.79	2328.05	6065.34	6261.57	9279.59	13541.3		9942.87	5295.24	8447.29	9479.54
Q12860	CNTN1_HUMAN	CNTN1	Contactin-1	37790.9	38551.9	38308	42246.3	64307.7	32636.6	42364.4	32614	34483.4	30806.2	21774.1	33788.8	25921.8	29174.1	25502.9	23999.3	34214.2	39785.9	19275.5	18412.9	18099.5	21903.8	33624.6	30784.4	21696.1	32846.5	38172	31886	37846.6	35825.6	30029	42235.7	48236.9	18304.9	37114	40379.8	17760.8	25553.4	43754.7	21477.7	24525.5	50752.5	19953.7	27057	27289.7	25330.1	26526.8	22714.9
Q12864	CAD17_HUMAN	CDH17	Cadherin-17				4177.13	4968.58			4024.07																			6438.84		12371.6	12459.7		2314.73										1607.64						
Q12882	DPYD_HUMAN	DPYD	Dihydropyrimidine dehydrogenase [NADP(+)]	1469.97	1071.2		1607.21	1710.06		1872.96					1990.5		2832.84		1788.85			6988.62	1791.23				2866.78					1513.9						9240.81	2847.21		2845.73	1019.73	2841.46	3127.33	9920.1		3098.87	3510.17	3037.02	2157.3	
Q12884	SEPR_HUMAN	FAP	Prolyl endopeptidase FAP	7185.59	5862.63	9959.41	6264.58	25046.8	12151.3	8273.11	12461.2	14583.8	14004.2	8578.7	10907.4	6040.48		10477.5		12401.9			3426.08	8415.57		9389.71	10451.9		8347.45	14231.1	10608.1	17003.5	17122.7	7179.44	18847.6	13283.3	7638.51	12546.8	9968.29	5434.17		9361.58	6031.76		3977.43		4871.35	8381.67	8988.39	7795.71	9847.86
Q12905	ILF2_HUMAN	ILF2	Interleukin enhancer-binding factor 2			3669.94																25263.8		9775.14			19726.9	3680.26																15068.4	16850.6						
Q12906	ILF3_HUMAN	ILF3	Interleukin enhancer-binding factor 3	4496.49	5443.24	4671	4635.78	4856.56	4840.32	5055.89		3824.6	4122.4	7754	5176.85	9681.24	7161.92		9038.71	4732.05	4407.55	21625.9	6981.5	7315.7	3931.59	3986.39	19906.8	5504.27	3767.92	4411.51	4524.73	5474.78	5834.81	3910.44	5067.33	4054.22	5831.44	19694.8		4850.51	14921.2	8612.58	6359.34	8188.13	9939.5	4865.22	5638.7	6190.9	7953.07	9025.24	7421.29
Q12907	LMAN2_HUMAN	LMAN2	Vesicular integral-membrane protein VIP36	25746.7	24385.8	20403	23056.7	112847	19931	22564.6	16031.8	25614.8	15966.9	18337.4	15671.3	30282.6	16175	20006.8	50690.4	27075.1	37335.5	121390	33278.2	34091.1	97985.3	94121.6	39670.4	36425.3	89342.4	37943.2	24895.1	37305.1	32297.7	21178.8	13405.5	14329.7	21165.2	31269.1	33820.4	34979.1	47595.6	26402.9	44939.6	47783.5	73389.3	13553.7	43064.1	88730.9	46109.7	48932.5	42350.5
Q12913	PTPRJ_HUMAN	PTPRJ	Receptor-type tyrosine-protein phosphatase eta	11703.1	14913.6	15750.2	13120.8	12166.5	23861.1	17817	15955.1	10971.5	17366.2	12085.8	20191.3	22715.8	19468.1	16074.2	22558.7	8339.36	14029.5	14391.7	10206.4	8016.4	13833.5	19713.1	17163.4	12631.2	20120.5	14529.4	6507.06	20475.7	17425.2	11524.9	11770.3	11110.8	14818.5	7241.25	13589.8	11051.3	7711.34	10605.2	26205.1	15552.7	11946.3	20496.9	7748.74	15063.7	11291.2	17112.4	15237.5
Q12931	TRAP1_HUMAN	TRAP1	Heat shock protein 75 kDa, mitochondrial	138826	122737	52545.3	159727		83725.3		56819.1					34046.4	77862.8		117627		64667		78756.8	90981.7	101114	92442.9	222165	99454.6		79782.9	29621.1			22891	44113.3				27163	136512	62118.6		88301.5	129603	159565	25732.6	70386.5	106926			113191
Q12974	TP4A2_HUMAN	PTP4A2	Protein tyrosine phosphatase type IVA 2	4245.77					7272.82													5344.82			4183.81	3502.56		2996.71				6199.03	5354.95												3173.49			5095.85		2635.26	
Q12982;Q86WG3	ATCAY_HUMAN;BNIP2_HUMAN	ATCAY;BNIP2	BCL2/adenovirus E1B 19 kDa protein-interacting protein 2	2354.15			2253.79	1981.73	2025.79	1943.02												9477.05				1188.74						1484.72	1839.46									2127.06		2009.59				2743.45		2230.75	
Q13011	ECH1_HUMAN	ECH1	Delta(3,5)-Delta(2,4)-dienoyl-CoA isomerase, mitochondrial							3154.97																	3534.6											8293.41													
Q13043	STK4_HUMAN	STK4	Serine/threonine-protein kinase 4	4144.72	4242.35		2394.93	660.834		1058.71												8721.96						1632.12				2111.33					2467.46											1726.39			
Q13093	PAFA_HUMAN	PLA2G7	Platelet-activating factor acetylhydrolase	9744.16	9324.94	10324.9	8847.63	4317.07	7275.87	16512.4	13132.7	8889.91	9518.36	10798.9	30896.2	17067	14168.5	6324.09	10590.1	5637.07	6610.04	3349.43	3952.5	8841.14	9854.36	7278.62	4349.52	15605.8	6713.34	13557.7	6135.96	11337.1	16121.6	7525.34	8489.06	5957.63		5267.85	18815.1	8957.82	6418.41		16349.2	3901.5	4799.87		11524.8	28558.3	7897.29	8440.46	12157.3
Q13094	LCP2_HUMAN	LCP2	Lymphocyte cytosolic protein 2	7975.9	8400.63		8064.72	4422.61	3609.23										7639.68			11113.5			5203.65		4583.06			7075		7231.98	5949.94			3266.58	4602.23					3280.43			2537.42			12875.7	3410.5	3453.53	6926.21
Q13103	SPP24_HUMAN	SPP2	Secreted phosphoprotein 24	2.35092e+06	2.23633e+06	2.33786e+06	2.68884e+06	1.66531e+06	1.13004e+06	1.81671e+06	1.34117e+06	1.89615e+06	1.78613e+06	647006	2.40496e+06	1.12612e+06	873443	1.53502e+06	450318	253797	113023	132616	695447	750551	163671	200426	178785	170261	196249	298647	300557	358543	341526	1.30329e+06	1.66879e+06	1.76217e+06	341704	149608	76200.8	103368	640805	1.23724e+06	503735	507381	107020	415534	173546	300203	338106	336276	339151
Q13201	MMRN1_HUMAN	MMRN1	Multimerin-1	85511.8	95193.2	223741	92348	116995	176626	108008	98712.3	214004	123255	80496.5	108777	113116	158414	87391.3	161505	10067.7	58335.2	19095.6	98101.8	98894.2	74329.2	184720	272558	67701.2	183806	92459.7	11370.4	88700.1	85279.8	129958	91254	105128	136148	3725.32		69552		12445.8	33418.3	193149	95826.3	232405	23451.7	171820	67257.1	72947.1	71509.5
Q13228	SBP1_HUMAN	SELENBP1	Methanethiol oxidase	7534.56	7268.64	5044.06	6404.92	9313.71	14986.8	13697.7	11820.1	5869.75	7985.54	10242.9	13638.4	8974.98	6328.37	1752.42	7953.83	10533.2	8457.97	16048.6	13534.2	10905.5	38596.1	4586.78	8240.51	7581.75	5166.44	5233.09	13289	5769.93	4442.68	8978.96	12061.7	9041.78	7513.2	23412.8	6118.61	4704	6892.63	4005.98	8427.23	10837.4	10372.8	5710.12	5488.21	6166.8	9685.04	10421.2	9817.19
Q13231	CHIT1_HUMAN	CHIT1	Chitotriosidase-1	4440.17	6718.26		3425.54																6884.08	6247.59	5707.81	5821.38	15371.5		4015.13					4138.82							9798.13	2459.09	14835.8	4255.23	2377.36						
Q13275	SEM3F_HUMAN	SEMA3F	Semaphorin-3F	2801.72	3081.06	2869.26	2067.32	2355.88	2858.57	4457.22	2298.21	3273.48							3119.77	7052.73		4006.47		4295.97	2298.76	5792.66	3538.27	3809.75	5855.02	4923.84	5175.53	2792.34	2737.72		3986.37	4141.24		3275.22	5993.31		3928.27	4014.84	2601.42	3467.15	4875.94		4614.6	3422.84	2415.97	2922.77	
Q13283	G3BP1_HUMAN	G3BP1	Ras GTPase-activating protein-binding protein 1		6255.89		4616.9	4472.15	4311.89	8595.79		3775.12							9300.86			25289.1			3651.06	7340.99						5110.62	2653.44				3339.97	2560.72					5349.99	8037.59	9735.04			8534.87		6447.95	
Q13303	KCAB2_HUMAN	KCNAB2	Voltage-gated potassium channel subunit beta-2		1593.21	1300.94											1148.29					5588.61				31322.1			36271.5													1872.77			3906.29				2308.91	1749.36	2144.42
Q13308	PTK7_HUMAN	PTK7	Inactive tyrosine-protein kinase 7	2275.26			3280.97	6115.63	3610.55		3081.9	1858.32						2873			3414.47	20429.2			9164.41	5038.67	3424.35		4738.57	3117.36		3612.83	3652.1	1652.05		1303.56		6410.32		3606.71	7388.02	3734.36	3743.15	4979.28	7185.43		3385.11	4401.69	4448.6	5468.47	4905.9
Q13332	PTPRS_HUMAN	PTPRS	Receptor-type tyrosine-protein phosphatase S	16991.9	17044	21162.3	14801.5	49595.3	17632.7	20360.9	16676.3	20847.5	8673.67	9138.7	16537.7	22742.8	12552.1	10196.4	20158.7	24034.5	22057.6	22536.2	16105.2	15447.8	40148.5	33998.6	19720.6	19791.1	36937.3	20258	22305.5	22832	18413.7	20196.8	14616.8	18221	11895.4	40256.8	20538.5	14608.7	24581.1	21592.5	16893	24850.3	30197.2	9528.27	14376	21281.4	14103.4	15298.6	15176.8
Q13404	UB2V1_HUMAN	UBE2V1	Ubiquitin-conjugating enzyme E2 variant 1	10635.4	19049	5121.65	19371.5	8870.82	16134.6	6520.69	6050.69						4284.55			7322.91	5626.62	10351.4	5000.73		32370.8	4519.69	4507.82			4301	6846.79	4545.17	11699.6				11960.3							4214.42	13143			12049.3	4494.44	5027.88	6141.03
Q13418	ILK_HUMAN	ILK	Scaffold protein ILK	17486	18678.9	6584.68	15675.9	12265.6	11007.4	3451.66	18438.9	7831.48	4490.25	3601.61		9367.81	10997.2	5339.43	3159.17		3717.67	6783.56			11882.6		4636.51			9940.19		10964.6	13012.1	3350.52	4249.37	4330.03	16093.3			2944.23		6157.76		11605.4		8927.26		14201.5	5336.73	3705.17	5131.44
Q13438	OS9_HUMAN	OS9	Protein OS-9							3415.89		2591.58							5945.54	3599.36	4083.4	5087.73		5867.3	3829.43		5050.5											4509.16			3510.53		3447.44		5148.5				3586.16	5864.72	3868.52
Q13442	HAP28_HUMAN	PDAP1	28 kDa heat- and acid-stable phosphoprotein	19154.6	19228.9	4001.51	22555.5	13631.1	16988.5	3713.49	6239.71	2688.68							7120.9		5640.53	22577.2	5380.2	7105.92	23815.7	7876.32		4177.11	6875.39	16502.8		16337	15331.5	2922.14	4789.07		32505.8					5152.99	6426.48	6122.99	5219.2			22602.1	9044.23	9024.75	8615.39
Q13477	MADCA_HUMAN	MADCAM1	Mucosal addressin cell adhesion molecule 1	40446.3	37883	41048.1	33861.7	46377.4	40711.4	94408.6	95546	44046.6	24482.2	39040.7	91238.5	18639.9	44234.5	22314.8	20475.9	15781.8	18680	45464.3	28089.1	34819.3	24361.6	30870.2	29756.7	10288.7	28606.9	39828.4	22519.4	32807.1	43425.9	24573.1	35621.4	30374.5	9528.7	16846.8		16981.9	7911.39	17610.7	22096.3	33047.1	39465.7	44150	10110.5	15158	19377.6	28055.4	25634.6
Q13501	SQSTM_HUMAN	SQSTM1	Sequestosome-1		48607.6		71272.1	85250.1	83071.1	53836.4	64560.7		124444	108394	105830	85723.7	90725.4	94265.1	76020.3	108948		87269.4	117088		74805.1	96041.7	125385		94421.4	59920.4		63948.7	91428		85856.4	77210	83698.4	102876	98140.7	113098	81600.3	107502	98370.1	71518.2	85566.2	112462	91460.4		71524.2	86468.3	90293.3
Q13508	NAR3_HUMAN	ART3	Ecto-ADP-ribosyltransferase 3			7822.38		34056.7	5553.81	6631.2	5005.41	5978.97			4785.13	9386.56	6118.76	4613.67	11875.8	3611.97	3591.67	6593.42	4257.98		6173.04			10209.7				8812.35	7444.39					8846.76	6879.63		19064.6			5067.66	6628.57		6369.19	8682.09	3284.87	7960.04	
Q13510	ASAH1_HUMAN	ASAH1	Acid ceramidase	2787.67	1962.03	5551.36	2963.4	1260.46	1946.15	2938.75	2255.83	3723.17	2859.12	2033.52		4599.52	4472.98			1986.77		5409.62			5930.88	1646.88	4339.05	4386.94	2061.34	5402.14	6281.48	5970.29	4465.23	3304.58	1595.96		6952.18	2486.1		2766.14	1548.1		3896.47	2081.79		5563.39	1705.27	6867.43	3071.99	2703.82	3060.06
Q13555	KCC2G_HUMAN	CAMK2G	Calcium/calmodulin-dependent protein kinase type II subunit gamma	3969.39	4585.82	2974.12		4053.39	6478.19	9118.2	1995.83	2885.62	9749.05	21766.9	8040.49	21376	20356.3		9655.69			4391.41	2540.09	3419.35		4701.71	6281.27	4562.48	5242.99	2918.86		1554.21	2714.47	2405.29	1663.16		3130.31	1238.3	1357.92	4844.68	3003.58	3542.93	2151.29	3296.65		2370.3	3005.95	3677.14	3537.92	2663.85	2974.13
Q13561	DCTN2_HUMAN	DCTN2	Dynactin subunit 2	6603.38	10401.3		5757.44																																												
Q13621	S12A1_HUMAN	SLC12A1	Solute carrier family 12 member 1	5503.17		7992.95								4650.06	8962.3							4446.59	7494.63	2598.71	7968.36	4925.66	2534.49		9045.08	5510.6	9140.84		4455.56					9283.38		7446.92	4075.16	5373.64				12345.6	5092.09	5777.34	10318.7	11701.3	11088.5
Q13630	FCL_HUMAN	GFUS	GDP-L-fucose synthase	12530.1	12136.3		14581.3		9732.25	7587.95												4907.59	6238.65		15940.3						6854.08													6451.8	7084.33						7956.08
Q13637	RAB32_HUMAN	RAB32	Ras-related protein Rab-32	10959.9		14705.9			6237.33	8159.65	6207.31		24305.9						15984.2				8985.11		12858		10703.5		12099.2		20127.8					9575.64	8490.15								9472.8	7921.15				9270.21	8132.69
Q13724	MOGS_HUMAN	MOGS	Mannosyl-oligosaccharide glucosidase								798.471			1174.45			2911.67																						3275.63	1540.78									520.991		
Q13740	CD166_HUMAN	ALCAM	CD166 antigen	3659.51	3074.29		3718.22	7830.89	3826.24	6515.6	5596.77	6684.2	5199.21	7112.66	6655.95	10785.6	5496.76	11382.2	3694.83	5936.93	9395.65	5999.55	5560.68	5255.54	7328.94	4256.73	9408.68	5028.96	5283.13	9109.84	4468.55	9985.71	13565.4	6867.06	5243.46	4902.59	7468.82	2902.24	6521.3	9285.07	7010.78	3921.21	11447.4	3452.47	6925.8	6695.97	5687.71	12631.3	4400.47	6565.77	5467.82
Q13790	APOF_HUMAN	APOF	Apolipoprotein F	3.73708e+06	3.85634e+06	3.2981e+06	3.54074e+06	2.60035e+06	2.37389e+06	4.23594e+06	4.04759e+06	2.96787e+06	4.29633e+06	4.84632e+06	4.37663e+06	2.66406e+06	3.47338e+06	2.22512e+06	3.91128e+06	5.0606e+06	746676	2.48307e+06	4.63479e+06	4.77252e+06	4.37868e+06	3.98962e+06	1.4242e+06	4.5067e+06	3.7025e+06	2.01992e+06	4.63681e+06	1.91455e+06	2.1506e+06	3.53087e+06	3.68795e+06	4.24268e+06	3.20806e+06	3.85901e+06	3.3841e+06	3.79049e+06	4.6007e+06	4.15591e+06	2.78305e+06	3.16742e+06	2.20196e+06	5.9409e+06	4.95752e+06	2.5275e+06	3.29073e+06	3.25622e+06	3.5648e+06
Q13822	ENPP2_HUMAN	ENPP2	Autotaxin	10153.4	9839.14	13043.5	8981.08	26982.8	17884.5	12522.4	12570.4	13322	10796.4	11337.7	11403.2	18786.6	6832.57	19426.9	11054.1	48288.8	11509.9	6877.22	18926.1	18005.3	13083.4	13504.2	12811.1	9539.83	13654.9	12427.6	48021	9958.09	11157.4	9830.77	10241.5	11733.4	7278.53	16877.7	25197.5	19245.1	33424.9	20593.3	11650.4	11289.3	16912	12425.5	18758.6	10334	13450.5	14053	12695.1
Q13835	PKP1_HUMAN	PKP1	Plakophilin-1	4672.7	2568.54	7321.36	3044.31				8590.92	4695.12	4104.54	3241.46							3439.47			2909.81	3676.27			3672.45	2743.01	4265.22	4985.45	1314.1			2189.1												1830.31	2056.55			2755.14
Q13867	BLMH_HUMAN	BLMH	Bleomycin hydrolase	20602.5	13944.2	31594.8	12848.7	13693.4	10438.4	19073	25268.6	29378.9	28423.7	44148	9235.41	46683.6	37299.3	10351.1	24384.3	15062.6	6252.6	12621.6	9628.23	13968.4	29967.3	8534.12	18334.2	22034.3	18691.1	17164.2	41413.6	58402	25093.7	39401.1	23784.1	23068.2	37093.7	29190.4	33055.6	32348.8	13486.8	19960.1	30353.9	7105.52	6713.04	22215	9945.07	31440.7	21567.6	25624.8	28479
Q14005	IL16_HUMAN	IL16	Pro-interleukin-16										1918.96									6453.93		1691.73		3389.09	2071.61		2782.51																1867.68			2686.7		2216.86	1868.5
Q14012	KCC1A_HUMAN	CAMK1	Calcium/calmodulin-dependent protein kinase type 1	3587.36	2552.54	676.478	2517.19	1459.68				1073.33				2659.41	1234.64													1192.13		924.844					1531.03														
Q14019	COTL1_HUMAN	COTL1	Coactosin-like protein	11502.5	11929.6	4746.37	11514.4	9802.4	14316.2			3509.79	4179.44									18249.3		1741.73	12943.6	6583.41			7283.66	10791.5		10659.4	8041.38				12009.2				2658.65	7129.22	5130.76		7806.06			22089.4		5162.11	
Q14032	BAAT_HUMAN	BAAT	Bile acid-CoA:amino acid N-acyltransferase																			1582.55										3265.82	2514					11466.2					5154.66	1027.76							
Q14103	HNRPD_HUMAN	HNRNPD	Heterogeneous nuclear ribonucleoprotein D0	6161.05	15111.3	3499.93	5079.36	2847.56				1007.59		3567.19								11496.2		1569.89													3569.28							2754.21				2360.49		4231.14	
Q14112	NID2_HUMAN	NID2	Nidogen-2	72388.6	70407.2	107683	71256.7	89936.5	146739	35652.7	149913	101192	90283.5	87109.3	40632.5	83633.9	63326.6	68233.4	162329	15110.1	32598.2	158874	46932.6	47946.5	49508	55755.2	100864	42509.8	54082.5	78362.5	29055	88060.5	77774.9	70507.6	47000.9	55043.7	83989.7	15091.4	37629.6	40797.1	37456	24225.4	36749.5	48759	29266.1	201231	36340.3	63954.9	62409.3	57882.2	63564.5
Q14118	DAG1_HUMAN	DAG1	Dystroglycan 1	12906.2	11477.2	12142.9	11774.7	78413.8	13230.8	19641	17807.3	14673.5	10814.1	18579.7	12987.5	23769.2	12428.2	23511.8	25832.4	9679.76	22786	72952.6	22966.6	17165	37076.5	40338.5	20862	26165.3	46165.9	16908.4	8040.44	22995.4	20243.8	16012.7	10496.1	12595.4	13203.5	18101	55081.1	22079.1	35743.7	12507.2	13435.7	17605.7	25891.1	11218.7	26076.3	35806.5	25445.2	27469.1	26268.8
Q14126	DSG2_HUMAN	DSG2	Desmoglein-2	48944.2	50026.9	65994.4	47456.5	159288	54968.2	73483.9	49561.3	67480.5	32720	32743.2	66483.1	98967.2	35328.6	51363.4	39920.1	68064.1	66903.4	68896.5	46510.3	45868.9	57901.8	103434	77657.8	40960.1	93229.7	83961.5	57838.4	93263.8	94579.5	54870.4	48261.6	50503.9	35199.7	73114.9	48178.3	42795.3	75300.4	65962.7	60203.4	83489	128216	34288.3	49054.5	93814.9	52149.7	51545.3	57850.6
Q14165	MLEC_HUMAN	MLEC	Malectin	14247.9	10357.6	13662		18575.8	16657.4			7988.34						11126.9	14991.9	8307.15	10883.7	39275.7		11697.7	26866.1	24198.7	12144.5		23914.6	17878.4	7097.36	19246.4	21709.4		8163.73		22190.4	19519				10551		9589.68	10440		10493.4	16575.9	10945.6	6334.97	12299.2
Q14203	DCTN1_HUMAN	DCTN1	Dynactin subunit 1	5973.6	4853	3102.36	6323.34	3383.65							2760.37				3386.75		3070.96	7008.96	5157.49	2956.17	7877.58		3946.67	2979.67	2002.75	3325.72		3855.43	2973.37				5639.98							3525.24				5217.19	4085.63		3533.19
Q14213	IL27B_HUMAN	EBI3	Interleukin-27 subunit beta	3389.91	3509.44	6609.65	3779.25	7891.54	3711.09	4348.4	2650.7	8266.36	3516.93	4869.47	6924.04		2664.42	5391.63	25262.8	12674.8	20636	3123.97	8673.85	8068.72	9658.19	12264.8	5306.55	6321.71	5391.43	9491.12	7967.85	10004.3	10140.5	5443.19	3326.41	4042.83	5058.48	7238.71	4684.77	7591.97	6819.01	12398	20463.8	28721.3	19446.4	6263.94		8896.91	11512.4	10554	11620.3
Q14247	SRC8_HUMAN	CTTN	Src substrate cortactin	41196.8	50539.9	9841.82	57148.5	19037.3	100433		31306.3	11267.8	2936.29	2943.55		6399.74	17005.8	7768.5	5021.8		3319.42	8662.97			39755	3652.68	8152.64	4637.12	8499.61	77635.5		92558	93618.7		4588.1	3883.85	53843.1					22532.2		14331	3623.58	3979.4		59309.4	13881.7	17901.2	17490.1
Q14315	FLNC_HUMAN	FLNC	Filamin-C	1853.06				5621.5									45507.3		4954.02		2445.57	3018.91	2674.03	3813.21	967.011	1504.29	2002.43	7950.6				70124.4			5658.93			3448.71			3688			6425.26	2549.11			2007.36	1908.94	1874.43	2356.49
Q14393	GAS6_HUMAN	GAS6	Growth arrest-specific protein 6	40412.3	35293.5	39117.9	37160.5	104378	29939.9	58267.7	26216.1	32636.9	22847.6	40029.2	54502.7	12372	18509	32699.9	40998.4	43175.3	53566.3	53697	42537.3	48665.1	59687.9	99350.6	101786	46818.2	110897	63913.8	54970	80646.9	65900.4	23690.1	21579.5	14695.6	41701.6	37767.3	21301.2	36630.4	49192.6	42984.3	74913	108907	102325	43730.5	52945.3	85480.8	62682	66297.9	64501
Q14432	PDE3A_HUMAN	PDE3A	cGMP-inhibited 3',5'-cyclic phosphodiesterase 3A	13186.7	11684.2		13343.1				2427.74																																	6704.57				9458.41			
Q14515	SPRL1_HUMAN	SPARCL1	SPARC-like protein 1	296813	292659	245488	330401	565246	240264	290940	183607	222629	220178	251813	353170	189874	188600	260191	493253	288069	430963	613608	288363	319782	519896	475873	445210	296822	464568	313670	311381	350307	295882	212314	179563	221734	305530	410345	143576	215067	300021	228466	195276	318923	529512	339985	281262	375437	347883	385170	373872
Q14517	FAT1_HUMAN	FAT1	Protocadherin Fat 1	6072	4594.2	7036.22	5760.51	8150.92	13752.4	11004.6	6155.82	6408.52	12786.6	10832.8	10499.1	7843.9	8670.64	13862.8	7077.4	4552.03	7403.81	6023.38	4859.91	4524.04	5927.59	15547.7	21708.8	2774.3	16079.9	12765.9	5275.72	14047.2	14386.7	10181.2	7829.46	6759.08	6380.15	8471.69	6508.62	8094.64	9246.58	4592.55	15432.5	12385.8	14206.8	5093.3	5752.21	13024.3	7908.4	9646.94	7369.71
Q14520	HABP2_HUMAN	HABP2	Hyaluronan-binding protein 2	2.63896e+06	2.81363e+06	1.7179e+06	2.62669e+06	1.88897e+06	1.76554e+06	1.82442e+06	1.10353e+06	1.5206e+06	1.61159e+06	2.39597e+06	2.01169e+06	886605	2.00876e+06	2.24741e+06	1.79665e+06	1.79861e+06	1.4481e+06	1.03976e+06	2.42478e+06	2.76597e+06	1.30024e+06	1.92424e+06	2.28602e+06	1.98318e+06	1.85516e+06	2.12371e+06	2.27568e+06	1.68199e+06	2.13423e+06	1.97732e+06	2.33214e+06	2.21578e+06	1.90187e+06	1.61309e+06	1.46243e+06	1.73407e+06	1.15127e+06	2.35076e+06	1.67405e+06	1.91669e+06	1.43642e+06	1.64742e+06	1.95094e+06	1.27072e+06	1.71343e+06	1.67607e+06	1.73142e+06
Q14623	IHH_HUMAN	IHH	Indian hedgehog protein	9856.39	13540	7501.69			20655.5		17295.1	15191.5	11756.3	18084.6	15959.1		22713.5					4536.59										9411.82		9062.39	14905.2	9586.88					4679.22						2780.16		8351.9	11654	
Q14624	ITIH4_HUMAN	ITIH4	Inter-alpha-trypsin inhibitor heavy chain H4	6.63694e+06	7.16998e+06	6.98618e+06	6.67714e+06	6.00008e+06	6.89931e+06	7.12862e+06	6.70577e+06	7.13464e+06	7.79626e+06	7.61637e+06	7.10213e+06	7.04508e+06	7.84219e+06	7.44314e+06	6.95038e+06	7.93689e+06	8.0896e+06	7.86302e+06	7.77416e+06	7.80831e+06	6.4638e+06	6.45616e+06	5.86211e+06	9.30275e+06	6.16295e+06	5.79422e+06	7.19721e+06	5.8575e+06	5.9469e+06	7.05428e+06	7.55851e+06	7.75251e+06	7.00562e+06	7.24045e+06	9.19846e+06	8.9085e+06	6.28476e+06	7.57317e+06	5.70768e+06	6.52623e+06	5.63691e+06	7.44016e+06	8.31104e+06	5.94756e+06	6.80919e+06	6.63514e+06	6.63025e+06
Q14697	GANAB_HUMAN	GANAB	Neutral alpha-glucosidase AB	16177.9	19416.6	14075.8	17990.5	17856.5	14619.6	12288.8	8931.73	12907.4	14002.2	17110.4	11965.8	14498.4	13449.9	11667.2	23317.5	18189.3	20639.8	57536.1	22737.6	19063.7	21022.2	22336.9	14367.8	13183.6	21060.6	21922.5	16486.5	17666.8	17590.6	10989.5	10718.2	10351.3	14511.8	20925.5	22962.7	11191.2	25310.8	14440.8	13897.1	28911.7	27323.2	9374.59	16726.4	27486.9	18751.3	19675.8	17178.6
Q14766	LTBP1_HUMAN	LTBP1	Latent-transforming growth factor beta-binding protein 1	237250	244347	419091	252515	149372	423436	274546	311633	392794	355776	171963	251343	243550	294838	344294	433861	35108.6	158905	53451	285432	284470	111199	267889	467537	111328	260653	122423	37319.7	145314	140210	342370	263249	288273	210887	22886.7	39710.6	199592	32091.6	47772.6	61032.2	349098	174536	461678	79579.1	176859	168929	165211	163027
Q14767	LTBP2_HUMAN	LTBP2	Latent-transforming growth factor beta-binding protein 2	18397.9	14645.8	18841.9	24662.4	93559.4	9585.36	30685	9688.76	15778.9	16161	50713.5	25113.2	21750.2	24279.2	39037.5	85015.6	18016.3	32982.6	57837.6	21882.6	26558.6	47370.9	43155.8	48030.1	41524.9	42967.9	32894.6	21785.2	58491.5	58593.2	21966.4	12945.9	21487	38799.5	55551.3	150330	84699.2	52470.8	43583.2	38512.4	53430.9	69777.3	26417	51181.9	71157.7	48743.1	53177.2	43388.9
Q14847	LASP1_HUMAN	LASP1	LIM and SH3 domain protein 1	57817.1	53154.7	42031.1	44117.5	43566.3	39082.3		28067.3	21393.3					41076.8		46591.1		27741.3	154972	23134.6	39934.1	35393.3	22693.6	63326.3	48801.1	28572.8	27259.2	23770	37051.3	32772.3	17101.8			118317					27371.8	27151.8	37382.3	50712.6			55498.7	24567.2	37559.3	38259.1
Q14974	IMB1_HUMAN	KPNB1	Importin subunit beta-1	9755.98	8546.66	3429.18	10041.3	7719.59	5379.99	5113.77		3966.18							9551.67		7699.25	7757.98	5903.81	3899.81	8210.99		8054.06					4378.43	4704.79	6941.71	3633.26	7075.79	5777.1						7208.02	4703.43	5027.34			4302.92	5195.53	5488.75	4244.74
Q14C86	GAPD1_HUMAN	GAPVD1	GTPase-activating protein and VPS9 domain-containing protein 1	4412.79	4045.81	4153.99	5160.48		7136.25	4881.2											4096.46			3860.76	12134.8	3223.35		2269.93	2945.71	1643.72															3478.32						
Q15008	PSMD6_HUMAN	PSMD6	26S proteasome non-ATPase regulatory subunit 6	49430.5	19622.1	44563.9	18617.4	23603.2	14646.8	26397	31798.2	46010.4	29327.6	41841.1		26931.2	25436.8	19150.5	28513.1			19736.8			45072.4		39931.9	37729.5		35119.7		33742	36292.7	41657.1	32703	35057	50787.5	32865.9	21102.9	30190	13257.9	35820.1		21248.4	15344.9		20048.5	38973.9	43013.1	39618.9	42900.2
Q15019	SEPT2_HUMAN	SEPTIN2	Septin-2	2547.91	2808.5		3291.58	1797.82	1370.47																					1810.55													1708.32					2510.69			
Q15063	POSTN_HUMAN	POSTN	Periostin	71826.7	76847.5	7839.63	77474	21824.8	11765.5	6666.46	7888.14	10289.2	15149.4	10705.5	10583.4	21964.5	14772.1	16817.6	16275.1	68843.2	17353.6	119878	45361.7	40944.8	30810.3	89328.5	174392	85161.5	98835.6	10767.5	55556.6	10914.9	13610.5	31734.6	29164	28324.3	11739.5	7102.58	20544.4	90811.3	15455.5	27020.9	2974.72	20809.8	176722	80116.1	22231.6	11256.4	46274.3	48914.5	49212.7
Q15080	NCF4_HUMAN	NCF4	Neutrophil cytosol factor 4																			9532.49								3317.81																					
Q15084	PDIA6_HUMAN	PDIA6	Protein disulfide-isomerase A6	11280.8	14233.1	5918.45	14860.6	10127.1	13964.1	7033.22	9595.75	9131.51	7532.86	8326.16	5758.73		7115.03	5773.9	19134.9	5514.6	6629.65	23562.4	4607.49	4155.22	13502	7862.46	24887.3	11706.2	6454.91	12811.2	4697.56	15579.4	15403.5	7383.66	5784.44	4218.78	18626.7	18219.2	7459.82	10581.1	9552.15	12912.5	6141.22	12293.6	8477.81	9180.28	9653.55	23157.2	9183.75	11572.3	9621.91
Q15102	PA1B3_HUMAN	PAFAH1B3	Platelet-activating factor acetylhydrolase IB subunit alpha1	4754.38	3986.32	1492.6	5618.36	2033.44	13016.6	6517.07	8164.66	1556.82		5121.32	5376.92					1917.82	5730.8	3918.69	2058.48		12783.6	1858.53				1270.75	2457.23	2352.08			3952.55	8791.65	3021.62				1243.7			3494.91	3382.31			2647.96	1639.27	1658.28	2613.55
Q15113	PCOC1_HUMAN	PCOLCE	Procollagen C-endopeptidase enhancer 1	156429	158865	136163	177889	223709	180536	84319.7	92288.7	163940	78350.6	94294	85087.7	152296	102660	108583	132111	78696.5	174447	116148	115890	117909	110977	246276	88099	159242	224249	136951	74521.2	170072	152312	259385	134817	123579	118006	103157	107644	112418	136806	109609	148523	180456	189096	83383.9	121915	169577	123898	131291	126021
Q15166	PON3_HUMAN	PON3	Serum paraoxonase/lactonase 3	1.15609e+07	1.153e+07	5.62617e+06	1.04955e+07	3.67976e+06	6.81781e+06	3.49346e+06	5.2509e+06	5.44894e+06	3.63522e+06	1.25936e+06	3.91474e+06	4.66272e+06	4.09082e+06	3.35931e+06	3.22455e+06	3.49987e+06	3.03636e+06	2.28519e+06	3.28749e+06	3.68099e+06	2.6773e+06	2.68994e+06	3.30763e+06	3.18551e+06	1.31158e+06	4.36954e+06	4.6305e+06	3.71611e+06	3.75687e+06	3.90139e+06	6.62084e+06	6.83674e+06	2.58889e+06	4.5169e+06	4.80034e+06	2.74312e+06	2.97913e+06	6.14057e+06	2.98602e+06	3.499e+06	3.15941e+06	3.09245e+06	4.03971e+06	2.64557e+06	1.93804e+06	3.04655e+06	2.7857e+06
Q15172	2A5A_HUMAN	PPP2R5A	Serine/threonine-protein phosphatase 2A 56 kDa regulatory subunit alpha isoform	2515.06	2216.33		1793.82															3559.9					2784.2																							920.549	
Q15257	PTPA_HUMAN	PTPA	Serine/threonine-protein phosphatase 2A activator	11342.3	12542.8	2786.09	13624.1	14857.7	9292.32	4805.54	9354.52	5504.2		8286.96	6194		2227.98	2761.82	2838.46		5816.71	17453.2	5554.53	6904.84	19179.7	8332.44	5989.96	3894.46	6448.82	4246.18	5691.13	5362.21	4138.52		6221.71	9949.23	7356.18	5018.43	3680.75	6875.51	9249.08	4218.66	3261.7	13375.4	14038.8	6210.86	3307.36	6484.09	7910.52	8127.77	7629.74
Q15262	PTPRK_HUMAN	PTPRK	Receptor-type tyrosine-protein phosphatase kappa	2345.11	3316.54	2029.04	2335.72	1809.04	2301.08			2150.24					2134.46	4128.59						3479.12	2922.74				1672.68			2452.56	2116.29	5119.82		3424.44	1871.3	3003.35				1800.37	3357.87	3958.24	2350.55		3373.19	3437.25			1654.05
Q15293	RCN1_HUMAN	RCN1	Reticulocalbin-1	30689.7	36163.3	30155.6	33329.2	26798.2	23988.2	27141	28457.3	27229.7	38479	58123.1	21634.7	16889	23850.1	34518.7	32821.1	22447.8	23994.4	21236.5	38399.3	40794.2	17070.2	16551.4	11340.6	25495.7	13582.7	23014.1	15777.3	21148.9	16614	30279.4	17394.9	21213.9	22467.3	27797.8	17471	27049.5	22268	31749.5	31549.1	19392.1	18368.9	27009.7	29279.3	22299.6	20916.3	22577.7	22713.6
Q15365	PCBP1_HUMAN	PCBP1	Poly(rC)-binding protein 1	20294.4	21643.9	3909.78	13568.7	5847.92	5499.44	3891.85	3473.56			4038.07	2233.6		2477.91		6186.19			18443.7			7253.9		4435.35	3966.19	1575.34	8917.54		6413.91	3865.65				9498.91	2147.93				2774.26	2752.5	5183.04	2923.1	3117.33		11314.7		3596.23	
Q15366	PCBP2_HUMAN	PCBP2	Poly(rC)-binding protein 2	20075.4	25431.6	4119.38	20044	8081.22	10304	6678.08	7193.47	5536.57			1691.21		952.487		2449.29			10891.1			6296	727.783				6956.16		6774.05	3771.68	1212.22			13656.2	988.556				3796.2	2149.45	3845.72	3958.07		890.326	8769.15	2530.99	3077.29	3322.84
Q15370	ELOB_HUMAN	ELOB	Elongin-B					5902.38														7934.75						3550.23				4300.61					5217.08								4456.28			5410.64			
Q15389	ANGP1_HUMAN	ANGPT1	Angiopoietin-1	8275.14	6302.16	17381.7	8883.64	9552.38	15701		8936.57	12704.5	7648.63			9460.81	9413.5	5983.55	8086.16		7033.85					9081.53	16638.6	3079.61	9162.55	10290.4		6883.7	5013.55	7292.22	3831.6	3667.76	8611.42			6622.8			3931.35	13037.4	4173.41	8075.8		12711.3	9080.46	8959.64	5866.91
Q15404	RSU1_HUMAN	RSU1	Ras suppressor protein 1	10389.7	10278.3		12285	4636.54	8071.3			3925.23													5715.68					5742.51		6919.59												8673.43				10136.7			
Q15424	SAFB1_HUMAN	SAFB	Scaffold attachment factor B1	1196.36	5271.53		1199.82	811.955											8754.71			17895.1		5218.44		3421.08	8237.48	3681.6														1771.83		2652.82	3808.53		4554	2979.04			
Q15435	PP1R7_HUMAN	PPP1R7	Protein phosphatase 1 regulatory subunit 7	14002.5	15427.9	6112.97	13806	14074.1	11816.4	8337.25	4464.44	5536.05		4820.57	9896.3	2897.58	9057.03	8341.27	13082.3	12428.9	12658.9	50881.3	12904.4	13703	17987.1	16987.1	30495.3	13434.6	19682.3	8555.17	9157.01	9949.5	9503.39	3832.81	4799.12		11700	17396.6		8644.69	10130.7	13532.1	12137.2	19310.8	20243.6	9680.13	10357	13750.5	14721.6	17700.1	16953.5
Q15485	FCN2_HUMAN	FCN2	Ficolin-2	106379	125197	401704	125180	226112	457114	459766	297961	423177	241603	573697	534828	444364	274124	331337	340902	371502	286972	221345	262312	264831	334270	216106	492950	358701	260535	145856	457702	152725	142409	138580	366426	394052	196222	360603	162165	70025.4	220261	344555	160207	218737	219685	313730	174827	254841	258159	276566	264017
Q15555	MARE2_HUMAN	MAPRE2	Microtubule-associated protein RP/EB family member 2	37991.8	49363.9	6859.46	47196.3	12943.2	10313.6		7733.92	5678.33							5002.37			7838.94			10117.5		10409.5	7442.38		10953.8		11029.6	7758.84				16280.3					4159.74		7833.21				14417.5			
Q15582	BGH3_HUMAN	TGFBI	Transforming growth factor-beta-induced protein ig-h3	108295	110104	140725	114654	167731	136690	103047	140574	127303	139585	266524	99937.8	176149	169609	240827	200664	143488	107765	126897	142554	143577	94351.2	96963.1	136954	184337	95402.7	201591	138918	200945	202225	96949	115110	122768	110358	191754	205363	153680	182647	103791	158269	98926.5	147100	118120	152926	172110	118136	123642	111219
Q15691	MARE1_HUMAN	MAPRE1	Microtubule-associated protein RP/EB family member 1	30233.1	36313	4849.77	36304.1	11913.2	38545.4	5006.77	8050.46	4432.39							7119.14		3640.22	15876.2		3521.64	19119.3	3186.92	8154.27		5949.88	22497		20610.4	21851.3				22969.8				6348.54	10555.4		13039.3	6671.48			35821.8	5253.15	6454.08	7509.88
Q15746	MYLK_HUMAN	MYLK	Myosin light chain kinase, smooth muscle	44947.4	51745.5		41332.9	15197.8	53378.9		12197.8								7736.01		11111.1	21611.3			37605.6	4820.15	12286.9	8717.35	7036.32	33151.9	5802.77	35425.8	41874.9				63824.4					14031.1		19676.6	4666.28		7081.48	48354.2	21923	20375.4	24032.7
Q15828	CYTM_HUMAN	CST6	Cystatin-M	3691.44	1783.21	7256.28	2890.19	14207.6	4130.85	11651	6978.03	7932.07			8074.54		7943.47	8872.9	30189.1	4811.01	5509.69	11921	5660.11	4989.6	12552.1	6404.13	4732.54	12064.4	7947.29	5025.58	4542.05	5799.81	6363.22	9961.93	8132.09	6697	10458.8	8708.91	12193.7	13615.7	7714.44	12385.8	11876.1	2222.36	4715.75	5998.02	5851.99	8870.5	14799.4	10817.1	12706.1
Q15848	ADIPO_HUMAN	ADIPOQ	Adiponectin	34943.8	25404.6	38560.8	32490.7	90015.5	18391.8	25703.6	18989.2	33169.6	13787.4	19650.1	19609.9	15852.2	15673.9	18415.6	20719.4	23490.5	13332	20202.7	25413.1	26601	16213.4	27933.1	18270.7	20825.7	32229.7	27086.5	20614.4	34863.1	33190.2	32757.4	16009.6	18469.6	18903.2	22589.1	43509	12392	21713.4	31526.1	13812.1	31408.1	23954.5	22436.2	20289.5	61123.9	27279.8	51953.8	36946.3
Q15904	VAS1_HUMAN	ATP6AP1	V-type proton ATPase subunit S1	1865.72				3997.21	2896.08		3057.96	2568.23		5017.79	3721.11	3612.39		3505.16				1701.13					2969.42			2394.33		3561.2	6130.16	2836.09	3105.19		4151.7	4084.03	6857.79		7363.31		7221.99		2979.43			3666.02	5833.32		
Q15907	RB11B_HUMAN	RAB11B	Ras-related protein Rab-11B	21668.4	19936.2	6929.28	22634.6	15116.3	51297.7	12033.2	12114.5	4477.08			7294.53		8818.95	16104.8	11661	5786.35		13353.8	9349.19	8186.4	29720.7	5950.54	16445.7	6258.7	6424.16	34417.4		28926.9	33479.1		7562.52	9886.63	22456.7	5431.47	4571.3	23309.4	12066	13241.3	8389.7	17819.4	8537.86	8731.75	10905.8	38184.9	6543.19	13778.1	10594.7
Q16134	ETFD_HUMAN	ETFDH	Electron transfer flavoprotein-ubiquinone oxidoreductase, mitochondrial																			23783.6																72536													
Q16270	IBP7_HUMAN	IGFBP7	Insulin-like growth factor-binding protein 7	7901.05	7177.99	13953.4	7274.41	28005	10877.8	12225.1	14173	11983.7	8198.34	14527.2	12372.4	11858.2	11002.4	8960.7	12455.8	10178.3	17438.9	33771.5	10220.3	14489.1	20497.2	39343	14513.5	12153.5	34529.2	19548.5	11455.1	22622.3	24607	8064.01	8265.69	6771.71	9756.72	15533.6	18156.4	21627.5	30025.1	10309	20413.4	12819.1	15919.9	14225.2	11885.6	15053.3	19968.9	18598.3	18459.5
Q16394	EXT1_HUMAN	EXT1	Exostosin-1	28612.5	30140.7	39813.5	32464.3	43058.3	35452.2	14618.7	18289.2	43323.2	14686.4	11095.6	16863.3	27724.9	19828.9	29835.6	36352.9	44411.7	29295.9	31313.6	23901.9	23955.9	44311.6	33363.9	43788.6	39596.7	34781.3	35997.6	44061.9	35380.2	36673.3	18888.1	19416.6	22371.3	12985.5	76682.4	29409.7	17692.4	43642.4	27337.3	26156.1	40488.7	46829	10994.4	30269.8	36487.2	27384.7	30129	26968.6
Q16539	MK14_HUMAN	MAPK14	Mitogen-activated protein kinase 14	2703.5	4528.32		4829.83												3717.64			10718.6					5520.72	1260.24	4827.73															2411	3465.17			2205.34	510.148		
Q16610	ECM1_HUMAN	ECM1	Extracellular matrix protein 1	94855.9	98068.2	185192	100704	122034	149263	83456.2	116257	147547	95364.4	97019.8	80075.8	153976	106479	60396	104125	204861	137139	106171	85171.6	87475.5	85503.1	182544	108554	98333.4	145337	117982	142193	114507	97248.3	153802	48606.7	41885.3	79011.8	46881.2	183803	83691.2	100077	100008	51212.8	98504.2	160678	122910	76719	102929	89247.5	106026	98223.9
Q16643	DREB_HUMAN	DBN1	Drebrin	8041.7	14157.7		2742.93	2355.71	5483.56		1893.02				1102.44	2264.52		1412.71	891.078						3310.28					3667.26		4252.45	3489.03				4251.03							1017.82		797.183		6872.41		1633.34	960.235
Q16706	MA2A1_HUMAN	MAN2A1	Alpha-mannosidase 2	58059.8	56416.9	46432.2	57809.2	62425.4	64822.6	39440.9	49320.5	43455.6	42907.9	55688.4	37226	56941.8	42122.6	44796.6	52136.9	82795.8	63841.7	46213.6	54316.4	54548.2	40308.2	51245.4	54260.9	67476.4	48724.4	58433.8	76882.4	57514.9	61569.5	55096.5	55735.5	60037.3	47593	87739.9	56864.4	43256.6	67246.2	61602.3	36226.9	83127.5	76418.3	37100.5	46311.8	53904.8	45923.7	45905.3	48158.4
Q16769	QPCT_HUMAN	QPCT	Glutaminyl-peptide cyclotransferase	23873.9	26518.7	15941.7	21147.4	33276.9	29383.7	19177	14867.8	20653.2	31787.4	17192.6	15562.7	12130.4	20054.7	12645.9	42032.3	23986.2	12907.6	16493.6	22581.2	22755.3	22588.2	22809.8	23955.4	25682.2	25749.6	26815.4	24515.7	22966.1	28060.7	22544.3	21785	19071.7	20735.4	23222.8	14202.2	10039.9	22234.5	16707.9	59034	54779.5	26988.1	20963.9	23244.4	27936.2	17876.6	16795.4	19229.3
Q16822	PCKGM_HUMAN	PCK2	Phosphoenolpyruvate carboxykinase [GTP], mitochondrial	2148.7	2962.94	3196.2				6246		3230.53			7152.31	6152.22	7031.29	4774.62	3604.31			10892.2	5924.77	6248.96				8912.78		11478.6		14459.3	12157.5		9979.36	10086.9	5059.98	33876.5		10038.2			6321.21	9469.74	5007.95	4748.79	4469.35	10056.7	4141.37	5281.1	6203.23
Q16851	UGPA_HUMAN	UGP2	UTP--glucose-1-phosphate uridylyltransferase	4766.77	7093.43	5914.5	7732.5	4281.07	3781.51	6789.97	6364.92	4097.8			5793.34				18230.3			8747.91	5303.42	6908.85	5970.44	6676.52	9862.34	40891.7	5152.15	2883.62	2244.81	4596.56	2362.53	2038.13	6034.75	6259.81	7455.15	36181.1		10785.9	5812.9	3507.04	4780.9	16890.3	34559.4	2395.78	9279.82	11721.1	5439.04	5887.04	6896.14
Q16853	AOC3_HUMAN	AOC3	Amine oxidase [copper-containing] 3	7805.42	8920.42	8847.94	9978.56	23330.9	8019.9	12273.8	17369.2	13708.2	18013.6	15447.5	17533.7	29291.5	25325.8	6782.92	7727.25	15397.1	18978.1	22011.1	9102.44	7191.8	9253.84	11113	5097.77	6633.29	8912.9	10820.3	12750.5	13566.7	12542.3	4829.76	8073.1	5648.67	7911.69	17962.3	37147.6	28288.9	19877.4	20278.4	16364.8	12978.2	8469.14	9539.28	15134.2	6613.56	15677.2	15505.4	13542.3
Q1KMD3	HNRL2_HUMAN	HNRNPUL2	Heterogeneous nuclear ribonucleoprotein U-like protein 2		4012.15					3456.31									7371.77			19327.4	2552.02		5388.56		4560.96					3706.81									2240.08	5234.11	4077.56		4795.02			4538.08	3980.7	4506.04	4283.32
Q2M3T9	HYAL4_HUMAN	HYAL4	Hyaluronidase-4					7126.46																																											
Q32MZ4	LRRF1_HUMAN	LRRFIP1	Leucine-rich repeat flightless-interacting protein 1				5978.66						8703.32						6232.6			23770.8			10500.2		12987	6118.65		3058.01							10815.4						6065.06	5242.17	6520.99		6205.31	8325.98			
Q3LXA3	TKFC_HUMAN	TKFC	Triokinase/FMN cyclase	4218.05	5013.72		4609.79		4652.15	11505.9			5250.59	3826.23	6841.25	6818.15	5776.75	7443.65	6620.99	2965.82		5450.3	5459.18	5308.7			3936.31	6728.12	3061.96	8775.08	3452.73	10160.3	8779.46	5268.95	10997.2	14821.9	7016.81	24271.4			4066.95		5663.34	5352.45	5339.49		3197.85	5157.14	6329.77	5508.5	5115.45
Q3SY84	K2C71_HUMAN	KRT71	Keratin, type II cytoskeletal 71	35692.3	16785.8		9644.89	27574.1	13596.1	21092.3	41425.8	66783.2	53650.7	88732.8	12284.4	74553.2	88611	27354.2	37648.7		9607.87	7807.44		12410.5	30476.2		42417.7	28376.5	33321.4		71203.3	90701.7	112433	85621.5	48344.8	19612.8	49645.1	27337.5	36004.5	17144.9		19856.8	73510.6	17208.2	21269.3	21948.3		27879.8	70787.4	84152.3	89689.6
Q3ZCW2	LEGL_HUMAN	LGALSL	Galectin-related protein	74390.9	77942.3	8357.67	80728.1	19394.4	72123.7	4197.87	24572.8	9569.25				12402.1	12681.8		5484.11		6526.13	6677.46			40083.7		15239.8	5155.44	7708.45	49688		49772.3	51722.8		3886.91		42725.1					11583.9	7198.55	15876.6		10529.7		65861.2	11065.6	12961.5	11423.2
Q4G0M1	ERFE_HUMAN	ERFE	Erythroferrone	1723.53																		5821.88		2034.33		7064.37	3393.38	4015.64	5158.04																			3453.54			
Q4LDE5	SVEP1_HUMAN	SVEP1	Sushi, von Willebrand factor type A, EGF and pentraxin domain-containing protein 1	12255.8	11366.2	7837.6	13594.7	44205.5	9118.83	8972.18	9011.15	9550.37		6926.2	7934.23	12545.9	15539.6	8834.01	13025.3	32963.4	41681.2	30355.5	12708.8	14466.5	40180.2	46971.9	28334.7	32532.2	39066.8	29750.3	25510.6	27676.9	29250.1	7666.67	8820.99	8481.92	12356.5	44232.9	15521	23552	37507.6	14814.7	14834.1	27137.5	54075.9	10880.9	29157.2	51732.6	18316.8	18861.8	21466.2
Q53H76	PLA1A_HUMAN	PLA1A	Phospholipase A1 member A	5738.09	4843.44	5206.29	3856.24	3694.44	4984.4	9476.35		5979.54	6964.95	4969.43	10547.4	5683.57	7459.78		16810.6	8995.96		4931.21	7259.84	8267.29	7438.17	4243.02	4632.57	4859.67	5471.46	5350.08	10956.4	1499.51	4124.54	1690.24	5228.75		4542.73	4772.92	16158.8		10405	8917.72	5340.11	5376	10835	4453.09	7232.69	5461.26	3694.54	4335.08	4461.56
Q53RD9	FBLN7_HUMAN	FBLN7	Fibulin-7	4161.33	3634.6	3426.69	3422.69	7882.13	3774.05	4532.18	3658.48	3416.05			4093.09			5885.91		4217.2	2704.24				2978.96				3163.52	4468.41	2767.59	3022.85	4157.46	3683.72	1823.67	2644.41	3022.26	3052.48	5741.71	3113.67	5137.77	3108.36	3344.45		3841.28			2913.3	2154.67	2950.43	2728.11
Q53RT3	APRV1_HUMAN	ASPRV1	Retroviral-like aspartic protease 1	6071.79	3434.06	12683.3	6923.05			4302.65	4475.39		7721.8	8058.29			3193.29						1416.42		5472.31			8154.18	5972.53	5229.9	7638.62	18121	6257.81	10242.2	7910.03	6105.9	7061.98	12991.5	2027.16			6888.58	6594.64		2112.92			7094.04	6687.57	7800.35	8287.48
Q562R1	ACTBL_HUMAN	ACTBL2	Beta-actin-like protein 2	1.33447e+06	1.49041e+06	652624	1.3259e+06	971347	893343	538079	748752	663335	489979	507617	486327	204194	624729	421545	764431	275031	701387	1.78935e+06	481303	521547	771250	566793	746648	717648	575987	843626	245310	769581	765739	254815	240630	345224	1.23821e+06	592587	135551	241369	490464	615759	423141	966408	1.22238e+06	377894	474428	1.29705e+06	609857	563291	571975
Q5D862	FILA2_HUMAN	FLG2	Filaggrin-2	130668	66496.3	161545	63836.4	70570.4	38174.1	47379.5	104105	130778	63421.5	36504.2	17668.3	122345	109851	53910.9	90691.3	48907.1	68869.7	25158.7	36620.5	42629.9	138590	53818.9	78618.1	103079	113345	67858.2	238118	149082	121375	145977	86390.6	67854.6	120472	43500.8	39981.2	62950	38129.3	76213.6	130001	40258.5	33244.6	71132	19514.8	114079	105083	108265	92971.7
Q5JRA6	TGO1_HUMAN	MIA3	Transport and Golgi organization protein 1 homolog	93292.1	100190	68772.7	99122.2	109656	44550.1	80649.7	32055.2	50962.6	55929.3	151571	109471	24295.2	60240.2	188728	607002	73921.9	232280	266443	283642	304116	64398.6	112181	59786.5	232521	108635	94345.4	80540.5	120772	109283	52407.6	44661.7	58731.2	300713	62614.6	87773.8	84370.5	166157	59421.6	138412	265334	210375	135183	201179	99724.4	177430	169472	176989
Q5SQ64	LY66F_HUMAN	LY6G6F	Lymphocyte antigen 6 complex locus protein G6f	7636.95	6501.39			3893.55	5643.42																					3410.32			5486.67															5304.35			
Q5SSJ5	HP1B3_HUMAN	HP1BP3	Heterochromatin protein 1-binding protein 3	5557.68	6865.52	1980.62	6963.54				3271.8		10141.7						11367.5			33855.5					13578.1										3589.48											4726.88		5444.88	5940.9
Q5SZK8	FREM2_HUMAN	FREM2	FRAS1-related extracellular matrix protein 2	2753.61	2170	5069.98	3147.28		3065.74	732.2		5237.16	1699.11							560.91		660.504	772.951			611.598		713.375		527.706		399.44		1213.22	2011.77	1642.75	2035.95	717.588				485.263	1867.47	464.8	1497.26						
Q5T1M5	FKB15_HUMAN	FKBP15	FK506-binding protein 15	8851.15					5642.15	9829.75					9932.1		21486.3		20383			27925.4		6682.72	14039.4		11910.7	7774.94									13673.2	19346.7				10750.5		7972.87				8741.15	13310.5	10834.6	9909.29
Q5T5C0	STXB5_HUMAN	STXBP5	Syntaxin-binding protein 5										6.57704e+06					8.81933e+06																									4.22057e+06								
Q5VTT5	MYOM3_HUMAN	MYOM3	Myomesin-3					5215.84											6177.77		6458.89		10962.8	11897.6				18019.9										6021.43						3242.21						3287.81	5801.29
Q68BL8	OLM2B_HUMAN	OLFML2B	Olfactomedin-like protein 2B		1106.3														16381.9			11075.3	3753.66														3516.96		12800.9					3237.98	4532.77		5292.05	2274.34	2531.52	2413.88	
Q6E0U4	DMKN_HUMAN	DMKN	Dermokine	9286.98	7914.89	8006.95	7274.89	32415.8	6323.72	13429.9	7854.7	10249.7	9931.28	16403.9	13143.2		4307.37	16354.8	7997.91	8023.1	10061.4	30984.8	7406.56	6424.66	6991.96	7440.87	12271.4	12740.5	7444.61	6026.7	6704.64	5367.56	10301	10557.7	7588.22	15840.2	12174.6	21716.5	9884.31		7285.43	7487.84	12989.7	11417.1	10400.7	8627.45	8847.54	8965.26	11557.9	10943.6	11967.3
Q6EMK4	VASN_HUMAN	VASN	Vasorin	86816.6	91626.5	92883.8	94628.3	200559	94313.9	93378	83688.3	96168.9	83100	80932.2	111062	150903	73441.3	116154	60586.3	114249	128426	156551	90697	88680.7	130394	134046	109872	91952.3	130176	119330	93158.2	117494	123626	89538.5	74762.6	70113.9	50740	150149	165393	158318	125669	117852	137899	114148	165212	87446.4	114564	134916	98865.3	83616.3	92330.5
Q6IBS0	TWF2_HUMAN	TWF2	Twinfilin-2	11578.8			14300.3	8997.8	10768.5													11679.2			7748.9	6575.5	7950.1			9393.08		10720	12215.6			2194.75	17012.8				4337.3			6422.1	5675.38			16897.4			
Q6ISS4;Q6GTX8	LAIR1_HUMAN;LAIR2_HUMAN	LAIR1;LAIR2	Leukocyte-associated immunoglobulin-like receptor 1																94451.4																																
Q6JBY9	CPZIP_HUMAN	RCSD1	CapZ-interacting protein	1864.82		1146.67	1610.2						1535.73	1900.27					1897.52			11129.3			2389.06	1468.95	4853.72	2115.35	2350.87	1981.04		1844.95	2388.33	483.644			1265.33					566.959	3635.56		1732.05		1016.2	2534.06	2379.84	2040.83	2232.71
Q6KB66	K2C80_HUMAN	KRT80	Keratin, type II cytoskeletal 80	5751.43	2056.52	7836.03	2222.54	2141.46		2081.05	5208.03	5226.48	4946.62	9746.51	1831.31	5223.13	7537.75	2164.5	5983.25	2269.75	4411.63	2129.06	3259.38	2186.13	7478.85	3541.08	5831.8	5035.13	5063.74	4653.85	8624.85	4647.33	4669.86	7708.08	3162.93	3324.27	4528.59	4010.29	4897.14	3548.89	1640.01	3793.11	4832.31	2514.71		4162.74	2660.66	4447.68	4056	3760.45	4231.35
Q6P179	ERAP2_HUMAN	ERAP2	Endoplasmic reticulum aminopeptidase 2	4006.65	4004.87	4346.7	3470.91	8685.3	5371.09	4799.7	2228.09	5507.45	13187.1	13336.3	5498.85	14217.5	7689.12	7720.31	13669.3	6480.58	8368.23	14053.4	3054.22	4848.74	7786.6	9633.44	4039.12	3837.88	10240.5	11200.3	4520.09	11931.3	12091.5		13112.2	14043.4		9918.85		7406.61	5920.53	9105.28	21549.6	16121.7	16795.7	16950.7	5861.51	5193.06	6986.88	7555.95	5900.54
Q6P4E1	GOLM2_HUMAN	GOLM2	Protein GOLM2	4464.2	4155.5		4027.29	14219.6	10412.4	14825.7	5174.78	7458.78	12221.1	24618.6	22771.1	7191.57	7642.79	10121.2	11631.7	11640.8	15089.1	7411.26	7652.9	5358.64	10767.2	9001.82	13876.8	16309.7	6308.71	5093.98	9643.26	10666.5	12995.3	4340.04	6388.51	5969.28	27692.9	5901.51	9536.3	28623.4	21374.9	8140.37	22179.4	14078.9	18168.2	8869.27	18870.3	9768.89	9123.9	9736.15	11591.9
Q6P988	NOTUM_HUMAN	NOTUM	Palmitoleoyl-protein carboxylesterase NOTUM	1830.77	2027.41		2608.08													1817.02													848.45									963.965		2655.25	985.276						
Q6PCB0	VWA1_HUMAN	VWA1	von Willebrand factor A domain-containing protein 1				1574.17	2606.16											2569.01		2562.01					1387.85		2015.3				1764.88	1559.78				2151.59		4895.56		4561.03	1176.3					3722.03		2252.96		2615.38
Q6Q788	APOA5_HUMAN	APOA5	Apolipoprotein A-V	33170.1	36734.6	34702.5	32973.2	12168.5	36463.2	129790	27306.9	33569	18248.6	125387	113796	33562.8	21664.1	23949.4	40665.3	89092.7	19120.3	23567.6	23306.4	26613.7	127666	35593	39106.5	12321.4	36532.2	14248.7	89279	17234.2	15000.8	18016.7	77224	83723.7	63063.4	43652.9	54149.7	35463.8	85826.1	45649	19018.7	39793.4	44940.5	28436.8	38843.8	11207.8	34319.9	33478.6	35765
Q6UVK1	CSPG4_HUMAN	CSPG4	Chondroitin sulfate proteoglycan 4	43739.7	47056.4	20637.1	41859.7	88682.9	20441.9	28709.4	18496.4	19348		17220.2	24802.7	19996.1	29418.6	23390.7	64219.7	31711.9	22767.8	81142.4	26535.3	28796.7	25232.9	32704	26273.2	54652.3	33679.1	29323.1	28792.8	35034	28241.7	18502.8	12724.4	17972.3	30876.5	64004.5	55752.5		88465.1	42041.8	25163.9	78663.8	113890	21079.9	50642.2	48024.6	32508.3	32587.6	27301.4
Q6UWP8	SBSN_HUMAN	SBSN	Suprabasin										10319.6				12550.5	6241.11			7656.64							16755.4	5461.83		6582.11	3634.05	16218.9	7693.41	7795.61	5999.34	5404.19					3345.45							11253.6	13270.7	13716.7
Q6UWV6	ENPP7_HUMAN	ENPP7	Ectonucleotide pyrophosphatase/phosphodiesterase family member 7		1420.83	807.076			1608.26			1149.68				1215.51		1149.33					2507.6	1844.55						5259.77		3262.28	3117.79	740.066		1161.85	747.874	1207.16		1521.31			1284.76		963.759	889.846	830.479	6916.69	1644.88		551.345
Q6UX06	OLFM4_HUMAN	OLFM4	Olfactomedin-4	2330.05			1280.41					2081.07	9003.45				9438.33		26356			29863	3418.34	2004.73	5601.89		4469.67	5069.67		4274.29		3678.27	4600.98				9967.95						86194.7	3261.96	7314.44		2459.78	7130.75	6481.89	5671.89	5122.94
Q6UX71	PXDC2_HUMAN	PLXDC2	Plexin domain-containing protein 2	112670	115437	116200	111353	289633	94065.9	149234	77208.7	97306.3	105441	80405	128430	127653	121290	107029	85993.6	105750	155164	190344	92439.8	92549.9	199661	135627	240607	107247	141960	178417	107480	176914	159028	83095.5	69728.5	62179.4	60157.4	171928	222867	140128	126721	121886	115027	278684	248416	80930.9	139918	247315	100860	113080	102051
Q6UXB8	PI16_HUMAN	PI16	Peptidase inhibitor 16	36273.1	34096.3	17123.8	39737.1	87961.2	28089	19204.9	24683.7	17449.2	32222.5	16554.3	15004.6	84682.1	19726.9	20039.2	9419.71	21027.7	17831.9	26332	21320.7	18569.2	24384.2	21153.3	14659.9	22319.5	20829.1	22924.3	23466.3	19875	21190.1	36569.3	10599.4	13230.1	8092.41	7775.52	92270.9	12034.6	30938.9	17794.6	7091.16	8540.97	25932.3	13113.6	15695.1	16961.5	12689.3	18057.2	18780.9
Q6UXH0	ANGL8_HUMAN	ANGPTL8	Angiopoietin-like protein 8	11178.7		15838.7	8838.46	17394.4	21172.1			16920.1						9870.89	18256	12468.8	42491.2	13547.6	11928.2					15762.8		14741.3	15270.1	8782.25		10495.7	6771.58	14007.4	11458.8	25910.1		5660.43	48833.4	13783.3		36372.8	104931	12942.8	18942.3	24814.4	11775.8	20551.5	22395.4
Q6UY14	ATL4_HUMAN	ADAMTSL4	ADAMTS-like protein 4	94625.9	102948	56249.8	84687	164142	60572	84222.8	47543.6	57266.6	42878.3	64847.4	88779.6	44389.9	38349.5	82782.4	45388.5	75354.9	68392.5	86372	42633.5	42587.2	107475	60059	85768.5	32098.2	55773.2	136704	77704.6	129223	126340	59717.1	53662.6	49036.4	35749.9	115952	102254	36996.8	81086.2	73995.4	25933.3	71682.4	96134	54157.4	70001.1	105362	52537.5	54841	49409.9
Q6V0I7	FAT4_HUMAN	FAT4	Protocadherin Fat 4	1193.35	3992.63	1676.3	2097.67	3374.33	2530.89								3365.45	4546.59			3144.16	1973.34	2588.41	2704.92		2319.2	2536.43		2450.24	3733.46		5251.48	3800.79			3269.71	2946.45	3689.03	6018.47	5627.55			1856.34	5048.39	2697.61		3316.84	5368.4		2746.29	1974.59
Q6WN34	CRDL2_HUMAN	CHRDL2	Chordin-like protein 2	8144.09	8914.12	9560.96	10679	18148	10128.6	12381.6	10701	7230.76	10267.5	18737	5672.53	10788.1	12490.9	21212.1	9091.58	11834.8	7889.71	13274.6	3452.64	5959.96	18766	8053.72	34083.6	7516.4	5482.55	25628	4582.09	37207.2	31583.9	6756.96	7379.66	6042.05	18754.8	10287	27516.1	36517.3	24711.3	11040.2	13205.2	11628.6	27164.5	5098.86	16798.7	19465.9	16549.8	17964.3	18561.1
Q6XQN6	PNCB_HUMAN	NAPRT	Nicotinate phosphoribosyltransferase	2943.23	2602.57		4096.38		7000.76	4111.11					10739				7318.89			14677		9399.31								3277.76						6211.83						4411.71				7261.76			
Q6YHK3	CD109_HUMAN	CD109	CD109 antigen	23600.1	24462.5	21374.3	20988.3	25047.4	17220.2	24360.4	25817.7	20956.2	16425.6	21076.2	20381.6	21778.4	32292.2	15314.7	15160.5	21077.3	15292.3	13765.2	12062.7	9494.37	21654.3	21712.4	17666	16793.2	18529.2	25491.6	16714.5	25746.9	28710.4	23152	10669.8	12244.9	15786.4	20931	25292.2	11150.7	26560	20686.4	17019.1	22897.5	27533.6	12021.8	16651.4	35574.3	15680.4	15211.4	15995.6
Q6ZRP7	QSOX2_HUMAN	QSOX2	Sulfhydryl oxidase 2	6571.6	7263.23		6965.07									13937.4						4932.95		10796		9566.14		3782.4	8339.66	8054.38														6407.93				8323.6			
Q6ZVX7	FBX50_HUMAN	NCCRP1	F-box only protein 50	6657.02	4930.03	8165.84	3410.36	4025.65	2744.54	6037.99	6531.79	7409.31	4104.46	9935.34	2697.9	7539.58	7578.21		11604.4	4530.61	5417.95	2775.12		5047.04	9823.81	3438.91	6693.33	6967.85	5646.53	4647.52	13855.9	9590.42	5920.16	10579.5	4956.12	6227.13	7160.2	7040.41	4826.11	5608.81	2016.92	5709.57	8267.24	2565.57		5185.14	3412.14	7209.98	7503.39	5959.05	7494.01
Q71U36;Q9BQE3	TBA1A_HUMAN;TBA1C_HUMAN	TUBA1A;TUBA1C	Tubulin alpha-1A chain	175383	208389	106532	192150	73619	124642	81020.3	113848	98496.4	81321.9	96221.4	53538.1	34519.2	67160.7	46384.1	74061.1	12968.2	61477.5	187862	52135.9	52750.9	132925	31276.8	109613	53158.8	39503.9	74688.1	14940.2	74147.6	66594.5	42845.2	36803.8	34526.5	118482	20356.7	9186.92	37098.7	17940.9	74271.6	60895.7	91211.8	81829.6	41462.1	26982.3	146492	59167.8	60072	60765.5
Q76LX8	ATS13_HUMAN	ADAMTS13	A disintegrin and metalloproteinase with thrombospondin motifs 13	60123.5	58868.1	87140.6	57205.9	59557.3	86228.6	60631.3	63665.1	87465.7	76296.1	49945.4	58208.5	71792.4	51513.6	40080.5	44665.5	72773.1	30994.5	27777.2	32548.9	25215.2	35166.7	55847.8	23767.4	29407.8	48694.6	34855.8	58733	43620.1	45323.1	50628	53276.6	59241.3	36918	57656.8	48185	19134.3	42627.2	54534.7	47424.7	30753.7	39264.8	52026.7	37392.1	28537.7	34089.9	32365.8	31111.9
Q7KZF4	SND1_HUMAN	SND1	Staphylococcal nuclease domain-containing protein 1	9111.39	6737.84	1300.64	2962.7		1774.08		2014.13	2585.3					4485.6		2791.86			4254.97					2638.47	1269.14			1020.39	1910.66	1956.26				2941.66		3040.03			3967.67	3900.02	1822.24	1970.97			1660.72	2116.2		1324.96
Q7L591	DOK3_HUMAN	DOK3	Docking protein 3	1282.17	2473.96			926.671	602.876																																										
Q7L9L4;Q9H8S9	MOB1A_HUMAN;MOB1B_HUMAN	MOB1A;MOB1B	MOB kinase activator 1B	7616.3	7462.17		6019	2884.76	5627.18			1740.53	1388.14				3135.73					2534.26			4326.79				1442.94	2784.68	1119.97	3753.19	3796.55				4736.51					1426.95						6637.46	1451.61		
Q7LFX5	CHSTF_HUMAN	CHST15	Carbohydrate sulfotransferase 15	2350.65	3405.32	2216.46	3256.31	19867.4	5974.49	5020.19		2713.02							9621.67			9628.86		5039.88	14160.3	15797.3	11056.6	4062.02	10198.1	6698.09	8373.92	4586.62			2928.22		2826.3	6031.57			14768.4	5244.04	5698.09	12631.7	8476.99		4445.38	4770.75	3888.38		4480.23
Q7LGC8	CHST3_HUMAN	CHST3	Carbohydrate sulfotransferase 3	1245.74	1207.25		1893.59	3734.73	774.768	1709.5		1393.59			3381.09		1221.59		3392.42			2863.3		1256.34		4532.38	3871.44		2727.93	2266.34		2988.8		2145.1			2477.77	6919.42			2937.05	6354.13		3656.41	4550.36	1451.87	1782.05	2403.06	1627.21		
Q7Z304	MAMC2_HUMAN	MAMDC2	MAM domain-containing protein 2	5553.6	4800.87		4710.84	6973.88		2722.18		5945.42					5580.56		9378.9	2850.5	7416.19	13621.5	5345.52	5363.27		7337.77		9550.75	6250.59	5403.45	5942.1	3837.51	5102.14		11324.1		5090.38	7276.89			7714.16			7053.54	22243.4		4190.15	4886.07	5355.41	6913.69	6102.68
Q7Z4R8	CF120_HUMAN	C6orf120	UPF0669 protein C6orf120	3373.36	5496.6	4500.08		6188.88	7430.06	5429.54	2574.51	4526.86			2063.37				8916.34	10951	9474.8	7119.98			9560.79	5584.17		6216.94	1597.46		6889.69	8146.6	10547.8			5112.39	5286.85	10783.2			8321.99	10020.4	14631	7666.45		8194.58	9387.45	6276.1	10562.2	9292.47	8870.81
Q7Z4W1	DCXR_HUMAN	DCXR	L-xylulose reductase	5690.89	4930.91	5998.18	3742.86	2430.38		7006.18					5118.11			1767.24	5010.29		1902.95	1991.66	6471.42	5445.15	3295.97			7337.89		8031.91	5325.17	6669.21	4161.08		4172.86	8003.51	5921.74	27903.9				1342	5502.45	5008.1	3931.72	7846.17	2532.61	6061.14	3990.18	2664.27	3840.01
Q7Z5N4	SDK1_HUMAN	SDK1	Protein sidekick-1	2663.16	3351.87			4450.23	1505.99						4124.08						5313.89	5215.4	1624.33	2323.22	4586.47	4688.56	7863.21	3375.53	8208.87	7205.75	3854.05	2500.6					1748.31	3974.2			2689.99	2263.88		7080.45	6793.8		4002.78	3071.61	3652.58	3154.9	2212.8
Q7Z794	K2C1B_HUMAN	KRT77	Keratin, type II cytoskeletal 1b	32248.6	19870.1	34658.3	10531.9	14055.1	8426.57	20538.5	16567	25937.1	13732	34816.3	4064.17	19016.2	39032.6	6304.36	23715.2	11334.4	10662	8709.54	8729.88	17235	36106.2	11440.2	34243.8	32487.2	36910.3	27217.7	51896.5	38421.4	23514.8	41466.7	25192.1	19891	57778.9	17623.8	17868.9	24719.1	9439.5	16940.8	28779.6	6824.59	6048.9	14874.8	8158.91	28616.1	29686.1	31098.9	30721.4
Q7Z7G0	TARSH_HUMAN	ABI3BP	Target of Nesh-SH3	26601.6	25318.4	36073.8	23662.1	34759.1	24286.9	53914.3	31707.2	28664.7	26126.2	34377.5	62017.5	27499.9	26061.9	31384.6	17425.9	43001.1	24383.8	48224.9	22209.4	22132.9	43066.7	22283	51760.2	22256.2	21107.7	43695.9	38212.5	46088.4	41578.2	22529.1	21572	21840.3	29380.9	76715.4	56847.4	25221.6	29807.2	33517.3	36719.8	44343.2	39965.6	24634.5	41360.3	28572.2	34479.2	27709.6	29871.4
Q7Z7M0	MEGF8_HUMAN	MEGF8	Multiple epidermal growth factor-like domains protein 8	8437.1	7663.95	6655.64	8504.95	8239.09	7054.83	8611.02	12166.3	6441.14	5728.41	8993.58	7618.42	11473.1	10078.2	5583.39	5513.75	4382.73	7349.47	2982.56	5100.18	9948.82	4645.37	8186.08	4947.63	6002.8	8103.24	9120.71	4922.54	5287.87	4544.42	5825.21	8804.83	7859.88	7753.39	7682.97	11341.7	7414.34	4729.48	6898.05	9454.52	3863.96	8044.12	8255.48	8035.1	7145.8	3656.38	5771.29	5763.84
Q7Z7M8	B3GN8_HUMAN	B3GNT8	UDP-GlcNAc:betaGal beta-1,3-N-acetylglucosaminyltransferase 8	20275.7	20212.5	15211	17618.4	7663.47	15767.8	15272.1	9312.42	15855.1	7353.11	6103.76	15547.8	9238.86	5020.89	10863.4	3971.67	15616.9	9172.33	14138.7	9187.56	9590.12	11345.7	18396.4	17903.7	6373.97	16074.7	22075.2	15048.6	16939.3	15204	7525.12	7241.63	9933.82	9127.64	11186.8	16417.5	7113.72	13728.6	9283.59	17133.4	17062.4	19678.1	5635.81	12933.4	13162.4	8904.57	9659.32	8826.26
Q86SF2	GALT7_HUMAN	GALNT7	N-acetylgalactosaminyltransferase 7	2711.56	3125.91	2431.89	3323.97	2549.11	3818.46	1908.86		1901.35						1750.99	2882.26	3275.94	2141.81	2679.85	2932.76	2936.58	2642.27	3410.31	4067.64	3761.97	2975.7	5392.96	3005.2	4405.07	3412.87			2412.7	2602.53	5328.44			3718.49	1968.14		3849.55	5818.06		1745.66	3441.55	2082.28	2868.84	
Q86SQ4	AGRG6_HUMAN	ADGRG6	Adhesion G-protein coupled receptor G6	21652.6	24077.6	26775.8	19558.2	22886.3	22655.7	30065.9	32321.2	29147.1	29831.5	19061.7	30370.3	50611.9	21411.1	31908.8	27050.1	17643.3	27991.8	15287.7	34418.3	31923.6	17694	10894.9	27255	32048.1	9402.93	28298.5	14749.3	36473.8	35480.6	21132.6	48300.6	40483.3	36313.4	27686.5	23601.5	57290.3	30312.3	18519.4	31522.4	23906.7	21286.2	21654.6	28871.8	31539	25697.3	28744.4	23761
Q86TH1	ATL2_HUMAN	ADAMTSL2	ADAMTS-like protein 2	6939.06	6756.28	6058.85	5811.29	14650.7	14319.8	12182.1	5865	5869.01	10080	20829	11094.6	8486.29	13900	12287.8	9988.84	14820.1	17953.4	8387.37	6190.16	7238.08	12075.7	13629.4	11294.9	15638	11931.5	15362	12139	15197.1	14900.7	8791.39	7547.14	7285.64	9785.65	38029.2	11911	15654	22242.1	13237.3	14947.4	15841.6	19109.9	9606.35	13563.9	17404.6	12861.9	11478.3	13635.7
Q86TP1	PRUN1_HUMAN	PRUNE1	Exopolyphosphatase PRUNE1	12246.8	12259		12435.9																		5406.94		1193.83																								
Q86U17	SPA11_HUMAN	SERPINA11	Serpin A11	19193.9	16822.6	12063.1	17123.2	17522.5	17834.1	7353.61	4072.57	14823.2	3820.85		13680		13148	20572.6	11560.5	28381.9	14287.9	11857.8	14196.6	12888.5	22785.1	11604.9	27949.8	31086	14738.3	11785.8	27492.4	15621.1	15592.1	9304.81	11421.8	14221.3	11825.2	16551.8	23605.6	3864.32	26982	22901.9	6334.7	21084.6	17184.4	19135.5	23307.7	15327.8	17506.8	16465.1	18027.3
Q86UD1	OAF_HUMAN	OAF	Out at first protein homolog	65351.2	63705.4	33873.9	63361.3	65179.5	60114.9	54271.3	28484.5	40107	16301.5	65365.8	52444.2	26563	24759.5	61707.2	105672	67344.1	117011	65396.4	91025.4	108405	68393.2	75489.5	84299.2	79693.9	73056.9	63925.4	67547	69855.6	61859.5	37611.7	34371.6	50832.2	73442.1	92132.8	37295.6	109660	90828.4	75531.5	46108.7	100460	82183.7	53135.1	132252	103100	57310.6	54472	60692.6
Q86UN3	R4RL2_HUMAN	RTN4RL2	Reticulon-4 receptor-like 2			2141.11		4363.11	4123.75	4282.66	5506.17	3924.92	5359.66	6450.44	3155.73	12367.9	4216.55	6968.17	6039.58	5433.68	3955.78	2449.38	4038.32	6783.3	8333.08	2815.74	2563.04	3309.54		6429.82	4318.51	7157.8	7424.77	5452.33	2614.34	5890.37	8349.87	5693.29		10457.1	6095.68	3043.67	8802.46	3158.41		5871.73	6304.49	4729.45	4294.63	5336.9	
Q86UX2	ITIH5_HUMAN	ITIH5	Inter-alpha-trypsin inhibitor heavy chain H5	5308.12	4730.04	2041.45	5032.28	6879.31		4007.91	5668.21	1677.8	4356.33		6108.53		4442.59	3542.5	10815.6			4652.26	2858.31		3289.53	3824.52	2976.41	2634.4	3554.08		3947.17	5314.3	4459.12		5512.74	4849.39	7168.11	3728.4		2172.62	7429.43	2966.13	3813.87	5415.2	5940.48		3707.61	4807.79	3452.49		3326.3
Q86UX7	URP2_HUMAN	FERMT3	Fermitin family homolog 3	199176	199768	57768.3	192560	106728	120115	27882.7	112251	69067.7	19631.8	44120.6	35336.4	39763.1	58012.8	28256.2	35562.6	9731.38	19339.5	61141.6	28956.3	22516.4	86665	27789.6	51763.2	35131.6	25718.1	89437		114281	108562	20056.2	18226.8	23079.3	155051	9186.72		17215.5		41087.4	37827.9	109764	30722.6	38106.2	19708	141556	43467.1	39316.6	41845.9
Q86VB7	C163A_HUMAN	CD163	Scavenger receptor cysteine-rich type 1 protein M130	7091	7756.73	14374.5	7705.87	11237	15425.3	36260.7	9808.55	13927.2	13196.5	8764.61	34753.7	19772.2	18489.6	27474.4	22422.8	11358.9	35602.5	42058.3	23119.4	25034.5	39242.5	45205.2	20192.9	12798.2	49894.7	24606.8	10120.1	31210.8	27598.7	14827.4	28148.7	23037.6	19447.2	16765.3	21647.8	61851	15236.9	14685.2	110898	16350.2	38188.1	20876.5	24649.9	43502.2	29767.8	32641.2	32985
Q86VP6	CAND1_HUMAN	CAND1	Cullin-associated NEDD8-dissociated protein 1	11380	11076.3	4017.6	12183.1	7448.86	10913.8	8457.65	7016.63	4855.53	3340.48	5933.5	9294.26		4399.46	4438.4	9166.05	6499.78	7852.07	26989.7	7505.02	11258.9	23264.5	10097.8	11008.8	8952.29	8939.84	4470.72	6926.15	6347.32	5644.81	7975.75	5933.42	5918.92	9076.66	16963.4		4601.07	7527.47	4310.41	5964.17	13443.2	19996.2	5016.17	5654.22	9018.39	9720.99	8141.9	7694.44
Q86WI1	PKHL1_HUMAN	PKHD1L1	Fibrocystin-L	5271.68	3726.71	5100.42			4649.76	1291.57	2687.05	6321.13			2046.47	4047.73		3608.21							3182.85					5094.16		3638.5		3557.89				3613.04					2621.5	2996.04	4520.58			3965.17			
Q86X29	LSR_HUMAN	LSR	Lipolysis-stimulated lipoprotein receptor	1561.49			3910.6	5259.61	5335.22	3555.8		3946.53	5699.94	11101.7		13924	4012.09	11355.4	6211.4	3408.45		10908.2	9037.22	9359.69	4858.69	6320.86	10058.9	10461.4	4639.05	5363.49	3012.08	6027.39	6708.61	5989.02	8377.03	4388.25	7419.13	5389.47	17693.8	15578.4	9634.22	3518.84	6437.65	8691.67	11626.3	3952.48	10195.1	8501.3	7787.47	7235.44	5354
Q86YB7	ECHD2_HUMAN	ECHDC2	Enoyl-CoA hydratase domain-containing protein 2, mitochondrial												1835.24						1731.22	17581.6						892.733		8596.95		8102.71	7761.83		4519.5	3590.67	2285.68	28426.2		7476.84			4376.88	6775.84			1893.61		2461.22	526.315	2834.94
Q86YT9	JAML_HUMAN	JAML	Junctional adhesion molecule-like	4929.58	3598.48	3897.19	4888.17	9668.51	3842.87			5075.57	5668.08	7927.67	6459.83	3064.93		7428.99	3061.67		8385.44	9986.45	7788.12	7096.48	12714.6	15456.9	10992.6	5920.74	13132.2	7689.99		7158.15	9088.51		6071.41		4728.58		4572.2	14510.7		8246.25	12090.8	7539.02	18421.5		5741.96	10271.2	6210.77	8109.65	8333.36
Q86YZ3	HORN_HUMAN	HRNR	Hornerin	20350.4	7290.56	21105.7	4159.52	7891.93		3349.8	4543.53	5520.8							14633.6	2640.06	3353.13	4780.51	4009.43	3331.5	17597.7	3642.21	8186.35	3369.59	9394.7	6075.27	13330.5	4161.89	5161.53	6363.98	4369.17	6502.12	2937.34	9330.28				28643.5	7935	5268	4855.87		2564.67	7588.15	5124.61	3411.52	3277.1
Q8IUK5	PLDX1_HUMAN	PLXDC1	Plexin domain-containing protein 1	6820.56	8582.14	10338.8	7138.93	9052.08	7058.59	14367.9	10558.6	9710.4	10257.6	9819.04	17067.8	14546.6	13946.2	9040.69		6849.24	6055.83	4708.25		2943.24	6470.38	5576.98		4007.51	5638.9	6235.95		11308.2	7269.86	7325.27	10142.4	9728.14	7392.1	5307.18	16021.5	7407.86	6568.82	14404.3	9316.84	8262.8	6748.07	7029.38			6875.05	6845.25	6728.29
Q8IUX7	AEBP1_HUMAN	AEBP1	Adipocyte enhancer-binding protein 1	15329.5	17506	18075.5	16645.8	57529.5	20039.1	15967.9	12980.9	15129.1	19769.2	23869.8	15933.5	17810.9	13578.7	18318.5	25103	14089.7	18844.2	75813.4	21943.9	21552.2	21287.3	30808	26881.8	24946.6	34627.2	29194	19742.7	37264.2	39841.5	14820.2	10763.4	11980.7	18137.4	26179.7	19224.9	18240	30091.2	20842.2	46435.1	46519.8	41278.7	20847.1	29314.6	42889.3	31231	33724.5	30709.8
Q8IW45	NNRD_HUMAN	NAXD	ATP-dependent (S)-NAD(P)H-hydrate dehydratase	4861.96			4814.8																14641.9																			11415.4		9976.74	4012.3						
Q8IW75	SPA12_HUMAN	SERPINA12	Serpin A12		1260.45	3087.32						2846.67					3347.51											2124.59		1567.67	3580.2	2736.08	3063.82				1669.21	1294.3				2472.2			1057.47				1512.6		
Q8IWL1;Q8IWL2	SFPA2_HUMAN;SFTA1_HUMAN	SFTPA1;SFTPA2	Pulmonary surfactant-associated protein A2	5178.66	3582.59	7729.83	4722.3	9638.07	5321.32	9300.56	3702.76	5734.33			6325.91		6988.39		4114.25		5411.8	18652.1			3098.48	6717.3		6793.24	6327.93	4829.33		3564.56				4963.29		14041.7						5266.88	13752.1		6464.17	3290.24		4831.96	
Q8IWV2	CNTN4_HUMAN	CNTN4	Contactin-4	6217.35	7341.98	8340.36	9257.04	20970.7	9059.45	4551.16	3230.11	6427.81	3327.09		5541.44	4457.02		8257.38	2755.03	6313.26	4765.7	4846.91		2912.62	3947.29	2827.02	5515.99	4607.39	4611.71	9208.79	5381.88	11234.5	5053.17	1835.73	4023.28	6940.86	3776.05	11375.7	5072.81		5257.12	8868.5	6169.63	5871.31	10902.5		5927.13	10165		4753.99	3951.71
Q8IXL6	FA20C_HUMAN	FAM20C	Extracellular serine/threonine protein kinase FAM20C	31281.2	36709.3	27319.8	35405.9	38678	33318.9	32712.9	20175.5	26341.3	34350.3	36071	30396	31075.4	26956.1	35747.1	35545.7	48349.3	37352.3	33078.3	38169.3	37185.4	29753.4	29434.7	37957.5	25290.8	27039.1	31329.5	45875.3	35609.6	35206.4	25660	33792.1	45117.4	30487.7	46171.5	35300.3	28058.4	35385.6	46756.1	30390.2	45262.5	47344	26708.9	37288.6	33105	31764.5	27749.2	28300
Q8IY45	AMN1_HUMAN	AMN1	Protein AMN1 homolog					4617.78		5466.61		6853.06			4668.27		3953.68	3605.66	6076.5							4875.37									4865.09	5404.56	5338.85											3256.07			
Q8IYS5	OSCAR_HUMAN	OSCAR	Osteoclast-associated immunoglobulin-like receptor	3757.89	3509.44		2626.65							2702.81			2298.32		3779.97		7458.11	6104.33	7666.69	6100.03	5138.19	5638.18	10290.7	6117.43	7451.47	4495.96	3413.99	3370.27	2855.95			2171.89		4023.35				7359.47	10160.3	7583.49	9784.09	4364.23	7922.66	8110.75	3829.29	4259.14	3901.18
Q8IZ83	A16A1_HUMAN	ALDH16A1	Aldehyde dehydrogenase family 16 member A1					5063.41		5257.12							3076.28				3400.17	7296.37						4084.64																	12365			4824.43			
Q8IZF2	AGRF5_HUMAN	ADGRF5	Adhesion G protein-coupled receptor F5	34290.4	32469.6	41109.1	32447.3	11866.1	34055.9	52245.4	31074.3	38883.6	21848.3	49411.2	65079.6		45709	16469.2	36082.8		15674.4	29858.1	27052.8	23374	34365.3	27487.7	27446.2	13681.5	29067.3	61068.2	8834.84	58627.2	49178	40184	20479	16710.1	26853.8	27531.1	15786.3	15713.6	8181.81	52280.2	65033	35757.7	69556.5	17631.5	13904.1	40682.5	26213.2	23278.5	19168
Q8IZP0	ABI1_HUMAN	ABI1	Abl interactor 1	3537.77	5057.68	4419.16	4600.23					2518.12							3783.52			19982.9	2417.36		8568.48		5417.53																	5769.12	5077.03			6317.23	3508.17		
Q8N128	F177A_HUMAN	FAM177A1	Protein FAM177A1	10977.3	10461.9	8800.93	9886.01	13901.3	10394.3	15196.6	13472.5	5735.01	10679.1	11787.1	18225.7			9600.83	10128.2	8476.58	10945.4	16083.1	8792.16	13712.8	10515.4	10659.4	8299.24	7892.25	9600.94	7241.59	9985.26	8531.48	9612.39	11882.3	13212.8	13788.1	12340	12929			15031	10083.4		5918.66	18144.5	8337.87	8192.23		9855.47	8692.08	10961.7
Q8N149	LIRA2_HUMAN	LILRA2	Leukocyte immunoglobulin-like receptor subfamily A member 2		2319.46			3188.57	2340.65	5779.88	3058.45		2903.08	7341.4			2406.64	5693.65	4886.37		2060.87	2791.13		2032.01	2740.42					3604.02	1892.66	5445.92	5347.49	5842.74	3015.71	4568.4		1360.35		4171.31	3221.32	3760.87	14962.1	1623.7		3267.59	2693.17			3387.59	1366.85
Q8N1N4	K2C78_HUMAN	KRT78	Keratin, type II cytoskeletal 78	32493.1	13131.1	41196.6	12069.1	17354.5	8812.61	20050.1	40138.9	32507.6	25242	51240.8	20129.2	20931.2	33212.6	20696.3	24358.6	15353.2	17055.9	11049.9	8968.88	16061.3	41634.4	11142.5	29505.6	27167.7	21387.2	22857.4	51629.3	34993.8	26169.5	45132	21588.8	23844.5	36536.3	24958.7	23439.3	21973.6	7141.63	24095	27195.8	7931.96	7978.92	15788.3	9882.91	26175.2	27428.8	26660.3	29102.1
Q8N2S1	LTBP4_HUMAN	LTBP4	Latent-transforming growth factor beta-binding protein 4	11324.7	12933.8	15187.7	14652.1	14100.6	8293.06	9038.59	12659.5	7099.4	7416.06	9204.98				7946.2	33540.6	7746.12	15524.2	23260.3	22275.1	19568.2	24387.5	32830.2	25297.7	16974.4	32405.9	40040.3	17706.9	19512.8	19182.7	8420.84	5326.07	8381.74	13062.7	7451.49	19400.9		16722	12577.6	15147.4	56863.7	32488.3	17812.4	24728.5	43947.2	14155.7	16600.9	17482.3
Q8N474	SFRP1_HUMAN	SFRP1	Secreted frizzled-related protein 1					12039.6											4655.02			13772																													
Q8N4A0	GALT4_HUMAN	GALNT4	Polypeptide N-acetylgalactosaminyltransferase 4		3586.81														3217.98								3701.89													2493.01					2950.68			3155.66			
Q8N6C8	LIRA3_HUMAN	LILRA3	Leukocyte immunoglobulin-like receptor subfamily A member 3	2719.21		15941.4		22699.9	13536.5	12856.1		12500.3			21566.3				38668.9	61946.7											66022.5								39628.1			151116					15299.3		14567.4	8630.67	10836.6
Q8N6Q3	CD177_HUMAN	CD177	CD177 antigen																10900.7				5380.27	7758.75	11079					3313.56												17101.8	27117.9	19913.5			5260.87		7161.96	8282.67	10299.6
Q8N8K9	K1958_HUMAN	KIAA1958	Uncharacterized protein KIAA1958	4620.32	7755.98	25153	6476.71			7700.72	61971.4	15149		38191.8	13778.9	76083.7		72032.7	13873.4	57305.8	28050.5	65739.8	15677.9	16000.9	65611	28088.3		29773.2	36363.4	527693	49593.8	461608	495958			23531.6	31793.7		16514.1	26284.9	26005.2	23724.7	83651.5	23169.6	10557.6	46332.4	22367.8	42342.6	108099	112192	110625
Q8NBJ4	GOLM1_HUMAN	GOLM1	Golgi membrane protein 1	44074	43320.9	43207.7	45984.4	136522	118119	137043	31109.1	39968.3	157303	421233	164882	161955	161322	301034	308245	168752	210765	222492	190068	204299	723112	321387	794498	254001	320574	294684	186595	327924	306084	55343.8	46305	52487.2	185446	252980	333857	827777	500115	145056	167269	129838	235002	201598	516452	349991	286304	269764	284474
Q8NBP7	PCSK9_HUMAN	PCSK9	Proprotein convertase subtilisin/kexin type 9	468159	491967	361057	467622	356723	385037	152016	119220	326017	201977	392933	146248	122414	265379	396843	665834	274198	772820	593454	473887	460827	352830	369576	261068	549271	348671	290420	282242	298732	289251	279340	548633	576455	600768	580264	341550	367418	320896	287555	463425	825954	716291	247015	577152	177319	353773	363212	354323
Q8NBS9	TXND5_HUMAN	TXNDC5	Thioredoxin domain-containing protein 5	5780.44	3726.57	4796.18	4423.85	10001.7	3524.74	3572.61	4572.95	4559.06	5265.12		5201.69	5380.95	6612.77	5130.37	3304.66	3240.26	5884.14	19577.7	4524.17	6181.7	21901.1	11032.3	7804.58	6683.23	10413.6	6358.03	5110.79	6669.75	5688.25	2374.15	2334.95	4555.19	4220.44	4598.86	10245		4381.95	4009.68	4514.36	6002.33	7057.65	4195.52	3728.55	7711.17	5682.62	4042.96	4963.19
Q8NI99	ANGL6_HUMAN	ANGPTL6	Angiopoietin-related protein 6	16128.8	13786.2	16263.8	15332.6	20281.2	20453.6	10887.5	12540.5	21304.7		17427.2	10865.5		20682.7	20946.7	20166.4	25864.9	31292.4	14153.5	12178.6	15078.7	11701.4	28278.2	28771.6	23046.7	25896.6	5899.16	24094.7	6130.17	6726.58	18174.2	21445.2	24003.4	14483.6	21491.4	37330.2	13391.7	14123.2	9746.12	11337.2	39762.2	96824.1	10245.1	22641.7	21035.1	16042.1	15445.7	18082.9
Q8TCT1	PHOP1_HUMAN	PHOSPHO1	Phosphoethanolamine/phosphocholine phosphatase																									5417.84				13135.6	10504.8				8275.16	9533.74		14201.3	5839.91		13340.9			12857	10380.6	5497.48	12388.2	11065.8	12145.5
Q8TDL5	BPIB1_HUMAN	BPIFB1	BPI fold-containing family B member 1	274721	264108	165057	254781	115146	142834	150088	230061	162393	304272	131136	271810	153005	146234	176944	132102	64176	110047	276190	166633	197628	55867.4	178178	115171	142817	184863	25730	69338.9	31978.9	26895.4	144373	239880	220911	236696	32331.7	103061	147673	80665.3	125614	30491.3	41606.5	162943	141646	116901	73436.2	114537	117059	118084
Q8TER0	SNED1_HUMAN	SNED1	Sushi, nidogen and EGF-like domain-containing protein 1	17215.8	18734.6	17026.3	17566.1	26660.8	23887.6	16828.3	15089.3	15171.5	11858.6	14325.6	19501.2	10757.9	11936.8	16648.4	14453	26662.7	14912	30729.6	15280.8	13220.6	31209.5	34706	26208.3	15795.4	33825.9	23116.5	24573.5	22275.9	20607.3	12203.5	16532.7	18624	9757.46	41574.8	9517.8	14534.9	17238.5	15116.1	25674.2	21202.1	33089.1	12278.2	18252.6	37674.3	13207.7	15147.3	18043.6
Q8WUA8	TSK_HUMAN	TSKU	Tsukushi	15637.9	12802	8277.9	13273.3	13322.7	8041.69	13275.9	13801.4	9679.24		18402	11129.9	14071.2	24337	25119.7	131641	173263	82165.2	278950	39185.5	40927.2	40120.2	35887.6	9364.36	40781.6	37267.7	13241.9	190100	14682.6	14007.9	47578.9	8394.8	6229.23	22353.6	89178.3	50693.3	52010.5	492179	19946	21936.2	25142.9	43916	7242.96	47494.2	38872.1	79392.6	71459.8	70186.1
Q8WUJ3	CEMIP_HUMAN	CEMIP	Cell migration-inducing and hyaluronan-binding protein	10670.1	8641.13	10763.6	8498.94	19965.4	10406.5	9984.97	5201.04	7431.09			12494.6		5756.62	11202.5	9710.52	9362.35	6151.7	20541.3	14403.6	11404.2	31696	16632.5	27473.5	5526.96	14001.8	22428	8456.02	24844.1	22130.5	5994.91	8233.72	9576.35	15310.6	21083.6	7363.53		9185.21	3812.93	15550.9	20340.9	19635.5	3526.33	9910.75	30645.1	12883.5	13771.6	15159.1
Q8WUM4	PDC6I_HUMAN	PDCD6IP	Programmed cell death 6-interacting protein	4357.18	3468.79		3872.9	2576.75	3421.34		2638.04								3800.65			5457.72	3371.81		5759.72	2241.64							2559.37											3080.62	2994.08		1924.32			2375.29	2218.92
Q8WVN6	SCTM1_HUMAN	SECTM1	Secreted and transmembrane protein 1	9310.58	8983.69	7779.64	10130	45505.5	6873.18	4700.27	5364.19	5682.95			6990.65			6328.81	26496.9		11638.6	63081.5	3605.97	8837.57	40733.4	62752.8	13497.7	18723.6	51863.9	6599.14		7230.64	9010.93	3031.78	3335.03		4306.55	5432.25	5592.43	5253.9	3580.67	5178.19	9283.28	18393.8	18141.7		9009.58	35495.2	13815.7	15590.7	14959.6
Q8WVQ1	CANT1_HUMAN	CANT1	Soluble calcium-activated nucleotidase 1		5457.18	6567.72	5192.53		5937.85																							7229.78			3925.4									6347.17	5452.45		8391.44				
Q8WVV4	POF1B_HUMAN	POF1B	Protein POF1B	5162.45	3115.14	6578.37		3279.72	1906.96	4698.39	4531.26		3416.27	7045.02	1548.59		4380.35		5535.31		4636.07		3361.27	2438.42	6886.07	3816.77		4595.32	3682.6	4168.23	3377.34	9622.76	5056.62	3755.96	2086.84	2592.79	4209.95	6364.87	2784.66	3493.9		2635.31	2810.84		2915.56		2965.62	5696.19	2848.87	2586.02	3720.57
Q8WWA0	ITLN1_HUMAN	ITLN1	Intelectin-1	127171	125557	50637.8	124756	33172.8	24060.1	29057.6	31722.1	41000.4	34934.9	17536.5	28116.7	53995.2	50963.4	33783.9	20452	21333.8	28887.6	14173.6	22564.1	29113.8		59492.8	26728.8	75367.3	67986.1	98662.1	21510.2	75497.5	66555.4	55006.9	66390.3	48041.3	11395.8	34651.5	24460.2	10306.4	58066.9	34574.3	11863	16132.4	72319.3	6060.06	20597.9	24223.7	33242.5	26795.6	27554.2
Q8WWV6	FCAMR_HUMAN	FCAMR	High affinity immunoglobulin alpha and immunoglobulin mu Fc receptor	8026.67	8819.15	10866.5	6573.65	8859.79	22193	17637.5		15004.1	8955.43	20560.7	17219.5	17937.6	10004.9	22443	43472.7		11995.4	11374.4	22252.5	22527.2	39770.7		26077.6	9433.89		51703.4		42516.1	35846.4	10915.1	8750.83	15214.8	11857.8	42279.7	21036	30663.6			57471.1	10970.3	7442.21		18822.7	12360.9	15828.7	19395.4	20894.4
Q8WWZ8	OIT3_HUMAN	OIT3	Oncoprotein-induced transcript 3 protein	33424.8	33946.9	30166.4	35061.4	35180.1	42584.6	43559.2	19481.2	37064	22196.1	32790.3	40512.9	23177.3	32581.4	35338.5	36441.3	93388.5	22703.3	39056.3	53325.8	53545	52677.8	38691.7	50439.7	36982.3	30477.7	44004.7	80863.6	39086.4	39919.5	34312.2	28210.2	29194.1	45743.3	43237.9	12243.5	59867.3	34163.6	46984.8	41920.8	53119.6	43250.3	33020.7	39093.1	65774.4	34694.9	33323	32806.4
Q8WZ42	TITIN_HUMAN	TTN	Titin					16515.3											13867.8		24245.4	8347.81	16903.8	13966.7				21780.6										26058.9						2555.37	1922.24				8849.83	6430.49	6526.01
Q8WZ75	ROBO4_HUMAN	ROBO4	Roundabout homolog 4	55410.5	54575.4	87567.4	43549.8	241874	91107.9	70563	46235.6	97271.2	17620.1	67086.1	68595.9	88526.2	80760.5	48858.3	82257.7	71286.4	58130.2	129587	44566.3	38490.8	107356	192070	132077	69797.1	181750	147346	64679.5	164937	155461	82037.8	29284.9	43821	53929.7	106570	101332	94271.5	129371	109431	165645	109170	152915	46099.6	84774.9	141273	101178	98206.5	102099
Q8WZA1	PMGT1_HUMAN	POMGNT1	Protein O-linked-mannose beta-1,2-N-acetylglucosaminyltransferase 1	4104.6	4708.82	6502.11	5405.67	3876.54	4880.25			6441.04	4065.46			3286.19			5393.57		3135.18	4048.39		5641.03		4849.42			6042.78	8503.82	4249.74				4576.94			5785.43						7950.86	7332.55		5939.16		4655.03	5023.23	3284.76
Q92187	SIA8D_HUMAN	ST8SIA4	CMP-N-acetylneuraminate-poly-alpha-2,8-sialyltransferase	32697.6	32150.6	34724.2	33264.5	25692	30569.8	36568.6	35107.2	34668.1	27524.5	30636.2	42879.1	27524.2	44827.3	44121.7	42481.5	18217.3	17501.4	41077.1	48069.6	47655.2	32216.3	22718.1	43393.2	19203.1	21215.6	34916.7	18575.6	41161.5	39456.6	27867.3	38260.2	29699	39462.1	7856.04		35846.2	18588.8	40061.2	85155.3	82489.6	32220.1	32550.6	25087.8	16884.7	30792.5	32864.5	30500.2
Q92484	ASM3A_HUMAN	SMPDL3A	Cyclic GMP-AMP phosphodiesterase SMPDL3A						3965.08	11392.1		3965.55			8794.57					10404.4		1915.59				3285.91	3608.18	3493.39		5293.46	9463.98	6390.27		5394.89		3558.27	5500.43	7450.92	12369.5			12793.7			3915.14			3226.89	6158.29	4533.91	
Q92496	FHR4_HUMAN	CFHR4	Complement factor H-related protein 4	27025.2	34450.7	27261.1	30475.6	102060	46442.8	189080	55085.1	42868.7	105088	112466	238108	117809	38528.4	50104.5	61628.1	143774	118400	281887	51544.4	56730.2	81558.6	111484	127064	72934.5	105192	51119.7	168090	50776.5	60126.8	16437.9	156676	241109	31425	60897.5	208016	91341.7	134237	106725	33546.2	80595.3	31946.1	126161	173575	18616.4	109966	116400	105820
Q92520	FAM3C_HUMAN	FAM3C	Protein FAM3C	29359.9	28283.9	25034	30912.4	73022.2	21516	14490.6	13776.2	18677.7	16425.7	7794.03	15618	8334.01	10366.9	15832.5	43723.8	10787.5	16433.3	70937.5	22301.8	21567.3	53361.4	70185.9	31538.9	38458.1	73395.5	24395.2	13657	27769.6	23950.8	12726.2	9451.22	9381.9	10431.2	13570.1	23301.8	10341.9	25257.5	13840.6	8799.42	25586.3	31875	18548	28088.7	37798.9	21741.4	27335.6	24207.9
Q92614	MY18A_HUMAN	MYO18A	Unconventional myosin-XVIIIa						1236.18				2353.73	3505.49					2431.58			9237.67			4033.39		1981.99																								
Q92619	HMHA1_HUMAN	ARHGAP45	Rho GTPase-activating protein 45	7831.46	6547.37		3688.42											7496.65	10035.4		5582.26	12998.7			5965.75		6210.87		3862.34	3147.53		3756.88	5112.43				6514.24					6101.04	6169.76		2326.7			6792.75	5371.21	4650.68	6995.19
Q92626	PXDN_HUMAN	PXDN	Peroxidasin homolog	6570.94	9345.73	3293.06	7263.31	6210.6	9598.66	11783.9	3961.2	4577.26		9913.57	8828.82		13295.4	7630.31	11320.4	15969.1		12963.4	7417.14	10068.7	12558.2	5228.42	8819.87	3948.14		6229.95	10808.2	7699.05	8956.56		7914.13	7064.87	8682.74	31756.5	12549.8	10327	10455.9	14418.4	14851.7	12438.9	10342.6	9656.24	12088.1	7445.69	7618.43	7548.06	7674.99
Q92673	SORL_HUMAN	SORL1	Sortilin-related receptor	3213.01	3708.18	3320.43	4103.1	3518	4414.58	6444.66		4422.71		5048.37	5638.16		4862.05	5212.65	5937.98	4113.21	5950.08	5322.56	6747.37	5939.27	5230.2	3513.95	3988.69	4116.74	4132.69	7016.8	1519.52	10889.7	9225.18		3166.85	3058.27	9098	5809.05	2457.63		3911.86	8673.51	11101.2	5867.69	5115.99		7102.53	13709.3	4077.72	4717.52	4791.7
Q92688	AN32B_HUMAN	ANP32B	Acidic leucine-rich nuclear phosphoprotein 32 family member B	9358.52	9036.88	3201.86	10964.9	9781.2	7460.6	7053.14	3614.3	5100.08	7465.54	5206.73			2912.28	4955.58	20081.4		5844.88	62190.7	5680.41	4997.65	10075	3047.48	14386.8	6409.07	4171.87	4562.39		3696.4				2688.57	13878.8					6892.99	14032.9	5883.5	4076.55		2392.41	9102.81	2475.45	12983.8	14653.9
Q92692	NECT2_HUMAN	NECTIN2	Nectin-2	653.169				6440.68														8308.92	1837.83		3634.35	6392.67	5002.76		4011.63			3892.33	6377.04							3748.83	3595.67		3159.18	1973.84			3625.53	4748.66	3909.19	3498	4519.23
Q92743	HTRA1_HUMAN	HTRA1	Serine protease HTRA1	8811.07	10386.9	16622.8	12803.1	26819.4	13590	32572.7	13102.8	20001.1	21046.6	51740.4	38576	17738.9	18784.5	40316.6	54604.2	58054.1	32745	38497.3	48664.5	42073.8	33395.5	21726.9	55068.2	38361.5	22536.3	26360.9	55734.2	33213.6	32403.6	19697.2	25279.4	29940.4	34378.4	33230	80298.6	31698.7	66692.3	26900.2	34599.4	32540.5	30748.2	19439.2	51955.8	32610.4	35392.6	35384	43409.8
Q92820	GGH_HUMAN	GGH	Gamma-glutamyl hydrolase	22467.6	19030.7	32622.7	20393.8	50487.6	26761	157739	35647.5	30293.6	50835.4	59107.6	136699	44982.6	48124	73488.2	65582.1	107644	24646.8	43601	56363	60401.6	39576.9	35285.9	55831.4	18602.3	35091.9	67742.1	101971	73128.9	71270.6	42522	44984.8	49313.1	56192.5	96164.4	77001.5	44476.4	100756	69864.5	35179.8	52818.3	40650.5	72938.3	64664.5	25658.2	54023.6	48049.5	52411.1
Q92823	NRCAM_HUMAN	NRCAM	Neuronal cell adhesion molecule	1458.69	1652.12	2882.54	1730.5	4688.97	4206.25	3890.44		3256.97		2313.56	2805.83	5092.46	4063.53	2587.69	1250.87	2231.04	1619.71	3069.82		2403.19	2131.88	3511.26		788.834	3047.44	4176.86		2974.88	3403.19	2818.05	2660.45	1553.52		8329.15	3508.08	4258.54	2791.08	2283.01	6276	2696.75	2760.7	2217.96		2401.11	2545		2893.17
Q92859	NEO1_HUMAN	NEO1	Neogenin	21439.9	20565.4	23327.5	22124.6	27771	24214.2	35634.9	26444.9	28024.7	16696.3	16199.2	34819.7	31552.6	23912.6	23544.1	17583.6	23891.9	21965.1	26209.8	16264.4	12312.3	26236.1	35567.3	23105.7	18572	26811.3	32080.7	22244.9	42927.1	36364.3	23419.2	17678	18665	13434.8	44254.1	42078.3	15171.5	30948.3	28559.4	41171.6	30311.3	43023.2	12678.8	24854.3	40399.3	25431.4	22010.5	19332.6
Q92882	OSTF1_HUMAN	OSTF1	Osteoclast-stimulating factor 1	6691.64	4946.9		11385.1		8576.74	2627.95	6342.23	6456.32	6205.84					10759.9	4844.9			15652.4						3659.79				6504.67	6480.36				7023.19						5727.32					7040.81	6723.58	3930.02	4891.22
Q92896	GSLG1_HUMAN	GLG1	Golgi apparatus protein 1	22911.8	25397.2	29069	20624.2	15774.9	21051.2	32008.3	22919.3	26585.1	26751.4	13958.6	28317.3	10979.9	18892.1	21663.6	50228		13766.5	1730.69	24591.1	32114.4	14651.9	26056	51277.6	14022.4	24456.3	20571		20684.2	15445.2	15388.4	6351.56	6808.71	30871.2			15732.3		2881.5	4573.17	26198.7	9904.99	46045.6	8395.45	20433.6	13828.6	14565.4	11183.3
Q92928	RAB1C_HUMAN	RAB1C	Putative Ras-related protein Rab-1C	24459.6	24254.2	9989.09	21376.3	14224.5	22196.4	4335.72	8611.17			5286.37					14328.2			31243.6	5966.91	9092.61	21017.2	9259.69	12262.7	6868.67	7705.27	32340.9		29475.5	20701.1		6917.54		25714.3				6860.52	10088.7		24766.4	21858.8		4950.41	38601.9	11375.9		7008.02
Q92930	RAB8B_HUMAN	RAB8B	Ras-related protein Rab-8B	4007.8	4142.15	2397.69	4470.79		4342.94		3661.65						4885.58		3946.71		3664.64	8137.77							5396.56	7061.46		7852.61	6216.34				5832.16					3410.19		2981.88	4894.93			7302.7		5247.88	
Q92954	PRG4_HUMAN	PRG4	Proteoglycan 4	230022	237359	237879	220657	110371	303607	204421	185417	224555	260738	255068	236226	257942	306975	193720	301444	346227	185536	136305	290750	285506	99967.9	132840	241554	273519	116921	201158	306431	206548	218811	287634	391302	369935	261202	320444	277889	369207	342768	302648	163469	175588	169294	181215	293998	94204.7	203350	200618	213717
Q92973	TNPO1_HUMAN	TNPO1	Transportin-1	3325.39	4081.91	1317.78	3065.96	682.213	1094.03		991.931								1950.26		1353.26	4584.89	1403.19	2048.75	4715.15	849.698		738.761	812.441								1601.78							2009.34	2182.02			2384.82			
Q93063	EXT2_HUMAN	EXT2	Exostosin-2	13324.2	15615.2	17735.9	15364.3	19535.1	19475.7	7240.71	8124.43	15866.6	11776.7	7748	7121.33	16920.4	15813.4	18553.8	19176	19629	17339.9	17935.6	10401.5	10558.8	25686.9	16643.7	20092.5	16650.9	16702.6	15120.2	21726.3	19870	15946.9	12094.6	11559	12506.8	7382.85	38394.9	18939.3	10334.5	25787.9	15186.2	16146.1	16793.6	25707.6	5425.34	15141	18710.4	12997.7	14200.8	14689.3
Q93070	NAR4_HUMAN	ART4	Ecto-ADP-ribosyltransferase 4	4862.66	4395.21	5628.11	4175.8	5464.29	3755.13	3143.66	2587.15	3880.9	5854.12	8331.55	3965.68	4963.36		7176.14		4439.51	6178.72	4142.36	6672.24	2582.08	4802.43	11114.9	4719.03	2234.58	8166.06	12723.9		8737.01	8898.59	5000.75	3711.69	3927.04	3817.93	8704.1	4057.48	9193.11	8519.53	4775.19	8532.22	7257.35	5827.37			8867.23	7556.91	5571.2	5878.5
Q969P5	FBX32_HUMAN	FBXO32	F-box only protein 32															73369.4																																	
Q969X6	UTP4_HUMAN	UTP4	U3 small nucleolar RNA-associated protein 4 homolog																																			6236.27													
Q96BP2	CHCH1_HUMAN	CHCHD1	Small ribosomal subunit protein mS37	56193.4	57009.2			66142.6											52985.3				72840.7	76395.9															107354		77115.1		52860.4	30340.6			79745.6				
Q96C19	EFHD2_HUMAN	EFHD2	EF-hand domain-containing protein D2				1838.18	1603.52					2666.13					1465.21				6713.95			3736.26	2992.93	5138.21		1346.66	1926.09		1364.53					3103.39	1601.86		1817.57	1329.12	1356.75	3350.79	1613.43	2271.45	2136.58		3075.93		1976.57	
Q96CX2	KCD12_HUMAN	KCTD12	BTB/POZ domain-containing protein KCTD12				3406.81	4475.84	3504.82	2723.4					4617.89	5343.64		4963.21	5611.62	3769.88	4612.41	9714.54				2786.81		5342.11			6174.88	2381.8				2184.36		8222.76			15232.2			5162.97	5259.39			3034.81		5917.74	6406.92
Q96DA0	PAUF_HUMAN	ZG16B	Pancreatic adenocarcinoma up-regulated factor	13049.1	4131.13	16064.4	4807.06	8761.69	4467.15	13055.9	11066.4	18843.2	21214.9	14528.3	8677.93	24651.6	30573.4	6355.2	14070.6	9742.63	6289.28	10815.2	5187.65		10169.5	18734.5	8017.33	28646.2	25257.4	6553.55	27424.8	9285.77	34542.8	41080.6	11191.1	26466.6	14066.6	9166.38	26743.5	5456.62	11356.5	8875.28	20790.2	4877.45	10793.8	12449.6	10362.7	27739.7	21412.2	22125.7	18522.8
Q96DC8	ECHD3_HUMAN	ECHDC3	Enoyl-CoA hydratase domain-containing protein 3, mitochondrial																			8368.61										7552.72						21211.3	9141.34	10273.7							2241.03				
Q96F07	CYFP2_HUMAN	CYFIP2	Cytoplasmic FMR1-interacting protein 2	3029.7	2201.93	2593.4					2646.28	1756.45					2218.6		2616.09			7121.82											2506.38											3152.94				2322			
Q96FQ6	S10AG_HUMAN	S100A16	Protein S100-A16	2877		6074.59	1913.87		930.918		3215.09	4429.46		6217.62			3403.37		8226.33	2733.18					4673.37		5010.84	6080.63	3901.1		5860.66	2029.05		6800.99	2816.65	3849.04	4645.01	4171.62	1989.27	4073.39	1205.15	3363.32	2775.36		1966.34	4424.45		7057.32	3160.13	3096.39	
Q96G03	PGM2_HUMAN	PGM2	Phosphopentomutase		3146.77		5079.88	23911.7			25649.5							9838.34				9926.05															1619.41	11193.1			9514.56		3133.75		8169.18	13645.3					
Q96I15	SCLY_HUMAN	SCLY	Selenocysteine lyase																					1418.59									2078.85					6390.61							1460.55						
Q96IU4	ABHEB_HUMAN	ABHD14B	Putative protein-lysine deacylase ABHD14B	9834.95	7554.01	1896.4	8146.78	6531.02	13647	4011.23	3127.34	1943.13	2014.37	1399.89	3159.84		615.719	2098.18	3285.64		1858.47	8384.86	3907.28	2029.27	6005.66	2687.65	2124.28	3070.45	2134.33	5862.86	3259.93	6117.33	5654.67	2031.51	2041.81	2477.87	5751.21	2934.72		1500.28	1931.14	1553.2	2322.53	3580.63	3632.18		1170.94	9644.15	2280.09	3228.49	3742.23
Q96IY4	CBPB2_HUMAN	CPB2	Carboxypeptidase B2	814432	884285	858640	782157	584108	934279	516967	751011	883005	731286	557126	535683	684402	618463	866716	721546	854339	562086	811084	763918	783996	590714	686845	415719	847428	648539	569797	787783	608637	598803	817107	827299	847311	481395	756834	603928	681601	953882	741205	638187	472691	715474	555605	766561	442890	656013	620443	613638
Q96JQ0	PCD16_HUMAN	DCHS1	Protocadherin-16			3788.73		4637.92	3637.09	2627.17				3457.9	3025.71		2697.13				2371.31	2539.79	1924.46	1416.83		2471.02	3032.31	1560.46	2561.52	3150.91	2825.15	2872.4	2697.23		2291.84	3156.43		5395.35		6070.87		5503.7	3555.59	5408.7	4283.58	3362.97	4534.15	4843.79	2899.06	1488.76	
Q96K62	ZBT45_HUMAN	ZBTB45	Zinc finger and BTB domain-containing protein 45		1560.84	3841.48		3544.85	10025.7	8341.6			4490.2	26093.1	9200.21	24906.7	2533.03	20705		18647			24811.3	23014.3	11325.7		21342.9	10704.8	5765.02	9318.89	17689.1	11962.4	12605.6	12727.8			11885.5	14550.9	26536.6		30204.7		10798.3	1895.09	4333.17	12996.1	9343.87	14983.1	12814.1	13522.2	12845.3
Q96KN2	CNDP1_HUMAN	CNDP1	Beta-Ala-His dipeptidase	585304	655764	332606	608004	213121	263257	273221	373302	371821	590724	312339	252916	216152	304576	110026	278532	367419	206086	164299	411413	386755	94496	193348	48436.4	393411	195997	174164	325527	169875	167933	456802	628069	614659	217842	262782	232996	167607	347171	435055	326936	117283	127862	343998	192530	167991	213543	219061	213941
Q96KP4	CNDP2_HUMAN	CNDP2	Cytosolic non-specific dipeptidase	11388.8	9954.14		8295.86	2161.12							2860.17							5494.41			6162.18		4045.3	3408.55					3222.41					8957.33			4938.6	2421.66		2698.33	4072.82			5201.32			3722.76
Q96NU7	HUTI_HUMAN	AMDHD1	Probable imidazolonepropionase																2005.42			3627.05	1019.14					5512.66										2722.21													
Q96NZ9	PRAP1_HUMAN	PRAP1	Proline-rich acidic protein 1					5477.17			1636.39			4878.12	2697.39		5759.16	3837.52								2925.96		3537.94	4744.56		1810.01		3217.27	2010.99	2673.19	3048.45	3039		35100.1	3810.48	5690.52		3031.57				5191.11		6037.96	6211.23	6622.97
Q96P63	SPB12_HUMAN	SERPINB12	Serpin B12	48208.9	22460.8	51660.5	18223.6	19720	14778.8	27923.8	44551.8	49827.5	42036.3	60029	25563.8	50314	45936.1	13804.2	39692.8	24495.8	36851.1	21559.8	21493.5	24300.5	59041.3	19917.5	36594.7	49051.3	33527.8	33438.6	70329.3	39075.8	41154.8	43980.8	33744.6	30888.1	51304.2	32770.6	34996	29423.4	11643.2	33753.4	46254.3	16545.3	17091.6	35834.1	17806.2	42539	34832.3	33121.5	29197.9
Q96PD5	PGRP2_HUMAN	PGLYRP2	N-acetylmuramoyl-L-alanine amidase	1.12555e+06	1.07845e+06	1.65525e+06	1.20145e+06	1.92612e+06	1.6785e+06	887482	1.53668e+06	1.81805e+06	1.27676e+06	1.1244e+06	993828	2.84735e+06	1.67909e+06	1.57821e+06	551220	1.29346e+06	1.48118e+06	349296	999760	937543	910542	920309	789440	849738	931250	1.00489e+06	1.21249e+06	971151	1.03144e+06	1.71719e+06	1.51489e+06	1.49499e+06	892927	663469	1.67632e+06	867297	962537	1.19204e+06	989328	651086	445484	1.04328e+06	675159	574645	819117	806954	830664
Q96PL1	SG3A2_HUMAN	SCGB3A2	Secretoglobin family 3A member 2			641.198		1618.51		7215.33			1852.25		11116.1	2908.93									4658.02			2640.1				644.945																			980.358
Q96QA5	GSDMA_HUMAN	GSDMA	Gasdermin-A	6108.57	5256.92	4548.59	3568.13	2118.28	1185.27	2096.68	3146.15		2338.98							2127.34	2977.8				5206.75		1907.32	3334.92		3605.15	6142.74	3562.1	3231.82	1851.93			3679.37							1969.78	1901.4	1622.08	2063.66	4854.23			
Q96QR1	SG3A1_HUMAN	SCGB3A1	Secretoglobin family 3A member 1	22665.6	30149.2	15434.1	28394.2	19320.4	27024.1	113357	48988.2	17628.4	34985.5	30637.7	115845	12951.4	26308	33027.6	14345.2	46621.3	26454.5	32758.2	13513.6	16981.4	28153	21233.8	34770.1	40316.9	21367	13083.1	33077	11067.8	12894.4	32901.9	20647.8	19938.3	3633.09	11899.6	60830.3	19928.5	42379.8	29973.7		8596.25	44760.3	38686.8	43230.6	4554.09	24939.7	24961.3	26683.8
Q96RD9	FCRL5_HUMAN	FCRL5	Fc receptor-like protein 5	2654.83	2556.03	3383.81	3251.01	5194.5	7040.59	5866.52	4113.36	2920.96	7287.42	9591.1	8352.77		8603.21	9545.12	11770.9	7478.26	9022.03	7931.72	12348.5	11355	16229.4	5736.42	7681.24	5852.01	5847.15	6522.63	6150.32	7665.39	8427.78	7134.61	9703.33	6877.69	7147.01	6514.06			4978.2	3451.91	23963.4	16049.4	18697.5	11478.6		8715.19	6632.21	8940.13	8406.23
Q96RW7	HMCN1_HUMAN	HMCN1	Hemicentin-1	921.313				1094.18				895.557					1044.01										926.705	1069.24	1105.71		988.067		2722.55	1421.3					5247.19	2016.94	3635.41	2036.28			1867.79					1409.41	2041.47
Q96S96	PEBP4_HUMAN	PEBP4	Phosphatidylethanolamine-binding protein 4	10679	11653.8	7933.67	9978.08	47153.3	11088.9	7972.75	17048.3	6392.32	4211.45	10122.6	9850.11	17171.1	9676.06	22927.7	7025.47		9862.1	22099.4	5990.08	7102.28	16479.5	28602.2	3646.36	7718.33	26933.3	14685.8		13107.7	11556.4	17891.8	4469.18	7076.54	8155.83	9337.19	29868.8	11623.4	10491.9	12797.1		8787.18	4067.84	13319.1	16879	15785.7	8450.93	8660.27	9775.5
Q96TA1	NIBA2_HUMAN	NIBAN2	Protein Niban 2																																						123264										
Q99436	PSB7_HUMAN	PSMB7	Proteasome subunit beta type-7	37703	41889.5	18507.6	38501.2	51660.6	33434.8	30966.2	24209.4	26433.6	14868.2	42450.8	28092.9	16333.4	23193.3	19215.6	230085	24645.8	28247.6	99663.2	33752.2	22661.2	82620	62332.4	56874.1	118398	65545.6	18804.3	14804	22707.1	22355	28365.1		13049.8	42653.6	116571	17540.5	68633.4	51007.1	15459.7		93534.5	118022		36025.3	90302.8	36481.5	32215.2	
Q99439	CNN2_HUMAN	CNN2	Calponin-2	6706.05	6314.64		6632.25	5134.44	9174.31										5070.65			12000.4			6338.65		3360.14			6079.72		7526.61	6596.98				8030.01					8095.17		5924.44				14787.7			
Q99497	PARK7_HUMAN	PARK7	Parkinson disease protein 7	21302.6	24132.2		26108	15187.5	18100.7	13709.8	12097.9	11404.8		16036.5	6119.5				6391.3				15136.2		24570.4				9274.47	12745.6	8160.6	12646.8	11765.4			9478.21	23303.7							15699.7	10571.9			20356.4	10989.8		14641.3
Q99536	VAT1_HUMAN	VAT1	Synaptic vesicle membrane protein VAT-1 homolog	9134.94	9874.67	9476.94	9135.8	9657.55	14199	13773.4	13988.6	13873.2	27121.2	25890	15369	25940.2	33832.9	14546.6	20390.3	7557.95	15272.5	59134.4			9073.35	17576.4	17429.4	16655	24803.9	10639.8	3442.35	12876.7	22359.8	16934	12824.2	13204.7	19420.2	21004.7	15198.9	18568.4	23793.4	14028.1	24124.7	15608.8	35777		9441.77	22729.6	17107.8	16349	17884.7
Q99542	MMP19_HUMAN	MMP19	Matrix metalloproteinase-19	27082.9	28724.7	22286.7	26682.9	37207.3	26273.4	45058.4	24817.5	21085	27120.3	40704.3	42346.5	31152.5	37182.7	26569.8	52991.3	67191.6	91674.9	55949.2	56058.8	62891.9	110597	82930.6	61688.2	27871.6	83981.1	38029.6	66293.3	42170.8	44041.3	30720.7	23194.1	21164.7	38502.4	63108.4	45926.1	35859.8	39617.4	40069.1	96160.5	65495.9	65653.2	29994.6	36195	59255.2	55405.7	51495.6	56301.2
Q99574	NEUS_HUMAN	SERPINI1	Neuroserpin	2660.71	2103.35	1359.49	1655.48	1490.31	2559.6	2468.23	1459.15	2468.83	1565.29		2845.04		737.842		2482.98		2618.41		2575.64	3748.05	1122.07	1952.96	2738.03	1495.07		1642.51		2144.15	1800.06		1074.58		3107.36	1290.28		2879.43			951.715	1455.8	1352.12	3160.58		2125.43	1103.35	2313.57	2254.98
Q99650	OSMR_HUMAN	OSMR	Oncostatin-M-specific receptor subunit beta	9494.74	8558.01	12448.5	11134.8	13789.6	2892.29	2746.77		9359.06					2378.83		1859.57		3371.27	7698.36			3105.47	14132	3036.62	2563.93	16748.8	14334	3732.52	18434.4	16040.1	5703.77				2488.53	8545.71			6762.91		3651.24	12867.6			12393			1731.58
Q99715	COCA1_HUMAN	COL12A1	Collagen alpha-1(XII) chain	19494.8	19330.6	9920.44	18553.1	42666.4	10656.2	12606.3	6584.91	11530.5		10373.5	10159.8	12343.8	10426.7	13285.8	50527.8	18227.3	9699.5	55580.9	14877	17788.5	23852.5	18312.5	18100	25522.4	19892.1	18148.1	20824.8	17427.8	16723.5	10313.1	8153.16	8704.18	19267.9	29139.9	23504.4	16234.9	39202.5	15134.2	10812.6	59326.2	46726.1	10889.9	22403.4	38066	18817.9	21112	20745.6
Q99731	CCL19_HUMAN	CCL19	C-C motif chemokine 19																																										19430.8						
Q99733	NP1L4_HUMAN	NAP1L4	Nucleosome assembly protein 1-like 4	6783.23	4235.39	3203.64	7067.36	3786.71		7428.63					4931.17				3640.25	3510.83	5839.68	9447.48	5127.26	4254.74	26471.7	4996.43	5987.71		3895.48		2593.53		2418.35				5394.25	2534.55						7273.5	5597.03			3584.86	3225.89	4391.37	4985.24
Q99784	NOE1_HUMAN	OLFM1	Noelin	11382.3	12943.8	6668.22	11866	19513.5	9776.09	14964.9	9199.72	12941.6	13620.5	16883.8	8096.03	18543.3	29332.9		10456.1	8429.91	7634.81	12361.9	11572.1	14387.5	8384.05	23877.5	9101.89	16343.6	21770.1	12039	5423.58	9075.48	11990	15571.8	5660.63	9297.24	11344.7	12375.2	43332.8	23484.3	11920.9	10809.5	26326	7905.66	6369.22	24866.9	13442.4	12071.7	15565.3	14853.2	13165.1
Q99798	ACON_HUMAN	ACO2	Aconitate hydratase, mitochondrial																																			8826.37													
Q99832	TCPH_HUMAN	CCT7	T-complex protein 1 subunit eta	2894.99	3905.11		3046.39		1929.89													7154.67	2250.01		8827.72					1353.78		1679.81										2213.73		2856.81	3561.1			2645.49			
Q99941	ATF6B_HUMAN	ATF6B	Cyclic AMP-dependent transcription factor ATF-6 beta	3784.19	3805.74	3941.87	3742.7	5055	6027.31	7708.81	2960.7	3559.05		5891.65	4414.21				7882.79	4239.38	5548.3	10455.7	5333.67	6141.37	5306.02	4595.99	6032.45	5995.48	5833.99	4952.58	2567.31	4131.7	4382.96	2353.23	3963.06	4894.54	5645.63	4791.86	8392.64	9608.06	4152.55	4179.24	4580.87	5030.05	6486.93	5328.96	6598.33	4302.61	5687.9	5955.48	5821.4
Q99969	RARR2_HUMAN	RARRES2	Retinoic acid receptor responder protein 2	41103.9	47844.4	55205.8	46625.1	171679	70940.8	70345.4	54766.8	54539	75179	69336.5	54618.2	78444.6	69686.2	73757.1	95984.9	80822	90373.9	121372	116056	98621.3	149842	105955	140466	142182	90709.3	53527.3	75629.1	61191.4	53724.5	77323.4	83970.3	92315.8	59681.7	77124.6	188237	124375	111539	41853.3	34619.8	49066.9	37646.7	89342.1	154217	41382.2	74250.5	87614.2	84571.9
Q99972	MYOC_HUMAN	MYOC	Myocilin					4336.06											2891.98		3518.11								2221.69									3772.36						7086.71	5657.66			5349.98			
Q99983	OMD_HUMAN	OMD	Osteomodulin	50811.7	49080.9	36913	46763	61256.4	14692.5	40596.3	13615.4	29214.7	16342	13661.9	43490.5		9467.07	32669.5	64158	28695.5	4980.63	49831.3	31129.1	34103.1	48996.3	32051.1	21191.8	26903.5	31115.8	61066.3	41944.5	47374.9	49000.5	11816.5	41193.2	35024.6	21577.7	14396.3	14210.2	6808.93	71904.1	30135.5	11514.1	44857.8	98736.6	13302.8	32448.7	31683.1	22046.5	21482	19313.3
Q9BQ51	PD1L2_HUMAN	PDCD1LG2	Programmed cell death 1 ligand 2					5723.53								4665.45	6975.15					4885.9				5049.02	4993.28		7693.66				7263.3	5529.35											2899.88					3666.21	
Q9BRK5	CAB45_HUMAN	SDF4	45 kDa calcium-binding protein	19623.5	19249.3	11684.1	15969.2	10967.4	12163.2	13918.2	7825.84	14970.2	7814.54	17441.1	19903		9139.21	15437.5	52548.6	23429.1	28659.2	24659.9	32810.4	33584.1	22585.3	22047.1	19503.4	19569.9	21058.9	21862.7	19407.1	23701.8	21626.1	8524.37	11153.4	12341.9	26201.2	19756.5	28889.6	26210.6	37122.9	15702.1	25644.3	31626.5	37466.7	11944.1	32601	35196.3	25296.3	25423.3	24532.5
Q9BRX8	PXL2A_HUMAN	PRXL2A	Peroxiredoxin-like 2A					3931.7																									5835.93					7239.45							2297.95						
Q9BS26	ERP44_HUMAN	ERP44	Endoplasmic reticulum resident protein 44	8489.28	9034.46	14223.4	6229.03	10050.3	17482.8	10824.2	8239.09	13854.6	8831.1	7681.79	9746.83	18115.1	8815.26	10384.3	11034.6		6990.49	10748	7637.86	9815.52	11896.7	5646.88	13409.1	23029.5	6023.81	6097.8	12362.1	8798.57	5682.07	11345.6	18445.5	19325.6	11092	10235.1	7677.84		9313.72	18527	11154.8	11716.2	10705	7824.37	7992.16	12940.8	12761.1	7733.5	9223.1
Q9BTT0	AN32E_HUMAN	ANP32E	Acidic leucine-rich nuclear phosphoprotein 32 family member E	4280.44	5618.39		4609.83		3835.36		2113.01		2379.35						9765.92			37798.7			2997.94		5457.46	3876.98		2651.89		4811.27	2597.89				4533.07					4524.51	7019.36	1291.94	2280.87			5833.02	5784.64	7359.98	6031.96
Q9BTY2	FUCO2_HUMAN	FUCA2	Plasma alpha-L-fucosidase	21602.9	24054.6	38537.7	21044.3	25974.3	45199.9	55129.3	23971.7	37032.4	29411.9	44806.2	53836.4	26419.9	30845.7	61514.7	21542.9	63213.1	21149.7	83246.4	94244.6	90898.8	32921.2	42154.1	49950.9	17348.2	37754.5	55910.4	59176.4	58329.1	59803.4	40739.1	21860.9	24364	26552.7	30891.6	34844.6	34092.8	57607.5	48675.9	67655.1	27481.5	74792.4	31451.9	32832.6	43770	43120	43080.5	43113.1
Q9BUD6	SPON2_HUMAN	SPON2	Spondin-2	13235.3	10368.2	14787.5	11833.3	56933.3	11821.1	10719.7	2384.44	7921.95		11043.4	9882.37	9774.8		24772.1	26488.8	17899.3	32481.2	46929.1	24674.5	20618.5	38553.1	38642.5	30662.2	21040.1	34579.2	25435.3	17773	36033.8	36453.8		9114.13	10165.4	9003.5	22752.5	23331.8	26386.7	31347		20534.3	37009.9	44974.5		27342.1	51005.7	23489.9	18863	21190.8
Q9BUN1	MENT_HUMAN	MENT	Protein MENT	53875.7	57950.6	56231.5	59401.9	86935.5	45986.7	62601.5	96234.6	58366.8	60662.5	45522.6	63467.3	59296.1	29879.4	46855.7	47055.7	46000.9	38862.1	26349.2	71175.7	66122	51485.3	43996.3	53570.1	61359.2	44084.1	26033.2	56801.9	25764.3	31820.1	64213.8	87315	70293.6	57464.2	48145.1	19950.9	22720.5	100313	43618.4	44158.3	40375.8	32000	48271.4	52573.9	29238.8	54310.4	54051.5	50938.2
Q9BWD1	THIC_HUMAN	ACAT2	Acetyl-CoA acetyltransferase, cytosolic	5266.13	6757.21	3383.25	3537.57	2478.46	3227.7	6042.15	2387.3		3355.73	4832.19	5263.34	4492.14	4284.35	3246.14	7073.4	4810.64	5008.4	26258.1	10433.8	7694.47	8886.14	3668.97	3593.94	14665.7	4719.58	7354.9	3834.25	7941.89	6748.27	3161.35	2144.83	8492.99	9536.28	36240.4		8830.01	1985.72	5004.58	5062.35	9836.56	11835.8	6738.15	8667.53	10015.1	5849.88	6814.01	6327.85
Q9BWP8	COL11_HUMAN	COLEC11	Collectin-11	230121	226139	147312	223791	236927	180854	117754	115152	145517	116063	150524	102765	100285	183393	114983	112055	156993	117127	170831	84735.5	80582.2	163798	275228	183533	122496	258329	149479	146556	152495	142402	94982.9	156157	187267	103611	343711	203436	109244	158776	207929	273991	326757	373713	99971.9	194434	254163	132665	123466	134846
Q9BXD5	NPL_HUMAN	NPL	N-acetylneuraminate lyase	2031.19	2626.1	2196.29			2627.15	1797.82									4778.64		1918.89	17494.8				5341.61	4819.98	3658.76		2742.88	3621.66	5453.7	7051.03					13733.3		14910.1	6518.37	3399.63	4182.3	6628.27	22724.3		10106.8	5109.78	5491.35		4077.22
Q9BXN1	ASPN_HUMAN	ASPN	Asporin	70606.9	75638.1	60191.2	80717.5	90652.3	70222.2	56151	41657.9	56850.8	33833.9	34445.2	64748.4	34231.6	38233	59421.6	63140.7	44006.8	46300.8	113691	53939.6	59362.3	42095.2	70849.2	71721.7	58030.1	80547.5	70223.4	52738.6	80531.7	75272	49484.3	40000.9	39939.9	41128.1	71424.9	24279.2	28293.4	51654.1	48833.1	88529.8	50803.6	106220	52540.9	54615.5	89716.5	50054	66455.4	68036.2
Q9BXP8	PAPP2_HUMAN	PAPPA2	Pappalysin-2																	2697.83		1639.83	3632.85	4067.23				2324.18											8401.21						5236.66		3569.93	2654.83	2240.14	1478	
Q9BXR6	FHR5_HUMAN	CFHR5	Complement factor H-related protein 5	79045.4	91795.7	84716.5	86357.5	100070	82419.7	194429	137237	86416.5	112355	265939	159396	105510	68033.8	120928	182892	251473	181276	335898	340850	359096	316880	181009	245897	160007	162357	95035.6	259189	97644.1	70677.8	179995	160112	195397	201263	128721	128848	233602	172164	244958	50791.6	128245	120534	262203	357303	109297	174661	202306	168500
Q9BXX0	EMIL2_HUMAN	EMILIN2	EMILIN-2		4353	3830.26	3257.4	4472.18	3060.13	3547.06					5957.41			5310.71	16771.6	5791.81	10124.3	10188.4	6593.44		20207.8	11042.6	24489.6	7593.52	10165.2	19266.1	5280.17	20761.3	20597.2				12167.4	9559.87		8095.75	9171.03		20673.7	24286.3	37065.5	15758.6	10471.1	25331.6		8853.59	6509.11
Q9BY43	CHM4A_HUMAN	CHMP4A	Charged multivesicular body protein 4a	9122.54	7062.84		9534.17	6904.5	10185.1	5854.42		3411.54					4267.88				3185.97	25735.3	3256.61	6600.78	21733.3	5823.82	4627.55	5218.98	5210.74		2450.48				4201.53									6905.52	5918.39			3522.8	7636.11	7749.99	6049.61
Q9BYE9	CDHR2_HUMAN	CDHR2	Cadherin-related family member 2	11990.1	9354.22	115023	9473.29	3492.51	35515.5	373124	33115.4	83123.7	52081.5	75403.5	331540	174912	62723.7	272058	456566	103665	223906	226820	108637	101767	88761.4	43165.8	1.42929e+06	50207.3	46501.2	2.05876e+06	95631.8	1.63234e+06	1.63108e+06	141374	46770.4	54803.2	184793	238703	79191.8	1.03599e+06	33581.8	31878.6	548828	140949	113649	177622	525511	1.03676e+06	430035	509431	438467
Q9BYF1	ACE2_HUMAN	ACE2	Angiotensin-converting enzyme 2																					2193.88						3775.36		2434.68	4619.78				2272.14	1758.23					1929.47					10095.6			
Q9BYJ0	FGFP2_HUMAN	FGFBP2	Fibroblast growth factor-binding protein 2	9465.23	12219.6	7110.96	13832.6	26045.9	10526.7	11905.2	10138.5		8148.23	11053.7				26579.2		7126.66		12470.1	10144.1	8986.2	8492.7	14475.6	12364.1	6329.36	12803.4	12849.2	7578.39		13307.6	6457.8	13872.1	12840.5	7320.46	14305		21029.8	13859.8			7993.43	30745.6	20876.2	12007.1	4972.1		13359.2	14333.9
Q9BYZ8	REG4_HUMAN	REG4	Regenerating islet-derived protein 4	3838.42	4333.29		4876.11		2566.16										5521.7			5870.09					3129.63		22412	4104.94		3390.68	5634.27						15107.8		14836.7			2367.59	3686.21		7834.6		3380.48		2784.71
Q9BZQ8	NIBA1_HUMAN	NIBAN1	Protein Niban 1	5900.73	5120.96	2139.22	3956.13	3661.62	4707.03	3367.04			5823.19	6271.48	4350.76			7448.16	8370.05		8112.12	34485.4	6267.38	6025.2	8575.67	17750.5	8564.29	3857.38	17941.3	4123.28		4550.66	3486.06				5844.85	5094.55		11459.1	2874.6	14168.3	9241.94	4435.12	8794.99		3215.78	6950.07	6889.3	7334.1	7532.36
Q9C0C9	UBE2O_HUMAN	UBE2O	(E3-independent) E2 ubiquitin-conjugating enzyme	10944.8	10362.1	3103.27	10905.6		5702.64	5185.23	6562.89			8208.8							2743.87	4925.36	8398.32	3934.01	15206.4				2190.77	1795.31	4682.04				7814.93									6704.21	4635.51			2239.12	5873.09		2596.25
Q9GZN8	ADSSP_HUMAN	ADISSP	Adipose-secreted signaling protein	5674.97	3926.37		3903.88		8784.34		2044.4								2044.24			10371.6			11482.3			2468.34											6693.97					3975.91				4338.79	2144.3	3302.48	
Q9GZP0	PDGFD_HUMAN	PDGFD	Platelet-derived growth factor D	15455.7	12856.4	11080.6	13107.6		18961.1	8346.92	13777.6	20597.5	8835.05		10156.5			10598.6	8315.91		8133.67		5262.49	9807.58			10258.8		7840.28	6701.35		8273.17	8171.25	10168.2	12969.8						6320.89			9315.35	18450.5	13593.4		6977.43	10556.4	9249.47	9558.98
Q9GZP4	PITH1_HUMAN	PITHD1	PITH domain-containing protein 1	33424.9	28728.3	8927.25	24541	30024.8	25255.5	20440.8	30244.7			25707	21599.5			14855.1		12975.3	14545.7	81433.8	16755.1	18199.6	127348	23540.7	17657.6	17114.9	27827.8	16536.5	17397.9	12335.2	12794.7	17528.4	24234	26715.7	21786.6	13779.1			9590.85	13046	8140.36	24037.8	26141.6			24703.5	21750	29312.8	19750.8
Q9GZZ8	LACRT_HUMAN	LACRT	Extracellular glycoprotein lacritin	2812.59	1785.44	6324.8		2007.16				13265.5	32316.4	19304.2			17316.7	4913.58	5774.01								2866.22				8009.02	3741.84	8494.77	9549.03	9251.97		9457.16		10912			5445.65	5124.51			8832.5		8157.68			8025.09
Q9H082	RB33B_HUMAN	RAB33B	Ras-related protein Rab-33B						54191.8		35115.3		12480.6		16509.3	4700.31																				12816.9	55425.2			9519.97	19932	22887.6	21514.4							34168.9	
Q9H159	CAD19_HUMAN	CDH19	Cadherin-19	7192.94	6193.49	7584.07	4927.04	8801.64	6328.89	4845.62	4348.71	5255.26			6503.39				4038.4	6292.62	5624.63	4907.93	1483.54	3097	4629.59	4568.21	6649.67	2591.89	5075.93	6167.9	5119.44	6447.44	4427.64	4883.35		6140.4	3582.43	6434.23	2736.62		3277.37	4225.02		7075.5	15049.5		4853.9	3553.64	3631.48	4541.37	4525.1
Q9H173	SIL1_HUMAN	SIL1	Nucleotide exchange factor SIL1	3811.36	2947.53	3384.24	3341.25	2073.15	3074.21	2527.68	1300.38		1720.8	3590.13		3637.29	4258.14	2583.95	12299.7	5489.73	6882.82	5165.33	6313.23	5426.33	6341.74	2899.29	4893.06	9017.05	3032.6	3496.1	5044.65	2121.25	3195.68		2485.26	3609.29	2000.14	6971.86	9700.35	2807.06	6717.16		3861.11	14804.8	7812.44	2327.48	8581.72	6911.47	3100.45	2067.31	3003.69
Q9H1B5	XYLT2_HUMAN	XYLT2	Xylosyltransferase 2	39180.1	35591.8	33518.6	39170.1	13920.6	27476.6	20989.9	33690.6	28022.2	21673.7	12920.1	25488.9	14348.7	22158.9	30329.6	36145.3	5517.74	15956.9	8165.89	21279.8	22378.9	12170.9	19103.2	51656.9	11574.2	19511.2	13920.8	5178.24	16952.9	15427.9	16424.8	16685.3	17079.6	24799.8	2712.75		10416.8	2904.49	4645.78	6628.19	24858.4	15476.2	34222.4	8288.8	16990.6	18427.1	16941	16676.5
Q9H1R3;Q32MK0;Q86YV6	MYLK2_HUMAN;MYLK3_HUMAN;MYLK4_HUMAN	MYLK2;MYLK3;MYLK4	Myosin light chain kinase 3	5326.65	4480.14		4684.98	1098.75																	4500.84					529.313		1961.21																3819.76			
Q9H299	SH3L3_HUMAN	SH3BGRL3	SH3 domain-binding glutamic acid-rich-like protein 3	253970	318581		297198	123971	234212	38959.6	127078						139011	66934.9	73150.7			209233			133771	98014.1		86675.4	102569	165401		176128	165775				222995		28747.4			65368	71887	83242.9	48561			144565	105483	130709	83061
Q9H3R1;O95803	NDST3_HUMAN;NDST4_HUMAN	NDST3;NDST4	Bifunctional heparan sulfate N-deacetylase/N-sulfotransferase 3			11183.3		13893.3				12735.8			25087.1	42513			21526.5													62114.8	58074.6	73821.1	32992.4	29611.6	84481.7	22394.7		21549.9	25648.6		38132.7	13712.9				34091.4	34663.8		
Q9H3S1	SEM4A_HUMAN	SEMA4A	Semaphorin-4A	2379	2133.24									2762.74					4776.45			3176.16	3574.58	3455.08	6070.21		5150.51	2883.45	3349.72			3214.62	1605.45		2567.69	2460.15	1883.12					3815.88	7705.55	5039.18	3029.3			6674.35	3069.24	2483.86	3436.53
Q9H4A4	AMPB_HUMAN	RNPEP	Aminopeptidase B	6354.45	8173.87	7823.87	6929.86	4706.49	5433.39	7500.32	6882.42	5331.68			7300.23		14797.1	9072.85	9726.6	5011.4	7676.98	22824	9924.75	9720.97	9114.04	11585.2	13850.5	9054.11	12182.4	9515.19	5523.02	9772.01	8083.42			5761.74	8804.4	15247.3			11125.4	4114.52	7415.65	9913.99	27546		6388.84	12275.1	8486.54	8122.77	9094.15
Q9H4B7	TBB1_HUMAN	TUBB1	Tubulin beta-1 chain	111480	123969	57177.3	108242	42960.5	108493	37738.8	95472.7	69984.5	40424	50287.4	21926.4	48302	60506.7	39038.8	41770.8	5346.74	43075.4	104832	23312.9	20802.6	83714.9	22260	50525.1	32080	23573.7	40864.1	4924.13	49174.1	45447.4	25247.1	24740	26442.4	98984.6	7526.1		23151.9		59247.2	41021.2	85363.1	40522.4	35224.5	7559.4	113961	40496.8	40120.8	41203.8
Q9H4G4	GAPR1_HUMAN	GLIPR2	Golgi-associated plant pathogenesis-related protein 1	39209.1	37396.7	36365.3	37028.2	12532	59101.4	27862.1	15534.7	34756.3	12418.2	12153.5	16319.2	31522.5	29012	22098.8	14379	20547.6	10584.6	51104.3	15561.6	14211.6	20686.5	35236.8	16043.2	28018	27625.8	27145.7	14837.1	30701.5	27616	13927	11572.8	23933.7	25093.6	46359.7	15903.7	16961.5	14428.3	36851.7	26007.8	19547.9	61982.5	12568.3	15694.2	23732.5	17665.1	16493.7	17752.5
Q9H4M9	EHD1_HUMAN	EHD1	EH domain-containing protein 1	23907	22967.4	10356.9	20381.7	11622.8	12598.6	3833.78	13560.5	10903.4	4436.71		6162.12	7012.83	9355.37	7812.86	11619.7	3436.05	7067.25	24715	5870.97	8670.39	13457.6	12618.3	13547	5973.38	13472.1	13064.9	2219.26	15671.9	12647.6	4527.76	3715.38	3923.83	18821.5	4366.92		5226.8	3362.77	10056.9	7190.51	21773.2	16128.2	7048.77	4085.88	24015.3	8243.17	8919.24	7868.2
Q9H6X2	ANTR1_HUMAN	ANTXR1	Anthrax toxin receptor 1	5939.02	7241.86	3708.4	7306.58	21140.3	3619.25	3156.54	6768.31	5273.12	4761.21		3221.13		3167.64	5851.13	1132.92		4990.62	4113.7	2507.05	1962.28	4617.82	5453.28	5448.75	5382.82	7950.71	3952.63	3326.84	6211.7	8665.4	4057	2798.63	2680.09	2511.7	4511.58	6616.75		8075.42	3051.18	4050.03	6128.04	9640.95	1383.24	3943.75	7913.77	4203.42	3826.42	5546.49
Q9H8L6	MMRN2_HUMAN	MMRN2	Multimerin-2	33349.3	31059	36027.9	36419.9	30269.1	28513	27732.5	26034.6	36177	16895.6	20594.3	32784.2	33692.9	22115.8	24954.8	12691.4	18615.6	17408.4	26526.9	22094.5	24943.7	19589	36819.8	23945.1	27300.9	39057.8	35063.1	16364.6	34116.3	38904.3	35698.2	24715.1	26026.9	15495.2	20161.3	16047.8	25939.9	26009.4	27874	28497.3	23019.1	43208.7	21849.8	23026.5	24607.6	27588.1	25643.4	27041
Q9HAV7	GRPE1_HUMAN	GRPEL1	GrpE protein homolog 1, mitochondrial			2413.8		3418.79			2206.48																											6528.56													
Q9HBB8	CDHR5_HUMAN	CDHR5	Cadherin-related family member 5	4113.19		8188.34		6449.5	6959.79	7966.68	7467.28	6849.36	4266.4	5621.6	9947	8987.04		7424.97	3929.1	7572.86	4806.92	5230.1					5711.47	3635.43		15841.4		5311.44	9836.36	9531.04	8768.96	4048.13	5664.29	6655.1	6892.9	13139	7728.57	3779.13	6061.61		8573.42		6018.03		3697.16	5200.1	3837.32
Q9HBI1	PARVB_HUMAN	PARVB	Beta-parvin	66858.8	72065	16836.1	65010.6	35070	63358.3	9060.61	34736	16380.5	5819.38	5321.44	10466.5	15596.1	18544.4	7214.54	7850.76		5242.14	11218.8			37694.8	8179.24	13377.6	11578.2	4184.39	49793.8		75845	57660.9	7828.47	9292	8162.88	61735.2					17643.9	7344.16	30889.8	7257.59	17897.3		51652.8	15406.5	22104.1	17926.9
Q9HC38	GLOD4_HUMAN	GLOD4	Glyoxalase domain-containing protein 4	7720.53	7073.21	1900.75	6402.67	3804.22	3171.69		2156.81								1313.1			8002.61	2432.05	1806.06	8697.74	1670.24	6738.25		2098.65	3904.73	1904.83	2168.04	2704.32		2052.75	1844.01					1659.83			4053.5	3428.44			3964.2		1746.19	
Q9HCB6	SPON1_HUMAN	SPON1	Spondin-1	9847.57	11132.4	8212.1	10609.3	44386.7	14168.7	7061.94	9269.15	10365.5		7524.35	9524.76	17796.8		12059	8847.19	12844.4	8706.55	29328	5441.07	8360.81	18900.9	21516.8	10573	10651.4	21797	13375.3	12358.6	15028.2	15345.4	7442.27		6936.33	9499.26	22986.7	12282.3	8235.15	19857.7	9821.83	8206.92	23659.7	24268.2	6156.84	7702.39	13967.5	13402.5	13983.2	15266.8
Q9HCL0	PCD18_HUMAN	PCDH18	Protocadherin-18	108912	129096	103919	112366	135453	110462	102530	60267.5	95322.3	72924.3	60929.6	122276	120742	75239.9	94777.6	74237.6	140950	94540.3	164160	99443.6	94071.8	118726	152199	122026	57986.1	138376	108369	169828	116074	99190.6	78190.8	84522.1	79631.1	68945.2	158882	90835.4	69114.5	120766	120040	99550	166634	137370	89699.6	116489	119750	75836.6	86507.6	87212.3
Q9HCN6	GPVI_HUMAN	GP6	Platelet glycoprotein VI	304621	373127	24331.2	359584	64836.4	89968.1	34274.7	66447.6	26423.5	22976	4738.13	32709.1	32747.4	88857	19066.8	21148.8			14879.9	20270.1	14921.9	109484	15420.5	27054.4	25586.6	11938.3	118382		130035	137086	12494.1	7218.27	7494.35	74155.1	3150.22		14428.7	10029.2	13611.8	22078.7	83174.1	11401.3	24735.4	8676.92	50593.2	27961.8	34634.9	37508.4
Q9HCU0	CD248_HUMAN	CD248	Endosialin	138456	117822	77681.8	123405	324261	85534	82362.3	57480.1	87098	82503.7	65940.1	67519.9	95679.9	74846.8	161116	202196	77844.3	110084	198516	69698.9	111881	146048	195308	108056	124958	239836	195384	106230	220946	177860	121253	33002.3	52727.9	91350.3	218429	178436	127355	207564	232945	134427	313837	387917	43711.2	100248	310688	105819	98149.1	92213.1
Q9HCY8	S10AE_HUMAN	S100A14	Protein S100-A14	7715.3	5448.82	11918.1	5653.52	4422.14	2176.23	6640.49	7557.8	10600.3	3144.51	8894.34		7098.95	7368.26	3246.78	15410	5936.23	7720.13	3812.76	2832.19	4346.29	14171	4823.91	5192.07	6971.39	7164.51	6876.6	8459.09	5202.6	6508.88	9670.51	3381.02	5032.44	7173.51	7256.62	5449.99	4248.36	4179.64	5779.32	7551.26	4355.8	2862.19	7969.21	4104.87	9081.53	5570.83	7307.04	5647.75
Q9HD89	RETN_HUMAN	RETN	Resistin		1364.68									2062.16					3115.39			6580.68			13458.1	7492.86	22628.9	5573.96	4222			3780.72	2660.22				6347.08	2098.46				14894.8	5675.8	5606.07	3437.02		1835.09	8717.42	4480.18	5848.2	5765.85
Q9HDC9	APMAP_HUMAN	APMAP	Adipocyte plasma membrane-associated protein	161199	181268	156765	179471	230063	141381	208229	162418	129142	217484	158797	186652	133127	185950	135614	270099	243543	217898	311991	195545	192062	163608	90613.6	157441	144575	93062.2	99129.7	275351	99359.9	95318.5	162475	260739	269324	207081	125608	124530	150178	198794	208524	118658	222318	172731	222357	162373	144386	150895	152226	152673
Q9NP55	BPIA1_HUMAN	BPIFA1	BPI fold-containing family A member 1	5937.66	4234.7	5793.42	5419.84	5274.74	4008.08	5456.9	6746.5	6006.44	6610.04	5819.94	2903.79	4732.94	3534.9	3163.48	5983.66	1382.23	6287.57	7157.85	3284.65	3976.6	5578.56	4314.4	3475.57	8205.14	4425.6	2200.46	2366.67	1532.95	2428.69	15712.5	23770.3	22143.5	3722.81		2492.72		3149.94	2735.43	3807.34	2243.18	5201.58	2332.57	3552.92	3053.15	4186.35	4483.03	6209.32
Q9NPG4	PCD12_HUMAN	PCDH12	Protocadherin-12	28390.6	29393.1	22955.3	29108.2	21891.8	30806.4	19621.1	25012.5	20528	10132.7	24224	19965	14074.1	15094.2	21376.9	12627.4	24328.7	10973.6	19854.5	20875.4	18593.5	17368	29326.9	41606.3	6961.22	29960.2	21879.9	25480.5	20990.9	20209.8	12167.4	13678.8	13708.1	13588.6	20912.4	19964.5	13916.3	8445.43	29755.2	36766.3	22863.7	26194.2	10856.8	17610.9	15982	17964.5	19857.1	19695.5
Q9NPH3	IL1AP_HUMAN	IL1RAP	Interleukin-1 receptor accessory protein	136366	128522	149876	124991	182769	146489	97451.1	123288	141906	102322	70048.2	96800.4	132444	79887.6	81464.4	80103.6	125846	111080	123712	84972.1	75842.2	114066	76408.3	83300.8	126376	75747.9	69533.6	118808	77483.7	84052.1	95545.2	181641	198261	63333.5	185274	141537	82374.2	149978	98307.2	71174.6	68059.9	132312	85529.8	102993	72038.5	79733.6	84861.4	85119.4
Q9NPR2	SEM4B_HUMAN	SEMA4B	Semaphorin-4B	19230.9	21055.3	23473.3	21761.7	22675.4	17478.4	30206.3	19529.3	23722	16476.1	12803.8	24570.6	26912.2	22599.4	44875.2	32864.2	26150.8	35819.2	40905.8	34789.8	38382.3	26743.3	45596.4	29164.5	19463.6	40845.6	37527	28469.7	39874.9	35335.3	19983.1	24436.1	32425.5	21618.1	28794.1	39310.1	36562.9	26472	27572.8	37435.9	37163	57925.3	20354.3	37042	42082.3	28888.3	31941.7	29670.1
Q9NPY3	C1QR1_HUMAN	CD93	Complement component C1q receptor	23866.3	17449.4	26349.5	15690.4	96679	28418	44320.3	31272.8	31521.5	18466.1	29447.5	43456.5	51708.5	31398.5	21243.7	25655.6	39085.4	39942.4	89158.8	36322.8	32337.2	102157	72741.2	63244.1	29877.5	62183.8	34911.7	31287.6	48288.1	49089.4	41281.8	20312	11767.7	24104.8	65760.6	51033.8	64545.1	83996.8	54807.8	85899.8	33415.3	41674.8	26462.6	32709.3	54634.5	47733.7	46357.7	47500.7
Q9NQ30	ESM1_HUMAN	ESM1	Endothelial cell-specific molecule 1	9143.93	10390.6	13036.3	8012.87	32461.3	4596.52	6104.3	7177.49	10850		3307.89	4702.79		5931.8	19168.8	64797.1	6747.16	4376.76	23975	12877.6	11867.9	2963.79	12819.2	6843.01	12083.2	22659.2	8561.64	10706.7	13774.2	11287.4	5566.54	9239.4	4171.42	20269.1		6368.04		12213.4	4885.31	7002.31	38609.3	24251.8	13233	15825.4	26170.1	10855.5	16548.2	11926.7
Q9NQ79	CRAC1_HUMAN	CRTAC1	Cartilage acidic protein 1	168054	186630	155211	189213	129547	111710	157281	105402	145180	71446.9	99423.4	145914	77165.8	87222.5	124338	48670.6	97414.9	79520.9	84045	49999.1	52746.9	93142.6	84908.2	115753	113193	84383.1	119497	93088.3	121659	110964	93554.4	115712	132646	67011.7	175994	76828	84127.8	138833	176655	54283	123427	114268	87912.9	95404.3	125619	71521.5	73981.1	74837
Q9NQC3	RTN4_HUMAN	RTN4	Reticulon-4	2509.94				3498.46											10855			74468		3118.03	5532.16	6127.53	6030.8																	2707.62	2725.05			3087.57			
Q9NQR4	NIT2_HUMAN	NIT2	Omega-amidase NIT2	1383.86			1638.37	918.922		818.795	806.589		820.79						816.309			1549.11				345.908	778.896	1010.07		1216.85		998.068	1110.71			663.636		2130.89						1031.8	923.164			1322.83	753.439		734.524
Q9NR12	PDLI7_HUMAN	PDLIM7	PDZ and LIM domain protein 7	5980.02	3656.52		4137.02	3255.57	17048.7		5859.57	1505.51										5086.12			8246.52	1634.36		1890.65	1896.81	9868.34		8819.54	8172.6				9873.5							6033.39				11601.7	2732.07	1889.4	3434.03
Q9NR31	SAR1A_HUMAN	SAR1A	Small COPII coat GTPase SAR1A	12867.7	14800.2	2907.6	14282.8	6877.31	22389.8	1587.82	8054.52	1845.52					6175.74		3444.44			10795.5		4563.71	10850.7		3479.23	4415.21		21320.2	1847.66	20000.6	18877.2		4350.12		25928.4	6080.83	3157.38	1147.57		9165.19	3823.81	11149.3	3208.85	5286.79	2380.42	21831.5	5330.16	5810.22	7565.61
Q9NR34	MA1C1_HUMAN	MAN1C1	Mannosyl-oligosaccharide 1,2-alpha-mannosidase IC		56661.6	22020		18534.9	85424.8	25321.8	68244.7		58905.5	19205.1	61043.2	25007.3		22364.1		57067.2	39754			38063.9			16800.6	43480.7	28347.5			50310.1	48306.4	17078.6	111995		53495.8	5369.7	61328.8	6308.4	29631.1			46769.7		20722.2	34341				35772.9
Q9NR99	MXRA5_HUMAN	MXRA5	Matrix-remodeling-associated protein 5	7093.03	6687.47	5192.85	9568.09	16653.9	4766.16	8039.44	7570.71	4664.52		2524.51	7023.33		7324.47	4600.48	21323.8	9084.01	6769.5	20788.1	9162.72	8310.41	9060.95	13830.4	8810.36	6665.61	15651.2	13208.4	8332.02	8961.13	10122.5			7032.18	12076.6	9268.35	13264.6	8065.48	13427.5	5897.4	7795.84	24593.4	15855	8676.97	9650.16	10116.3	9404.16	8438.51	8724.61
Q9NRB3	CHSTC_HUMAN	CHST12	Carbohydrate sulfotransferase 12	2151.17	2416.23	2965.66	2525.95		3208.11	4872.96		2630.93			2705.13				2228.66			5000.92	3740.8	4667.34	3671.89	5708.11	4953.87	2049.5	4628.28	4957.41		4169.09	5206.47					1893.79					3742.64	4910.96	7203.1			5785.71	1655.56	1243.07	2049.4
Q9NRN5	OLFL3_HUMAN	OLFML3	Olfactomedin-like protein 3	9593.83	10029.4	8285.73	8152.5	16487.8	13298.1	8431.46	6118.13	13063.1	7946.02	9538.06	5815.14	7752.1	11615.8	7796.05	11173.4	10208.9	2817.76	13320.5	8500.54	8905.98	6937.43	21519.6	6072.61	14422.7	14926.7	13506	12121.6	11469.1	14839.8	9142.02	7965.08	6288.66	5847.29	13764.5	18977.1	9682.93	27609.5	5110.18	7570.1	11316.8	26542.2	3646.83	12794.5	13270.9	8814.82	10141.6	9431.55
Q9NRR5;Q9UMX0;Q9UHD9	UBQL1_HUMAN;UBQL2_HUMAN;UBQL4_HUMAN	UBQLN1;UBQLN2;UBQLN4	Ubiquilin-4	8590.7	12736.2												671.011																																		
Q9NRW1	RAB6B_HUMAN	RAB6B	Ras-related protein Rab-6B					28807.9				19395.4					22071.6				16599.3	40090.7						16225.3				57651.9	48445.5													14158.9	11567.4	60500.9	32684.1		34100.8
Q9NS98	SEM3G_HUMAN	SEMA3G	Semaphorin-3G			2328.26		3442.47	2929.12		2579.15	1953.93		2657.23	3673.98					2026.73	2898.14									3827.24		6435.53	6531.76		5634.39	3036.86		6416.79					2002	1549.85	3748.61			7122.8	3124.36	2240.91	2221.95
Q9NSB2	KRT84_HUMAN	KRT84	Keratin, type II cuticular Hb4																							20013.8											15132								10649.3					2382.25	
Q9NT62	ATG3_HUMAN	ATG3	Ubiquitin-like-conjugating enzyme ATG3	6936.93	7524.36	1011.73	7932.29	3724.52	3966.45	2471.79	1956.48	1349.81		3790.51					4545.42	2031.2		12736.6	3940.62		10884.9	3633	5577.71	2513.31	3822.29	2020.5	3232.96	3021.44	2700.04		2949.77		4410.84	1370.24			1025.61	2927.2	3679.45	6202.86	5440.12	1951.7		5405.11	2973.86	3242.95	3024.18
Q9NTK5	OLA1_HUMAN	OLA1	Obg-like ATPase 1	12572	10500.7	3341.18	10575.5	6096.62	7496.25	4942.16	7873.94	1927.64			4664.36		3285.9			7691.26	3768.75	11121	4911.92		9469.17	4123.82			3600.14	4619.15	5849.08	3696.09	3192.49	3824.43	4980.76	5224.61	6763.67	7648.45		2555.2		3069.72	3534.99	12984.2	9683.08			6601.39	3794.13		5245.04
Q9NUJ3	T11L1_HUMAN	TCP11L1	T-complex protein 11-like protein 1												12482.7						1709.59																														
Q9NUQ9	CYRIB_HUMAN	CYRIB	CYFIP-related Rac1 interactor B	15879.4	20307.2	15305.5	12281.7	26806.3	18824.1	2706.28	12889.7	15054.2	7740.83	9514.62	14130.2	15307.1		16469.9	32860.4		17621.8	100335		10068.1	26118.4	39073.5	34889.1	15053	41956.6	17602.3		18197.6	18058.8	15052.9	12718.3	13446.5	19674.3	13131	15096.1	23406.8	26722.4	14599.1	20183.5	27088.1	26612.6		14120.7	27615.7	19845.5	21695.6	23306.5
Q9NY15	STAB1_HUMAN	STAB1	Stabilin-1	3765.58	5161.13	6987.31	4163.59	10920.1	4693.75	10185.8	7872.8	8114.58	9636.22	1433.05	10479.4	5879.92		4988.57	4604.01	4426.91	6156.49	4281.09	2839.44		7370.62	8896.85	7599.41	4691.77	9473.54	5517.55	3566.27	5589.44	5396.86	4276.01	4146.81	5845.19	5512.32	5214.88			3528.78	6457.15	7516.9	5734.29	3088.89		3159.35	8744.61	3839.61	2317.88	3815.54
Q9NY97	B3GN2_HUMAN	B3GNT2	N-acetyllactosaminide beta-1,3-N-acetylglucosaminyltransferase 2	38015.2	44606.4	32843.6	45820.4	32920.3	42822.8	35923.7	33019.7	37224.1	38803.4	43722.1	42710	50706.8	35369.1	27263	20615.7	20457.6	24767.7	34899.1	36165.9	38076.6	28612.1	37522.4	36198.6	22078.8	34527.1	47734.2	30509	38440.9	42230.7	32692.5	32260.3	29908.5	22892.1	32161.3	42420.5	39252	38755.5	27220.3	48223.1	32616.3	43215.9	22839.5	33030.4	38104.3	28656.8	29410.9	31418.6
Q9NYU2	UGGG1_HUMAN	UGGT1	UDP-glucose:glycoprotein glucosyltransferase 1	4749.7	3691.38	3422.12	4348.45	2842.02	4292.88		2999.94	2271.43	3644.96		3272.27				7500.41	4409.31	5683.14	5336.8	5700.91	4492.41	3898.02	4435.68		7596.52		3945.53	5485.88	2983.74	2801.86		4611.82	3479.32	4230.41	5190.08	12570.6	1892.95	6319.39		2113.92	4343.03	4021.06	6578.01	9841.67	6445.92	5492.42	3563.76	4445.51
Q9NZ08	ERAP1_HUMAN	ERAP1	Endoplasmic reticulum aminopeptidase 1	26258	27907.3	14140.5	28042.1	25592.3	41393.5	48870	14314.8	9317.42	41059.7	21811.6	42562.8	40313.7	28329.9	18816.4	34847.5	41017	14778.7	20950.5	65624.1	76001.2	31145.7	22757.2	47116.1	55998.2	25172.6	42649.1	38404.6	46343.9	42258.6	68292.7	51963.1	55209.9	44695.9	23860.6	85267.4	36470.8	53065.5	15100.9	45552.9	59506.3	71973.2	21405.2	84535.2	38020	41552.8	42020.1	41546.1
Q9NZK5	ADA2_HUMAN	ADA2	Adenosine deaminase 2	4982.07	5885.3	10838.6	4844.08	10830.7	7801.08	22089.7	7066.36	12432.4	6915.62	10287.9	24177	7484.46	10216.9	11999.5	6983.69	8287.35	27302.3	30251	18211.1	15765	12688.7	53897.3	10967.6		54515.9	23067.3	8532.98	17964	19509.5	8723.64	7961.82	7282.8	7485.89	5858.84	18309.3	15324.1		8750.01	26183	34731.6	31674.2	9589.61	15381.6	15183.9	18138.1	13823.4	17658.9
Q9NZL9	MAT2B_HUMAN	MAT2B	Methionine adenosyltransferase 2 subunit beta	1144.03	2046.72	1554.07	1696.91		1677.62										2281.1	2591.83	1244.93	11471.2	2577.59	2655.94	2793.16	2357.03	6744.14	5000.88	3157.68	2717.22	1549.16	2187.23	1383.21		1872.48			4833.97			5147.83	1428.14	1469.59	4847.27	7870.21	1630.62	3886.15	4792.41	2641.2	1595.19	1905.32
Q9NZN3	EHD3_HUMAN	EHD3	EH domain-containing protein 3	6795.61	7560.67	1750.03	6301.25	3328.96	2034.26		3034.72	2869.38					2059.99								4930.43					3354.06			3371.25				1321							5211				5672.73			
Q9NZN4	EHD2_HUMAN	EHD2	EH domain-containing protein 2			2188.33	1841.6	6470.33		348.444			3903.6		3573.54				8161.97		4589.41	20655.7	2571.59		8096.74	7200.38	2519.51	3456.67	6855.02		2056.67	3096.1						2754.89			6873.82	3402.16	2566.71	3183.28	2828.18		3591.46	6418.44	7731.41	6124.91	5897.19
Q9NZP8	C1RL_HUMAN	C1RL	Complement C1r subcomponent-like protein	406527	416066	376471	398543	431003	624650	443106	467069	639130	715173	389353	491066	728691	632768	446910	278218	471867	603476	306521	408822	450963	337922	522379	285965	410271	484474	365361	452992	392813	424967	578623	598845	623365	375181	309292	609410	501887	509516	411013	473014	284496	353113	389461	425807	296120	299394	323655	320721
Q9NZT1	CALL5_HUMAN	CALML5	Calmodulin-like protein 5	6660.89	5276.17	12950	12094.5	17780.1	10705	13359.1	9811.85	20579.7	14323.4	27681.3	14466.1	23363.8	19349.3		17902.3	25021.8	12890.7		16346.6	12159.6	20194.3		16553.7	16703.7	11386.6		38004.1	9356.99	39039.6	11540	14884.3	27844.1	19255.6	14945.8	32940.4	14584.8	8361.79	6569.5	14180.8	5601.1	6376.85	18748.9	15290.5	6088.76		15500.4	8680.88
Q9P0Z9	SOX_HUMAN	PIPOX	Peroxisomal sarcosine oxidase																								1249.43			1822.06		3042.17	2035.07					5364.28										829.566			
Q9P232	CNTN3_HUMAN	CNTN3	Contactin-3	16264.6	10763.5	22403	17476.3	13403.4	33047.5	30296.7	36798.6	29954.5	23390.7	22981.5	37290.9	29248.7	28432	28937.6	11939.6		12164.4	11921.3			16857.2	23081.7	7384.92	17058.1	16147.6	10899.8	7943.69	15813.9	14679.6	19172.9	14128.1	22714.5	30132.3	17948.3	26053.8	14206.4	14814.2	23103.9	25488		18186.1	22173.9	32172.1	15622.5	13398	12490.9	12577.5
Q9UBG0	MRC2_HUMAN	MRC2	C-type mannose receptor 2	6146.83	5707.4	5975.86	5363.33	11781.6	8889.79	10340.3	7310.13	5556.98	2089.04	4032.34	9261.37	8015.22	10821.8	7634.94	721.222	8190.08	6190.49	9123.94	3366.2			7570.81	8585.57	3674.01	8591.66	6171.86	6383	6237.34	9969.2	5519.45	4497.07	3332.52		14006.5	11762.5	7454.1	7795.36	5347.46	6781.93	7621.42	8324.88	6164.79	5879.94	9213.73	5776.72		4206.17
Q9UBI6	GBG12_HUMAN	GNG12	Guanine nucleotide-binding protein G(I)/G(S)/G(O) subunit gamma-12	3568.86	2561.74	3026.09	4737.69	1976.78	2231.84	3369.56	3213.11		2582.14	3536.66	2948.81	1686.28	1444.47			2946.98		6138.49	2753.35	1721.62		3019.98		1967.66		2918.62	2612.71	2278.78	2451.97		3325.51	2632.86	2761.76	8390.16		5089.05	5541.94	3409.14	3987.62	2145.4	4800.82		3330.96	2306.01	2909.91	3384.5	2685.85
Q9UBP4	DKK3_HUMAN	DKK3	Dickkopf-related protein 3	16788.5	17914.2	34680.9	18026	37850.6	28956.9	40594	34022.8	45072	23944.6	24741.7	26874.5	33784.5	24588.7	40950.1	37046.7	31505.8	87477.5	23555.3	37936.5	34992.2	18680.4	43957.4	18344.7	36666.3	33481.8	30603.7	21301.6	46524.2	44730.3	36011.2	19588.4	18619.6	32984.2	53620.3	38598.5	55269	116882	50710.2	39044.3	45964.2	63624.3	24021.4	33911.6	33825.5	36137.5	33747.6	33793.9
Q9UBQ0	VPS29_HUMAN	VPS29	Vacuolar protein sorting-associated protein 29	1714.09	1663.19		2804.98		2277.85		1034.45	1032.8							1770.64		1772.31	7216.83			1983.28	2922.38	2025.31	1494.74	1914.24	2658.01		2513.37	2000.78				2468.44	1925.54			729.032	1779.61		717.613	2108.95			2649.86	780.461		2048.62
Q9UBQ6	EXTL2_HUMAN	EXTL2	Exostosin-like 2	19803.5	22407.7	17661.3	19413.3	19377.8	22329.6	16540.1	17230.2	17472.9	18816.8	19020.2	15955.7	25203.7	14130.6	11948.9	16273	20459.2	23446.7	15762.3	18242.5	16354	9409.93	15912.7	11559.8	17132.7	17014.3	23655	19254.8	28377.4	21288.4	16992.6	14332.7	19625.5	10701.1	24456.3	27055.1	5875.79	22600	14946.9	7222.99	14369.3	32042.2		19987.7	16963	11965.3	12416.2	11471.1
Q9UBQ7	GRHPR_HUMAN	GRHPR	Glyoxylate reductase/hydroxypyruvate reductase	3237.14	4462.22		3916.99			3818.3												3417.2	5326.15	4248.56				3586.4		2758.02					7560.86	1947.4		9584.29						2355.62	1971.03	3178.13	3010.71	4606.92			
Q9UBR1	BUP1_HUMAN	UPB1	Beta-ureidopropionase																																4649.93	2530.97		14311.8							1749.72						
Q9UBR2	CATZ_HUMAN	CTSZ	Cathepsin Z		54920	86218.7	87646.7	128467	108681	98213.2		102234	43567.5	74144.5	122763			118612	162552	181397	75776.7	193469	136736	134953	112912	109423	85495.8	102245	129116	135083	123703	139692	100959		62781.3	72752.2	110114	118501		133161	131435	105916	109671	93826.5	121188	123299	268677	185888	117298	162084	108893
Q9UBS4	DJB11_HUMAN	DNAJB11	DnaJ homolog subfamily B member 11	15079.5	15361.8	11745.1	14734.1	2901.59	6960.76	6182.83		7676.82	5987.26						14025.3			6739.39	10625.7	12583.1	4214.32	7565.93	18352.7	9258.64	8046.59	8250.5					5849.39		5190.88	4584.22						17182	9441.23	6747.23	4135.9	13212.2			
Q9UBW5	BIN2_HUMAN	BIN2	Bridging integrator 2	29452.7	31808.8	3138.65	26757.8	9863.97	13125.4			7851.28					5024.34	8824.83	15532.7		6028.8	19385.7		4082.3	15463.2	5369.01	24314.7	8244.3		12788.2		12758.4	15037			4787.75	19073.8					12708	9702.75	9588.91	4498.4			17296.4	8241.37	5457.06	9960.32
Q9UBX1	CATF_HUMAN	CTSF	Cathepsin F	8880.73	9577.93	6894.41	6481.7	5666.38	7206.65	3755.62	4852.7	4008.78	4272.54		5609.39	7605.04	4687.67	5515.75	4115.59	7381.09		4213.28	7599.58	4058.11		1874.76		1990.93		11423.1	5987.24	9269.83	8993.41	6256.66	5298.93	3091.79	3091.86	2734.73	3879.05	4714.19	11427.4	11049.3	3280.99	6141.47	5165.27	5758.36	4749.72	5039.09	4094.1	4928.59	3548.07
Q9UBX5	FBLN5_HUMAN	FBLN5	Fibulin-5	181784	172711	164963	190420	206632	163332	122052	69836.4	153874	88187.4	130153	107214	111138	143486	88713.6	177538	221703	228702	164728	124421	131512	266626	589896	313226	345100	600896	348243	231422	338468	329624	125645	78346.1	95780.5	326179	514047	72058.1	70464.2	185855	323102	305629	418140	293932	194303	136807	366636	236746	257483	214176
Q9UEW3	MARCO_HUMAN	MARCO	Macrophage receptor MARCO	103198	94934.4	82707.5	102733	28214.5	171285	61233.8	67693.8	77372.2	43458	21653.3	59901.9	70707.7	68867.5	104969	26665.7	22252.7	57080.1	86704.1	33957.2	32718.6	73360.3	207823	71589.3	86098.5	194248	202897	20413.2	203421	221089	144578	47850.1	61706.1	46171.2	55080	24776.4	139102	26223.6	79578.4	211786	78805.6	217440	73243.2	56516.1	111720	91325.3	91554.7	94507.5
Q9UGM3	DMBT1_HUMAN	DMBT1	Scavenger receptor cysteine-rich domain-containing protein DMBT1	27153.6	18368.3	9056.82	7075.3	11259.5	3934.48	59370.4	5073.94	21133.1	32604.2	14259.8	58071.4	15812.4	16814.1	8360.97	15224.1	12487.3	21595.4	348662	14739.9	12590.6	12937.7	54508.8	43280.4	23434.7	58296.4	12106.7	18043.8	10058.5	9105.12	15388.2			13782.3	115758	35034.3	15489.3	28401.7	50418.3	54259.2	17800	26124.7	7439.43	24659.5	23291.6	48862.3	47450	51405.4
Q9UGM5	FETUB_HUMAN	FETUB	Fetuin-B	853580	970323	608776	853928	179084	617061	550053	275705	438110	420688	362604	564983	624764	595183	506520	509271	417180	325416	170598	793100	930144	225658	457193	311527	585249	461834	616265	501285	447412	405815	735791	485379	410515	422568	294253	718958	880856	472231	407739	421056	289603	74754.4	397753	742081	306342	430800	429149	401921
Q9UGT4	SUSD2_HUMAN	SUSD2	Sushi domain-containing protein 2	3358.74	3199.99	1503.06		2625.24																		3312.99			4296.72	3085.49	1857.22														2738.22		3685.78	1906.35			
Q9UHG3	PCYOX_HUMAN	PCYOX1	Prenylcysteine oxidase 1	189749	210731	127157	209270	163184	152533	113922	197938	103621	168159	110668	106472	134629	152142	108345	95980.9	103650	61819.4	95385.3	116169	117031	64892.9	100353	50690.9	104336	91549.2	97492.1	101559	107936	100727	124593	183062	229770	83825.6	138762	149801	75636.8	148157	155466	154672	57668.4	135406	83604.6	155510	136804	82565.4	76755.7	87235.1
Q9UHK6	AMACR_HUMAN	AMACR	Alpha-methylacyl-CoA racemase																																2417.95	1981.47		9942.22													541.685
Q9UHY7	ENOPH_HUMAN	ENOPH1	Enolase-phosphatase E1	4956.71	6893.12		4686.13	5075.77	2313.97													9727.61		3649.46	7893.12												2104.46				4322.02			6210.82	3317.96			4613.88			
Q9UI17	M2GD_HUMAN	DMGDH	Dimethylglycine dehydrogenase, mitochondrial																			2565.51								3279.84		2245.26	2887.49					20773.6		1251.11								2475.85			
Q9UI42	CBPA4_HUMAN	CPA4	Carboxypeptidase A4	7808.67		10545.4	4388.55	4273.78	2803.9		5705.72	10329.9	6485.26	11661.3		8663.1	9635.85	8981.65	6278.35	4763.16					9181.49		7511.94	4716.34	7321.87	3883.05	12693.5	7369.48	8193.3	10592.8	5395.2	6790.04	4495.62					8627.71	11318.9					10673.5	4789.45	7084.2	7053.25
Q9UIB8	SLAF5_HUMAN	CD84	SLAM family member 5	29495.8	28839.6	15465.4	23974.6	19315.9	34051.1	10712	12881.3	15993.1	12052.1	11824.6	10298.1	22572.2	15608.7	12374.5	15455.2	5493.65	7443.29	11355.1	7399.26	8448.26	11372.4	15325.8	14989.3	14260.4	16806.6	26169.2	4702.14	32635.7	30932.4	9933.93	8612.55	9792.69	19624.8	11309.3	8925.68	12388.9	9432.62	9822.25	11394.3	14104.8	15484.5	9259.31	8394.75	34136.5	12521.5	14064.6	15402.4
Q9UIW2	PLXA1_HUMAN	PLXNA1	Plexin-A1	4339.39	5357.35	3563.75	2572.73	6975.96	3454.39			3964.39			3876.58			4574.47			5793.95	6064.38			3722.9	7903.4	6210.46			5925.82	5318.27	5362.75	3316.92				1836.03	6703.7		3202.64	3103.31	4442.48	3369.11	5511.05	10765.7			6654.21	3544.18	4405.43	2900.92
Q9UJ70	NAGK_HUMAN	NAGK	N-acetyl-D-glucosamine kinase	3929.88	3291.99	3000.94	3001.33		1462.68	1223.78		3088.23		3936.48								8392.27		3567.11		3171.69	4359.13	2918.11	3797.7	5198.63	2264.04	3423.29	2911.16				2425.4	1769.11				1603.77		2459.51	5327.34			3389.62	2802.8	2245.33	
Q9UJC5	SH3L2_HUMAN	SH3BGRL2	SH3 domain-binding glutamic acid-rich-like protein 2	8679.63	8546.32	924.099	7984.72	2485.3	7833.3	1588.06															3382.77			666.579		6705.15		6585.31	6630.77				6097.84					1616.87		2055.96				5184.17			
Q9UJJ9	GNPTG_HUMAN	GNPTG	N-acetylglucosamine-1-phosphotransferase subunit gamma	20870.4	18644.9	19930.9	19124.4	34230	32677.3	27528.1	21362.9	23592.1	21247.7	23748.6	31071.9	26353.7	20096.1	28913.2	23538.6	23661	21134.1	31926.6	27242.5	24517.1	20431	24867.8	19263	22068.2	19477	32009.1	23562.7	31922.2	30107.1	23057.6	18016.7	19053.9	22280.2	29785.5	40626.6	23082.2	42369.9	26132.2	27393.5	30803.9	29427.1	20575.9	35147.1	25671.2	22845.9	20188.2	22309.5
Q9UJM8	HAOX1_HUMAN	HAO1	2-Hydroxyacid oxidase 1								4135.38											7430.03					14875	10560.8		6986.56		6814.67	4621.72		5090.83	4633.45		43150						5867.42	2924.66	15437.5		2270.77			
Q9UJU6	DBNL_HUMAN	DBNL	Drebrin-like protein	14210	12080.7	4219.17	12076.7	5410.01	16306.6	3908	6475.04								10560.1		43649.2	27941.7		6703.38	16259.5	2977.13	12188.9	5092.32		8290.39		16713.8	9084.82				14480.3					9669.65	6665.23	3635.45	7018.1			18772.6	9143.12	11123.5	13511.3
Q9UK05	GDF2_HUMAN	GDF2	Growth/differentiation factor 2	8269.92	8142.75	7760.27	11370.1	25755.4	9692.56						5176.82				11369.7	16956.3		29215.1	20717.3	21582.8	27433.8	17396.3		10521.1	30999.9		18981.2		10745					10745.2			17013.9			21345.2	20210.5		19775.7	15018.6	8081.54	7966.11	5359.92
Q9UK55	ZPI_HUMAN	SERPINA10	Protein Z-dependent protease inhibitor	652338	705480	361179	654215	491093	816364	811180	392880	470413	780775	941712	779738	611169	691517	644307	773119	976464	858903	600489	957115	922312	608486	255093	839248	1.0304e+06	295459	668356	940658	680636	683238	737970	1.19515e+06	1.22291e+06	631042	987927	890745	818650	898130	1.14254e+06	806351	942712	912390	798240	783234	512989	727372	761937	779396
Q9UKU6	TRHDE_HUMAN	TRHDE	Thyrotropin-releasing hormone-degrading ectoenzyme	3200.54		5567.25	2069.7	979.895	6032.63	2255	4813.74	3013.03	5270.95	2860.74	2816.47	15198.1	2717.73		2308.15		2383.44	2248.14		1292.47		1406.06				683.76	2530.84	1592.74	1586.53	3327.38	5798.11	4150.19	2924.16	3104.22	3530.31	2275.96	2511.25	1681.92	1980.14		1780.47		1686.78	1478.59	1448.39	1389.12	2055.42
Q9UKU9	ANGL2_HUMAN	ANGPTL2	Angiopoietin-related protein 2	2773.89	3113.71	6046.46	3253.54	5933.31											4415.89			10791.8	3289.36		5124.17	9101.8		4863.04	8754.6	3992.12		4796.01	4973.34									3171.16		4432.97	5118.95		4618.93	7149.49			
Q9UKV3	ACINU_HUMAN	ACIN1	Apoptotic chromatin condensation inducer in the nucleus																			3551.32				957.18	1743.94																	681.624						1427.18	
Q9UKX2	MYH2_HUMAN	MYH2	Myosin-2					59303											75698		23683.9		36450.1	40106.5		6013.72		28371.1										27107.5						10859.2	6223.9			7516.26	17857.6	15087.7	14465.8
Q9UKY3	CES1P_HUMAN	CES1P1	Putative inactive carboxylesterase 4							27499.4			4789.73		31903.2	10018						7517.66			6679.29		5629.92		2002.53		12417.1				14856.1				12324.9				13515.6				9497.54		11048.8		10077
Q9UL46	PSME2_HUMAN	PSME2	Proteasome activator complex subunit 2	18567.3	29018.4		23181.7			27929.1									52978.5			22391.8	13911.7	17590.3	16086.1		21916.9	10608.4	11698.5	11249.4		23288.5	13542.5		15707.9			29854.9					9156.22	12122.8	20100.6		29573.8	17558.6		21713.2	
Q9ULI3	HEG1_HUMAN	HEG1	Protein HEG homolog 1	28005.1	26583.1	27181.6	31186.2	45190.8	15836.8	11113.7	17601.8	29103.6	20646.4	22360.8	15595.8	27447.1	15531.1	37311	14974.3	13713.8	41151.5	15305.3	10913.6	12852.2	15728.7	33903.1	2070.79	20214	34675.5	15553.8	15187.2	19039.4	19908.1	12799.8			10260.2	13259.2	17753.3	39856.3	18627.5	32836.4	8855.14	12098	14279.1	9887.04	18725.6		19332.2	18907.5	21658.8
Q9ULV4	COR1C_HUMAN	CORO1C	Coronin-1C	9925.21	10612.6	5057.26	8645.73	8728.09	9542.55	2839.51	7485.68	5608.04			2891.12		5241.71		3092.69			5957.33			9894.99	4504.31	4205.73	3543.57		10837.4		11266.8	10591.4	2826.65	2283.36		13780.1	2183.47				4692.92	5712.69	10164.2	2489.14	5159.86		14467.2	3056.94	5472.75	3679.35
Q9UNF0	PACN2_HUMAN	PACSIN2	Protein kinase C and casein kinase substrate in neurons protein 2	32279.5	31780.3		27680.5	10139.8	30717.9			8291.05							8203.79			13601.7			19685.8			6285.21		23365.2		29702.6	33142.8				49879.5				4953.4	9490.64	6730.3	10724.9		11919.9		37108.9	10464		
Q9UNN8	EPCR_HUMAN	PROCR	Endothelial protein C receptor	96593.5	84149.6	45819.8	101473	62761.4	42205.3	53595.7	78611.7	54072.1	38125.5	46807.2	58571	69098.1	55556.1	52057.1	42756.2	41068	35008.9	59668.7	46101.4	39653.4	58037.7	81720.8	49080.4	38277.3	84014.9	104997	38994.2	97525.9	106267	46300.6	31391.5	31881.9	40118.8	54867.8	68387	47522.2	79589.6	60511.8	52813.2	40987.6	45773.3	49979	63433.7	43011.2	55035.1	58415.2	51539.8
Q9UNW1	MINP1_HUMAN	MINPP1	Multiple inositol polyphosphate phosphatase 1	25395.6	27952.2	23576.2	25216.1	31169.5	33588.3	30236.9	22481.5	24735.3	24900.3	33360.4	35796.9	25703.5	21490.2	25743.8	20071.7	23928.3	22729.6	27321.5	41613.4	37598	15963.8	32918.5	32227.4	29454.5	35626.2	37923.4	21389.7	37887.9	38743.7	20392.9	28119.6	31995	31785.4	23114.5	13652.7	31468.7	36206.4	23194.9	23368.8	17652.6	32069.8	20576.7	21121.2	19199.6	26916.1	25274.2	26366.5
Q9UNZ2	NSF1C_HUMAN	NSFL1C	NSFL1 cofactor p47	4299.1	2046.72		2724.46		5336.31	2591.31	2260.11			2460.21					1085.97	1076.9	1732.96	4158.05			8122.09	1576.1				1928.58		1365.47	1790.96	2672.35	2243.75	1178.65		1362.14				516.91		3658.82	2496.69			3093.42	1409.55	1579.71	2221.05
Q9UP52	TFR2_HUMAN	TFR2	Transferrin receptor protein 2	3654.14	4714.77	1251.87	4700.25	2259.34		1454.84															2197.17					5287.82		5205.76						5961.26						1601.91	4613.33			4700.01			
Q9Y240	CLC11_HUMAN	CLEC11A	C-type lectin domain family 11 member A	126016	124671	117869	122239	105550	100677	134859	64230.5	106400	83024.8	94912.9	151438	83715	107699	161272	289424	49584.1	118279	187416	125733	126764	137822	176323	203738	179272	164810	198413	48164.9	242822	238372	77636.1	70153.3	67265.3	134535	59989.8	96623.8	80069.8	76640.6	75453.3	144121	248234	226401	127564	108407	211679	181723	172973	161375
Q9Y251	HPSE_HUMAN	HPSE	Heparanase	25128.9	28879.7	27623.3	24912.5	27490.8	40048.5	32016.5	21446.4	30840	22919.1	6796.82	25699.5	21055.9	32097.8	16887.5	31007.3		14767.4	5212.06	30133.6	31837.1	9884.25	13554.3	76140.4	14530.4	17499.2	26399		34566.4	36411.4	10713.6	9156.64	7609.54	43985.4			19843.1		4884.32	9790.07	54664.4	18154.1	34514.7	8237.65	67644	18722.6	16747.7	22089.5
Q9Y266	NUDC_HUMAN	NUDC	Nuclear migration protein nudC	11390.5	5335.37		8982.56	11583.6	18772.8													9149.48			9560.53		10581.9	5370.78		5509.19		10828.1	11028.5				8598.3	9567.94				11159.3	19640.8	5428.06	6720.15			16888.9	7726.51	5448.79	7241.03
Q9Y274	SIA10_HUMAN	ST3GAL6	Type 2 lactosamine alpha-2,3-sialyltransferase	14570.6	14649.1	20719.5	15322.7	10881.3	14068.8	13227.4	18977.4	14703.8	11996.1	14946.3	9459.32	22447.2	13983.8	12555.9	12452	9440.78	11259	6020.6	9384.58	10923.2	9808.16	6711.58	10241.4	12464.3	6645.62	3423.62	8530.52	6104.56	7088.12	12332.6	10385.1	12293.1	10451.3	6481.22	5915.31	7441.93	14524.9	9254.08	6595.66	11016.7	9214.05	11498	5835.66	8677.03	7320.39	5383.84	6639.25
Q9Y279	VSIG4_HUMAN	VSIG4	V-set and immunoglobulin domain-containing protein 4	12794.3	12633.4	6109.9	15148.9	91341.8	6815.21	23851.2	2997	9140	6338.91	23990.1	24344	10161.6	7217.79	17480.6	201926	98162.6	126096	517602	52364.2	47070.6	501001	191058	212669	57750.5	193941	28661.8	96890.7	33284.6	31246.5	8340.65	11476.1	12152.3	47380.6	224138	80898.3	61860.7	65428.8	31852.8	134153	96968.6	254957	26106.7	117925	175904	124534	129955	127582
Q9Y287	ITM2B_HUMAN	ITM2B	Integral membrane protein 2B	17522.5	16785.2	19428.6	13904	26698.2	18692.7	26454.5	12629.2	19632.9	14058	22536.1	18806.1	15593.4	25200.4	29780.8	24716.6	28703.6	23042.6	31249.8	19073.6	17560.1	41979.4	25488.7	28406.5	23266	25913.2	30926.5	19314.8	24192	30172.3	18675.5	20709.9	24958.6	29807.1	26383.4	25395	26284.1	36027.4	34903.3	50064.5	52121.8	60457.2	15369.2	18795.7	50457.4	19333.1	18054.4	20898.3
Q9Y2B0	CNPY2_HUMAN	CNPY2	Protein canopy homolog 2		5091		4134.85	6255.31			5243.25								6937.35			15843.8			12853.9	5737.86	9525.56	4012.25	4989.77	4473.82		7681.57	7990.81				10907.1			4751.04	6373.38	4243.68		3640.27	2197.9			10636.9		5771.75	6644.8
Q9Y2E5	MA2B2_HUMAN	MAN2B2	Epididymis-specific alpha-mannosidase	43428.2	49534.4			19017.1	23965.5	14481.3	13884.8		18390.4	28066	40932.9			25445.2				38340						34623				27473.7	29524.2	31286.2	33676.3	27120	31862.7	47004.1			34877.4	48280.1						24269.1	27508.8	26102.8	27301.7
Q9Y2S2	CRYL1_HUMAN	CRYL1	Lambda-crystallin homolog																										2779.99							5763.11		9359.03		11820.6							9221.95				
Q9Y2Y8	PRG3_HUMAN	PRG3	Proteoglycan 3	4221.5	5170.59	8245.46	7239.44	3493.87		3578.9		8753.95		9361.95				7055.99	10656.6			20032.5		4203.42	6021.28	9934.35	5642.23	13328.8	7019.02	9936.92		13606	8718.66		6031.7		6365.98			11299.6			8755.6	5352.38	3059.26				14013.5	9884.54	13391.8
Q9Y376	CAB39_HUMAN	CAB39	Calcium-binding protein 39	6230.53	5366.4		6849.81										13915.6		2991.25			6551.44			3420.91								4128.65								1562.97			3048.19							
Q9Y3I1	FBX7_HUMAN	FBXO7	F-box only protein 7	34364.6	105157	8727.71	21522.1		10470.8	2415.62	6201.23		5956.48	1908.34	7246.53																							1614.66			3597.97										1800.82
Q9Y490	TLN1_HUMAN	TLN1	Talin-1	136570	138924	38287.5	132254	79671.8	76228.9	19300.3	77552.6	41512.4	16675.1	16700.8	19515.7	33824.6	51462.8	24095.7	25863.2	4924.42	26084.1	49279.4	12949.6	11647.4	72193.8	17097.8	44229.5	22224.7	16607.4	65608	5606.48	75118.1	69417.2	17710	16626.2	17597.7	98732.8	5469.51		12557.4	6402.76	42655.2	18698.2	73810.5	19751.6	38407.4	7860.68	106086	30953.5	31048.4	31386.1
Q9Y4E8	UBP15_HUMAN	USP15	Ubiquitin carboxyl-terminal hydrolase 15	3229.54	3324.23		3922.08	1608.46	5451.02												1782.37	1735.16																							2620.37						
Q9Y4L1	HYOU1_HUMAN	HYOU1	Hypoxia up-regulated protein 1	16930.6	15843	11799.8	16590.6	12007.3	10529.8	11349.6	11591	12560.1	18178.1	16110.6	10967.5	24443.6	14440.3	15055	29804.9	15343	19567.4	18728.5	11846.1	9681.1	13314.5	10166.8	10518	19462.4	9970.88	10288.1	13673.6	13115.1	12564.3	22408.1	8674.34	11930.3	14534.6	21376.5	28452.5	25204.4	24716	32504.1	10275.6	14350.7	17454.7	9457.65	11720.2	16558.6	13879.8	13366	10718.7
Q9Y5C1	ANGL3_HUMAN	ANGPTL3	Angiopoietin-related protein 3	81008.2	86875.8	72878.9	87440.3	104283	72196.4	69788.8	28465.4	63026.3	45556.7	38959.6	59140.6	61846.6	36634.3	69807.8	64676.2	161240	68073.2	88089.7	88901.2	86381.8	67850.9	89063.8	65249.2	137833	85494.2	68056.9	144593	64854.6	62281.8	57324.4	62461.5	74995	46837.4	85692.2	83309.3	35685.6	123084	53004.7	53318.7	71491	48933	40264.1	96328.2	85826.8	63703	72435.3	63238.7
Q9Y5Y6	ST14_HUMAN	ST14	Suppressor of tumorigenicity 14 protein	1360.21					1653.88	2062.8									3271.66			5995.83	2779.89	2671.74			4861.97			11522.5		10638.2	7348.83				1221	3213.86						2236.68	4310.54			17240.4	2700.45		3173.76
Q9Y5Y7	LYVE1_HUMAN	LYVE1	Lymphatic vessel endothelial hyaluronic acid receptor 1	2501.67		7986.6	3618.57	13675.7		7879.28	11331.4	5742.34	12918.2	12583.8	14735.8	22291.5	15129.9	9700.67	13571.7	4539.92	13287.4	15026.8			26470.1	18941.6	20873.4		15441	2785.34	9064.47	5483.66	5112.89	4457.73		5186.59	2872.53	11008.4	52919.6	34616.4	11307.5	15042.1	20543.8	5791.22	6442.78	9821.47	10617.8	13607.9	18556.7	14971.9	18475.2
Q9Y617	SERC_HUMAN	PSAT1	Phosphoserine aminotransferase					3907.36		4961.78				2620.59	3746.48							5654.9	4266.99			3933.34		4695.28	2794.66	2583.32		2796.82	2920.64		3404.3	3397.27		10480.2					2388.48	3387.07	4066.46		2332.11			3068.77	2048.56
Q9Y625	GPC6_HUMAN	GPC6	Glypican-6		2323.15	3326.15		9143.22	2358.06	9291.61				10311	9006.73		4286.23	11982.8	28955.4		4227.09					3568.54		4817.17				7370.46	7403.09		4518.56		13937.6	3992.78	4905.68	9894.51		3380.49	22142.8	7138.23		2354.82	7521.86	4006.07	5724.95	7621.75	6328.7
Q9Y646	CBPQ_HUMAN	CPQ	Carboxypeptidase Q	26871.1	28537.6	15982.1	27364	15365.7	21377.4	19729.2	20850.7	15883.4	10697.4		25753.3	10989.9	8649.43	19684.7	17523.6	18564.2	11343.1	18241.4	15422.5	11098.3	9036.98	23303.7	14419	13302.9	24608.9	24522.8	17449.1	25392	22045.1	15767.2	26286.4	23872.1	11830.4	10028.4	16907.1	11607.2	18264.1	27580.7	8032.93	13044.5	18429.4	29500.1	12601.9	9878.93	17295.9	16259.1	14211.1
Q9Y6C2	EMIL1_HUMAN	EMILIN1	EMILIN-1	4689.91	6363.15	15325.3	4624.88	8103.09	12236	7406.22	10225.8	12995	8348.99		6450.13	13371.2	9539.26	7703.37	7324.81		7896.67	7422.8	9758.84	8092.25	9953	17265.6	29310.1	7376.68	18603.6	8391.93		8345.16	9142.31		4989.43	5879.72	12598.9	2600.19	5521.05	5827.98	7486.19	3826.07	8207.92	19226.2	12995.6	23115.7	6089.12	13726.8	8360.49	9221.19	9555.56
Q9Y6E0	STK24_HUMAN	STK24	Serine/threonine-protein kinase 24	15364.1	15091.4	2906.79	14254.9	6380.8	5754.92	4617.31	7241.24	3538.36		4096.77				5177.23	4556.32		3647.75	5207.76			10887.6		5344.44			5640.58		5972.95	6327.59			3287.39	8843.85			3996.34		3246.99		5337.26	2055.19		2928.86	7285.68			
Q9Y6N7	ROBO1_HUMAN	ROBO1	Roundabout homolog 1	2661.22	2613.89		1996.92	3501.7		3268.93	2914.49									2247.2	4093.88		1715.13				3391.93	1259.81	2522.66	1251.54	1925.38	3490.54	4024.54			1414.91		4943.2				3050.6	8764.17	2120.94	4088.6		2406.17	3069.22	3175.67	3183.65	1976.5
Q9Y6R7	FCGBP_HUMAN	FCGBP	IgGFc-binding protein	43275.4	46105.4	59278.6	42549.2	42611.7	24334.2	49629.7	32685.6	57970.8	42209.1	55045.9	70268.6	40729.7	99813.2	47566.1	10520.3	181270	89767.6	69238.8	37243.7	35878.4	123456	205529	244285	76492.5	205450	53781.5	160261	48746.9	50336.4	40511.1	49182.6	48308.5	135191	77068.5	335726	84881.1	40418.1	265234	110298	166086	270763	131543	83488.1	105583	90775.4	97317.9	92404.3
Q9Y6Y9	LY96_HUMAN	LY96	Lymphocyte antigen 96	1617.55		943.813	930.064	2585.98			1122.05						1773.78		3558.93	2748.88		8982.89	2706.48	1804.33	5834.1	3358.8	7127.15	2372.09	3849.44	1413.1	2533.21	2454.97					1805.07				2240.27	1444.83	7441.07	6050.48	1562.95	3005.19	2094.57	4651.89	2653.15	2452.69	3946.37
Q9Y6Z7	COL10_HUMAN	COLEC10	Collectin-10	158220	160138	92127.8	143499	179609	98352	64126.1	75019.7	85987.3	60766.1	80820.8	73322.6	55478.9	77778.5	84147.5	46028	79469.4	65776.8	80748.6	56391.2	58936.5	91270.3	169641	77591.3	75055.8	150558	91087.4	78534.5	93206.1	88447.7	53932.4	93219.5	95788.2	63170.9	144778	129278	67438.2	107728	115532	118713	184495	241581	54792.5	112239	162886	62650.2	64997.2	70453.5
