protein_group	protein_names	genes	description	Con1	Con2	Con3	Con4	Con5	Con6	Con7	Con8	Con9	Con10	Con11	Con12	Con13	Con14	Con15	KP1	KP2	KP3	KP4	KP5	KP6	KP7	KP8	KP9	KP10	KP11	KP12	KP13	KP14	KP15	CRKP1	CRKP2	CRKP3	CRKP4	CRKP5	CRKP6	CRKP7	CRKP8	CRKP9	CRKP10	CRKP11	CRKP12	CRKP13	CRKP14	CRKP15	QC_pool1	QC_pool2	QC_pool3
A0A075B6H7	KV37_HUMAN	IGKV3-7	Probable non-functional immunoglobulin kappa variable 3-7	1710410.0	1488150.0	3580070.0	1872980.0	3666220.0	3021310.0	2951020.0	9470320.0	3328690.0	2329540.0	1788110.0	2932020.0	3112910.0	1943340.0	4557810.0	1928400.0	2274520.0	3084020.0	3751060.0	3052150.0	1466340.0	2748020.0	3939400.0	1958500.0	4504100.0	2663760.0	2682870.0	5592960.0	3523310.0	5094190.0	3142340.0	4701100.0	4668880.0	2418420.0	3749990.0	3928600.0	7178790.0	10283600.0	7333090.0	4728970.0	9352490.0	4838120.0	4273700.0	4599750.0	3984140.0	3485510.0	4603960.0	4559840.0
A0A075B6I0	LV861_HUMAN	IGLV8-61	Immunoglobulin lambda variable 8-61	1320780.0	1486400.0	1281290.0	1682360.0		4366.6	1286870.0	1803550.0	1323610.0	1224810.0	205543.0	1236490.0	147224.0	176585.0	591057.0	142890.0			991520.0	122690.0		85114.1	1485490.0	43892.8	443715.0	593003.0	877369.0	469767.0	1199690.0	1614310.0	91369.2	590185.0	797498.0	1779250.0	828278.0	704125.0	2112210.0	1489450.0		747315.0	1128680.0	2576460.0	508128.0	1935020.0	1719350.0	903502.0	1246570.0	1114380.0
A0A075B6I7	LV548_HUMAN	IGLV5-48	Probable non-functional immunoglobulin lambda variable 5-48								8143.75			8880.88			6597.09		19677.5		6495.75		3004.98					8783.71	12516.9	3599.39		3706.74	5986.76		29346.0		5277.33			12576.9	35881.6	3893.6	5388.89	50806.7	20194.8	21727.9	25890.7	14262.4	17497.7	16651.4	16072.9
A0A075B6I9	LV746_HUMAN	IGLV7-46	Immunoglobulin lambda variable 7-46	646053.0	758831.0	537217.0	765924.0	1148620.0	1224880.0	365010.0	1576650.0	525454.0	801772.0	351580.0	603065.0		431807.0	1409490.0	671636.0	1508440.0	974556.0	320287.0	226074.0		93505.2	1287350.0	193557.0	1425320.0	536821.0	820172.0	829830.0	749188.0	1540380.0	136610.0	644295.0	1064920.0	877052.0	542072.0	493754.0	1172090.0	972282.0	1735570.0	964732.0	1265150.0	3237930.0	731125.0	3001730.0	3877000.0	1481100.0	1254290.0	1286940.0
A0A075B6J1	LV537_HUMAN	IGLV5-37	Immunoglobulin lambda variable 5-37	3631.31	3471.55	4010.45	4284.51	2762.7				5062.21	6090.83					21398.0		10708.3	6160.23					6088.45	71082.5		1519.19		5287.85	2283.45	4097.62		5458.82	4803.77	2614.11	3196.0		16377.7	6425.01			4601.3	44872.3	4491.98	50161.9	51907.9	9880.62	11018.0	11091.7
A0A075B6J6	LV322_HUMAN	IGLV3-22	Immunoglobulin lambda variable 3-22								13780.4							41826.1										74330.1	72782.5	14852.0																					
A0A075B6J9	LV218_HUMAN	IGLV2-18	Immunoglobulin lambda variable 2-18	232280.0	273766.0	187644.0	242010.0	380665.0	316503.0	137363.0	359173.0	210027.0	218815.0	141443.0	143822.0	353199.0	366043.0	360496.0	298663.0	333229.0	264692.0	122208.0	140622.0	123830.0	88349.8	293446.0	146465.0	719416.0	385819.0	60183.3	636957.0	126998.0	290203.0	177308.0	221168.0	447537.0	572981.0	118315.0	119146.0	533372.0	235597.0	253235.0	196379.0	196854.0	325995.0	228063.0	337521.0	468722.0	337112.0	329597.0	350232.0
A0A075B6K0	LV316_HUMAN	IGLV3-16	Immunoglobulin lambda variable 3-16																																										21627.8		21665.9	10081.4			2143.44
A0A075B6K2	LV312_HUMAN	IGLV3-12	Immunoglobulin lambda variable 3-12	13183.5	14218.3	13676.8	9368.79	5675.97		4537.07		9551.46		19575.3	4532.7	24910.4		8842.9	55695.7	8494.83	6144.66	13017.5	5371.91	14781.4		11832.0	22325.7	9616.0		17411.6	13155.1	8948.94	21159.5	13870.0	3431.95		14327.7	5826.41		50232.3	4280.56		3511.78		73494.4		60759.9	73413.4	14034.3	18797.9	13485.8
A0A075B6K4	LV310_HUMAN	IGLV3-10	Immunoglobulin lambda variable 3-10	34895.6	35306.9	82675.3	63477.6	319264.0	109824.0	70942.5	201681.0	134748.0	161673.0	282076.0	101301.0	290777.0	202710.0	145831.0	421248.0	293592.0	148069.0	183557.0	76933.9	55801.4	217498.0	158834.0	139133.0	395956.0	112099.0	183275.0	194637.0	158547.0	330188.0	276184.0	186300.0	85963.9	155751.0	183079.0	211706.0	174315.0	339819.0	535794.0	70585.0	412151.0	410826.0	313328.0	354867.0	374292.0	224478.0	172745.0	195760.0
A0A075B6K5	LV39_HUMAN	IGLV3-9	Immunoglobulin lambda variable 3-9		2863.38	37844.2		39159.9	48371.4	35024.6	48367.0	46127.1	33203.4	35003.2	38140.0	69456.5	100082.0	26908.1	36253.1	84100.4	69300.8	47975.5	12580.5	60553.3	47380.4	66162.0	28702.4	89236.4	23529.0	57004.5	71794.7	37380.6	67906.8	56091.2	40679.9	7232.64	181928.0	38212.3	41540.0	17710.3	72429.2	69857.5	19318.7	36499.0	48876.3	43205.6	66263.6	70395.9	69853.9	86887.1	74869.3
A0A075B6P5;P01615	KV228_HUMAN;KVD28_HUMAN	IGKV2-28;IGKV2D-28	Immunoglobulin kappa variable 2-28			49779.0	31116.6	201533.0	69108.8	38232.0	99639.9	58498.8			47432.0	57085.8	61367.1			103463.0	119190.0	68931.1	60833.4	90452.2		101835.0	59663.4	105399.0	31132.2	44523.5	89544.3	57071.5	57993.7			61302.5		37134.6	38285.7	211514.0	36369.8	48603.6	59167.1	47056.2	61820.7	45792.1	68795.3	79235.8	40532.6	65546.2	
A0A075B6Q5	HV364_HUMAN	IGHV3-64	Immunoglobulin heavy variable 3-64	1537.25	3598.77	5644.46	4234.4	5532.72	5914.15	5931.89		7173.88	7277.43	11166.5		6890.25	6912.42	10868.1		4344.26	2841.23		2496.68	50208.1	6410.62	11928.3		36571.5	5416.35	35867.3	15259.7	9354.95	23323.8	20086.9	17873.1	28166.6	4404.34	27653.2	38589.5	11129.9	10011.3	41509.2	4010.57	9496.53	34775.7	17503.1	12065.9	18147.8	11939.4	7856.12	7713.29
A0A075B6R2	HV404_HUMAN	IGHV4-4	Immunoglobulin heavy variable 4-4					60083.5																																											
A0A075B6S2	KVD29_HUMAN	IGKV2D-29	Immunoglobulin kappa variable 2D-29	1631330.0	1671440.0	1749950.0	1568080.0	2856000.0	1958450.0	1364210.0	4223650.0	1772460.0	1677010.0	1514290.0	1922910.0	3148820.0	1535120.0	1998860.0	2391650.0	2962490.0	2039780.0	1783920.0	1646730.0	1942830.0	1648300.0	2885510.0	1787820.0	4143540.0	1643660.0	2002080.0	3786310.0	1459400.0	2636020.0	2143870.0	2004600.0	2443520.0	1891340.0	1484400.0	1351050.0	4501690.0	5233680.0	2309690.0	2088370.0	4921530.0	2455290.0	2305660.0	1949000.0	2534080.0	3032690.0	2804220.0	2957660.0
A0A075B6S5	KV127_HUMAN	IGKV1-27	Immunoglobulin kappa variable 1-27	475816.0	427113.0	954346.0	442565.0	944921.0	1148920.0	983606.0	966142.0	1191870.0	1095690.0	1331410.0	1134970.0	2226840.0	1288560.0	2287640.0	948378.0	1156760.0	958887.0	886134.0	626043.0	1182560.0	1213160.0	1246690.0	1462280.0	2272820.0	532724.0	853222.0	1284030.0	571563.0	1182000.0	1220130.0	911416.0	1131940.0	762425.0	1328400.0	1161530.0	1954210.0	502100.0	1131990.0	442883.0	477609.0	803153.0	880592.0	855067.0	897495.0	1230070.0	1198540.0	1226650.0
A0A075B6S6	KVD30_HUMAN	IGKV2D-30	Immunoglobulin kappa variable 2D-30	4249.38	6947.19	3790.48	2920.2	2790.56								12533.4										3969.01		34983.5		5333.3			11861.1	6023.18									106961.0	4391.81	8390.04		7201.36		11891.0	9887.36	9686.8
A0A075B6S9;P0DSN7	KV137_HUMAN;KVD37_HUMAN	IGKV1-37;IGKV1D-37	Probable non-functional immunoglobulinn kappa variable 1-37	18098.9	17662.1	59372.2	14155.7	12806.6	478657.0	167953.0	26293.6	49716.5	14000.1	15199.3	159823.0	41557.9	16320.1	57388.6	14478.8	27808.9	24114.5	33570.3	84023.1	23495.4	13159.6	37352.9	26852.6	27311.8	35194.4	24280.6	42185.9	19613.2	45021.3	28313.8	22525.3	41427.2	21623.1	11267.6	12288.6	31775.1	27319.9	121277.0	31976.3	28147.6	43535.0	20415.1	26590.7	26551.5	51875.9	35210.9	46527.9
A0A087WSX0	LV545_HUMAN	IGLV5-45	Immunoglobulin lambda variable 5-45	66877.9	58041.4	48813.4	51240.9	69684.5	73535.5	50344.1	60603.0	53056.8	50494.8	60624.6	43218.0	189668.0	67506.1	53553.9	81814.8	70586.3	71259.0	44663.4	29253.3	38844.1	39037.5	81475.0	82687.4	74211.4	46815.2	140573.0	58662.2	57764.2	82986.9	18930.3	71685.5	49342.7	41435.1	81627.3	78696.6	92228.9	110014.0	66646.1	36215.1	114602.0	168507.0	63164.0	173546.0	200689.0	100638.0	102331.0	100624.0
A0A087WSY4	HV432_HUMAN	IGHV4-30-2	Immunoglobulin heavy variable 4-30-2			4861.42			4937.62					6613.82			2957.23		6677.26				2187.85				5475.71	9159.36	4809.82		7234.45									10396.5	5360.79		4051.07	6517.93	14021.3		14307.7	22605.0	8448.13	5612.09	7209.58
A0A087WSY6	KVD15_HUMAN	IGKV3D-15	Immunoglobulin kappa variable 3D-15	109289.0	115055.0	241446.0	113656.0	360993.0	260693.0	156971.0	301376.0	239410.0	239054.0	216424.0	185392.0	762680.0	210839.0	686389.0	236413.0	228668.0	234405.0	302706.0	172699.0	269151.0	387263.0	350172.0	1445520.0	486392.0	270665.0	202220.0	360231.0	431824.0	491290.0	163821.0	315440.0	185458.0	175513.0	164904.0	163336.0	613629.0	197676.0	1146670.0	352854.0	161563.0	416102.0	298518.0	458523.0	521984.0	421874.0	379502.0	395055.0
A0A087WSZ0	KVD08_HUMAN	IGKV1D-8	Immunoglobulin kappa variable 1D-8						13365.4	2885.66								18636.3				7506.6						12026.1					3113.37	4816.23						3662.2						6987.47	4643.75	2328.96			
A0A087WW87;P01614	KV240_HUMAN;KVD40_HUMAN	IGKV2-40;IGKV2D-40	Immunoglobulin kappa variable 2-40	9959.4	11413.3	5207.6	7562.03	20979.3	44352.8		32685.7	19526.2	25544.1	9067.61	17501.9	69190.6		18168.6	10079.5	11676.2	8656.92	118851.0	20161.2	96026.9	36376.8	16706.1	22543.7	27476.7	5948.54	4138.02	138835.0	44600.5	34887.2	162228.0	18170.6		29024.7	18322.0	11699.7	33411.4	23768.9	11686.2	27099.3	26921.2	4599.33	14790.6	7018.71	6604.86	49598.0	58842.8	65901.7
A0A0A0MRZ8;P04433	KV311_HUMAN;KVD11_HUMAN	IGKV3-11;IGKV3D-11	Immunoglobulin kappa variable 3D-11	2038830.0	1999740.0	4402990.0	2059080.0	4694180.0	2627340.0	2588990.0	1604450.0	3916000.0	2129090.0	1145480.0	1942690.0	3028170.0	1987780.0	2714840.0	3829200.0	1074950.0	1810960.0	3670780.0	2647540.0	870920.0	956586.0	4768650.0	1816840.0	3742920.0	2901830.0	2426630.0	3934680.0	1777420.0	4876530.0	3580560.0	4104690.0	2707300.0	2657300.0	2831020.0	2873200.0	5470730.0	2324380.0	5276750.0	3754940.0	2066200.0	4632460.0	3669820.0	3905120.0	3540600.0	2297290.0	3302520.0	2413160.0
A0A0A0MRZ9	LV552_HUMAN	IGLV5-52	Immunoglobulin lambda variable 5-52	10892.6	8810.3	3683.96	10359.8	15407.0	16150.7	10133.5	24010.5	9117.01	6748.26	15646.2	7484.28		17128.2	14936.7	11256.6	46648.6	50491.0	9718.47	8622.41	10728.5	17306.4	14469.8	11499.3	19894.3	23188.7	126910.0		8825.01	10399.2	11070.0	11604.2	6320.01	21885.3	3502.92	3825.82	32470.1	16472.3		4965.45	14473.8	19775.9	5819.92	20865.1	24922.8	16383.4	14283.7	14737.9
A0A0A0MS00	LV332_HUMAN	IGLV3-32	Probable non-functional immunoglobulin lambda variable 3-32	14986.5	13940.3		14306.1				1026.59																																								
A0A0A0MS14	HV145_HUMAN	IGHV1-45	Immunoglobulin heavy variable 1-45	4748.05	4536.73	6280.12	3954.77	5383.15	3977.9	3662.08	21361.5	3201.44						11153.3	6250.27		5507.16	5377.4	3941.34				9164.97		1995.91	10684.0		6042.66	13041.7	3531.77	6657.96	5098.17	7030.37		6173.97	3972.05	6657.73	7370.3	3963.43	7039.15	9382.58	6594.96	8179.8	12640.1	5293.25		5359.83
A0A0A0MS15	HV349_HUMAN	IGHV3-49	Immunoglobulin heavy variable 3-49	137127.0	135022.0	350569.0	153674.0	257155.0	448901.0	126505.0	142558.0	300318.0	263796.0	229340.0	150597.0	609126.0	477392.0	362545.0	214773.0	208100.0	194664.0	252693.0	119069.0	215239.0	182715.0	278432.0	330781.0	599612.0	179712.0	200592.0	434449.0	151373.0	391975.0	166663.0	230599.0	266670.0	124396.0	219476.0	225242.0	501999.0	167850.0	862719.0	215868.0	185277.0	279578.0	243778.0	257403.0	254420.0	295561.0	286969.0	288070.0
A0A0A0MT36	KVD21_HUMAN	IGKV6D-21	Immunoglobulin kappa variable 6D-21	29658.8	22815.3	11928.5	23544.3	107591.0	29765.8	45254.5	122747.0	12601.8	27323.2	58444.2	38415.1	108398.0	66653.3	45114.3	139778.0	203627.0	268326.0	129414.0	85692.2	57252.3	104247.0	112291.0	271441.0	297333.0	90986.2	158347.0	164858.0	32785.4	77498.0	88254.6	61541.1	51612.3	31087.1	75695.2	83768.6	157067.0	66489.2	56975.7	111777.0	65898.4	127736.0	55236.4	164281.0	109453.0	119165.0	87522.7	99361.7
A0A0B4J1U3	LV136_HUMAN	IGLV1-36	Immunoglobulin lambda variable 1-36	43228.1	43301.6	91273.8	42887.8	190276.0	109244.0	259949.0	472858.0	135880.0	78725.7	171935.0	305723.0	21578.5	104883.0	238629.0	74937.1	163906.0	147265.0	190811.0	94547.5	57776.7	183625.0	145445.0	90113.0	186408.0	95508.8	47539.3	115646.0	104491.0	132544.0	55851.6	139687.0	68317.3	169194.0	41316.5	38482.1	190556.0	75153.1	110160.0	93041.0	69360.6	179101.0	110786.0	221970.0	242972.0	143224.0	133987.0	136251.0
A0A0B4J1U7	HV601_HUMAN	IGHV6-1	Immunoglobulin heavy variable 6-1	150667.0	162839.0	318190.0	145574.0	271399.0	391333.0	245694.0	444232.0	410120.0	137435.0	109501.0	360292.0	192030.0	225374.0	233671.0	251216.0	197650.0	239149.0	168420.0	120527.0	113553.0	89478.6	207733.0	244400.0	694278.0	219896.0	335323.0	364936.0	211636.0	405396.0	182343.0	175100.0	493781.0	177369.0	208395.0	203617.0	267133.0	464103.0	384842.0	220619.0	675319.0	539403.0	244656.0	400881.0	427238.0	264771.0	248363.0	227109.0
A0A0B4J1V0	HV315_HUMAN	IGHV3-15	Immunoglobulin heavy variable 3-15	135276.0	155161.0	282702.0	142473.0	203311.0	277025.0	114770.0	206944.0	282193.0	246779.0	56318.0	108801.0	157948.0	108641.0	116029.0	170026.0	218103.0	130024.0	116765.0	63440.9	59902.7	81337.8	166554.0	78410.5	214862.0	146477.0	128350.0	96328.9	135380.0	275242.0	75403.1	539735.0	274612.0	149213.0	83267.3	74660.3	527702.0	184501.0	898798.0	160374.0	178509.0	245888.0	510973.0	237305.0	243353.0	201887.0	297258.0	294883.0
A0A0B4J1V1	HV321_HUMAN	IGHV3-21	Immunoglobulin heavy variable 3-21	2461.14		3277.18		3590.25		2636.94		3850.99	40442.6		4208.47	10075.9		14867.5	5244.24		5192.49		2492.01	5605.98	3700.99	3973.82	6056.67	14144.3			5305.18						3327.29			7138.97		4778.85						2550.56	5182.83	3548.59	6594.69
A0A0B4J1V2	HV226_HUMAN	IGHV2-26	Immunoglobulin heavy variable 2-26	11093.9	34575.7		22159.6	35321.1	10270.8	13329.8	113341.0	3664.8	64259.2	49035.2	16743.1	93201.4	100807.0	75822.1	14468.0	29407.4	14359.9	34726.7	12947.5	76077.7	55579.9	32551.7	52308.7	143674.0	42094.5	27893.4	28316.1	20969.6	33398.7	37652.6	18729.4	26852.8	31296.3		6632.91	100439.0	63040.6	37755.8	8244.24	61068.9		8741.8			40633.3	39647.0	53098.2
A0A0B4J1V6	HV373_HUMAN	IGHV3-73	Immunoglobulin heavy variable 3-73	14213.3	18078.7	47557.5	27036.6	78571.1	116138.0	35512.4	62032.1	58561.0	42541.3	29810.5	34379.8	74152.2	113855.0	71915.0	60142.7	60593.3	41744.0	44036.0	36354.3	59356.5	50184.8	53924.1	39847.8	148595.0	38451.1	65853.0	84030.6	19966.8	66791.9	42813.5	41933.3	87911.6	46745.4	22043.3	18549.9	105004.0	22846.2	66862.4	154177.0	14252.0	40336.2	39714.2	34523.6	37189.8	60461.2	48890.5	53955.4
A0A0B4J1X5	HV374_HUMAN	IGHV3-74	Immunoglobulin heavy variable 3-74	22134.1	26757.8	88642.0	28299.5	25387.5	85050.4	24324.2	72873.1	73358.2	44309.8		17505.7		87414.2	35584.6	32819.9	42245.9	24411.1	26884.5	77247.5			23799.4		74323.3	23973.8	111651.0	58415.5	22399.4	58908.5	18285.0	62698.5	39882.1	17440.4	24520.2	30125.6	76833.1	82737.5	66117.6	11552.5	72584.1	28761.3	62835.2	19479.9		21097.5	30663.3	26511.5
A0A0B4J1X8	HV343_HUMAN	IGHV3-43	Immunoglobulin heavy variable 3-43	32613.9	31032.2	40365.1	32507.3		27321.6			49979.9		19095.6							43042.3				29269.7			96346.9	38246.9	91561.8						61532.3		15651.9										54066.9			
A0A0B4J1Y8	LV949_HUMAN	IGLV9-49	Immunoglobulin lambda variable 9-49	307706.0	471074.0	183220.0	401086.0	242359.0	401187.0	405838.0	302210.0	210333.0		382183.0	377997.0	193103.0	381021.0	310617.0	123679.0	676970.0	600437.0	327862.0	158458.0	136681.0	237519.0	389485.0	288672.0	491309.0	307811.0	524206.0	272100.0	186474.0	539664.0	306182.0	315486.0	471100.0	194711.0	81836.2	88413.0	1012360.0	607255.0	558871.0	442220.0	533881.0	414233.0	296126.0	443909.0	379250.0	344264.0	390524.0	384448.0
A0A0B4J1Y9	HV372_HUMAN	IGHV3-72	Immunoglobulin heavy variable 3-72	490887.0	562732.0	1452180.0	676524.0	815959.0	1001450.0	380264.0	609698.0	1583360.0	1059120.0	387279.0	371814.0	817257.0	681173.0	769715.0	1025640.0	619230.0	585036.0	547748.0	455572.0	509838.0	327621.0	841367.0	400511.0	986910.0	431692.0	962307.0	1680680.0	577287.0	1236240.0	757104.0	618098.0	644768.0	576019.0	504244.0	454138.0	857649.0	549552.0	1129180.0	777686.0	527022.0	620206.0	763847.0	426197.0	354091.0	476719.0	476914.0	466831.0
A0A0B4J2D9;P0DP09	KV113_HUMAN;KVD13_HUMAN	IGKV1-13;IGKV1D-13	Immunoglobulin kappa variable 1D-13	17615.2	15393.7	31185.7	15090.1	16812.9		15491.5	158250.0		123194.0	107597.0	19613.8	289549.0	767054.0	66325.1	20677.5	27972.4	26623.4	535408.0	204818.0	86873.7	20399.5	143574.0	56835.2	72701.3	21300.6	39399.4	87361.5	44070.5	79990.4	19255.2	64400.0	140123.0	106813.0	39578.4	36717.5	286917.0	50074.3	40904.4	115051.0	40800.2	50582.2	63425.5	20104.3	33479.7	82360.5	82318.7	84318.9
A0A0B4J2H0	HV69D_HUMAN	IGHV1-69D	Immunoglobulin heavy variable 1-69D	13712.7	10278.7	27899.0	8438.84	8405.7			82618.0	22679.3	46251.5			69673.9		250210.0	10388.5			64232.5	24015.6	20314.7	80539.7	37550.9	38596.5	15919.0		38404.3	98938.0	32549.4	62859.0	25828.7	33628.2	37795.9	258504.0	13122.5	14691.7	55950.2	58358.1		23410.0	57472.5	29246.4	24791.2	30892.9	34469.0	70817.1	65867.1	70568.6
A0A0C4DH24	KV621_HUMAN	IGKV6-21	Immunoglobulin kappa variable 6-21	8436.66	8046.4	60191.4	5222.9	31880.4	24171.5	14161.2	38122.3	66246.3	16050.9	20836.8	9059.94	41597.2	19655.8	19243.8	27494.0	26766.3	16147.1	16441.0	19601.3	30986.8	14853.5	23473.7	33995.9	25597.9	20868.6	145518.0	45005.4	10814.6	20089.4	14867.1	24337.9	17049.7	9003.67	15699.1	15081.3	24176.0	12823.0	13774.3	21980.9	15267.0	24679.7	26622.2	28725.2	21421.8	20641.9	18942.8	23454.7
A0A0C4DH25	KVD20_HUMAN	IGKV3D-20	Immunoglobulin kappa variable 3D-20	583487.0	562542.0	670762.0	650335.0	970108.0	571738.0	884667.0	478749.0	580475.0	498848.0	345169.0	815129.0	969081.0	365565.0	768780.0	348888.0	490300.0	517268.0	1139670.0	617408.0	123148.0	190272.0	1125470.0	1059200.0	840691.0	311251.0	639410.0	1257640.0	749281.0	1474330.0	5715430.0	976773.0	830375.0	521276.0	556380.0	503432.0	1668460.0	731713.0	2422160.0	1112420.0	663423.0	1730890.0	866384.0	1450390.0	1222210.0	1300440.0	2181180.0	1638390.0
A0A0C4DH29	HV103_HUMAN	IGHV1-3	Immunoglobulin heavy variable 1-3		1745.34	106214.0		183619.0			238056.0	132400.0	123186.0	54618.3		163983.0	116139.0	293834.0	99188.2	155136.0	140852.0	36240.8	69399.8	82211.5	224321.0	106837.0	123050.0	317134.0	91109.4	53801.2	299123.0	98275.2	120812.0	37644.9	117548.0	405300.0	79306.7	45238.1	42235.6	154096.0	117143.0		112513.0	125898.0	45462.6	86890.8	56447.2	57610.2	107536.0	113501.0	114564.0
A0A0C4DH31	HV118_HUMAN	IGHV1-18	Immunoglobulin heavy variable 1-18	48303.6	48426.3	116118.0	48192.4	109545.0	174790.0	57276.9	206712.0	134726.0	193887.0	99314.4	66163.4	309873.0	224780.0	491964.0	181992.0	168427.0	151387.0	176272.0	91555.7	187900.0	1148760.0	168315.0	187366.0	207978.0	98270.6	147685.0	225179.0	619785.0	179228.0	45063.7	90180.0	83195.0	117030.0	60136.3	58558.0	252294.0	193518.0	158833.0	111957.0	181875.0	364220.0	94302.5	570764.0	479737.0	250724.0	248981.0	261967.0
A0A0C4DH33	HV124_HUMAN	IGHV1-24	Immunoglobulin heavy variable 1-24	216472.0	221986.0	752440.0	229632.0	457835.0	454020.0	662483.0	2124040.0	654939.0	432457.0	198391.0	591678.0	524823.0	442168.0	1506100.0	361583.0	368343.0	429036.0	434310.0	280149.0	101447.0	1185320.0	130195.0	508481.0	1367230.0	390418.0	370751.0	324312.0	495302.0	571589.0	223255.0	332386.0	224067.0	400666.0	186956.0	192023.0	899699.0	475792.0	275106.0	222184.0	468680.0	865756.0	378166.0	790965.0	860281.0	411759.0	406362.0	404103.0
A0A0C4DH34	HV428_HUMAN	IGHV4-28	Immunoglobulin heavy variable 4-28								7299.12		9171.74	4902.16		17854.0						11671.9						6062.51			9098.2												3371.29						10339.8	8635.94	
A0A0C4DH35	HV335_HUMAN	IGHV3-35	Probable non-functional immunoglobulin heavy variable 3-35	12662.0	12544.0	32930.6	10773.9	23052.0	24747.0	16450.8	15134.7	28324.2	27264.6		8149.12			23796.0	35400.9	17745.7	20086.5	27509.2	29010.3		21270.6	29830.1	19270.9	47254.7	25298.3	20292.4	20724.7	9538.41	38527.4	14343.6	26322.4	20148.1	26496.7	17990.1	8436.91	36625.8	58250.4	25677.2	19373.9	50313.1	37028.3	22984.5	35462.2	29908.8	15592.5	24883.7	21002.1
A0A0C4DH36	HV338_HUMAN	IGHV3-38	Probable non-functional immunoglobulin heavy variable 3-38	111670.0	119476.0	146300.0	103360.0	114409.0	107501.0	45027.6	138753.0	100312.0	129095.0	44573.4	47197.6	215927.0	85314.1	110145.0	130034.0	118796.0	106030.0	109924.0	99517.9	88813.7	17391.2	159049.0	51946.8	198182.0	103754.0	56723.5	115317.0	64413.8	164233.0	121296.0	116081.0	115649.0	105166.0	104720.0	97899.4	176192.0	101146.0	195370.0	84520.7	114013.0	219469.0	122601.0	159741.0	201402.0	122506.0	117031.0	105534.0
A0A0C4DH38	HV551_HUMAN	IGHV5-51	Immunoglobulin heavy variable 5-51	474160.0	564798.0	709506.0	579788.0	552531.0	494209.0	437805.0	791155.0	643235.0	975988.0	663851.0	432429.0	1844490.0	922874.0	3009190.0	1073380.0	817160.0	696151.0	362009.0	446136.0	1107540.0	1385430.0	682048.0	1142660.0	1526810.0	936384.0	750808.0	1077000.0	801153.0	1234440.0	535710.0	627391.0	815796.0	849810.0	447260.0	478177.0	1142400.0	1284820.0	1309430.0	566182.0	1358200.0	1650780.0	662004.0	1373200.0	1390660.0	928041.0	929606.0	901667.0
A0A0C4DH43	HV70D_HUMAN	IGHV2-70D	Immunoglobulin heavy variable 2-70D	9203.93			6367.04	17465.2		46969.1				32660.4	46804.7		79864.3	12521.2	76875.0	18825.3	18219.7		12932.3		15170.2	16384.5	186440.0	112842.0		18291.6		9630.48	13808.0								9890.72		14572.5						10296.5	15609.1	
A0A0C4DH55	KVD07_HUMAN	IGKV3D-7	Immunoglobulin kappa variable 3D-7	3077.93	3416.35	3959.75	3105.59	9326.95			9364.16						8930.94					4853.32		9993.13		14486.8		33108.5		2726.41			10067.6		18127.2			4749.04					4354.47			17521.2		11385.7			9159.05
A0A0C4DH67	KV108_HUMAN	IGKV1-8	Immunoglobulin kappa variable 1-8	127269.0	95376.7	301025.0	114854.0	524174.0	448295.0	217997.0	526826.0	496666.0	658182.0	1366920.0	329518.0	1591830.0	958193.0	1431130.0	502888.0	649309.0	455755.0	468509.0	238028.0	602333.0	428896.0	394059.0	428941.0	823325.0	30017.7	417361.0	388758.0	57493.8	207889.0	183803.0	421414.0	85176.1	109765.0	1618630.0	1435800.0	459588.0	64152.0	477593.0	165204.0	87950.5	124879.0	175428.0	408555.0	319430.0	831710.0	762283.0	774161.0
A0A0C4DH68	KV224_HUMAN	IGKV2-24	Immunoglobulin kappa variable 2-24	110879.0	113406.0	458818.0	114815.0	461582.0	543966.0	396124.0	239165.0	482163.0	642501.0	171878.0	292648.0	565377.0	356355.0	547538.0	257222.0	135781.0	143788.0	239571.0	353185.0	241102.0	89094.7	318565.0	878946.0	445763.0	139085.0	167350.0	538016.0	253928.0	926585.0	211954.0	534565.0	683199.0	334459.0	598502.0	572379.0	358683.0	331467.0	641671.0	353169.0	323374.0	317591.0	502653.0	320921.0	333937.0	315607.0	445329.0	408332.0
A0A0C4DH72	KV106_HUMAN	IGKV1-6	Immunoglobulin kappa variable 1-6	521913.0	488745.0	1086980.0	518640.0	2002220.0	1391220.0	917205.0	907875.0	1279440.0	766817.0	745255.0	1027670.0	942714.0	1057450.0	2768520.0	549035.0	824003.0	804781.0	992348.0	934048.0	352478.0	666976.0	1429670.0	1047740.0	1046900.0	731615.0	727525.0	1197610.0	796726.0	1661280.0	674207.0	1683620.0	1214560.0	933068.0	891034.0	885396.0	1802640.0	676571.0	2413040.0	993014.0	757519.0	895524.0	1438930.0	854844.0	889069.0	1051190.0	1086180.0	1142210.0
A0A0C4DH73;P01611	KV112_HUMAN;KVD12_HUMAN	IGKV1-12;IGKV1D-12	Immunoglobulin kappa variable 1-12	32641.7		157728.0	14552.5	194080.0	184798.0	168477.0	162848.0	245476.0	244391.0	152635.0	221105.0	477343.0	429307.0	677431.0	136130.0	167158.0	157849.0	95949.4	140389.0	228211.0	136980.0	246523.0	169061.0	433791.0	27851.2	62840.7	224124.0	33984.6	150861.0	22551.4	113234.0	499766.0	64808.6		45043.0	217984.0	100144.0	109364.0	73502.2	104677.0	139155.0	102279.0	287632.0	165347.0	239706.0	259359.0	244248.0
A0A0G2JMI3	HV692_HUMAN	IGHV1-69-2	Immunoglobulin heavy variable 1-69-2		6462.07		20685.7	908390.0		12478.0	16972.4	6636.97						1970410.0										23826.2		6340.91			20618.8															8190.89			
A0A0G2JS06	LV539_HUMAN	IGLV5-39	Immunoglobulin lambda variable 5-39		2636.73																					5971.87	470855.0	18334.9							13140.7	8564.5				5897.77					7355.78	7896.27	8389.85	12177.7	7506.82	7291.4	4837.31
A0A0J9YVY3	HV741_HUMAN	IGHV7-4-1	Immunoglobulin heavy variable 7-4-1			19680.9		10730.4		6588.9	46142.5	18975.0			8445.77	25305.2		55324.0	16906.8	19330.1	18102.6	6578.21	5166.51	9081.72	19928.8	10583.8	71835.1	128498.0	8013.54	9424.46	41573.3	10458.6	18806.8	5920.63	13310.3	15277.8	12268.9	9091.6	9128.69	46126.8	5684.55		36724.7	6185.49	19519.3	16406.7	16549.2	22959.5	14867.5	19767.7	20150.0
A0A0J9YX35	HV64D_HUMAN	IGHV3-64D	Immunoglobulin heavy variable 3-64D	129241.0	147704.0	106333.0	166230.0	175532.0	104441.0	60489.8	103133.0	101974.0	267886.0	145083.0	103380.0	317481.0	181946.0	135087.0	176062.0	111491.0	122243.0	145104.0	107431.0	63175.2	70291.2	524853.0	109767.0	218197.0	144125.0	136958.0	210977.0	87735.5	276431.0	158299.0	300449.0	213059.0	132085.0	136063.0	128384.0	203943.0	176335.0	235896.0	240638.0	180022.0	312195.0	301532.0	340184.0	321680.0	195214.0	199289.0	192282.0
A0A0J9YXX1	HV5X1_HUMAN	IGHV5-10-1	Immunoglobulin heavy variable 5-10-1	13638.5	40569.0		57326.3	127434.0		5316.89									14540.6	16262.3	21560.9		3489.83		43844.9		97464.2		148217.0	157757.0		23342.3	90680.0	6277.09	17814.9		7892.4			61982.4	78961.3	58846.1		58714.2	233339.0	29469.5	161873.0	102790.0	50798.6	27843.6	53474.4
A1L4H1	SRCRL_HUMAN	SSC5D	Soluble scavenger receptor cysteine-rich domain-containing protein SSC5D	5425.32	8338.56		5679.94		7023.65	11684.0	10051.2	6479.16		13667.8	7749.81			9765.82	12132.5	7617.16	6049.05	8467.4	18399.3	17906.2	15604.5	8697.87	17796.9	8581.24	11813.6	10172.5	11233.4	10413.7	11274.1	5069.85	9554.34	7211.77	11422.6	11318.6	11920.9	24304.5	12877.0	12434.4	7981.09	13699.2	13374.0	5685.85	8724.48	8686.61	6764.08	5947.43	7472.95
A2NJV5	KV229_HUMAN	IGKV2-29	Immunoglobulin kappa variable 2-29	12884.3	9185.72		7813.34	53844.7			28076.8			17555.7		96901.2			57386.6	15447.3	9787.85	15426.2	7965.99	15422.5	51025.6	29551.1	21926.8	50937.7	29502.4	12968.2	30603.1	20510.3	21898.9			7053.42				357776.0	28575.1	19685.0		16166.7	21839.9		22858.1	26880.3	29460.1	14801.4	18005.3
A8K2U0	A2ML1_HUMAN	A2ML1	Alpha-2-macroglobulin-like protein 1											5020.95			3135.75		3879.09				1945.54		1660.52																							1372.2			
B5ME19;Q99613	EIF3C_HUMAN;EIFCL_HUMAN	EIF3C;EIF3CL	Eukaryotic translation initiation factor 3 subunit C-like protein	1748.47	2685.45		5132.3	2466.47				2649.36						1911.42									2814.67	2809.82		2848.37				4892.2			14146.3			3837.31									5117.8		5172.76
E9PAV3;Q13765	NACAM_HUMAN;NACA_HUMAN	NACA	Nascent polypeptide-associated complex subunit alpha, muscle-specific form	14833.5	12336.4	4672.83	11977.1	16867.1	15684.4	5384.68	7842.36	7487.8		14333.4	5792.6						4205.31	6413.73	3654.27				8164.07	4035.75	14916.2	18303.5			10919.7	16964.9		9599.08	55896.1	10157.1	12735.6	45362.8	10396.3	14758.6	11732.7	13330.7	5822.14		8030.26		14535.4	13160.6	9597.08
O00139	KIF2A_HUMAN	KIF2A	Kinesin-like protein KIF2A	15830.2	25158.6		33585.3		20799.4													28706.7											8379.21														16817.0	15652.3			
O00148	DX39A_HUMAN	DDX39A	ATP-dependent RNA helicase DDX39A	10977.2	17446.2	11113.6	12049.7	6634.49	5580.65	6385.05	7444.8	7076.35	72881.3	12628.0					4051.85				10472.2					7185.41	2179.51	4924.06		2988.97	7949.59	6951.24		3620.54	23671.4	3605.18	2629.45	4740.48	4328.34	8411.66		5827.68	7127.44	2884.77				4549.75	
O00151	PDLI1_HUMAN	PDLIM1	PDZ and LIM domain protein 1		1418.32		3047.08	6744.02	11359.3		4366.13	2925.12										14705.5											3529.07									1418.61			4881.18		12434.9	12033.4			
O00187	MASP2_HUMAN	MASP2	Mannan-binding lectin serine protease 2	1259990.0	1284440.0	1030350.0	1281720.0	1001670.0	716262.0	1124230.0	537351.0	736156.0	903738.0	855150.0	1090490.0	888495.0	1244170.0	771983.0	603909.0	656283.0	943380.0	863560.0	1300790.0	1568010.0	827606.0	1112710.0	2001870.0	712625.0	1007440.0	1318720.0	880243.0	1072290.0	1073570.0	759706.0	1527100.0	655201.0	1456810.0	1187400.0	1103980.0	1288360.0	595756.0	1078390.0	720671.0	560136.0	1126780.0	1575570.0	978806.0	921355.0	672298.0	719268.0	634502.0
O00194	RB27B_HUMAN	RAB27B	Ras-related protein Rab-27B	24550.1	24710.9	6082.34	26244.5	9136.78	38378.2		11573.1	4630.39			3949.46	8135.01	11024.2					36736.6					7887.55	6001.98	14386.0		5211.51		40734.0			4412.84	9086.06		3048.86	11367.8		10893.7	3726.99		24424.3		25594.5	21342.6	5850.18	5068.58	5695.78
O00231	PSD11_HUMAN	PSMD11	26S proteasome non-ATPase regulatory subunit 11	6079.27	5768.73	4440.61	3526.19	4440.83	6718.37	4865.22	2952.51	4442.82		3814.42								5626.07							4406.22	9914.17			6647.46				6238.4			8017.09			2715.14								
O00299	CLIC1_HUMAN	CLIC1	Chloride intracellular channel protein 1	116029.0	123167.0	17647.8	118810.0	40805.8	34777.1	8240.14	27380.2	24778.2	12811.8	7544.15	16769.0	9899.24	15391.9	15061.3	10762.1	11428.3	11637.2	21331.2	3613.56				16872.6	17012.3	34411.2	25298.2	9235.17	5693.73	36618.8	18854.5		19301.6	45351.6	7599.57	14536.4	35473.9	16624.5	21733.2	13284.6	15671.5	27012.0	5969.92	26184.8	20819.3	16556.5	12667.2	13576.4
O00391	QSOX1_HUMAN	QSOX1	Sulfhydryl oxidase 1	176644.0	176525.0	204241.0	158094.0	224665.0	199866.0	129307.0	151290.0	177871.0	139182.0	117786.0	121192.0	241446.0	201722.0	121602.0	170322.0	118458.0	123591.0	131111.0	379546.0	244472.0	223329.0	228582.0	174628.0	398426.0	239666.0	298915.0	170691.0	185000.0	227040.0	182128.0	177190.0	207126.0	233158.0	121617.0	133302.0	206653.0	236437.0	243992.0	182155.0	262314.0	323129.0	198524.0	300752.0	298151.0	168389.0	183169.0	184023.0
O00410	IPO5_HUMAN	IPO5	Importin-5	3115.15	3585.46	1387.91	2360.81		1990.69					3037.06															1572.05	2037.54			1032.19	974.97			2954.99	1171.78		3991.2	366.777								306.086		
O00429	DNM1L_HUMAN	DNM1L	Dynamin-1-like protein	8832.67	8742.69		4835.84	7385.81	5259.23	2303.99								1480.45	1148.88			7920.87	1344.72				3788.69	3100.44	7490.65	1459.89			9899.32	2872.66			4584.51			4071.87		2372.62	964.981	1484.95	4800.56		7483.89	5095.98	3829.39	2707.71	
O00461	GOLI4_HUMAN	GOLIM4	Golgi integral membrane protein 4	39585.5	39176.8	29562.2	42218.5	147500.0	23334.4	33463.8	26795.8	24400.8	21782.7	38089.3	37969.5	19171.9	13373.0	30092.9	19427.5	19612.8	20086.3	36980.3	24447.9	20367.9	28460.5	43536.2	18552.9	41577.6	61004.8	79495.7	40115.0	51852.7	38710.4	79702.5	25877.9	58209.6	87104.5	59840.6	62554.1	52355.3	17126.6	67423.1	57210.8	42865.1	37910.3	33059.6	49369.0	42977.3	65642.0	60664.4	64151.6
O00462	MANBA_HUMAN	MANBA	Beta-mannosidase	6428.69	7250.26	9953.79	7033.04	8302.39	9572.08	13191.1	6374.53	6712.66	5658.9	12561.9	16594.2	16465.7	7395.31	8542.31	3604.17	11930.6	10996.8	9819.59	14024.4	16338.0	11336.6	10026.4	11303.4	8074.97	7997.39	11555.9	5360.04	16028.9	9358.09	7287.35	14055.5	6808.58	9985.18	11101.0	8898.33	4995.11	5790.59	5432.44	7287.75	8000.44	6365.87	9994.0	6442.4	8369.68	7750.35	8266.23	8738.37
O00468	AGRIN_HUMAN	AGRN	Agrin	11858.0	9973.3	10476.1	12285.2	14915.7	9351.29	10564.2	8367.84	9918.14	10296.0	12179.3	10853.1	5850.03	8430.88	8600.0	10289.8	5144.98	5674.09	21576.4	13437.4	10182.6	8359.04	14099.9	10164.0	34328.0	21068.0	14834.9	9772.76	16492.5	27311.9	37756.8	12006.3	15395.1	26385.5	10916.4	10019.0	12905.2	15321.2	19192.2	13487.5	14564.4	12029.0	12373.4	14358.2	11953.3	15374.9	15195.0	14897.5
O00533	NCHL1_HUMAN	CHL1	Neural cell adhesion molecule L1-like protein	66769.2	70405.6	70724.2	68460.0	108318.0	55916.5	94830.3	59855.9	72240.4	50869.7	35745.7	91226.6	45708.8	50940.8	71956.2	88035.7	56152.2	52577.8	58666.1	61252.5	97468.0	37553.3	65390.9	70545.3	55236.4	61059.1	103264.0	47786.0	85002.1	66916.4	37891.7	75001.9	59520.3	60805.5	36806.5	46011.3	58242.8	86068.9	71848.6	56413.8	87571.9	84796.5	67446.6	70305.1	72493.6	42837.9	51356.3	54078.9
O00602	FCN1_HUMAN	FCN1	Ficolin-1	5872.66	6989.43	7010.23	6037.78	9781.42	6448.2	3070.12	8451.99			3667.47					9861.76		5334.34	2060.27			5500.61		4464.12	6632.84	15143.5	8617.24		2399.11	3431.43	12367.4			2909.69			5639.98	6701.15		5237.66	9023.72	5501.32	1600.8	3057.11	2370.18		1880.54	1731.58
O00748	EST2_HUMAN	CES2	Cocaine esterase	3952.86			4098.27		4983.25	6366.05				8902.49	3308.45	7615.91		7524.43			7448.21	6497.3	9265.16	11260.7		5888.52	9462.95	5927.03	4616.21	7039.63	5927.28	6302.28	4600.38	2682.0	7061.21	4426.41	6740.59	7194.8	6089.47	4011.6		5493.14	4690.89			7033.22	7100.52	5377.29	4166.56	4112.06	5391.63
O14498	ISLR_HUMAN	ISLR	Immunoglobulin superfamily containing leucine-rich repeat protein	46558.7	52370.8	32602.6	53391.4	101367.0	44688.4	24843.8	27595.2	31307.6	8742.12	18505.4	19229.7	51106.7	23523.8	25293.6	30229.5	18438.4	21715.4	19920.6	61667.4	60309.3	22923.6	58368.1	61786.8	24432.7	46461.7	59216.5	18460.5	47168.6	58240.3	24510.6	43636.5	26629.6	41341.9	29667.0	26776.9	42569.6	55598.8	40275.8	43293.9	41864.9	46164.2	34698.7	61565.0	46303.0	30629.3	37049.3	35829.1
O14594	NCAN_HUMAN	NCAN	Neurocan core protein	2636.67	2935.04	4155.23			1723.1			2092.41			1910.68		1442.59	1534.4			871.057	915.806				2356.46				2878.12			2943.08	3263.43				3063.48	4611.12		2779.92			3405.53	2685.62		1295.94	1483.58	1674.16		1899.31
O14672	ADA10_HUMAN	ADAM10	Disintegrin and metalloproteinase domain-containing protein 10				5989.22	11868.0	7268.57		3811.48	7205.91						7302.26		7519.43		9476.08	9860.75		10512.8	14469.3	4074.57		6886.55	8023.88		12494.9	13179.5	13719.0	10769.5	11871.9	15419.2	9587.6	9322.53	10674.7	15350.7	7132.28	14887.5	15038.4	5806.61	6843.68	9999.77		10347.6	9909.81	9345.86
O14773	TPP1_HUMAN	TPP1	Tripeptidyl-peptidase 1	10487.5	12253.9	22695.3	9164.64	17021.8	29256.3	20986.0	16764.4	19568.6	12510.4	18766.3	7334.2		17016.3		5869.47		8652.23	18105.2	14134.7	13849.5	14924.1		11490.5	6723.04	23284.1	20011.1	10402.7	11411.7	23024.9	18798.0	17814.2	7983.85	8683.11	20899.0	14161.0	4851.17	11487.0	21000.6	8610.28	13187.9	16785.1	13988.7	16246.0	15681.5	12953.8	14373.8	9814.25
O14786	NRP1_HUMAN	NRP1	Neuropilin-1	121375.0	127468.0	107500.0	125669.0	241847.0	107416.0	170845.0	103176.0	109902.0	103610.0	121407.0	172021.0	115124.0	149832.0	94869.1	108361.0	80756.6	76864.3	131606.0	185869.0	142076.0	141514.0	134788.0	203253.0	208400.0	160838.0	205438.0	103289.0	125025.0	162902.0	144361.0	148770.0	85433.8	219337.0	122211.0	128340.0	144297.0	154409.0	185705.0	79344.0	156034.0	155568.0	131552.0	177516.0	173380.0	138288.0	136334.0	141560.0
O14791	APOL1_HUMAN	APOL1	Apolipoprotein L1	1437710.0	1396740.0	1464900.0	1403360.0	881120.0	1913860.0	1690690.0	1533240.0	1228700.0	1117800.0	1259690.0	1180820.0	1085840.0	837695.0	1001660.0	1529730.0	1360590.0	1837530.0	1139750.0	1983100.0	1038070.0	897560.0	1125860.0	1325190.0	1091390.0	1016770.0	1723120.0	1228890.0	1677730.0	597075.0	1765980.0	1492370.0	1283230.0	705808.0	1828080.0	1853350.0	1468050.0	1526350.0	1055600.0	1022060.0	1347620.0	1308960.0	1986510.0	1012660.0	996177.0	1104950.0	1091940.0	1066720.0
O14818	PSA7_HUMAN	PSMA7	Proteasome subunit alpha type-7	78550.4	79308.3	52307.8	76781.9	101617.0	48899.8	114919.0	44707.8	44573.5	55425.5	74393.2	102650.0	68473.0	85725.8	51780.9	63379.4	61406.0	71639.1	137061.0	345529.0	31814.5	210713.0	185252.0	69167.1	101819.0	212455.0	325656.0	91288.6	127438.0	219083.0	483231.0	74757.4	89253.3	205550.0	99472.1	90520.3	173444.0	144059.0	231708.0	292264.0	158431.0	45439.5	66000.0	51713.9	50261.6	121914.0	129070.0	124529.0
O14950;P19105	ML12A_HUMAN;ML12B_HUMAN	MYL12A;MYL12B	Myosin regulatory light chain 12B	48841.9	53943.6	20060.6	47731.7	25541.9	46761.2	17085.7	23549.1	13673.1	20319.7	20623.0	24103.1	12656.0	14470.6	29864.1	14027.6	13589.8	8912.06	122984.0	12620.6		11005.6	6665.12	21647.0	36338.9	51594.0	39124.3	10485.4	14399.4	114575.0	72729.6	5011.43	25290.9	181732.0	20030.2	19822.8	47562.3	15435.7	73399.4	47859.9	18896.4	91684.2	6208.4	59231.9	68352.4	51575.8	49548.9	52405.4
O14960	LECT2_HUMAN	LECT2	Leukocyte cell-derived chemotaxin-2	34625.3	33655.7	29094.2	43524.4	31975.5	12675.0	15497.8	9512.94	8004.73	6831.62	31795.7	11772.7	47933.8	11122.3	11827.3	6127.89	12897.5	12431.6	8571.51		33509.9	16587.7	11187.0	3167.44	10133.3	15944.6			15622.2	10777.8	3838.89	4267.99		11282.0	11917.6	4301.88	2653.75	10725.4	7518.52	12683.5	7606.29	24638.6	10986.2	7641.44	10186.9	6483.62	9123.08	5814.42
O14974	MYPT1_HUMAN	PPP1R12A	Protein phosphatase 1 regulatory subunit 12A	2796.0	2595.66	1933.08	1629.08	1654.27	1369.84									2960.74									2159.45	1938.94	1853.62				3153.04	4805.09		2371.76	29775.6			7930.62	2594.81	8352.32	1629.99	2018.13			1383.72		3906.97	4044.99	4221.56
O15031	PLXB2_HUMAN	PLXNB2	Plexin-B2	10828.9	10583.3	7127.72	11436.5	7851.83	10559.1	15652.5	11416.8	7423.1	14031.5	13739.8	16441.0	37073.3	39644.3	11372.4	8975.34	19364.6	12207.5	11101.0	12488.7	27432.4	17916.4	17727.7	11262.5	23124.5	12775.6	18258.2	14010.7	14755.1	14967.3	13158.9	11972.9	9578.33	9561.18	9888.94	7463.84	8954.07	13489.3	5661.82	10397.5	11499.6	14238.8	9222.54	10655.3	13326.9	14409.6	11345.1	11805.3
O15117	FYB1_HUMAN	FYB1	FYN-binding protein 1				2645.17																																						4395.87						
O15143	ARC1B_HUMAN	ARPC1B	Actin-related protein 2/3 complex subunit 1B	16082.1	15854.1	11080.9	16922.6	17190.1	20241.4	13717.9	22694.8	13737.3	17659.6	14616.9	11066.1	17102.4	23365.2	22222.1	8317.23		10281.9	24842.7	13665.9		8738.54	14968.1	28259.7	16121.9	12047.3	19180.2	2197.32		26846.5	35552.4		5010.83	46825.4	6664.51	8478.18	11535.5	9688.24	17833.8	10374.0	12291.8	15663.2		20443.8	14991.4	18175.6	16784.3	14139.7
O15204	ADEC1_HUMAN	ADAMDEC1	ADAM DEC1		16131.7		12152.4	17851.6	8537.97			7448.1										5799.94	7864.2				6217.77		23049.7	12353.7		16412.2	13124.6	12816.2		19456.8	18794.2	18261.8	15294.0	8283.46	8817.0		16463.9	12183.4	15912.1	7801.32	14593.2	11229.1	6335.53		8885.57
O15240	VGF_HUMAN	VGF	Neurosecretory protein VGF			6219.73		16728.0		7440.47																			6564.12	3044.72		3479.5		4845.87			5546.25	4371.71	7846.53	23940.3	30952.6	3478.03		29351.8	4277.92		3976.75	3583.41	3381.95	4050.58	4846.74
O15335	CHAD_HUMAN	CHAD	Chondroadherin	5696.52	3007.34	5312.17	5131.19	6587.2	7543.55	4959.06		5650.22									8253.71						3866.45	3838.49	6560.64			5880.76	4073.33	4013.38	4262.74	4564.75		4006.57	4590.93		6632.33	4293.94	6526.35	7683.47	7777.23	5967.5	6697.3	4790.34			
O15347	HMGB3_HUMAN	HMGB3	High mobility group protein B3																														3710.44	2315.49			18062.4														
O15394	NCAM2_HUMAN	NCAM2	Neural cell adhesion molecule 2	7963.78	8477.63	12613.7	7091.98	12204.3	9237.74	11444.4	13465.2	14637.5	10174.5	5707.76	10339.1	13056.4	7201.44	10098.3	11606.0	14138.3	10524.2	6959.15	10923.4	20098.2	9138.96	7987.51	8136.74	9234.26	4110.24	6547.79	7926.47	9504.37	7460.64	6781.44	7659.66	5318.96	8610.86	7579.38	5886.08	9371.91	13508.9	7751.19	6895.18	16633.4	10323.7	8811.21	11250.4	11771.3	7674.87	7800.3	10035.1
O15511	ARPC5_HUMAN	ARPC5	Actin-related protein 2/3 complex subunit 5	23641.4	20814.3	9748.8	23814.8	7077.81	11970.6	5661.64	4434.59	6555.41			4446.99				2261.15	2169.44		12944.6	9543.48			5487.16	10694.3	6475.76	20205.8	21493.1		4522.04	32214.7	8586.57		7322.42	62190.6	6090.72	6600.9	16226.8	13338.2	13003.6	13262.7	13619.1	18668.8	2866.1	17008.5	10743.9	9304.04	11242.6	7962.89
O43157	PLXB1_HUMAN	PLXNB1	Plexin-B1	25044.2	29659.3	26196.4	22425.3	31752.9	18702.9	16586.2	12824.4	16113.7	17802.3	20965.8	16827.2	37655.7	28978.8	17718.6	18577.9	19099.9	15790.1	16479.7	37342.3	23885.6	20919.3	27538.4	16516.0	31249.0	33978.9	44746.3	19005.9	22804.1	29548.2	22399.8	27453.5	28428.3	28082.6	25222.9	24374.1	15910.7	14099.6	23729.8	22348.3	13640.3	20334.2	26027.1	17646.6	19549.0	14903.1	20216.9	19147.2
O43451	MGA_HUMAN	MGAM	Maltase-glucoamylase						1430.44		917.679	942.648	807.099		733.695	6647.79									2478.77			2436.8	1327.57		1092.7	1792.97																			
O43491	E41L2_HUMAN	EPB41L2	Band 4.1-like protein 2	4353.24	4630.06		5225.42	8285.04	3290.84	2609.31												5682.52			10487.8	9738.31	4596.85	4957.87	7916.86	14897.2		7576.27	8787.4	14480.5			62509.6	5823.76	6043.78	6165.35	8477.61	6794.35		8484.84			3875.76	4390.3	9212.0	11276.1	11171.8
O43505	B4GA1_HUMAN	B4GAT1	Beta-1,4-glucuronyltransferase 1	40230.0	38074.5	35618.5	38212.7	61287.3	46793.4	24813.2	30306.4	54898.3	31871.0	32893.6	34170.0	45208.4	26814.3	44986.3	50494.8	49412.8	45627.6	21486.9	46164.2	27953.3	25966.2	59977.1	52430.4	24176.4	50296.9	51862.5	23958.4	40679.8	39678.8	43123.5	35970.1	32520.3	19373.1	41149.4	38401.0	16102.5	27942.6	19392.8	30235.4	29791.6	29872.0	35683.1	34153.1	32857.0	37151.1	34217.9	31878.7
O43639	NCK2_HUMAN	NCK2	Cytoplasmic protein NCK2		13477.1							1516.5										7765.81																									13176.2				
O43681	GET3_HUMAN	GET3	ATPase GET3	8480.82	8705.78		9185.73	3220.58	5991.85	2477.97	4124.4				4783.76		2257.41		2471.01	4438.02									6370.66	6185.5		2085.3	2970.15	2284.58	4820.24	3742.9	7944.88			13560.5			1520.47		1977.16	4293.57	1367.72		3163.86		4168.29
O43707	ACTN4_HUMAN	ACTN4	Alpha-actinin-4	10780.5	12247.1	6964.1	8874.18	4813.98	7600.58	5135.17	6322.19	5499.28	6223.34	5355.7		3428.33	3011.53	3314.71	2654.99	2493.45		7436.25					3880.95	4487.96	4751.16	3917.44	2136.38		7959.16	7206.31			12775.9			7608.38	1689.08	5538.89	3600.32	2024.23	4459.16		5369.86	5116.68		3627.86	2892.0
O43852	CALU_HUMAN	CALU	Calumenin	150688.0	146324.0	223730.0	157521.0	90199.7	192814.0	173463.0	244619.0	219831.0	236539.0	168512.0	221793.0	116089.0	174465.0	193182.0	165245.0	109370.0	109345.0	206684.0	7047.55	3741.18	129534.0	5671.14	22477.5	54123.6	132734.0	38931.6	339026.0	54786.9	116544.0	223260.0	12388.1	75136.3	21719.8	130512.0	158637.0	62482.0	79955.1	258725.0	107208.0	74612.6	101237.0	12479.6	118854.0	112300.0	116577.0	112054.0	117463.0
O43866	CD5L_HUMAN	CD5L	CD5 antigen-like	1976780.0	2335230.0	2991300.0	2394040.0	2947390.0	3992150.0	2809040.0	4384520.0	2945920.0	1708500.0	2172300.0	2764980.0	3593770.0	1795180.0	1714610.0	2167780.0	2465590.0	2587080.0	1160850.0	722962.0	916346.0	822404.0	1570770.0	1959380.0	4313210.0	3291570.0	2024350.0	2154650.0	1021660.0	1946660.0	1351760.0	2512520.0	3440990.0	2701470.0	2517210.0	2626280.0	3766260.0	3664680.0	4154780.0	1201980.0	3080270.0	2331880.0	2506440.0	2058460.0	1956360.0	2166000.0	2094060.0	2231770.0
O60218	AK1BA_HUMAN	AKR1B10	Aldo-keto reductase family 1 member B10								1664.74	2083.14					3589.82																												2648.39		4300.16	3492.05			
O60234	GMFG_HUMAN	GMFG	Glia maturation factor gamma	5499.24	7841.98		5304.56		8173.79																			3858.36					8642.49				14746.9			5077.34		4675.23			9513.28						
O60240	PLIN1_HUMAN	PLIN1	Perilipin-1	34066.0	29055.5	7608.24	30831.2	52807.9	11033.2	7077.99	14086.4	7962.36	10963.9	16987.4	16536.7	11469.7	24423.5	8972.77		18037.9	14159.0	11867.3	20441.8	14938.1		9607.83			4360.66	8994.39		5979.65		8825.28		8414.82	18970.9	17941.9	19562.9	15486.7		1941.18	5018.68	2524.96		2329.26			5728.16	8329.02	7269.8
O60279	SUSD5_HUMAN	SUSD5	Sushi domain-containing protein 5	30532.4	30653.5	31961.0	30665.3	110776.0	9913.13	25229.3	20871.0	23123.2	29391.5	18937.9	30411.8	60357.3	31163.8	34354.3	47915.7	18578.5	16075.3	16655.6	33992.7	53163.8	47565.6	49402.8	20214.1	21945.9	39931.1	59384.8	26077.7	42985.3	53403.7	64959.5	28161.8	42038.7	73773.2	40189.3	41800.8	89784.0	109039.0	73409.3	21460.2	99653.9	49049.9	40430.9	39970.2	39223.0	36448.1	41687.3	36575.5
O60462	NRP2_HUMAN	NRP2	Neuropilin-2	40657.1	39029.9	38476.3	44354.9	48495.0	39765.2	34868.4	21992.5	40159.4	33374.2	34549.6	45918.5	24289.8	47402.5	44795.8	48398.1	39063.5	40959.1	42853.0	59213.9	42666.7	81846.4	53570.3	54959.9	78278.8	77150.5	123285.0	35573.4	46228.7	50702.9	58949.1	64858.4	44778.7	67330.3	31406.4	31081.3	50434.8	51826.4	67950.4	35215.5	56864.8	50857.3	64440.1	57186.3	57793.9	46946.2	50340.7	46815.8
O60568	PLOD3_HUMAN	PLOD3	Multifunctional procollagen lysine hydroxylase and glycosyltransferase LH3								1696.35							4615.66								4257.86							3587.88	2924.72													4978.98	5129.14			
O60664	PLIN3_HUMAN	PLIN3	Perilipin-3	6304.63	5912.79	3739.18	5806.72	15494.2						6414.09								6377.59	6038.81	6838.71		6651.86	3327.73	5233.67	4797.54	10511.1		9613.34	10968.9	8218.13	4723.63	6534.14	58805.5		5858.05	13972.3	24388.0	11336.8	11991.7	19419.2	5045.49		5873.68	4741.39	12114.7	10035.4	10273.7
O60667	FCMR_HUMAN	FCMR	Immunoglobulin mu Fc receptor	6875.14	9107.67	3763.99	5101.26	3578.12	6385.51	3361.29		5481.05			3182.21						3004.42	5234.61						7461.97	9986.24	12043.1		3388.75	7152.77	5243.51		4551.89	12982.5	4864.48	5098.47	6185.0	8143.02	9275.28	7848.07	8180.54	11205.5		5108.65	3954.27	4496.46	6015.39	4887.9
O60701	UGDH_HUMAN	UGDH	UDP-glucose 6-dehydrogenase						964.891											1239.08												952.411																	632.421		
O60763	USO1_HUMAN	USO1	General vesicular transport factor p115	8240.96	9500.13	3226.52	9492.93	3860.57	5115.69	1947.24		1580.49							2842.73	1096.91		5428.43	2414.31			735.265	3946.08	3430.44	3647.34	3471.88		1633.46	7500.22	7807.01			19782.4			10806.1		5727.52	5629.24	2404.16	4314.66		4889.39	5310.74	5068.7	4265.37	4620.1
O60814;P57053;P58876;P62807;Q5QNW6;Q93079;Q99877;Q99879;Q99880	H2B1C_HUMAN;H2B1D_HUMAN;H2B1H_HUMAN;H2B1K_HUMAN;H2B1L_HUMAN;H2B1M_HUMAN;H2B1N_HUMAN;H2B2F_HUMAN;H2BFS_HUMAN	H2BC12;H2BC12L;H2BC13;H2BC14;H2BC15;H2BC18;H2BC4;H2BC5;H2BC9	Histone H2B type 1-K	73199.8	81294.0	23176.0	84471.8	45226.3	38130.8	24019.8	19349.8	25987.1	101787.0	25755.9	5230.63	40710.3	26751.6	14777.7	18434.2	8776.44	4229.65	114076.0	58972.2	4397.21	7121.04	7229.25	49495.9	31875.9	55849.5	48232.9		35286.4	81770.7	315512.0	8474.0	16876.9	731625.0	39417.4	37877.5	45468.5	60733.1	188833.0	78252.2	51239.4	33770.8	17757.9	30688.4	27453.0	37681.4	85020.1	67181.8
O60844	ZG16_HUMAN	ZG16	Zymogen granule membrane protein 16	14190.5	17627.0	4277.2	17349.7	9410.27	4628.65	2136.17	6645.24	7758.74			2762.89	2529.5	4048.85	4322.47	5461.23	2562.44	5389.95	2492.62	8590.15		2581.48		5090.24	3559.99	3482.94	13329.3		1066.55	9104.22	1851.12	5025.46	4441.25	6362.97	2437.31	2414.89	1301.03	3531.8	1825.63	9916.6	3840.77	9736.02	2719.13	10972.3	11476.3	6167.71	5348.06	5435.44
O60927	PP1RB_HUMAN	PPP1R11	E3 ubiquitin-protein ligase PPP1R11	6982.04	4680.71	3495.19	5147.22	11153.2	7411.87	7545.79	6357.75	4902.86	3817.71	3941.47	8536.4		4050.75	9679.91	4578.14	5985.02	4688.95	10049.3	16595.3		11267.1	9469.37	4913.27	12824.6	9720.16	14576.1	8694.95	10285.4	10716.9	14814.4	4877.86	8735.58	50106.7	14946.6	9575.88	13043.1	17339.1	17281.7	10518.9	21266.3	4247.54	5348.91	6031.64	5281.22	17107.6	19549.8	13441.0
O60936	NOL3_HUMAN	NOL3	Nucleolar protein 3					12473.5																						4514.44				14323.9			70525.5	3550.71		10462.3			10829.0								
O75015	FCG3B_HUMAN	FCGR3B	Low affinity immunoglobulin gamma Fc region receptor III-B			21155.9	4819.04	11004.8	19949.2	42794.4	48839.6	18293.5	21261.2		32958.9					12166.5									26821.1	20692.9	34804.4		26285.0			17214.9	14625.1	35062.1	28909.4	12085.1	37874.8	26082.3	20470.0	40781.5	26318.8	4061.99	21338.7	36152.2	8437.9	17349.2	19189.2
O75023	LIRB5_HUMAN	LILRB5	Leukocyte immunoglobulin-like receptor subfamily B member 5	4027.13	4452.48	4690.29	4063.73	4758.91	5888.52	3129.45	3708.73	3985.01	5558.69	4693.03	3746.24	6056.9	3618.08	3863.74	3185.27	3390.66	3102.8	4208.51	5420.29		2650.06	1696.33	3462.51	5334.5	3513.75	7525.48		2771.45	5462.92	2109.19	3117.04	2562.63	9983.33	4003.62	4967.83	2832.85	5420.38	5532.92		8693.93	4945.06	4699.06	6778.15	4864.29	2924.84	4090.71	3453.68
O75083	WDR1_HUMAN	WDR1	WD repeat-containing protein 1	54437.8	58880.4	17299.0	65032.7	42522.4	30992.0	11807.7	28427.6	16112.5	17116.0	16002.4	14836.2	19934.0	20257.0	14304.7	9984.82	8815.5	5831.76	40680.6	7169.54		8199.46	7804.56	14452.2	12926.2	32851.8	16756.5	15260.3	5349.67	40344.3	20871.3		15222.1	43031.7	12740.0	9720.0	32125.9	16853.2	24653.9	13879.9	18120.1	28142.3	6199.42	29219.3	28488.6	17738.8	14799.6	19592.8
O75131	CPNE3_HUMAN	CPNE3	Copine-3	6776.3	3892.38							1808.43										6109.64						4160.68									13932.8			7039.72		4781.68									5191.53
O75144	ICOSL_HUMAN	ICOSLG	ICOS ligand	7559.39	10026.2	7234.23	7572.49	8921.68	17593.1	14854.8	17561.1	12779.1	13304.0	2624.57	13527.5	22153.6	3715.01	14867.3	18422.9	9328.56	11106.7	4937.54	4131.15	7547.92	11014.6	8046.57	10102.8	9691.18	4088.76	8889.35	10021.0	1648.01	9158.16	2631.66	3132.36	8929.49	4029.74	1741.22	2193.37	3891.53	9318.69	4647.17		12102.9	14067.2		13098.3	16756.6	5969.17	8014.99	7871.68
O75223	GGCT_HUMAN	GGCT	Gamma-glutamylcyclotransferase	6351.26	4390.36	9582.48	3528.62		4057.83	6166.68		8224.47		24382.5				4867.6	13932.8		6660.95	9330.16	10640.6			5222.66	8108.81	9930.94		2319.01			8075.94	11076.9	8134.95		7981.29	4787.02	5671.95	8411.56		7771.21	6855.42	10141.9	5609.05	12128.9	8249.08	13052.0	10442.2	8189.9	8975.53
O75326	SEM7A_HUMAN	SEMA7A	Semaphorin-7A		20910.6						6510.29		12029.7	10436.4	10019.3	13018.5	11510.1			7099.55								16684.6	34491.9	33529.6			42856.9	31267.4		2728.65			10275.7		21783.3	9849.13			31546.9		27324.5	24855.2	18880.8	13847.8	14224.7
O75339	CILP1_HUMAN	CILP	Cartilage intermediate layer protein 1	14362.6	13071.6	6406.38	9676.32	16468.6	4583.24	14566.1	6535.89	4109.5	7388.73	10667.1	18020.4	4317.82	7370.45	6301.49	4414.6	3880.54	4496.91	5955.78	9064.09		6466.35	10634.1	4451.9	3564.34	21925.4	12033.4	10684.8	9389.57	15008.8	5974.08	6002.51	10646.9	12709.9	6528.06	6087.04	6217.57	4769.65	11751.1	11049.2	8061.68	11602.6	9574.98	8609.88	11264.1	11371.1	6074.16	8154.85
O75340	PDCD6_HUMAN	PDCD6	Programmed cell death protein 6	14640.4	17764.8	8460.57	16754.5	9707.74	10912.6	7185.75	8486.68	11522.6	7994.64	6847.45	8927.18	9409.38	11307.7	10140.1	10702.5	9855.62	4405.52	10594.7	15836.1	14543.9	9738.58	7296.62	9715.52	8248.99	8791.7	9981.56	7401.66	13953.3	8275.83	7007.48	8314.56	6025.48	13384.3	8211.16	8000.27	10414.3	8650.54	16191.7	11775.1	17838.6	8280.17	5410.18	10681.3	11235.9	10489.0	8881.59	9500.06
O75356	ENTP5_HUMAN	ENTPD5	Nucleoside diphosphate phosphatase ENTPD5	7523.73	5831.47	2564.53	6202.67	4502.05	4364.27	4043.32	4012.4	3161.09	3130.05	2713.56	4166.89		4599.76		5746.6	5625.87	5055.26	3672.08	1499.22	6138.76	4229.33	25941.8	8979.17		4602.42	3377.55	2427.52	6012.72	4847.99	6711.39	4218.51	2350.04	1508.31	5866.89	4083.32	3997.13	2720.14	3105.03	9381.75	2417.25	2448.39	6220.74	2695.04	3332.46	3444.56	4288.61	3561.82
O75367	H2AY_HUMAN	MACROH2A1	Core histone macro-H2A.1	9084.89	7339.69		6506.28	4591.02	6787.32	1984.79		5115.02	12098.9	8637.73	2952.65							12934.8	4947.67				3269.25	7227.02	4555.55	2686.46			6301.59	32375.6			53726.7		4022.7	1929.13	6764.86	11117.2	7049.75	6165.56	6250.28	1728.67	5493.46		8712.17	7439.44	9108.81
O75368	SH3L1_HUMAN	SH3BGRL	Adapter SH3BGRL	6523.47	6866.64		4658.09	4841.11	4627.91			1778.32		4162.03	4432.8							6492.19					2774.06		3585.41	2428.77	4266.03		7150.7	3931.57		5954.7	10427.2			9898.59	5571.9		3252.24	5576.71	5705.56		4913.52	5308.67	3246.9	4996.52	3789.84
O75369	FLNB_HUMAN	FLNB	Filamin-B																				3785.28										4940.83																		
O75390	CISY_HUMAN	CS	Citrate synthase, mitochondrial	5041.95	6950.71	6935.93	8642.45		8042.41				7440.7	6588.4									8774.86		3054.84					9659.35			6550.5				8040.84										7103.88				
O75563	SKAP2_HUMAN	SKAP2	Src kinase-associated phosphoprotein 2	16774.5	22046.9	6404.83	17804.9	7174.73	19354.8			6443.26										18696.3					9879.58	6566.92	11569.3				22982.8	14577.2		5990.96	18199.1		6376.87	11904.9	2874.95	12963.5			20057.6		19031.1	18734.2		5360.61	7819.47
O75594	PGRP1_HUMAN	PGLYRP1	Peptidoglycan recognition protein 1						5616.47		8151.43	5316.08	5592.07		5223.2	12850.4	7457.2		5370.11	5947.68		10969.1			19698.2			53048.7								5921.91				27264.4			7979.05						13184.2	14748.2	11923.9
O75636	FCN3_HUMAN	FCN3	Ficolin-3	2455490.0	2756140.0	2763610.0	2791120.0	879272.0	2100810.0	2005870.0	2813870.0	2804940.0	2237980.0	2273790.0	2044040.0	2223970.0	2636960.0	1157770.0	2975070.0	1722100.0	1801350.0	1244940.0	1795670.0	1128080.0	1318850.0	1367240.0	1870780.0	2598940.0	1397440.0	3554760.0	2108040.0	1605980.0	2101250.0	1056860.0	2555110.0	747561.0	1794680.0	1782760.0	1853690.0	1673290.0	1148630.0	2094460.0	1913920.0	1029960.0	1327500.0	2491610.0	1239520.0	1206390.0	1293580.0	1565430.0	1486230.0
O75787	RENR_HUMAN	ATP6AP2	Renin receptor	4145.52	5206.18	4080.43	6214.46	2789.7		3452.47	2582.57			2933.8			4724.82	2675.12	4818.49			3776.9	3246.05		5508.08	6246.04	3815.8	4115.51	7301.81	6131.72		4941.28	7587.15	10136.3	5407.49		3967.73	4139.88	2816.03	5257.97	5785.18	4258.97	2720.93	5364.14	5630.01	4886.03	5152.92	3740.24	4173.95	4776.47	5284.4
O75874	IDHC_HUMAN	IDH1	Isocitrate dehydrogenase [NADP] cytoplasmic	12735.2	12203.0	3982.38	9626.02	9825.48	6833.21	12587.0	5730.82	5628.74	4901.84	8782.98	9763.21	13635.1	7550.42	7210.14	6062.07	17487.9	17606.6	13582.0	88108.8	14192.6	20389.4	30792.7	7946.57	10052.0	27933.9	23117.6		12179.1	19616.9	16386.6	5049.69	8943.04	11235.8	10489.6	9653.08	7381.28	6544.53	17764.6	27364.5	8791.82	20383.3	6733.38	21250.7	19511.3	11073.4	10304.1	11633.5
O75882	ATRN_HUMAN	ATRN	Attractin	115873.0	115666.0	203345.0	118212.0	153534.0	206424.0	154918.0	276798.0	229228.0	333350.0	240543.0	184429.0	367181.0	314611.0	230633.0	181866.0	229458.0	200034.0	135665.0	123714.0	280233.0	155668.0	119084.0	152351.0	206425.0	60635.1	73562.0	160767.0	108500.0	103918.0	74788.9	120581.0	128493.0	139165.0	101419.0	94162.7	99529.4	115646.0	59408.7	93498.8	121760.0	182857.0	105243.0	193497.0	199714.0	136802.0	155154.0	145591.0
O75976	CBPD_HUMAN	CPD	Carboxypeptidase D		2419.01	1793.94	1934.13																2147.6				2127.18		4552.36	6188.03		3669.19	2667.94			2773.56	6565.66	2240.04		8433.2		5960.47	4281.38	4067.86	3310.29	2781.59					
O75995	SASH3_HUMAN	SASH3	SAM and SH3 domain-containing protein 3	5960.93	3674.56		3250.18	7067.08	4110.86	5411.3								7924.09			2544.64	10377.7	2433.88		4750.07	4073.51	11151.1	7562.19	4925.94	10718.6		6308.28	9387.46	19832.8		10737.9	59234.9	3965.37		13699.7	18467.4	13070.4	10830.4	19984.4	7164.24		8599.85	4502.92	11749.1	11028.5	14914.9
O94769	ECM2_HUMAN	ECM2	Extracellular matrix protein 2	48673.6	51795.9	35109.6	58552.9	47821.6	35643.6	23434.2	17360.9	29700.0	23682.9	36487.0	26453.4	14346.4	28939.1	33088.3	18996.5	33223.2	36217.4	34439.2	42645.3	14844.0	24795.4	39145.7	26809.2	19291.6	62360.1	48807.4	31609.8	21540.0	23005.1	44123.3	32401.6	34422.0	32278.2	35363.6	40476.1	37421.7	29075.2	18317.8	29915.9	30579.1	28389.7	32475.9	32951.1	32343.0	28544.3	29359.0	29086.7
O94985	CSTN1_HUMAN	CLSTN1	Calsyntenin-1	22528.4	26766.2	30415.7	25967.7	38905.5	24598.2	20154.3	15204.7	27624.1	13909.3	8062.2	21186.3	11448.2	11921.5	17899.1	16323.6	15036.1	19089.8	16152.0	41029.6	13538.6	12306.3	27777.1	29212.6	12322.0	49047.2	50247.5	13829.5	15854.1	29660.2	19963.8	25331.9	18401.9	12339.4	18449.1	19545.4	16632.4	23098.5	25477.6	22306.8	21484.8	26660.1	25772.9	24858.8	25267.8	17936.3	15387.1	16497.3
O95336	6PGL_HUMAN	PGLS	6-phosphogluconolactonase	12493.3	10856.9		11156.9	7525.9	6765.38			1971.29		2498.62	2784.85	2313.41					779.734	2612.29	1037.21		2565.83	1714.64	2012.52		3347.54	3388.68			7270.45	4092.8		3368.94	9644.48	1508.78	620.845	6793.92	3870.88	3192.5	2682.98	5528.82	4796.52		4209.36	3514.02	3398.19	3095.67	3356.01
O95373	IPO7_HUMAN	IPO7	Importin-7	3391.26	3634.47		5173.15	1964.37	2118.69	3000.15	2415.62	1231.09		1645.36	2354.63		953.464					2321.87	711.08				966.931		2161.3	2405.31			2120.37	2470.38			3468.96	3259.35	2073.69	9124.04	858.557	1661.67	548.758		962.681	1607.38	846.488		2108.11	2281.45	1684.26
O95428	PPN_HUMAN	PAPLN	Papilin	10520.0		9409.49	9382.69	19865.1	11749.2		7432.99	12283.7	14625.9			19763.9	8506.74	18219.8		11002.8	15674.6	8005.68	20133.1	23366.2	18938.6	7124.46	11338.5		13115.7	13277.6			13984.4	6886.67	8601.25				10536.7	11176.2	16602.2				11749.3		15494.1	15474.3	11082.8		
O95445	APOM_HUMAN	APOM	Apolipoprotein M	1611010.0	1825070.0	2393450.0	1646320.0	1964720.0	1796800.0	1911050.0	3155930.0	2187750.0	1792000.0	1316840.0	1920180.0	2321850.0	1408060.0	1977590.0	1310060.0	2316290.0	2312560.0	942216.0	1057650.0	1993880.0	888191.0	3022130.0	1728480.0	811911.0	1185390.0	1030500.0	1306250.0	1417380.0	1386040.0	702877.0	2992490.0	1121900.0	1164920.0	1737640.0	1839780.0	1402000.0	686581.0	987106.0	796371.0	660620.0	977250.0	2676330.0	1170550.0	1226660.0	1248550.0	1137790.0	1186180.0
O95477	ABCA1_HUMAN	ABCA1	Phospholipid-transporting ATPase ABCA1	8798.74	4482.06	13895.7	8480.73	93139.0	22880.9	15411.6	21307.2	12097.8	17341.5	19938.1	15941.5	10854.4	14683.1	43819.9	13722.2	35946.8	34021.6	28302.0	17001.6		13083.1	36260.9	14784.6	12628.4	7035.8	10452.3	63484.5	13551.4	38770.7	8513.82	43482.3	21648.4	25738.9	22825.5	23104.7	22146.0	18365.2	25829.4	42162.8	25012.9	19320.7	60386.3	16112.5	16372.3	26146.7	21565.1	22834.8
O95479	G6PE_HUMAN	H6PD	GDH/6PGL endoplasmic bifunctional protein	28643.5	31197.7	40956.6	31375.9	86804.6	47859.4	58832.1	18902.5	40869.7	29252.2	49385.5	55672.2	44677.0	26010.2	40570.6	39588.0	48311.8	48245.5	30159.6	181995.0	67788.9	74427.3	49144.1	33751.1	60893.1	50592.4	70868.3	21162.7	70346.8	40761.4	35486.4	57556.3	33356.5	32184.0	25782.9	28726.3	43389.3	27805.9	50393.9	42477.7	28522.1	52111.5	55408.3	51884.8	55211.7	32223.5	29052.3	30273.6
O95497	VNN1_HUMAN	VNN1	Pantetheinase	7255.73	4364.11	24432.9	7658.1	9817.5	10546.1	55136.7		22902.4	16403.4	16416.9	37647.7	21359.5	7262.77	11706.2	6681.95	13527.4	30217.8		15372.0	7511.09		10268.4	12692.2	11084.5	11397.4	13919.8	15459.7	7907.67	18294.2	6128.36	14470.0	16792.3	52719.4	12589.8	11677.3	20861.1	13849.9	11390.0	5871.49	14284.0	48580.6	15691.0	46610.1	49114.1	12361.1	16723.1	14811.3
O95631	NET1_HUMAN	NTN1	Netrin-1																																		11826.5														
O95747	OXSR1_HUMAN	OXSR1	Serine/threonine-protein kinase OSR1		2264.44		2882.48																						2730.35	1965.33							2809.84			2663.23											
O95810	CAVN2_HUMAN	CAVIN2	Caveolae-associated protein 2	53992.7	54758.5	18048.5	55378.0	43135.4	22204.8	10977.8	36815.9	20747.5	15842.0		12968.7	12538.8	23337.7	32877.0	10838.7	17683.2	15845.4	36948.1			12532.9		11268.9	10698.9	27876.0	11261.3	10841.4	4910.87	33626.0	18676.3		38689.9	13638.5	17623.5	7621.18	49286.8		12456.8			17777.0		27342.3	21928.1	22657.4	20198.1	18509.9
O95866	G6B_HUMAN	MPIG6B	Megakaryocyte and platelet inhibitory receptor G6b	22701.0	19615.1	6359.64	22832.0	17646.9	26015.4	4392.62	22639.0	8393.63			4752.37							20881.9							15459.2	1509.29	5295.43		16894.1							13228.8	3091.22	8209.04			13200.2		12658.4	11052.3	3559.41	5506.92	4981.94
O95954	FTCD_HUMAN	FTCD	Formimidoyltransferase-cyclodeaminase																		5031.87		13791.2						4289.34										4064.41							2134.14		3459.57			
O95967	FBLN4_HUMAN	EFEMP2	EGF-containing fibulin-like extracellular matrix protein 2	14232.4	11898.1	12841.6	14062.5	20538.3	15584.9	11577.6		10162.4						10592.9	12736.1	8579.81	7672.69	13824.9	32254.9			15119.3	14647.2	21577.3	18644.4	22737.0		14141.7	17297.6	8846.13	18087.9	15893.9	7269.52	9171.41		15183.1	14239.7	17370.5	12162.9	17065.8	14000.7	13598.0	21180.5	19340.2	13201.1	13238.4	12761.1
O95994	AGR2_HUMAN	AGR2	Anterior gradient protein 2 homolog								1239.88																															4927.89						2736.0			
P00167	CYB5_HUMAN	CYB5A	Cytochrome b5		4386.84					6519.88		3088.02									6900.82	10032.6	134194.0		12882.5			10845.0	6371.13	5711.61	7954.78	11428.5	22224.3	2901.89			27311.2	10729.8	6491.32			10310.7	5369.92		8625.5		10615.2	9480.44	3959.84	8112.87	7421.26
P00325	ADH1B_HUMAN	ADH1B	All-trans-retinol dehydrogenase [NAD(+)] ADH1B							25997.8	5553.76	3434.29			27298.7	13519.2	6718.14			29548.3	27736.7	5819.18	77056.6			9548.01		8511.23	2690.99	4014.78			7830.39	7029.48			6468.04	13628.1	8344.32				28581.5		8243.23		8648.46	7152.5	8394.96	7018.02	8453.09
P00338	LDHA_HUMAN	LDHA	L-lactate dehydrogenase A chain	59427.6	61265.2	38156.4	62648.5	53426.4	32789.4	41304.7	37999.3	31856.1	36786.1	38828.5	32883.5	48097.9	43822.7	27535.2	30107.2	30650.6	34894.3	54777.8	128152.0	25310.4	61724.9	70253.8	34678.2	32975.6	73557.7	70427.4	25762.4	54267.4	86631.2	90499.3	17099.3	35182.3	146241.0	32701.9	33792.7	41820.6	71071.8	85762.4	109906.0	64986.9	48875.2	13988.4	48630.0	46226.7	49175.1	54240.5	48571.7
P00352	AL1A1_HUMAN	ALDH1A1	Aldehyde dehydrogenase 1A1	3905.34	6011.87	5344.66	6673.51	6811.67	10300.1	12858.8	7955.97	5724.94	3115.48	6664.66	14115.6	5600.58	9177.95	5453.5	8213.5	9863.9	13108.9	9356.56	46063.1	5421.82	12885.2	8353.41	4311.49	10064.2	9827.13	15761.4		7102.26	16985.4	8248.57	8961.9	4282.65	11416.4	12038.2	11681.8	11711.2	4753.01	9489.83	15683.4	4710.37	8867.9	7113.62	10744.5	10245.6	7914.56	9674.04	7724.12
P00367	DHE3_HUMAN	GLUD1	Glutamate dehydrogenase 1, mitochondrial							5597.34					6246.2	9059.49	5313.64			15989.3	9402.33	5586.94	103176.0		5534.02			5932.74	4751.64	5112.72		10713.7	5266.55	4369.38		4689.93	6972.8					8244.44	6536.88		7119.28		9138.73	9454.4		4275.7	4595.9
P00390	GSHR_HUMAN	GSR	Glutathione reductase, mitochondrial	5059.55	2649.71	3594.54	2048.08	2669.48	2432.26	4889.45	2188.76	2880.83	3373.8		1141.92	7107.26	13128.4	3467.68	2400.24			7354.51	13055.2		8199.47	4882.69	1775.22	3419.52	3670.61	4387.93		3259.31	7179.26	2409.04	2104.43	3131.04	11362.2		5583.27		2353.98	11533.3	3393.4	3849.81	4257.08	3721.94	5168.89	3856.77		4090.27	1793.07
P00450	CERU_HUMAN	CP	Ceruloplasmin	1337910.0	1398100.0	2605570.0	1283300.0	1674980.0	1817080.0	2080990.0	3251020.0	2896880.0	3748660.0	4101490.0	2058460.0	4973820.0	2618070.0	2542860.0	4224840.0	2805030.0	2549310.0	3194780.0	4673100.0	4996080.0	4799070.0	4430850.0	3779360.0	3062530.0	1635810.0	3041130.0	3981000.0	2953260.0	3007170.0	1923740.0	3192460.0	2890230.0	3940540.0	3350690.0	3175340.0	6801270.0	2820260.0	3559660.0	2332210.0	2411250.0	2649960.0	2623040.0	2472660.0	2675510.0	3063120.0	2925720.0	3044590.0
P00451	FA8_HUMAN	F8	Coagulation factor VIII	17079.6	19686.7	17523.7	17275.4	23817.3	12751.3	21478.7	5842.13	16437.0	21596.8	24588.5	20759.3	11993.2	31151.6	23344.0	16006.2	20850.7	17054.5	20889.0	46486.5	28114.7	34275.4	26068.6	17001.7	43355.4	42527.0	44845.7	14737.7	29200.4	38923.5	23972.8	36995.6	29735.4	33516.5	33340.7	34108.6	33908.5	28323.8	37914.4	16672.6	29215.7	20803.8	38083.0	19318.5	22566.5	23998.8	24242.3	24084.9
P00480	OTC_HUMAN	OTC	Ornithine transcarbamylase, mitochondrial							4789.21								2590.84		6834.54	4575.42	4157.67	65862.2		4208.63				4594.83				10185.8			4870.98	11489.7	2695.93	3138.11			4215.79	5131.84		14677.3		16107.9	14574.5		4476.85	3535.71
P00488	F13A_HUMAN	F13A1	Coagulation factor XIII A chain	157554.0	169750.0	161796.0	153362.0	84655.0	199361.0	59908.0	130963.0	158212.0	44489.0	43886.8	55362.4	153700.0	83118.9	59517.9	122815.0	44354.6	43111.8	84375.8	195636.0	68775.8	35192.9	446841.0	217981.0	56659.0	101656.0	263301.0	77670.1	66658.6	170246.0	101162.0	194733.0	85959.1	211349.0	32244.9	31443.8	121336.0	144106.0	84073.7	138264.0	110485.0	185332.0	129895.0	188057.0	185581.0	115098.0	108369.0	116603.0
P00491	PNPH_HUMAN	PNP	Purine nucleoside phosphorylase	6332.14	5821.53	3230.33	4409.63	2055.77	4714.19	4497.36		6362.96		10219.5	4995.81		6895.47		11231.7	4724.4	3542.74	7516.43	3087.57		3703.51	1482.45			5132.64		5995.65		3366.44	4235.68	5533.49	8580.25	2954.96	5293.61	6166.46	8616.15		4328.62			3809.21	6682.9	4779.18		7611.45	5630.38	5612.14
P00492	HPRT_HUMAN	HPRT1	Hypoxanthine-guanine phosphoribosyltransferase	5881.85	4871.58		4155.78	2146.04	2190.0	1785.74	3770.45	2482.94						1231.8	1796.79	2928.04		2817.93	3477.36				1081.12	1827.76	2885.1	1930.84	1399.45	1745.99	2868.22	1707.86	1179.32	3770.81	4087.12	2391.55	2578.67	7680.37	1495.08	1920.39	1339.02				1782.92	1391.18	3749.08	3725.99	2652.37
P00558	PGK1_HUMAN	PGK1	Phosphoglycerate kinase 1	53411.7	58750.2	15043.1	60635.7	34134.7	38411.1	24081.9	27836.4	16326.3	30646.1	35143.9	23232.9	27829.2	24725.3	24464.2	24981.2	19430.3	16928.0	34348.8	24785.4	19649.9	21274.8	16585.4	20215.4	23458.7	41403.0	45962.4	16989.1	13151.1	39297.5	30324.1	14492.4	34836.0	94363.1	16341.4	18366.3	54879.7	27022.2	38348.3	21732.1	24875.5	26013.8	14865.9	26670.7	26385.5	26991.5	24402.6	25957.7
P00568	KAD1_HUMAN	AK1	Adenylate kinase isoenzyme 1	21179.0	19025.8	2602.78	16100.9	11064.1	17963.2	9947.43	10757.7	2377.73			9866.45				10516.2	13441.0	7090.0	9833.75	4189.05				6576.67		29821.6	15073.2	5693.88		15845.7	4029.5	16945.7	14277.5	17609.1	14660.3	15677.9	50498.3	3863.27	5991.5	2843.9		13795.1	17787.2	7899.33	8760.78	7032.34	9178.59	6888.89
P00734	THRB_HUMAN	F2	Prothrombin	7327450.0	7404600.0	6362810.0	7472870.0	7584800.0	7052640.0	6660540.0	6414220.0	6419720.0	8356460.0	6700240.0	7272280.0	8131950.0	7197290.0	7040630.0	8584610.0	8237290.0	8660070.0	6243660.0	10101500.0	11394100.0	10866800.0	8371200.0	6430760.0	5821730.0	4622250.0	5980470.0	7146410.0	10028200.0	4746310.0	7628760.0	10347800.0	8606180.0	8840600.0	9160290.0	9700530.0	5423450.0	5547880.0	5531550.0	6443500.0	5478410.0	5578340.0	10663400.0	5577960.0	5347350.0	7026600.0	7061870.0	7022160.0
P00736	C1R_HUMAN	C1R	Complement C1r subcomponent	1703030.0	1751140.0	1563390.0	1657910.0	1758150.0	1830690.0	2047140.0	1235660.0	1624270.0	1496470.0	1766930.0	1865270.0	1508890.0	1246380.0	1692480.0	1373940.0	2408490.0	2524450.0	1409220.0	2638270.0	1857340.0	1312410.0	2061720.0	1518740.0	1726390.0	2117540.0	3079190.0	1338910.0	1784400.0	1868830.0	1776260.0	2059550.0	2159100.0	1832760.0	2130620.0	1999300.0	1776460.0	2346190.0	1480190.0	2006680.0	2213290.0	1711510.0	1915420.0	1689910.0	1706750.0	1671240.0	1684030.0	1678720.0
P00738	HPT_HUMAN	HP	Haptoglobin	3362810.0	3358370.0	4037220.0	3440990.0	6307800.0	2984330.0	9930480.0	9284000.0	4436560.0	11430800.0	10656400.0	9991130.0	7667370.0	9290160.0	8959140.0	11369200.0	7985460.0	8023660.0	4385840.0	5441200.0	9738980.0	16889200.0	8907040.0	10715400.0	4908510.0	6205710.0	2265670.0	13528200.0	10162500.0	4101110.0	11624800.0	9364860.0	13630300.0	7075450.0	8099760.0	7853860.0	8230730.0	6794760.0	8719480.0	4251630.0	5986090.0	3445600.0	9122210.0	3321020.0	3097820.0	7929260.0	8032840.0	7901580.0
P00739	HPTR_HUMAN	HPR	Haptoglobin-related protein	1829680.0	1594610.0	1163590.0	1861750.0	1530830.0	2007080.0	1830850.0	3626020.0	1534280.0	1767580.0	2342290.0	1908410.0	2108300.0	1770520.0	1012070.0	2523730.0	1786530.0	1476840.0	1676510.0	1090840.0	3774850.0	1415830.0	1859180.0	1426470.0	1419040.0	915152.0	1166660.0	714572.0	2489680.0	530662.0	906124.0	1534330.0	2068170.0	986556.0	1961950.0	1814440.0	1227060.0	1434710.0	676451.0	1534980.0	1433060.0	1041900.0	1390220.0	1138050.0	1172630.0	1282580.0	1346860.0	1330620.0
P00740	FA9_HUMAN	F9	Coagulation factor IX	4404510.0	4231300.0	3431520.0	4722410.0	2709500.0	3581460.0	3900460.0	2129510.0	2870920.0	4003310.0	6277600.0	3850000.0	3907920.0	4135350.0	3995580.0	3804780.0	4790570.0	5747520.0	3484960.0	3402390.0	3669220.0	5875860.0	4161960.0	5205340.0	3058380.0	4259260.0	4490240.0	6111450.0	4013310.0	2498310.0	6663100.0	4068080.0	5832550.0	4398120.0	6059900.0	6879320.0	4686220.0	4819220.0	5842040.0	4538990.0	5596730.0	2780610.0	5208210.0	2992500.0	2652610.0	4510020.0	4553320.0	4304530.0
P00742	FA10_HUMAN	F10	Coagulation factor X	3025140.0	3014310.0	2115320.0	3087370.0	1637080.0	1570240.0	1708600.0	1391360.0	1583910.0	905178.0	991307.0	1746100.0	690108.0	790334.0	1225300.0	1402120.0	1688450.0	1975820.0	1584740.0	1770210.0	966587.0	1264550.0	1088390.0	1699240.0	2075300.0	1544280.0	1496620.0	1661940.0	2192610.0	2407550.0	2064220.0	1699060.0	1257090.0	1142440.0	1927010.0	2008770.0	1804800.0	1219590.0	2260420.0	2352810.0	1386290.0	1541030.0	1895390.0	1420530.0	1337630.0	1363120.0	1357470.0	1387720.0
P00746	CFAD_HUMAN	CFD	Complement factor D	728541.0	816077.0	816813.0	822836.0	2005330.0	640618.0	865858.0	785026.0	789468.0	417566.0	546145.0	791348.0	849303.0	529976.0	817175.0	814184.0	683010.0	734822.0	531399.0	819808.0	1655410.0	785976.0	1741830.0	967104.0	669727.0	607500.0	872992.0	477683.0	1406490.0	1501730.0	1272110.0	990837.0	765976.0	1478520.0	376209.0	366966.0	1563700.0	2167820.0	723540.0	1288860.0	1868450.0	858697.0	825363.0	900550.0	890491.0	886520.0	896122.0	867289.0
P00747	PLMN_HUMAN	PLG	Plasminogen	3988580.0	4274390.0	4492550.0	4096770.0	4375650.0	5620280.0	3858840.0	5173650.0	4263340.0	4691220.0	3371210.0	3885310.0	4036640.0	3265760.0	4101270.0	4970980.0	4779080.0	4833140.0	4023280.0	3517220.0	3777840.0	3165730.0	4704550.0	4112110.0	3353840.0	3176470.0	2591440.0	3878440.0	3888730.0	2800580.0	4621960.0	4272770.0	4077820.0	3941690.0	5210350.0	5333520.0	3309590.0	2889160.0	3307010.0	3459870.0	2844490.0	3524110.0	4249900.0	3601000.0	3742350.0	3286760.0	3128200.0	3273910.0
P00748	FA12_HUMAN	F12	Coagulation factor XII	181728.0	178121.0	670591.0	175401.0	273866.0	303005.0	220519.0	906853.0	764177.0	611564.0	189765.0	227449.0	321503.0	269178.0	403960.0	796250.0	254249.0	239686.0	635880.0	275972.0	222672.0	658971.0	632994.0	367892.0	165412.0	161997.0	56730.1	306787.0	269414.0	164086.0	250448.0	233743.0	243655.0	224832.0	604781.0	625873.0	217719.0	309767.0	137893.0	104570.0	259607.0	418422.0	223774.0	429687.0	429096.0	266929.0	249311.0	268366.0
P00751	CFAB_HUMAN	CFB	Complement factor B	5810150.0	6376630.0	5667980.0	5714400.0	4386230.0	6025890.0	7420540.0	6170400.0	5780580.0	8550940.0	7909980.0	7515700.0	5549230.0	7231570.0	7505240.0	6777960.0	7411270.0	7087490.0	7277480.0	6531660.0	9675170.0	9493330.0	6574060.0	6765360.0	4982510.0	6489070.0	6203990.0	7147630.0	9521630.0	4682350.0	5870020.0	9243790.0	5001900.0	6371600.0	10065500.0	10380700.0	4520540.0	4104300.0	8701830.0	6887290.0	3999970.0	5964320.0	9688020.0	5896300.0	5816840.0	5794610.0	5625810.0	5919000.0
P00915	CAH1_HUMAN	CA1	Carbonic anhydrase 1	357222.0	394562.0	92021.7	374450.0	383070.0	888048.0	532528.0	434469.0	111621.0	58052.9	466341.0	495257.0	118752.0	187194.0	131022.0	401174.0	519900.0	563878.0	258818.0	205391.0	132543.0	37542.8	108730.0	77334.0	111409.0	615362.0	615500.0	130908.0	101425.0	128971.0	110875.0	505903.0	507563.0	387418.0	495083.0	442603.0	1376700.0	165406.0	97738.9	119516.0	160286.0	53078.1	415348.0	60959.6	65292.2	287626.0	287848.0	285223.0
P00918	CAH2_HUMAN	CA2	Carbonic anhydrase 2	116841.0	128665.0	15157.5	119231.0	72722.7	175480.0	61166.7	55674.4	12670.8		60757.4	62792.3	16918.7	16854.0	13310.5	48048.9	62514.5	53326.0	49194.6	20557.8	18978.7		10234.5	16131.0	16584.1	144492.0	164892.0	18288.4	16244.6	44742.7	12088.8	73361.2	67581.8	92014.5	107554.0	118279.0	332480.0	32645.3	29080.3	8872.08	37149.7	28029.4	97147.1	18742.3	16972.6	45168.8	40938.0	42935.0
P00966	ASSY_HUMAN	ASS1	Argininosuccinate synthase		7081.29		5495.58		4436.3								36013.7						14901.2						5804.3	1540.02				4201.84				6492.3											5377.35		
P01008	ANT3_HUMAN	SERPINC1	Antithrombin-III	2609330.0	2805680.0	2805200.0	2911020.0	2798600.0	3313140.0	1516090.0	3718070.0	3127900.0	2421260.0	2660730.0	1375820.0	4294200.0	2654630.0	3608150.0	4286490.0	2477630.0	2355000.0	1587510.0	2811620.0	4635010.0	4928400.0	5400300.0	2735840.0	2475710.0	1836440.0	2168090.0	2411890.0	4238770.0	2282510.0	2555930.0	3540970.0	4069480.0	2815930.0	4160420.0	4151390.0	2332820.0	3939700.0	1784460.0	2984050.0	3771170.0	2744350.0	3220200.0	2754730.0	2816680.0	2863570.0	2876100.0	2842860.0
P01009	A1AT_HUMAN	SERPINA1	Alpha-1-antitrypsin	6173540.0	6891720.0	6867620.0	6625510.0	5818480.0	7724070.0	8576670.0	8485280.0	6621850.0	9726920.0	10522000.0	8948340.0	8470330.0	8730410.0	8419610.0	8792190.0	6646630.0	6417860.0	9199740.0	9362620.0	9669280.0	11104700.0	8127130.0	8343140.0	8912200.0	8477240.0	6317520.0	13456900.0	8879070.0	6432050.0	7541080.0	10386200.0	9248550.0	10516900.0	11543400.0	11326200.0	10308400.0	9516620.0	10089600.0	6967620.0	8970280.0	8605930.0	10251700.0	7473730.0	8070020.0	8420890.0	7981990.0	8684640.0
P01011	AACT_HUMAN	SERPINA3	Alpha-1-antichymotrypsin	5638220.0	6037640.0	5513190.0	5715350.0	3812520.0	4271630.0	7485130.0	4662150.0	5627200.0	7463530.0	10128100.0	6996120.0	4353790.0	7864700.0	5413110.0	7385520.0	7290650.0	6831500.0	8882470.0	11116600.0	10139000.0	10201100.0	7683420.0	7804600.0	7403750.0	5923790.0	6094390.0	10797000.0	9101310.0	4626960.0	8536370.0	10219800.0	9208440.0	9510190.0	10444700.0	10612500.0	9472000.0	7673390.0	8289590.0	8968980.0	7341380.0	4998130.0	10063600.0	4666030.0	4583960.0	7740140.0	7698950.0	7998470.0
P01019	ANGT_HUMAN	AGT	Angiotensinogen	2016330.0	2000400.0	2881000.0	2093780.0	2432860.0	2029560.0	3131930.0	3272650.0	2433010.0	3083230.0	3464740.0	3075950.0	2957600.0	2371790.0	2114790.0	2834950.0	3022910.0	2897360.0	2956520.0	4313530.0	3205760.0	2812050.0	5667800.0	2799540.0	3870630.0	2496090.0	4298720.0	3767720.0	3455740.0	2099430.0	4630110.0	4828080.0	2646700.0	5018870.0	4774180.0	4768210.0	5025540.0	4290170.0	4378240.0	2546300.0	4026880.0	2659340.0	4718890.0	2664350.0	2703900.0	3136330.0	3286550.0	3159150.0
P01023	A2MG_HUMAN	A2M	Alpha-2-macroglobulin	2507340.0	2341810.0	3118290.0	2454600.0	5831430.0	1877820.0	2018930.0	3575860.0	3440750.0	3929990.0	4673930.0	2916860.0	4265390.0	4968660.0	3071870.0	2827290.0	4116230.0	3040960.0	2491770.0	3005690.0	9207620.0	3734030.0	2796780.0	3691630.0	3643370.0	897160.0	1897540.0	4047590.0	1883830.0	2543070.0	1467910.0	2652130.0	2848090.0	1711570.0	2169020.0	2113400.0	2469670.0	1863450.0	1837340.0	3079390.0	2221350.0	2512440.0	2575520.0	2495490.0	3107410.0	4390940.0	4407740.0	4507410.0
P01024	CO3_HUMAN	C3	Complement C3	6611860.0	6935730.0	6551440.0	6958150.0	7669530.0	5781770.0	7299940.0	7939840.0	6562000.0	9798470.0	8308330.0	7704030.0	10575100.0	6919080.0	8043220.0	8202510.0	6623180.0	6690780.0	8111720.0	5159230.0	9290500.0	10749400.0	7638610.0	5565650.0	6393370.0	4240990.0	4335160.0	10689000.0	7787500.0	5691060.0	5739820.0	8365050.0	7927910.0	5631390.0	9811000.0	10052500.0	7993290.0	6301540.0	5449680.0	5994700.0	6381720.0	7203640.0	8141680.0	6825380.0	6960980.0	6706190.0	6465790.0	6390010.0
P01031	CO5_HUMAN	C5	Complement C5	3454740.0	3742300.0	3316970.0	3671680.0	2670020.0	2455040.0	3037510.0	2281340.0	3015300.0	3052400.0	2722850.0	2951460.0	2679180.0	2942970.0	2800610.0	3115420.0	3437990.0	3976590.0	2781770.0	3461980.0	3834950.0	2796900.0	2805710.0	3534190.0	2780510.0	2941480.0	3385690.0	2529360.0	3947750.0	2163240.0	3098540.0	3535610.0	3286740.0	2607340.0	3168330.0	3115720.0	2026880.0	2694610.0	2704230.0	3319880.0	2769180.0	2809670.0	3636840.0	2617570.0	2598330.0	2318250.0	2362660.0	2333850.0
P01033	TIMP1_HUMAN	TIMP1	Metalloproteinase inhibitor 1	12132.2	13026.4	15473.1	9162.95	6554.2	3715.69	4977.47	3221.67	2706.65				3734.53	4776.55	5959.82	4305.63			7551.34	5091.91	12657.1	14317.2	7068.94			21099.4	13640.2	32594.4	25723.7	30812.1	33982.2	8286.38	8835.12	17331.7	32836.9	32538.8	27099.2	21743.7	66214.7	7554.95	23911.0	14379.1	11994.3	8848.73	7019.03	6137.67	6975.9	6675.84
P01034	CYTC_HUMAN	CST3	Cystatin-C	8918.24	6829.73	12038.1	10040.2	32129.9	11157.0	7527.06	5002.32	9586.23	31629.7	30406.8	8970.61	34769.3	41375.4	16868.7	7222.04	9420.89	10773.0	12509.3	17674.9	73237.5	41401.0	37673.0	6506.72	10948.2	12670.1	25331.3	29977.7	38255.2	31031.5	57208.1	13118.3	32065.3	42935.8	22590.7	22464.9	104413.0	51457.7	24855.2	37158.6	58944.1	15021.9	17016.7	12581.2	18482.8	44749.9	43217.3	43147.7
P01037;P01036	CYTN_HUMAN;CYTS_HUMAN	CST1;CST4	Cystatin-S		3712.1	2344.61				3758.15		5552.62	17132.6	5766.61		8189.86			8118.64	4622.64	5753.86	5333.91	4126.03				5541.48	10335.5				4505.42	18037.6	4522.35	4158.21	4099.6							5152.76	5589.35	1489.29	4292.43	2606.72	13001.9	3900.24	5665.69	6788.61
P01040	CYTA_HUMAN	CSTA	Cystatin-A	14645.5	10293.5	11631.4	8623.03	8558.06		6766.05	5447.75	6237.49	5491.21		6603.04			9586.02	9894.15	10201.5		12178.9				9802.37		35661.3	7850.75	8190.11	10642.7		10276.5	23690.0				8143.78	13792.6	11127.0		20557.7	11019.2	15330.9	11760.8	25644.4	12589.6	41754.8	17021.2	9325.58	13199.8
P01042	KNG1_HUMAN	KNG1	Kininogen-1	4222330.0	4581280.0	4278570.0	4112260.0	4159520.0	3269090.0	3293170.0	4275540.0	4567280.0	5289140.0	4582130.0	3438710.0	6107520.0	5886160.0	4230070.0	4282350.0	3302710.0	2823930.0	3289940.0	2133080.0	3839380.0	5408250.0	3522880.0	3374270.0	3711560.0	1576470.0	1793720.0	3916100.0	3113620.0	3083530.0	4032560.0	2952370.0	3337000.0	2432120.0	3849870.0	4058850.0	3318420.0	3878000.0	3598680.0	3568870.0	4075430.0	2646130.0	3014090.0	2503590.0	2620850.0	3242020.0	3460800.0	3197760.0
P01130	LDLR_HUMAN	LDLR	Low-density lipoprotein receptor	10878.9	13234.1	22946.3	11793.8	22748.4	32332.7	52840.3	18193.2	23697.3	38904.0	23649.7	36844.1	24333.4	28906.2	29159.6	20482.8	43329.9	57926.2	40511.8	86727.5	22531.7	19264.9	28622.5	25298.3	72752.2	22364.6	56117.7	9143.49	23879.8	47500.3	42795.4	23411.6	25808.1	6731.58	23131.2	21103.2	34118.7	12738.2	20726.6	13808.4	13280.6	41231.7	28701.0	34828.3	34575.9	20458.0	22229.1	23624.3
P01137	TGFB1_HUMAN	TGFB1	Transforming growth factor beta-1 proprotein	262205.0	237358.0	348443.0	257272.0	135373.0	323352.0	185864.0	247879.0	297924.0	218803.0	119271.0	195146.0	204792.0	157627.0	245382.0	279678.0	141228.0	187726.0	165542.0	19639.7		180112.0	11640.6	50159.8	56044.5	206650.0	125987.0	310839.0	55586.1	200775.0	327882.0	16054.8	114892.0	22844.6	145374.0	147391.0	101108.0	203905.0	454499.0	105420.0	207730.0	160199.0	21932.1	171324.0	168515.0	132767.0	112809.0	121248.0
P01591	IGJ_HUMAN	JCHAIN	Immunoglobulin J chain	1967560.0	1784450.0	2694950.0	1888870.0	2840560.0	2788620.0	2181000.0	3846020.0	2737470.0	2043380.0	2946570.0	2197250.0	4096190.0	3841210.0	2922500.0	3333910.0	2332680.0	2564190.0	1482470.0	1413750.0	606616.0	1560580.0	1156180.0	2462100.0	4387640.0	2024090.0	2624510.0	2028990.0	1285950.0	2030760.0	2037170.0	1967620.0	2164630.0	2651970.0	2120180.0	2059350.0	2259090.0	1180060.0	3491980.0	2507670.0	1122260.0	2341270.0	1839480.0	2613540.0	2250650.0	2101140.0	1933780.0	2015090.0
P01593;P01594	KV133_HUMAN;KVD33_HUMAN	IGKV1-33;IGKV1D-33	Immunoglobulin kappa variable 1D-33	539406.0	515421.0	510639.0	530798.0	2658470.0	681742.0	866807.0	1195680.0	554327.0	1675930.0	777968.0	965025.0	1084470.0	1296270.0	3093620.0	537664.0	689847.0	797744.0	649132.0	719610.0	384292.0	815957.0	846841.0	790553.0	1110330.0	1370150.0	665805.0	1512640.0	748090.0	885748.0	508963.0	1125620.0	817859.0	691795.0	562602.0	595066.0	3168160.0	435178.0	823219.0	681259.0	450360.0	2254330.0	1006680.0	2422850.0	2397890.0	970256.0	1188550.0	936388.0
P01597;P04432	KV139_HUMAN;KVD39_HUMAN	IGKV1-39;IGKV1D-39	Immunoglobulin kappa variable 1-39	56088.3	59545.1	158908.0	49480.6	237232.0	176196.0	100243.0	148122.0	213857.0	240908.0	205031.0	158203.0	405371.0	353101.0	837430.0	201937.0	243872.0	186062.0	172399.0	80837.7	237906.0	239378.0	133974.0	327196.0	259380.0	124960.0	97747.4	160369.0	85196.2	137673.0	63628.7	96374.3	150017.0	218670.0	90123.5	76331.5	734068.0	110908.0	287835.0	105183.0	89715.8	126212.0	115076.0	154946.0	179629.0	223457.0	202955.0	198288.0
P01599	KV117_HUMAN	IGKV1-17	Immunoglobulin kappa variable 1-17	79013.5	89503.6	216832.0	92343.8	187325.0	133268.0	47245.0	81421.6	53758.3	240582.0	118903.0	98036.8	109625.0	215943.0	74088.7	61162.3	17722.8	51865.7	81310.6	206426.0	193036.0	473444.0	202909.0	43400.8	146267.0	137629.0	236540.0	373300.0	286794.0	397621.0	312387.0	414107.0	175595.0	191241.0	187390.0	185371.0	420155.0	243769.0	378083.0	157047.0	257105.0	154904.0	394435.0	114629.0	130301.0	169842.0	141312.0	148927.0
P01601	KVD16_HUMAN	IGKV1D-16	Immunoglobulin kappa variable 1D-16	25956.1	21577.8	64374.1	30378.3	105177.0	142652.0	43773.3	203463.0	106809.0	37970.3	574228.0	77378.3	209335.0	103076.0	194898.0	63428.7	66200.0	48496.8	131081.0	423441.0	161137.0	47127.3	109720.0	148327.0	173615.0	20090.0	36029.0	104201.0	22609.7	99714.3	48553.7	103896.0	61043.6	35802.4	31495.5	25260.7	66770.2	39417.0	57597.1	48549.6	39752.8	33157.3	68219.4	55365.6	47817.4	62686.8	74349.8	47586.7
P01602	KV105_HUMAN	IGKV1-5	Immunoglobulin kappa variable 1-5	65239.8	79167.5	616573.0	37748.6	230330.0	932140.0	73984.1	306731.0	561452.0	116715.0	530164.0	401463.0	399930.0	850638.0	601377.0	672230.0	852093.0	637599.0	410726.0	573189.0	694338.0	575992.0	245844.0	516774.0	221633.0	49458.0	239172.0	285764.0	63461.8	133805.0	85383.9	152272.0	242972.0	43918.5	123841.0	221217.0	274189.0	135802.0	85399.7	484784.0	252440.0	96378.1	109565.0	154184.0	98142.7	269581.0	673032.0	694776.0
P01619	KV320_HUMAN	IGKV3-20	Immunoglobulin kappa variable 3-20	1871050.0	1615030.0	3575950.0	2013700.0	4485220.0	4113650.0	3671630.0	3455670.0	3848140.0	4049350.0	3069810.0	3714000.0	5192480.0	3196760.0	5210390.0	2229450.0	3025170.0	4020510.0	3769950.0	3167130.0	4654160.0	2458060.0	4162670.0	4289340.0	4792210.0	2833970.0	4661060.0	5666130.0	2889650.0	4877590.0	3372110.0	3885790.0	4681310.0	3354100.0	3235380.0	2874070.0	9603630.0	5000510.0	7031200.0	4228130.0	4985930.0	6831250.0	4298880.0	5240510.0	5063980.0	4755310.0	5050380.0	4878740.0
P01699	LV144_HUMAN	IGLV1-44	Immunoglobulin lambda variable 1-44	1532.95	1753.33	1035.81		3024.13	3424.0	1018.57					3835.73			10185.1		3374.33			1383.62		3325.26		5650.4	3853.69	5204.84	2600.42			3993.96	1572.38			1282.55		2970.87	6107.36	3754.36	12852.1	3774.36	5647.41	6560.68	3406.95	6011.9	3226.78	5965.25	5480.2	6575.58
P01700	LV147_HUMAN	IGLV1-47	Immunoglobulin lambda variable 1-47	673334.0	781599.0	673935.0	735684.0	885209.0	511785.0	605451.0	800498.0	406115.0	1757440.0	704475.0	646808.0	1192540.0	1093690.0	1063790.0	693599.0	559041.0	530664.0	738305.0	319068.0	385509.0	662091.0	604099.0	787059.0	1252840.0	1031830.0	1591990.0	919153.0	491355.0	1089960.0	680429.0	557802.0	1020890.0	583925.0	493395.0	581372.0	1560110.0	1745640.0	1347430.0	591759.0	2066560.0	1095760.0	681587.0	743222.0	725225.0	939238.0	649630.0	889403.0
P01701	LV151_HUMAN	IGLV1-51	Immunoglobulin lambda variable 1-51	188392.0	184939.0	423981.0	177286.0	176452.0	169195.0	176020.0	125656.0	238741.0	206752.0	122976.0	144277.0	541681.0	311788.0	370569.0	326944.0	122566.0	181973.0	221507.0	179208.0	305940.0	140014.0	224177.0	273744.0	440722.0	538796.0	256479.0	505413.0	293001.0	520920.0	449434.0	284182.0	142680.0	363033.0	186238.0	248266.0	471615.0	238589.0	790195.0	284650.0	326120.0	1368290.0	375701.0	1340540.0	937345.0	616073.0	494023.0	659601.0
P01703	LV140_HUMAN	IGLV1-40	Immunoglobulin lambda variable 1-40	45441.5	42583.3	152143.0	58052.1	186842.0	141254.0	90243.3	172131.0	177376.0	97514.8	100822.0	100829.0	115480.0	144329.0	529401.0	156749.0	141573.0	177433.0	171006.0	109826.0	64110.0	2252500.0	173160.0	211034.0	257506.0	87707.1	78496.3	248074.0	839856.0	167227.0	101308.0	173952.0	191798.0	101393.0	90900.4	87486.6	367556.0	262119.0	278387.0	63246.4	229249.0	367251.0	169154.0	422161.0	386751.0	210749.0	220353.0	226146.0
P01704	LV214_HUMAN	IGLV2-14	Immunoglobulin lambda variable 2-14	3846.82		11360.9	4634.48	4115.19	8886.18	4517.2	4028.5	12959.7					6430.64	28347.3				7322.29	95837.6	7817.04		43638.6	6185.11	8452.45	3369.7	38158.4		9554.3	41728.9	9662.3	18907.3		3819.7		5014.97		89423.7	650376.0		113407.0		14862.7			72552.8	65882.9	61621.5
P01706	LV211_HUMAN	IGLV2-11	Immunoglobulin lambda variable 2-11	71371.8	77584.2	206430.0	87244.5	352726.0	80699.4	26115.0	74735.0	246348.0	151562.0	29342.3	27929.4	114882.0	99132.1	255394.0	76274.3	40820.8	41351.6	151777.0	17731.2	39714.2	149615.0	101413.0	31109.0	79905.2	104224.0	55273.2	139557.0	99357.0	110879.0	52882.6	58157.4	298715.0	90080.6	71133.7	103900.0	873382.0	106481.0	73075.5	39131.1	112337.0	196037.0	66509.7	153087.0	166742.0	132182.0	142383.0	102309.0
P01709	LV208_HUMAN	IGLV2-8	Immunoglobulin lambda variable 2-8	111851.0	100546.0	502345.0	109397.0	408932.0	490423.0	155653.0	194246.0	468576.0	243285.0	96412.6	164490.0	171380.0	123714.0	184492.0	122619.0	242429.0	280092.0	151764.0	217390.0	118205.0	160290.0	231595.0	142957.0	664815.0	220575.0	507768.0	290779.0	190176.0	446759.0	158373.0	385815.0	218039.0	138928.0	163250.0	174695.0	290075.0	223511.0	595108.0	185053.0	216009.0	420608.0	451692.0	331876.0	267598.0	131922.0	201376.0	169624.0
P01714	LV319_HUMAN	IGLV3-19	Immunoglobulin lambda variable 3-19	17118.5	16716.0	16811.9	19700.1	16940.7	12925.9	11668.9	8298.56	18316.6	7317.88	14107.4	12696.4	15638.8	16944.0	80820.6	42949.0	10217.4	12090.7	13028.8	9550.65	10122.4	15408.4	22438.4	21778.4	32000.6	22011.4	16868.7	37444.0	10515.0	22844.9	10336.0	20301.4	25248.0	19551.3	11581.0	8770.28	69316.7	25975.7	40971.9	13402.5	25847.8	8333.14	15009.0	11669.6	13817.2	20194.4	17741.8	21033.5
P01717	LV325_HUMAN	IGLV3-25	Immunoglobulin lambda variable 3-25	21354.0	19171.8	28357.9	22755.9	44957.6	17278.5	55370.0	63304.2	32129.2	40016.7	38175.1	50646.5	46753.9	59826.7	92840.8	73916.0	50240.4	54598.1	32544.1	25825.2	26387.8	55556.7	45563.3	44347.6	66654.2	57319.4	35989.5	20666.2	30291.2	49279.1	41126.8	35363.4	24623.3	57394.1	39786.1	40268.4	103680.0	38648.1	84263.6	17974.6	36217.4	34253.6	36962.6	33150.2	27627.5	28649.0	38000.8	32961.9
P01718	LV327_HUMAN	IGLV3-27	Immunoglobulin lambda variable 3-27	87592.8	90196.4	149709.0	85699.3	104087.0	30327.2	54629.2	33044.5	121809.0	144908.0	64695.2	56544.4	147641.0	132253.0	92767.6	397108.0	122037.0	110328.0	190728.0	38091.0	83882.7	75271.3	95816.9	56168.4	143811.0	67980.0	173767.0	49059.2	45652.6	77500.4	157253.0	68874.1	51120.8	39671.9	46146.6	36698.3	122322.0	43586.0	79694.2	77836.4	47088.0	102906.0	58112.8	83093.2	87481.8	44579.2	48460.1	39885.0
P01721	LV657_HUMAN	IGLV6-57	Immunoglobulin lambda variable 6-57	120530.0	119824.0	334909.0	128500.0	389392.0	317904.0	82857.0	710648.0	549599.0	344184.0	234322.0	87379.7	287805.0	540257.0	693724.0	619854.0	603472.0	349906.0	217169.0	108106.0	122930.0	572646.0	345198.0	153195.0	453629.0	320697.0	331732.0	122681.0	113738.0	315698.0	152077.0	178824.0	244385.0	231143.0	63237.6	101817.0	526611.0	330465.0	241260.0	187848.0	277872.0	754218.0	144052.0	1220110.0	1076860.0	321002.0	353632.0	296968.0
P01742	HV169_HUMAN	IGHV1-69	Immunoglobulin heavy variable 1-69	15815.7	13217.7	23553.3	16589.0	79692.5	22515.3	35119.5	30744.7	32162.5	59917.3	66758.5	42929.6	105176.0	93578.6	1223860.0	62904.5	60513.3	43523.5	27178.9	14338.2	72609.8	445475.0	56750.6	67637.7	82159.1	97663.8	15188.0	39654.3	135941.0	62796.4	17823.2	29226.6	58594.4	33688.9	23837.2	21285.0	57552.7	35839.9	74688.1	29265.3	36865.6	57704.2	25900.3	59638.9	62490.1	61165.9	62180.3	60578.9
P01743	HV146_HUMAN	IGHV1-46	Immunoglobulin heavy variable 1-46	66271.5	74664.2	151853.0	72350.0	176263.0	143025.0	66487.3	270440.0	155581.0	145951.0	102714.0	63580.8	157404.0	183057.0	441427.0	103588.0	110272.0	142991.0	105254.0	67291.8	117961.0	416423.0	86071.6	120151.0	170861.0	180071.0	191179.0	239751.0	275477.0	137149.0	129142.0	72305.7	325495.0	130250.0	90626.1	79873.9	98223.9	276982.0	278742.0	286104.0	327399.0	209438.0	69206.6	234368.0	241665.0	250885.0	244078.0	248471.0
P01764	HV323_HUMAN	IGHV3-23	Immunoglobulin heavy variable 3-23	1536070.0	1598130.0	2423170.0	1513170.0	2406840.0	2605760.0	1482740.0	2044850.0	2515250.0	3132100.0	1698660.0	1706450.0	3272680.0	2832470.0	2027230.0	1868770.0	1914230.0	1854880.0	1754930.0	1663460.0	1797240.0	1130330.0	2560340.0	1541770.0	3205180.0	1565770.0	1584320.0	2577400.0	1344570.0	2967440.0	1147410.0	2657760.0	2570020.0	1220530.0	1575820.0	1476500.0	3743250.0	1354850.0	3228700.0	1514490.0	1375110.0	2856740.0	2400760.0	3329080.0	3214640.0	2428500.0	2567960.0	2576740.0
P01767	HV353_HUMAN	IGHV3-53	Immunoglobulin heavy variable 3-53								20141.8	19053.0	18774.1	36123.4	15491.2	41357.4	93274.1	53041.3	14062.0	36149.1	32955.6		10576.4	45610.3	25660.8		15837.0	41964.7																					24333.6		25275.7
P01768;P0DP03	HV330_HUMAN;HVC05_HUMAN	IGHV3-30;IGHV3-30-5	Immunoglobulin heavy variable 3-30	47542.3	38417.6	26396.9	26190.8	24214.3	22539.6		20870.5	26403.0	65704.6	148016.0		125038.0	42847.2	92891.4	38219.9	49751.8	22339.8	15468.2	12391.0	24338.7	30144.1	32747.1	9719.21	44918.9	18253.6	6859.16	34583.2	5900.17	11579.3	9304.45	56406.4	40647.7	13218.8	7256.22	6159.53	87034.6	15090.7	50509.3	35066.9	30047.5	58020.7	17046.6	62733.9	73109.2	73045.5	77350.2	76182.5
P01780	HV307_HUMAN	IGHV3-7	Immunoglobulin heavy variable 3-7	955235.0	1003060.0	2306670.0	1149670.0	2215880.0	2553110.0	1211080.0	2771840.0	2947350.0	2762980.0	1368840.0	1523320.0	3572990.0	2575520.0	2649320.0	3043690.0	2088950.0	1620680.0	1865230.0	937384.0	1873110.0	1440370.0	2254330.0	1845390.0	4612180.0	1720210.0	1948150.0	2613730.0	1026120.0	3189310.0	1732430.0	1369720.0	2119670.0	1168420.0	1395570.0	1280870.0	3296360.0	1229680.0	2827390.0	1489370.0	1216100.0	1939790.0	1603690.0	2189260.0	2380820.0	1767990.0	1864650.0	1857650.0
P01782	HV309_HUMAN	IGHV3-9	Immunoglobulin heavy variable 3-9	37022.3	39944.3	48235.8	47921.2	21794.0	31100.1	42195.6	52354.4	60599.5	26234.9	43697.1	29112.8	34057.6	32587.1	65107.6	42369.3	47210.1	48552.4	52083.6	27661.0	35704.7	35146.2	77191.5	45778.6	89038.8	60138.1	80256.8	78593.7	20878.5	45033.9	40891.7	23509.6	61044.8	24284.9	25226.6	28835.2	86038.4	31432.4	57823.1	28388.7	25798.5	46580.4	20880.5	39481.4	53571.8	35678.3	30324.0	33918.6
P01824	HV439_HUMAN	IGHV4-39	Immunoglobulin heavy variable 4-39	16027.8	32979.0	30849.6	30945.6	48091.5	42459.9	16991.9	27733.5	35932.0	34937.3	26440.5	30151.7	36679.7	61852.4	71937.0	34805.8	41237.6	24817.7	54487.7	9902.11	46886.7	49654.9	31831.5	44125.6	73716.5	31482.7	45561.6	57646.5	36404.0	48570.9	9702.31	29205.3	24829.2	43147.9	21324.9	22450.9	95840.8	54874.6	50319.6	36890.7	40064.1	50931.4	22252.7	45573.0	55078.8	41931.8	51427.0	46956.3
P01833	PIGR_HUMAN	PIGR	Polymeric immunoglobulin receptor	60565.6	59971.8	104265.0	61437.7	153094.0	75416.0	118625.0	64580.1	106250.0	87496.8	53257.6	120176.0	146395.0	121716.0	409813.0	183697.0	66297.2	68109.5	114110.0	176009.0	132309.0	736783.0	46376.0	53936.6	281318.0	56412.0	140384.0	109954.0	425624.0	405252.0	141300.0	78993.1	142919.0	298277.0	199434.0	206573.0	74057.0	237002.0	461278.0	152769.0	202679.0	797348.0	71178.5	556855.0	603151.0	201579.0	243318.0	226149.0
P01834	IGKC_HUMAN	IGKC	Immunoglobulin kappa constant	4545170.0	3996700.0	6681080.0	5107260.0	6943150.0	4964770.0	4878400.0	6792880.0	7555290.0	6286470.0	4851270.0	4470230.0	8416920.0	6282970.0	7567670.0	6488070.0	6579380.0	5086370.0	5273290.0	4517540.0	6047490.0	5866550.0	5280510.0	6975220.0	7522060.0	5555540.0	5817930.0	9205120.0	4885680.0	8944920.0	5462760.0	5927730.0	8291490.0	6725710.0	7215580.0	5049800.0	10030900.0	18308100.0	9580500.0	5656440.0	23503500.0	9513800.0	5982760.0	7545680.0	8164480.0	5272630.0	5556200.0	5359040.0
P01854	IGHE_HUMAN	IGHE	Immunoglobulin heavy constant epsilon														23025.2	11895.3											12068.5				12310.5				6177.12	10662.6	7359.93	5582.93			20869.0						6242.83	5197.54	5180.19
P01859	IGHG2_HUMAN	IGHG2	Immunoglobulin heavy constant gamma 2	4155500.0	4327770.0	5703150.0	4560320.0	6383150.0	6151540.0	5577620.0	7593960.0	6336880.0	8149730.0	5742800.0	5529080.0	13434500.0	6173000.0	9348010.0	8838160.0	6473770.0	6374070.0	7430670.0	5892040.0	7083120.0	5813070.0	8927600.0	7730070.0	8962460.0	5452650.0	4790600.0	10516200.0	5149880.0	8348630.0	5433360.0	6952680.0	7742890.0	6754140.0	5528800.0	5515460.0	9628680.0	9597670.0	9729150.0	5001900.0	8884830.0	9041700.0	6540780.0	8523950.0	8761020.0	7215080.0	7381790.0	7068440.0
P01860	IGHG3_HUMAN	IGHG3	Immunoglobulin heavy constant gamma 3	2966620.0	3311740.0	3476080.0	3642520.0	5112140.0	2123600.0	3013140.0	4105760.0	3781930.0	1272640.0	4537820.0	3057410.0	3012680.0	4638340.0	6199450.0	3949270.0	4884430.0	4518230.0	3460230.0	2843800.0	3613900.0	4940820.0	4036930.0	3669960.0	3994570.0	2690520.0	2426420.0	3052170.0	2783120.0	4567140.0	3841740.0	3917300.0	3572270.0	3559080.0	4198770.0	3801150.0	5723550.0	7832790.0	2997700.0	2465570.0	7109540.0	4233020.0	3800470.0	4566440.0	4846300.0	4240570.0	3987520.0	4157820.0
P01861	IGHG4_HUMAN	IGHG4	Immunoglobulin heavy constant gamma 4	1139300.0	1307000.0	1009330.0	1459530.0	1594180.0	1627670.0	1272910.0	3857590.0	1620880.0	2054080.0	1242670.0	1501930.0	3652020.0	2933840.0	4184390.0	3081680.0	2033400.0	1623490.0	2699510.0	1055600.0	8558240.0	1597130.0	1761440.0	2726970.0	3488190.0	1773690.0	1656470.0	3435980.0	1519940.0	1921810.0	1715570.0	1299140.0	1781200.0	2239980.0	1386890.0	1681760.0	3602800.0	2669840.0	2665400.0	2273600.0	2786040.0	1853820.0	1282270.0	1825150.0	1723260.0	3908980.0	3793520.0	3947330.0
P01871	IGHM_HUMAN	IGHM	Immunoglobulin heavy constant mu	5330970.0	5071330.0	7050540.0	5550260.0	7096060.0	7043950.0	6100550.0	7593260.0	6492410.0	4743120.0	5363430.0	5629790.0	5929040.0	6856630.0	7958410.0	7551460.0	5929390.0	6267470.0	3817570.0	4481370.0	1687840.0	6365000.0	3736140.0	7486100.0	11143600.0	1633480.0	6041400.0	5197900.0	3986160.0	6148180.0	3158940.0	6813740.0	6597870.0	3179100.0	4978360.0	5002920.0	7203750.0	2998740.0	7073410.0	7831190.0	2913350.0	6920890.0	6352190.0	6187240.0	5706370.0	4885660.0	5017930.0	4884370.0
P01876	IGHA1_HUMAN	IGHA1	Immunoglobulin heavy constant alpha 1	3756800.0	3541800.0	3672220.0	4081760.0	6261380.0	5158580.0	5421560.0	7259870.0	3929430.0	6261590.0	9243540.0	5605710.0	8820950.0	6774840.0	5890850.0	9388420.0	7502580.0	6943650.0	7180470.0	2384200.0	2000420.0	601505.0	2894900.0	4874970.0	7921290.0	8188580.0	5748540.0	14009000.0	2956470.0	4277560.0	6495390.0	4321680.0	6319180.0	8921250.0	5742420.0	5371480.0	8371980.0	5430450.0	8190430.0	4069430.0	4799780.0	7001310.0	4206100.0	7001080.0	7364760.0	6011760.0	6156530.0	6099800.0
P01889	HLAB_HUMAN	HLA-B	HLA class I histocompatibility antigen, B alpha chain	38773.7	35128.7	43308.0	36473.5	45243.6	53014.6	21598.5	99655.3	44278.6	14060.4	112184.0	28300.8	26247.8	45953.3	51817.6	25864.4	11447.2	27980.8	57724.9	123761.0	32133.2	30388.0	23080.4	37318.4	162469.0	68319.4	98003.5	85579.9	27669.0	47525.7	10492.2	14309.1	12885.1	34004.5	51817.1	52853.2	90565.1	98452.0	29099.5	67831.8	103093.0	26984.7	9533.83	32655.0	27968.8	33891.7	41216.3	31194.7
P02042	HBD_HUMAN	HBD	Hemoglobin subunit delta	14084.8	11630.2	13461.8	12109.2	42119.4	44761.9	76140.4	68967.8	15891.0	20101.0	148726.0	98080.0	42824.7	43684.5	22475.9	44023.0	63839.4	57881.7	24511.1	32133.8	64544.3	15485.2	11250.1	14682.5	18549.2	25571.9	23528.2	40271.8	18110.7	10182.7	12652.0	48768.8	43019.2	29375.4	9114.05	8499.72	120212.0	7368.77	9447.29	5460.38	8534.18	4919.82	38194.2	6053.75	7646.97	45772.0	47788.1	47936.7
P02144	MYG_HUMAN	MB	Myoglobin		2007.63			4257.12				2128.3			1697.02								8096.3				1946.67		6912.1	2656.02		6915.43	2640.63	22055.1		13134.9	20233.7	12451.5	11494.3	17184.8	5728.32	3339.26	73649.6	4424.99	3134.05			3344.19	14778.9	16635.3	17008.4
P02452	CO1A1_HUMAN	COL1A1	Collagen alpha-1(I) chain	3220.97	3859.39	3952.0	3994.18	14625.8	3830.77	2632.52		3576.58	2838.64	5655.71	4884.3				4470.3		7710.12	5029.31	15300.1	8996.88	6158.28	10058.9	2683.0	5835.51	16770.3	21156.3	5960.92	8489.68	17372.8	12828.9	5338.5	5818.74	6359.07	5134.19	5244.52	5313.23	8390.13	8118.94	5708.7	8356.63	10032.6	3812.3	12024.9	23006.9	7832.66	10174.7	8302.48
P02533	K1C14_HUMAN	KRT14	Keratin, type I cytoskeletal 14	430137.0	242614.0	500379.0	233532.0	243788.0	184768.0	245906.0	620970.0	462147.0	350111.0	516556.0	248912.0	261214.0	385339.0	192263.0	524255.0	292363.0	326347.0	433844.0	341509.0	165530.0	171988.0	103747.0	399235.0	346177.0	365450.0	157102.0	241084.0	261249.0	360459.0	417663.0	220923.0	440205.0	271389.0	242395.0	238328.0	542769.0	181064.0	411415.0	455795.0	310760.0	366084.0	610474.0	307208.0	356554.0	310345.0	301177.0	295761.0
P02538	K2C6A_HUMAN	KRT6A	Keratin, type II cytoskeletal 6A	90110.4	45828.9	113944.0	85774.1	59488.1	53982.4	103915.0	276110.0	127951.0	217709.0	140101.0	89501.7	67868.1	153423.0	41698.6	203456.0	72397.2	111738.0	77018.1	77144.6	33327.1	34644.6	25647.9	140283.0	65501.2	131561.0	21120.9	75045.9	95684.3	94428.6	171113.0	55666.4	200734.0	84406.7	59713.2	70691.0	119486.0	38086.9	65471.9	129805.0	99840.4	93380.3	100055.0	34883.9	98894.3	65602.3	72397.8	75671.9
P02545	LMNA_HUMAN	LMNA	Prelamin-A/C					9772.3	5431.43												3951.52	7387.94	9831.34			12409.4				7367.25		4889.34	6936.87	6838.94	4412.8	3635.96	42013.5			11488.2	7948.77	10178.8	8536.62	6808.12			6217.13		13234.0	8988.04	7884.67
P02585	TNNC2_HUMAN	TNNC2	Troponin C, skeletal muscle					3424.07											6091.76			5067.97	5022.89					5467.91	42788.4			5949.17	4953.35	39894.5			6449.08	21840.1	23936.9	44424.3		5183.38	65286.5						16172.4	15800.2	15264.7
P02647	APOA1_HUMAN	APOA1	Apolipoprotein A-I	7554890.0	7499640.0	7528030.0	7588910.0	7058550.0	6308690.0	5600070.0	9617060.0	7338910.0	7140120.0	8087450.0	7052780.0	10704400.0	6015010.0	8482710.0	8072300.0	6881450.0	5891300.0	5628480.0	4179850.0	9162830.0	6125160.0	5699480.0	7159370.0	4585280.0	4904760.0	4195220.0	9424090.0	4975040.0	5319280.0	5220860.0	4908240.0	6398060.0	5684600.0	6335090.0	6387970.0	6116230.0	7260570.0	6922250.0	6240160.0	7664710.0	6039350.0	5051130.0	5352040.0	5973580.0	6310530.0	6635560.0	6670320.0
P02649	APOE_HUMAN	APOE	Apolipoprotein E	5113890.0	5705250.0	5600150.0	5430180.0	4636790.0	6556970.0	9020170.0	4450940.0	4994950.0	5177570.0	7193560.0	9252860.0	7046760.0	6447550.0	5323250.0	4021100.0	5000590.0	5274250.0	5671930.0	7555910.0	6178290.0	5280580.0	5562760.0	4440330.0	6822420.0	6458970.0	6376630.0	4332900.0	6313310.0	7641780.0	5281900.0	6154130.0	5789570.0	3668230.0	8300090.0	8294850.0	6571220.0	5456820.0	6549940.0	6129140.0	5258700.0	6357460.0	6888450.0	5630450.0	5389590.0	5563050.0	5691810.0	5530440.0
P02652	APOA2_HUMAN	APOA2	Apolipoprotein A-II	1582260.0	2404290.0	3148230.0	2031400.0	551028.0	1889770.0	3729580.0	3574720.0	2605930.0	4156360.0	1624860.0	3756900.0	1468550.0	1694910.0	2431500.0	2518320.0	3443080.0	561330.0	802160.0	286348.0	2035870.0	1259870.0	685204.0	452113.0	836188.0	1381660.0	1517820.0	1451030.0	1571020.0	809967.0	467593.0	1097890.0	707555.0	873573.0	1539150.0	1865470.0	1751750.0	1753350.0	1128100.0	1330030.0	1526050.0	1458990.0	1848170.0	588002.0	659156.0	1013910.0	1276180.0	1315750.0
P02654	APOC1_HUMAN	APOC1	Apolipoprotein C-I	3547080.0	3647640.0	3551360.0	3307130.0	3343650.0	2577600.0	4069590.0	4023330.0	3099930.0	4671720.0	2094250.0	3726550.0	2750110.0	2192360.0	2736220.0	2485700.0	3684010.0	3305420.0	2600950.0	1492290.0	2133290.0	1807470.0	1857980.0	2809980.0	3549140.0	2351510.0	3096060.0	3713320.0	2868720.0	5008890.0	1661870.0	3066100.0	2894480.0	3109300.0	3730780.0	3735170.0	2564050.0	3586290.0	2021740.0	3514700.0	3322060.0	2698030.0	3131670.0	2465170.0	3017720.0	2739060.0	2986960.0	2971460.0
P02655	APOC2_HUMAN	APOC2	Apolipoprotein C-II	4237850.0	4411950.0	3927820.0	4929850.0	3189840.0	3593420.0	3847220.0	4513360.0	2596980.0	5160630.0	4081980.0	4848780.0	3497720.0	3651360.0	3375440.0	3216690.0	3334570.0	3632710.0	2019510.0	1711090.0	1083380.0	4108670.0	4343220.0	3360400.0	3846870.0	3978700.0	3829650.0	6669360.0	4249590.0	5561840.0	3625630.0	3384590.0	3278600.0	4065660.0	4475260.0	4707960.0	4614280.0	2843770.0	3508390.0	3047940.0	3582830.0	2996750.0	5474540.0	1677830.0	2179280.0	3496490.0	3172260.0	3465710.0
P02656	APOC3_HUMAN	APOC3	Apolipoprotein C-III	8363370.0	8707520.0	5136240.0	9189490.0	7440360.0	6440940.0	4687750.0	4847540.0	4778340.0	4080420.0	4538810.0	5460670.0	11093900.0	5841670.0	10069200.0	9094430.0	5584170.0	6081310.0	3733070.0	3343360.0	6206070.0	7019490.0	5041840.0	3327910.0	5090020.0	3702310.0	3515910.0	9450240.0	4922350.0	3188450.0	5124740.0	4377590.0	10801700.0	6081350.0	6948690.0	6404730.0	4627580.0	5946300.0	3234620.0	6234630.0	5010650.0	4134960.0	5391120.0	3860270.0	3761930.0	5487800.0	5197390.0	4087310.0
P02671	FIBA_HUMAN	FGA	Fibrinogen alpha chain	390487.0	452877.0	177927.0	454981.0	236385.0	140091.0	248424.0	111228.0	158821.0	239500.0	448269.0	239587.0	326658.0	268372.0	179264.0	176124.0	271356.0	320741.0	309985.0	438581.0	1444820.0	303003.0	619344.0	413873.0	195989.0	488743.0	544560.0	337875.0	924592.0	565201.0	644636.0	1336600.0	2051600.0	4190270.0	216712.0	167633.0	245180.0	2533900.0	1032920.0	942766.0	1610460.0	193635.0	485913.0	185614.0	205812.0	912522.0	903064.0	891998.0
P02675	FIBB_HUMAN	FGB	Fibrinogen beta chain	1005080.0	1093670.0	181827.0	1057750.0	301662.0	183548.0	276215.0	80441.3	176652.0	236625.0	553840.0	256135.0	372244.0	449765.0	122914.0	268891.0	223358.0	241524.0	654242.0	920094.0	1942990.0	334422.0	1325340.0	705833.0	263794.0	1281060.0	1135920.0	635420.0	2058610.0	1450120.0	1355010.0	3231520.0	3982240.0	9324370.0	293068.0	256484.0	436178.0	5320430.0	2557090.0	2909110.0	3350770.0	298033.0	839802.0	319241.0	274892.0	2085030.0	2109680.0	2026710.0
P02679	FIBG_HUMAN	FGG	Fibrinogen gamma chain	914150.0	982066.0	186098.0	1004340.0	359640.0	192760.0	277298.0	91084.6	187844.0	261655.0	738925.0	274999.0	589879.0	512779.0	158747.0	301192.0	295420.0	297073.0	655472.0	811366.0	2389190.0	481301.0	1411490.0	756117.0	305584.0	1114040.0	1046090.0	661290.0	1907910.0	1393810.0	1115940.0	2821640.0	3668630.0	7132070.0	287249.0	272333.0	430992.0	4360430.0	2459300.0	2369720.0	2810130.0	313560.0	844857.0	327525.0	323685.0	1917640.0	1854540.0	1985170.0
P02730	B3AT_HUMAN	SLC4A1	Band 3 anion transport protein	13238.5	14320.5	6056.41	10412.4	13998.8	33295.4	17138.9	13523.8	7394.05	5826.78	13040.7	22544.6	17691.9	19701.8	7673.68	28740.4	14431.7	15406.1	11248.1	34972.6	2918.81	7678.5	12942.2	11791.2	8357.09	12217.7	27082.0	4497.52	6073.96	13688.7	7625.23	9455.73	6936.29	8944.6	15337.6	17537.6	31108.4	11243.4	9074.04	2623.13	9759.73	3196.09	6145.76	3467.97	4003.42	6606.74	6529.06	8293.21
P02741	CRP_HUMAN	CRP	C-reactive protein	2747700.0	2822020.0	1941720.0	2918320.0	1152750.0	641751.0	12183000.0	789395.0	1451690.0	6291300.0	12478100.0	13848100.0	723271.0	4777390.0	4076670.0	1272000.0	8230460.0	8915870.0	10691200.0	9481180.0	11237900.0	9972180.0	9450040.0	7746620.0	7380080.0	8891580.0	7277580.0	17545200.0	17194600.0	7641720.0	14287000.0	15511300.0	9398100.0	17394700.0	19079000.0	22496500.0	16214600.0	11377100.0	19101600.0	12089100.0	11151000.0	4730920.0	18971600.0	4874900.0	4718330.0	10584100.0	12447200.0	11215700.0
P02743	SAMP_HUMAN	APCS	Serum amyloid P-component	93165.5	84410.2	82835.7	89427.1	76211.5	80495.3	129815.0	194361.0	80808.1	591703.0	762557.0	315492.0	525866.0	408228.0	139328.0	145922.0	302661.0	187654.0	391583.0	197036.0	768764.0	348678.0	246168.0	165336.0	180376.0	57675.3	149587.0	356659.0	176856.0	168939.0	347384.0	129367.0	125696.0	126587.0	132426.0	112877.0	85417.7	107188.0	91052.4	445261.0	138224.0	89064.5	110606.0	76586.8	86426.3	268737.0	291967.0	265007.0
P02745	C1QA_HUMAN	C1QA	Complement C1q subcomponent subunit A	1704810.0	1634440.0	1663840.0	1721110.0	1557200.0	1639470.0	1733370.0	1073220.0	1731340.0	990244.0	1492980.0	1780400.0	1815010.0	1253340.0	1571530.0	1458410.0	1498410.0	1846000.0	1221800.0	1826510.0	1400720.0	1603540.0	1079890.0	1468250.0	1687540.0	1669590.0	3108380.0	1487200.0	1358440.0	1796110.0	1282860.0	1273770.0	1597040.0	1354270.0	1511090.0	1289060.0	1398310.0	2939800.0	1588080.0	1726020.0	2789870.0	1231600.0	1344760.0	1586120.0	1362540.0	1590130.0	1505400.0	1410480.0
P02746	C1QB_HUMAN	C1QB	Complement C1q subcomponent subunit B	3894700.0	3878780.0	3678190.0	3548540.0	4151600.0	3384910.0	3522990.0	3173630.0	3348870.0	2782430.0	3312250.0	3334980.0	3848670.0	3147670.0	3504180.0	3137890.0	3646240.0	4540800.0	2611990.0	3437510.0	3307250.0	3171140.0	2559460.0	4555510.0	5115170.0	3714820.0	5327900.0	3475990.0	3045300.0	4959600.0	2998530.0	2887840.0	3421010.0	3166140.0	3020380.0	3009600.0	3522630.0	5764160.0	3597130.0	3576270.0	5903440.0	3389890.0	3029520.0	3527630.0	3745970.0	3575450.0	2881380.0	2991540.0
P02747	C1QC_HUMAN	C1QC	Complement C1q subcomponent subunit C	5402740.0	5383650.0	5430240.0	5629150.0	6495700.0	5005020.0	5714160.0	5541490.0	4801820.0	5429420.0	5034900.0	5852770.0	5087190.0	4815180.0	5937990.0	4644270.0	6120030.0	6293750.0	4788540.0	4740210.0	3012110.0	5797090.0	4264320.0	6918380.0	8330160.0	5111890.0	8076830.0	5914740.0	5055380.0	6729940.0	4343760.0	5275560.0	5739160.0	5221790.0	5256700.0	5477060.0	6163530.0	7582910.0	6144910.0	5439150.0	7865420.0	5677320.0	4973840.0	4050110.0	5965000.0	5560670.0	5186600.0	5136040.0
P02748	CO9_HUMAN	C9	Complement component C9	4025030.0	4232010.0	3362500.0	4552410.0	3224150.0	2888960.0	3230350.0	2877890.0	3115960.0	3990490.0	4984140.0	3322970.0	2908320.0	3866960.0	3122870.0	3964000.0	3127620.0	3051210.0	4242460.0	3890350.0	5388380.0	5197380.0	3906510.0	4717970.0	2837370.0	5593040.0	5063060.0	5550190.0	5219500.0	3689260.0	4177030.0	5647340.0	4939090.0	4661520.0	6095110.0	5909960.0	4307300.0	5722820.0	4888610.0	4809140.0	5774730.0	4087360.0	6102160.0	3365160.0	3346440.0	3793770.0	4234900.0	3964720.0
P02749	APOH_HUMAN	APOH	Beta-2-glycoprotein 1	1219450.0	1085920.0	1577780.0	1160690.0	1743830.0	1437540.0	1412970.0	2256470.0	1253410.0	1618920.0	2731640.0	1803730.0	4326920.0	2149820.0	2029510.0	2357890.0	1424320.0	1300520.0	1695680.0	1340190.0	3539830.0	2356100.0	2355140.0	870429.0	841391.0	961092.0	1222000.0	2614970.0	1687400.0	719486.0	1617550.0	1457550.0	1787420.0	2291300.0	2877170.0	2873150.0	1237670.0	1691090.0	613191.0	1277230.0	1777590.0	1096220.0	1649410.0	1158760.0	1262110.0	1496980.0	1436240.0	1434050.0
P02750	A2GL_HUMAN	LRG1	Leucine-rich alpha-2-glycoprotein	3342720.0	3570910.0	2748560.0	3182310.0	2914570.0	2102300.0	3528460.0	1897800.0	2326820.0	3450760.0	3202680.0	2678590.0	1788700.0	2221370.0	1894820.0	1931540.0	3199410.0	2035900.0	3703740.0	2743070.0	4783710.0	3212130.0	3766930.0	2622980.0	2875330.0	3598700.0	4108670.0	4382120.0	5907850.0	3229560.0	3435570.0	5091440.0	4237140.0	4417110.0	4544110.0	5220680.0	5097340.0	4271760.0	5436190.0	5327740.0	4494300.0	3051960.0	4239550.0	2582290.0	2665130.0	4401270.0	4324250.0	4462020.0
P02751	FINC_HUMAN	FN1	Fibronectin	3546280.0	3753560.0	8265230.0	3695820.0	1173390.0	7845480.0	1190830.0	4449320.0	7933460.0	4009620.0	1909600.0	1062810.0	6281630.0	4760890.0	1760020.0	7679280.0	1171330.0	1284520.0	4766210.0	1694690.0	886014.0	853558.0	1785680.0	4551340.0	2779380.0	4201140.0	4573050.0	3392850.0	1072010.0	4195060.0	6380150.0	7750690.0	7855260.0	209542.0	1629620.0	1622910.0	2634690.0	6600970.0	3224100.0	4871390.0	5492630.0	4883350.0	4377930.0	4763720.0	4775160.0	3622410.0	3539610.0	3646820.0
P02753	RET4_HUMAN	RBP4	Retinol-binding protein 4	267643.0	192001.0	141790.0	220594.0	330216.0	287065.0	114699.0	344953.0	189468.0	432801.0	633895.0	152188.0	1826710.0	853674.0	332996.0	385700.0	292647.0	220712.0	197566.0	151330.0	371444.0	337497.0	517765.0	135860.0	688952.0	56660.2	42883.6	522274.0	193420.0	505063.0	267593.0	113566.0	519868.0	333189.0	212260.0	191807.0	464630.0	323393.0	95587.8	667625.0	416184.0	136489.0	84925.3	138503.0	211719.0	618351.0	600322.0	589289.0
P02760	AMBP_HUMAN	AMBP	Protein AMBP	5521450.0	5853320.0	5059760.0	5637400.0	9137060.0	6436220.0	5255210.0	3925510.0	4909310.0	4654810.0	4388170.0	3871400.0	4581120.0	4459010.0	6005920.0	5549360.0	4730020.0	4943080.0	7483650.0	3883850.0	3091370.0	3829670.0	4171400.0	5419920.0	4528720.0	6094220.0	4723370.0	3492460.0	4668340.0	3770870.0	5159090.0	3838250.0	6332730.0	7614370.0	5444100.0	5164520.0	4335000.0	6070080.0	4040870.0	3486490.0	5336000.0	5093230.0	4109470.0	5107430.0	4786630.0	3795310.0	3376150.0	3555210.0
P02763	A1AG1_HUMAN	ORM1	Alpha-1-acid glycoprotein 1	1167870.0	850029.0	1050090.0	990744.0	1524760.0	1475300.0	2276150.0	2156170.0	1456550.0	4578470.0	10562600.0	4250060.0	9291810.0	7754350.0	2166600.0	3089600.0	3371460.0	2406230.0	4365980.0	2917630.0	8823760.0	8397190.0	2249790.0	2125330.0	3650440.0	959076.0	1193250.0	8390440.0	3805910.0	1502910.0	1906210.0	2092360.0	3480680.0	1688020.0	4355430.0	4489310.0	2524720.0	2080520.0	1836760.0	3793390.0	2402570.0	765692.0	1933120.0	759440.0	1274670.0	4923840.0	5164280.0	4988900.0
P02765	FETUA_HUMAN	AHSG	Alpha-2-HS-glycoprotein	6350610.0	7122910.0	7321570.0	6383530.0	7360210.0	8590310.0	6804940.0	10272800.0	7282900.0	9157200.0	4865960.0	7954490.0	8160690.0	6010170.0	10142700.0	9422360.0	8814490.0	7642050.0	5459040.0	4743210.0	5357280.0	6568950.0	6896950.0	7724030.0	6512930.0	2970240.0	3520730.0	5800910.0	3583690.0	7214350.0	3326270.0	7448290.0	5674940.0	2969150.0	5602080.0	5411750.0	6303890.0	6083230.0	4113850.0	3271070.0	5210820.0	9081440.0	5802860.0	8375600.0	8220980.0	3559580.0	5008310.0	4719620.0
P02766	TTHY_HUMAN	TTR	Transthyretin	712018.0	687406.0	655045.0	717768.0	594817.0	1541970.0	629419.0	1285170.0	883168.0	1212330.0	1451510.0	768952.0	3711490.0	1522690.0	1053740.0	1606270.0	1573580.0	1122630.0	887175.0	860231.0	1133560.0	1010560.0	1185380.0	859746.0	1201970.0	541364.0	434443.0	1156880.0	834031.0	676380.0	643964.0	879319.0	794317.0	534021.0	1141610.0	1101570.0	943279.0	873521.0	617613.0	859570.0	879888.0	854131.0	968129.0	835990.0	918030.0	1184140.0	1100720.0	1216790.0
P02768	ALBU_HUMAN	ALB	Albumin	7711520.0	7432170.0	8657160.0	7851120.0	4224010.0	8742310.0	5940280.0	12033800.0	8949490.0	14378700.0	14015400.0	8493210.0	19107800.0	14424000.0	7754250.0	12107800.0	9972120.0	6988370.0	7429580.0	5797910.0	14726900.0	11641900.0	6794740.0	6309780.0	13554800.0	4997440.0	4240100.0	19731300.0	5622600.0	6341330.0	5097200.0	8128470.0	16226900.0	6276020.0	11603400.0	11517500.0	5440070.0	9574970.0	4866640.0	9002920.0	10597400.0	5816650.0	7333240.0	5393860.0	6507860.0	10942200.0	11335100.0	10919000.0
P02774	VTDB_HUMAN	GC	Vitamin D-binding protein	1021730.0	1003480.0	1526900.0	1083360.0	2529320.0	1723870.0	1436270.0	3187680.0	1645300.0	3012420.0	2487160.0	1567150.0	2852320.0	2359110.0	1802640.0	3010870.0	1654580.0	1248840.0	1380080.0	1503570.0	3012130.0	4578490.0	2161800.0	1185670.0	1199980.0	397780.0	497138.0	3889560.0	2519270.0	627793.0	1341900.0	1244240.0	2491520.0	866813.0	2879260.0	2782740.0	1292580.0	1119910.0	718571.0	1870340.0	952819.0	854569.0	1059830.0	893556.0	1120890.0	1703840.0	1602070.0	1696960.0
P02775	CXCL7_HUMAN	PPBP	Platelet basic protein	332530.0	340354.0	374380.0	337911.0	180675.0	533010.0	253637.0	403311.0	505398.0	607850.0	416867.0	341159.0	526129.0	568556.0	387823.0	326941.0	237957.0	209715.0	302959.0			256133.0		19074.0	89242.6	220778.0	103208.0	572780.0	70211.1	233159.0	421619.0	16548.2	150513.0	45034.8	265866.0	293745.0	137797.0	158342.0	320097.0	345956.0	225818.0	150988.0	21143.7	162027.0	181910.0	326814.0	323629.0	332470.0
P02776	PLF4_HUMAN	PF4	Platelet factor 4	2136830.0	1942980.0	2021420.0	2011700.0	1045820.0	1644900.0	1411430.0	1807420.0	2166340.0	2715610.0	1541820.0	1864740.0	2482060.0	3174130.0	1842240.0	2549390.0	1464170.0	1402470.0	2804620.0	7118.18	25312.9	2002740.0		297476.0	633950.0	2292480.0	1679600.0	3099250.0	719803.0	2292590.0	4378420.0	109839.0	1005960.0	879877.0	1466440.0	1460870.0	1004150.0	3184080.0	5867460.0	1816620.0	2702990.0	1124690.0	89465.3	1480080.0	1380350.0	2014280.0	1888810.0	2168040.0
P02786	TFR1_HUMAN	TFRC	Transferrin receptor protein 1	46955.3	48802.7	15527.3	45381.7	78376.8	16074.5	13209.6	21189.7	16788.3	34734.0	30496.5	20256.5	40554.2	24347.9	17237.1	14357.2	39776.7	40901.8	42717.2	10753.2	30002.8	57678.4	7943.42	27824.6	30394.0	17669.1	34995.5	67387.4	15803.7	22495.5	25955.4	7372.01	11879.0	46840.6	28618.0	34671.0	14941.4	277283.0	55899.5	86478.5	310486.0	17358.6	9532.69	18018.7	21553.5	47532.0	49191.9	44700.3
P02787	TRFE_HUMAN	TF	Serotransferrin	2619840.0	2398800.0	4690880.0	2641390.0	4054350.0	5102530.0	3464560.0	7139120.0	5181250.0	8016940.0	6715320.0	4396920.0	9771810.0	6268930.0	6243640.0	5064780.0	4833940.0	4267140.0	5941420.0	1161170.0	5855500.0	5004990.0	747532.0	1997890.0	5810840.0	839516.0	259329.0	8171580.0	2024150.0	1122010.0	2756710.0	1266770.0	4624510.0	3092370.0	6373450.0	6396400.0	1603130.0	4222230.0	1400270.0	2390070.0	4426440.0	1346370.0	1213440.0	1413620.0	2203150.0	4463150.0	4673080.0	4576790.0
P02788	TRFL_HUMAN	LTF	Lactotransferrin	11923.9	11896.3	12190.8	11898.5	4959.58	5570.77	13754.8	8061.4	18429.9	428575.0	22745.3	5519.41	18137.5	18925.7		18205.9	8896.67	10589.3	33457.7	2865.58	10538.4	7375.22	3857.28	9648.58	29171.3	11931.4	5401.61		5859.24	17699.6	28836.8		7642.41	38705.8	8003.51	7503.96	12941.9	10890.4	23031.7	21121.2	13162.9	15732.7	8533.8	20467.5	20680.7	19625.1	20664.0	20072.1
P02790	HEMO_HUMAN	HPX	Hemopexin	3376580.0	3597620.0	5688960.0	3571400.0	4393840.0	5111750.0	5158000.0	5394320.0	5676310.0	8378800.0	7616150.0	6506080.0	8015170.0	6334040.0	5968600.0	7183120.0	5204120.0	5021900.0	7385560.0	8066730.0	7886590.0	10290900.0	7091990.0	5855320.0	5840600.0	2965050.0	1696760.0	11578700.0	8003670.0	2269910.0	5279840.0	7749580.0	10209800.0	2677530.0	10587300.0	11861200.0	6979530.0	6921840.0	5281300.0	3682780.0	6958010.0	3714380.0	7056690.0	4051250.0	4441130.0	5988540.0	6071890.0	6114750.0
P02792	FRIL_HUMAN	FTL	Ferritin light chain	13145.4	11850.5	22626.3	13834.4		27368.1	42733.5	17282.4	24615.3	34509.9	35694.1	42260.8	22653.1	63516.1	7523.77	22200.7	8573.92	11715.8	9629.07	81528.8	75711.1	35458.3	79588.1	24872.6	30883.1	21979.1	99512.1	25078.6	28278.3	36692.6	26680.9	20065.6	30305.2	54983.1	29400.2	20661.4	56704.6	5929.85	27765.5	71037.9	8262.67	30245.3	13197.8	28443.9	29917.5	17665.8	22817.8	23903.7
P02794	FRIH_HUMAN	FTH1	Ferritin heavy chain						930.192			1830.66										1801.12	5108.78			2500.87			1732.58	2627.14	2157.26	1850.43	1972.97	2494.89	1285.56	1972.86	4745.43			2003.09	1096.54		4093.03							2640.98	
P03950	ANGI_HUMAN	ANG	Angiogenin	28255.9	31445.6	44031.1	31697.1	66513.7	37918.0	60742.3	26845.0	38230.4	26734.8	49724.3	42631.7	48672.5	48773.0	61500.3	42951.7	30674.6	35730.5	30624.9	67428.9	24619.4	48602.8	62191.8	23311.2	33189.6	38089.4	27268.8	33636.1	36797.2	23410.4	66819.2	32757.5	31798.4	59020.0	51295.9	47675.8	62173.7	63053.8	22830.5	67514.7	65393.5	19355.2	27859.0	21781.7	22232.5	36651.0	42487.3	41122.2
P03951	FA11_HUMAN	F11	Coagulation factor XI	50478.0	54895.8	104412.0	64527.9	95415.9	115379.0	165210.0	133322.0	128842.0	93311.5	124678.0	149436.0	113957.0	72983.7	81287.1	123849.0	107976.0	123342.0	81963.4	71139.8	73332.6	97737.7	125169.0	114857.0	31299.5	29965.2	85601.1	92277.9	82847.5	42296.6	138303.0	91662.6	115127.0	45592.9	86165.0	78075.7	73804.2	104335.0	68180.0	101521.0	106614.0	76150.9	88558.7	78774.0	74396.9	69296.6	69619.1	68122.6
P03952	KLKB1_HUMAN	KLKB1	Plasma kallikrein	1399360.0	1456310.0	1469900.0	1416780.0	1171780.0	1533640.0	1838950.0	1581650.0	1467410.0	1336250.0	1394130.0	1326230.0	1384830.0	848420.0	859842.0	1626980.0	1671070.0	1769160.0	1055130.0	1290680.0	685230.0	857012.0	1408490.0	1381550.0	1070690.0	641392.0	1081850.0	1044020.0	986153.0	688884.0	952758.0	1439100.0	1076020.0	1129230.0	1055300.0	1061670.0	939284.0	1007560.0	547182.0	919917.0	938094.0	1127690.0	1103980.0	988650.0	981845.0	831155.0	868209.0	934511.0
P03956	MMP1_HUMAN	MMP1	Interstitial collagenase	18001.2	16015.6	4233.84	14972.0	18602.7	8345.45	4114.94	8339.33	2074.5	4105.3	1740.41	4033.66			5401.21	5886.73	10503.3	10761.9	6553.22			19996.0				5273.87	7306.84	11349.8	9387.36	3898.25	18148.9		3473.24	2645.61	7732.29	8188.88	2596.02	9221.46	13981.0	5810.88	7195.11	6195.31		8112.24	8915.77	5616.81	6600.65	7571.06
P04003	C4BPA_HUMAN	C4BPA	C4b-binding protein alpha chain	4049410.0	4158960.0	5209260.0	4431340.0	4855950.0	5146000.0	7459170.0	4625730.0	5146300.0	5815750.0	5856370.0	7164880.0	4045060.0	4536840.0	4820040.0	5622630.0	6703640.0	7486180.0	6951600.0	4628260.0	5137040.0	5122570.0	4287480.0	4496510.0	3272800.0	3481970.0	3379980.0	5853750.0	5157240.0	3876700.0	5780750.0	4932640.0	3274030.0	4409940.0	4790280.0	5233340.0	5798150.0	5211460.0	6005570.0	5829140.0	4629620.0	4408360.0	4517680.0	4541980.0	4357120.0	3613930.0	3511330.0	3597800.0
P04004	VTNC_HUMAN	VTN	Vitronectin	7976680.0	7922510.0	8141360.0	7862070.0	6136070.0	9216860.0	8452000.0	7245920.0	7340960.0	8848100.0	7346150.0	8204010.0	7990970.0	7168540.0	9088180.0	8775960.0	8626230.0	8610780.0	7738890.0	6978440.0	6574660.0	7719060.0	5353760.0	6942240.0	6713380.0	6510910.0	5211250.0	8300120.0	7049580.0	5120580.0	6844430.0	7680630.0	7310170.0	6890900.0	8829580.0	8746120.0	6629080.0	7262460.0	7333730.0	6077470.0	7150430.0	7429200.0	7744770.0	6944320.0	7135860.0	6678010.0	6546010.0	6705000.0
P04040	CATA_HUMAN	CAT	Catalase	15157.6	11011.7	20258.1	8794.58	17173.8	21146.5	30819.5	23493.5	17905.7	16816.1	50551.1	28216.3	28591.1	23081.0	11902.9	29098.4	22256.1	24082.9	37091.6	141198.0	29855.0	33898.2	24476.1	13029.9	19749.4	19677.3	32464.8	16288.0	33928.5	15705.6	65968.6	30094.1	26490.4	41524.3	26326.4	25214.6	65588.6	7855.75	25653.4	39721.7	13454.0	11636.9	41839.5	13043.4	10431.7	25215.2	24400.3	26413.9
P04062	GBA1_HUMAN	GBA1	Lysosomal acid glucosylceramidase	2626.74		4137.02	2798.08	2301.71	5614.82		3243.94	4765.68	4104.7	6327.43	3746.44		4978.77					3593.67	2931.42	2670.51	2731.15	2147.78	5584.84	5497.11	4868.16	2431.21		1999.56	4256.13						4304.22	3390.1	2426.05	4067.11			3146.22	3568.04	7115.85	4481.8		5969.73	
P04066	FUCO_HUMAN	FUCA1	Tissue alpha-L-fucosidase	23331.5	24127.4	41463.9	21887.4	22871.7	46695.3	56221.9	21062.9	34968.7	18935.3	23048.9	51472.3	21659.7	18512.2	69231.7	47922.6	23637.6	24700.0	27058.4	30041.9	21651.1	23703.4	56918.2	51156.6	69793.1	25876.8	70777.4	33294.9	27974.9	48947.4	22512.3	55422.8	19135.2	66898.5	91116.8	91870.5	28151.9	34600.5	45815.9	15767.5	43717.6	75834.1	61733.2	64565.0	69983.4	42088.9	42824.0	42869.9
P04070	PROC_HUMAN	PROC	Vitamin K-dependent protein C	1867180.0	2021360.0	1278780.0	2231470.0	1340500.0	1476120.0	792240.0	1094910.0	1077460.0	950852.0	1020250.0	922137.0	1132480.0	1141130.0	1343850.0	916352.0	1611610.0	1654400.0	799736.0	494121.0	608934.0	990998.0	596464.0	914658.0	694397.0	1266860.0	516709.0	735912.0	703739.0	646787.0	984222.0	661816.0	784850.0	441791.0	972869.0	1059760.0	706603.0	626613.0	647013.0	1081590.0	623507.0	837298.0	704212.0	925973.0	873942.0	757627.0	698101.0	749876.0
P04075	ALDOA_HUMAN	ALDOA	Fructose-bisphosphate aldolase A	47334.4	47556.0	20801.7	42312.4	36754.7	17796.2	18889.1	18991.5	15541.7	16078.3	15864.1	17921.8	44728.3	21505.8	10362.6	18878.5	8785.33	7983.1	24942.8	54995.7	12300.4	18152.4	18878.6	14948.1	18117.6	106643.0	78001.8	14933.6	22124.4	46921.4	33834.7	14144.1	31233.6	112417.0	42883.6	42721.7	56561.3	38998.1	47481.0	40797.3	44078.7	24010.3	16335.5	20383.2	17017.9	28654.6	28637.1	26006.4
P04080	CYTB_HUMAN	CSTB	Cystatin-B	10049.9	9528.03			21246.4				5937.11	7928.33			28836.1	18547.9				7664.67		11099.4	17937.5	15897.5	12856.8		12641.8		7125.16	6092.28		23570.1	9051.97		9765.34	54225.3			47154.7	20052.0	11222.8	25102.3	27119.9			19377.9	14227.3	20955.3	20433.5	22708.4
P04083	ANXA1_HUMAN	ANXA1	Annexin A1	6748.59	5791.66	9628.07	9271.5	3712.09	6465.68	5878.13		8072.58	12756.7	8311.35		7106.1	10558.9	8216.48	7742.05		3200.05	6871.78	3401.2	3231.88		2387.41	7536.9	11345.6	2280.05	5756.88		2124.33	9070.43	12301.8	3769.61	2485.44	33697.3		6367.35		2806.09	7481.08	4558.79	4270.0	5439.96	4163.54	5997.42	6363.12	6564.01	6127.43	6160.02
P04114	APOB_HUMAN	APOB	Apolipoprotein B-100	6269410.0	6565820.0	9233080.0	6229310.0	5910370.0	7051490.0	8783720.0	7962080.0	8297580.0	9854550.0	9211050.0	9425910.0	7696490.0	6856150.0	8816420.0	6573750.0	9299490.0	9871120.0	6088500.0	5064900.0	7148170.0	10581200.0	6967110.0	5285850.0	11813100.0	6401890.0	3790840.0	9386480.0	8853380.0	6264300.0	7054970.0	6466810.0	7302790.0	3905640.0	7459440.0	7256010.0	7394230.0	5880320.0	5310180.0	6018900.0	5869120.0	6824840.0	6413330.0	6308910.0	6866470.0	6820600.0	6858620.0	6869680.0
P04179	SODM_HUMAN	SOD2	Superoxide dismutase [Mn], mitochondrial																										10791.2																						
P04180	LCAT_HUMAN	LCAT	Phosphatidylcholine-sterol acyltransferase	870120.0	898363.0	728889.0	960740.0	518854.0	951141.0	496970.0	439130.0	642779.0	468241.0	344386.0	417593.0	423818.0	299080.0	410370.0	585351.0	637683.0	802156.0	578198.0	437970.0	271622.0	273927.0	508849.0	703408.0	318246.0	297836.0	396282.0	301573.0	521913.0	241391.0	329907.0	523521.0	203976.0	557228.0	567040.0	530383.0	334237.0	442686.0	260112.0	446768.0	398844.0	331489.0	518554.0	353606.0	302419.0	325204.0	343537.0	329377.0
P04196	HRG_HUMAN	HRG	Histidine-rich glycoprotein	402682.0	336875.0	658338.0	451558.0	408106.0	389039.0	317163.0	454522.0	774135.0	510278.0	753188.0	467156.0	1433050.0	716170.0	493477.0	408635.0	576659.0	567948.0	307902.0	325694.0	932286.0	523389.0	424230.0	665199.0	375180.0	190485.0	393674.0	628346.0	223516.0	753444.0	143594.0	316294.0	242213.0	464666.0	380553.0	329356.0	514837.0	388329.0	366155.0	293494.0	430223.0	427075.0	278475.0	538661.0	528475.0	446029.0	440325.0	453489.0
P04217	A1BG_HUMAN	A1BG	Alpha-1B-glycoprotein	4400810.0	4720520.0	4323290.0	4772790.0	3854420.0	4427990.0	4046900.0	3881550.0	4475230.0	4045940.0	4533930.0	4149090.0	4399020.0	3712790.0	6009110.0	4749540.0	5092860.0	5235930.0	3658360.0	3218910.0	4872930.0	5415260.0	2211610.0	3828750.0	3465110.0	4255710.0	3985480.0	3901120.0	4343660.0	3500360.0	3327450.0	4014340.0	4656660.0	4346590.0	4456680.0	4427480.0	2935620.0	4167400.0	4122800.0	3287920.0	3757250.0	4122450.0	3997530.0	3572710.0	3557600.0	3322170.0	3190830.0	3233070.0
P04259	K2C6B_HUMAN	KRT6B	Keratin, type II cytoskeletal 6B	16907.5	12611.3	17815.0	20631.7	20791.5	9488.9	32994.1	120224.0	24259.7	85364.4	70175.2	22550.4	20662.8	47391.1	11717.5	39513.6	19729.2	27183.9	22420.3	17136.4			9501.98	42972.0	14874.1	41975.3	8514.33	23546.4	34619.1	25321.3	36228.9	11562.2	52360.7	28821.8	28126.9	21015.2	37835.6	12859.5	21796.7	38665.1	28105.9	24663.2	25568.0	6090.09	32335.7	15373.0	13501.1	16002.2
P04264	K2C1_HUMAN	KRT1	Keratin, type II cytoskeletal 1	4351130.0	2160980.0	4348020.0	1843190.0	2046250.0	1429760.0	2236960.0	2885070.0	3883760.0	3096570.0	4556860.0	1292740.0	3472690.0	3537930.0	1654930.0	3922320.0	2609050.0	2730060.0	3711820.0	2943870.0	2085640.0	2484580.0	1125850.0	3030460.0	3643770.0	1866110.0	1453560.0	2577870.0	1860960.0	3483330.0	3322900.0	2301600.0	3043590.0	1797800.0	1996720.0	2216810.0	4641890.0	1803310.0	3682380.0	3459830.0	3399270.0	3155650.0	5708040.0	3168560.0	2892340.0	3445110.0	3434830.0	3424560.0
P04275	VWF_HUMAN	VWF	von Willebrand factor	211049.0	212480.0	367622.0	224828.0	69515.6	304587.0	243366.0	161088.0	360728.0	262859.0	291312.0	222588.0	288325.0	844890.0	243669.0	323826.0	55785.3	58327.9	942924.0	410348.0	526645.0	195655.0	456248.0	859648.0	936501.0	633547.0	1156640.0	477870.0	530622.0	1076700.0	995426.0	861968.0	651584.0	268202.0	253376.0	252166.0	878557.0	644268.0	741234.0	680385.0	579007.0	532211.0	631152.0	540674.0	537759.0	546997.0	542140.0	540083.0
P04278	SHBG_HUMAN	SHBG	Sex hormone-binding globulin	687937.0	721280.0	857914.0	620298.0	392310.0	355642.0	80577.7	222371.0	697724.0	90960.1	68795.2	79841.7	32373.7	308717.0	245541.0	115071.0	97070.3	114338.0	82077.7	181632.0	204657.0	43466.6	184367.0	774013.0	166197.0	358541.0	197365.0	196598.0	165670.0	137039.0	48459.4	531273.0	131513.0	252022.0	162387.0	180809.0	106094.0	169139.0	225993.0	127029.0	170004.0	221005.0	457320.0	180264.0	178143.0	178443.0	179743.0	178845.0
P04406	G3P_HUMAN	GAPDH	Glyceraldehyde-3-phosphate dehydrogenase	216490.0	230660.0	64858.3	215594.0	85123.0	103816.0	75775.3	94927.9	61189.3	87687.7	95162.4	66409.2	48044.3	78445.7	58304.7	83157.2	65701.3	62133.8	106959.0	75295.5	25122.4	46266.8	20959.9	59825.0	87230.4	124121.0	130060.0	36119.9	37057.6	161882.0	115397.0	54183.7	88469.0	296549.0	58196.1	60644.8	188428.0	45719.6	133586.0	81508.4	52477.2	69095.6	72754.9	84017.6	84508.5	99846.7	86066.9	93065.3
P04424	ARLY_HUMAN	ASL	Argininosuccinate lyase	13473.0	13838.0		9619.14	21607.3	16149.7	31933.2	20469.5	13734.6	11004.9	14295.6	30091.1	40165.0	25972.0	16313.7	28507.8	25219.4	23608.2	43919.7	176349.0		45537.1	25976.5	9178.44	60243.6	39573.8	15246.8	39531.0	35280.6	48617.3	26620.1	40328.2	15848.4	67772.0	59707.7	70961.6	15391.1		22357.4	42606.5		48665.0	33852.8	51045.3	55389.6	33717.0	36086.5	37620.9
P04430	KV116_HUMAN	IGKV1-16	Immunoglobulin kappa variable 1-16	128605.0	131492.0	447585.0	106988.0	310715.0	189861.0	99119.4	277069.0	352329.0	103675.0	91544.2	77865.5	349304.0	359550.0	314557.0	179046.0	180136.0	250263.0	223827.0	69470.3	185147.0	351000.0	203524.0	474941.0	273831.0	298405.0	177178.0	358526.0	194902.0	231392.0	121010.0	231323.0	134931.0	498408.0	102042.0	95735.6	455120.0	129192.0	291742.0	161335.0	157740.0	302412.0	196970.0	227885.0	237605.0	171164.0	180535.0	166346.0
P04439	HLAA_HUMAN	HLA-A	HLA class I histocompatibility antigen, A alpha chain	49717.2	48017.4	56668.9	47559.8	59417.6	30554.5	10943.0	105770.0	50759.4	15592.4	75070.0	9875.69	41668.4	18600.5	30828.0	17104.2	8494.57		35329.6	102902.0	17592.7	19890.0	25244.9	29569.1	152449.0	67611.2	84668.6	97307.7		90168.9	19573.1	10417.5	9310.1	12837.2	44561.2	52765.8	78956.4	80779.6	16073.9	54640.1	88917.0	25151.0	8992.04	27401.9	30748.2	23073.4	21637.8	26657.0
P04632	CPNS1_HUMAN	CAPNS1	Calpain small subunit 1	25863.6	27362.4	9761.17	30690.3	20749.2	15733.7	17619.2	14230.0	8422.69	22008.4	14963.1	17021.5	12082.1	21670.1	19952.1	12028.1	13857.3	12701.7	23525.2	31206.9			17838.5	14758.9	7634.01	17694.1	26963.2	15649.0	18429.3	16821.3	25955.0	17311.4	18243.8	43743.3	18926.7	16781.2	18631.8	17472.0	40141.1	44063.0	13181.8	18426.9	15708.1	16036.4	17741.4	13982.6	18721.3	14476.5
P04746	AMYP_HUMAN	AMY2A	Pancreatic alpha-amylase			2710.45							2898.24			3341.4	1775.76			2192.0	2354.23	4605.06	1426.74	2831.07	4222.85	2453.66		2628.64			1722.18							1947.37					2306.37					1838.03	4516.15	6368.0	5830.55
P04792	HSPB1_HUMAN	HSPB1	Heat shock protein beta-1	25761.8	28119.1	17596.8	34106.1	22809.9	22171.6	21762.0	21941.1	24538.1	26044.4	33368.4	17263.8	9447.88	19256.5	11710.8	21274.0	20463.5	19606.3	24276.9	11412.0	8362.95	15468.3		7775.9	13601.3	12525.8	8916.86	9678.32		13948.6	12247.4	8490.73	12461.3	11949.3	12673.4	13544.1	20383.7	9837.04		24454.0	12257.2	15976.1	12611.0	20824.3	18429.3	16614.4	17135.7	15730.9
P04839	CY24B_HUMAN	CYBB	Cytochrome b-245 heavy chain	1804.66		1327.25	2425.74																				2866.44						4167.36				3676.07					2021.5			743.203		2279.46		1202.29		1627.42
P04899	GNAI2_HUMAN	GNAI2	Guanine nucleotide-binding protein G(i) subunit alpha-2	27237.2	20418.6	19308.9	18267.8	11724.4	28293.5	8174.46	22466.1	21144.0	22123.2	17430.0	15461.4	16832.4	24108.8	11034.6			10728.8	29498.7			41004.1		32770.1	45402.9	22326.2	17830.2	12968.4		31453.4	31070.3			49753.5			19536.6	9827.18	26089.3	9438.25		21651.7		29652.0	23307.5	17245.8	17012.7	18040.8
P05019	IGF1_HUMAN	IGF1	Insulin-like growth factor 1	39816.9	51927.7	25138.6	58834.5	70765.7	53053.3	21364.1	61389.3	27321.2	47591.7	104697.0	34167.0	135371.0	40139.5	49750.9	44488.8	48116.5	40635.8	38679.1	39349.6	44590.3	41147.4	20350.6	27650.3	43855.2	16057.3	12974.6	47832.3	27858.5	26771.8	25073.0	27615.3	18233.3		10982.4	13403.1	56682.2	54086.1	69701.0	12565.6	59107.0	39901.3	22549.5	64900.7	55529.5	44586.5	46968.2	42823.6
P05060	SCG1_HUMAN	CHGB	Secretogranin-1	23166.8	18554.5	23270.8	21769.9	86319.7	8373.94	21465.8	9779.78	18604.1	8682.88	22468.6	11370.4	25929.9	12880.4	40036.4	21618.8	5808.85	15000.8	15265.4	37649.3	37531.4	96280.8	45247.8	33734.6	18147.0	25414.9	35693.2	23545.4	21212.1	28895.3	116674.0	8551.89	42245.7	136216.0	29050.1	33685.9	76666.4	99444.1	31577.8	32565.6	101394.0	19026.7	10733.4	28972.7	15710.4	64639.1	67849.7	50903.7
P05062	ALDOB_HUMAN	ALDOB	Fructose-bisphosphate aldolase B	38994.7	37283.0	63482.6	45923.5	61675.2	66634.7	215162.0	37355.1	73751.6	60789.5	112589.0	207074.0	124049.0	125361.0	51248.5	69867.6	197911.0	221304.0	215385.0	896753.0	46208.5	280838.0	76259.8	17708.5	339860.0	229509.0	145687.0	154038.0	187056.0	218631.0	135556.0	82134.8	65449.0	451141.0	171731.0	148157.0	32673.7	24521.1	93660.4	326856.0	18339.0	336329.0	72145.3	343246.0	337560.0	158033.0	185487.0	175813.0
P05067	A4_HUMAN	APP	Amyloid-beta precursor protein	666206.0	626708.0	697264.0	708992.0	378481.0	630957.0	385758.0	561895.0	584965.0	572598.0	389603.0	473540.0	397911.0	525329.0	549954.0	417003.0	346192.0	356550.0	539194.0	14177.2	27313.8	420043.0	41499.6	76932.5	144176.0	498034.0	186023.0	851039.0	158405.0	322373.0	821262.0	34001.2	234084.0	64457.0	384429.0	469435.0	231040.0	374002.0	981773.0	362971.0	373695.0	330194.0	40700.4	373329.0	336014.0	343185.0	363296.0	345276.0
P05089	ARGI1_HUMAN	ARG1	Arginase-1	35169.7	18157.6	41305.9	10490.0	10057.4	11525.3	19457.8	25408.7	40121.4	17083.8	65699.0	16334.0	28528.8	26687.2	14046.5	42577.3	23823.9	26695.2	37475.5	27181.2	17417.8	13777.9	13101.3	25278.1	36045.9	12618.2	13591.0	26166.7	18298.1	29613.2	35839.4	19302.5	19382.3	20651.6	25490.6	19090.2	31279.5	10391.3	26617.2	31297.6	28033.8	24021.6	49570.7	29524.7	26539.2	33079.9	32857.5	32130.3
P05090	APOD_HUMAN	APOD	Apolipoprotein D	896010.0	961060.0	1050620.0	966530.0	999634.0	562950.0	1932920.0	1073560.0	1000850.0	924733.0	498106.0	1511590.0	492160.0	732054.0	688869.0	656072.0	726966.0	793681.0	957882.0	1291310.0	1597190.0	388454.0	1343180.0	1183730.0	848285.0	759661.0	1271920.0	1078910.0	1253670.0	1877330.0	848860.0	962506.0	675852.0	954858.0	998374.0	963759.0	832845.0	947756.0	1048950.0	1124590.0	904761.0	1194240.0	922868.0	1046950.0	1208870.0	657780.0	1014740.0	794150.0
P05106	ITB3_HUMAN	ITGB3	Integrin beta-3	31497.5	29548.8	22394.3	30122.3	29832.4	47635.3	9978.79	46475.0	23824.5		11111.6	13454.9	19229.9	35261.1	9006.29	8773.65	8128.99	6422.93	43398.5			6400.03		15322.0	11021.1	64044.2	5298.78	16579.9	1969.57	36103.5	11232.8			7045.02		2318.75	23077.3	6421.03	21652.8	6747.44	8307.86	28069.5		31497.5	29151.5	13712.6	13135.1	12415.3
P05107	ITB2_HUMAN	ITGB2	Integrin beta-2	2907.19	7058.05		5392.94		3837.54		5019.71	5838.22	12279.5		6456.19		7322.9	12198.2	2385.8		3206.95	7928.29			7424.62		12443.4	18499.4	4453.58	13161.6	4882.18		7893.87	10287.8			16602.0		2832.18		6027.11	5224.45	1924.94	7443.35	3374.64		5852.42	8279.34	8529.81	8710.92	8056.63
P05109	S10A8_HUMAN	S100A8	Protein S100-A8	95785.6	77975.7	169592.0	118017.0	41042.8	107975.0	164129.0	110679.0	125793.0	502136.0	835483.0	156623.0	2339180.0	847083.0	85089.1	155713.0	98726.3	78980.2	441023.0	149345.0	88838.9	582884.0	21039.7	128170.0	255808.0	97657.1	78840.0	376601.0	111843.0	142610.0	899751.0	38262.3	70253.1	325189.0	100349.0	90941.6	208648.0	190327.0	292008.0	269892.0	205378.0	89972.8	60298.1	97086.7	167433.0	275484.0	288052.0	280209.0
P05121	PAI1_HUMAN	SERPINE1	Plasminogen activator inhibitor 1	6937.79	9119.84	8806.11	7702.02	5315.92	10014.7	10658.0	8114.53	10748.0	11539.4	8579.83	8927.21	14248.1	16639.2	10296.0	6799.82	6768.04	4941.66	16482.5	5360.59		12659.3	13889.9		4813.99	10419.7	22910.1	20767.1	8519.03	20356.7	20133.4		7490.75		10219.3	10184.0	7220.73	5110.29	21780.5	11285.2	7877.29	9708.32		11539.6	9755.8	6704.18	7133.75	7990.87
P05141	ADT2_HUMAN	SLC25A5	ADP/ATP translocase 2	28449.4	50692.4	23397.7	24659.6	11822.8	17521.9	14582.6	13695.9	18697.8	11253.8	11848.6	7167.26		7854.03	5199.23	6076.91	2937.38		10618.8	2914.67				7072.12	4798.2	8779.47		11628.9	3030.26	11648.3	5584.26	7625.98		4489.62		3361.47	10285.3		7867.32	3694.12	5710.12	9229.59		9301.39	8936.56	6816.74		4168.98
P05154	IPSP_HUMAN	SERPINA5	Plasma serine protease inhibitor	161426.0	180542.0	170541.0	189265.0	122892.0	137653.0	139032.0	125559.0	132372.0	124462.0	87212.7	129157.0	283801.0	164657.0	135346.0	126696.0	50402.9	51521.7	47484.5	107701.0	57100.2	152051.0	154944.0	84330.7	144258.0	30614.7	103927.0	122802.0	108867.0	76935.6	83418.6	75586.0	54294.7	88112.5	58033.0	53942.7	67558.9	126617.0	49856.1	132380.0	126418.0	132296.0	75376.0	121155.0	113619.0	81637.0	89800.0	83133.7
P05155	IC1_HUMAN	SERPING1	Plasma protease C1 inhibitor	6802880.0	7086780.0	5847160.0	7134880.0	5732660.0	6317770.0	6029150.0	6136710.0	5754410.0	7090710.0	5380030.0	6173070.0	5841980.0	5907180.0	6351880.0	6433540.0	6446770.0	5846900.0	5735880.0	7161910.0	6065710.0	7228200.0	6821060.0	5832190.0	5888450.0	5943720.0	6977360.0	6782630.0	7341380.0	6596550.0	6750530.0	6943840.0	6971050.0	7058690.0	7155980.0	6913160.0	6794070.0	6655060.0	6738640.0	7521260.0	6913170.0	5733770.0	6477230.0	5656480.0	5860220.0	5847080.0	5987790.0	5952310.0
P05156	CFAI_HUMAN	CFI	Complement factor I	1674460.0	1568030.0	1722290.0	1673530.0	2023370.0	1517160.0	2333770.0	2434400.0	1857850.0	3707940.0	2255680.0	2299510.0	2397750.0	2466020.0	2796280.0	2709050.0	2355040.0	2607640.0	2563610.0	2420170.0	3281230.0	3395290.0	2249060.0	1926080.0	1463300.0	1587510.0	1717130.0	3753740.0	2768290.0	960180.0	2703480.0	3009320.0	3272660.0	3089470.0	3840560.0	3712090.0	1815720.0	1975260.0	1348610.0	1414060.0	1962900.0	1906580.0	2647320.0	1902200.0	1837180.0	1940720.0	1899590.0	1960150.0
P05160	F13B_HUMAN	F13B	Coagulation factor XIII B chain	164371.0	170182.0	237683.0	185096.0	267571.0	220670.0	312390.0	377531.0	240614.0	318770.0	320728.0	281448.0	368318.0	218664.0	246173.0	328973.0	165797.0	164990.0	209913.0	176773.0	221520.0	270718.0	436663.0	237358.0	176735.0	75721.7	115755.0	310495.0	175186.0	86045.6	177044.0	222418.0	174494.0	229294.0	272133.0	277140.0	181123.0	183807.0	87207.7	167915.0	179009.0	182735.0	191659.0	194241.0	194674.0	173300.0	157142.0	173737.0
P05164	PERM_HUMAN	MPO	Myeloperoxidase	41132.7	39546.1	21876.6	47612.0	11170.5	26388.1	20244.7	28082.5	21749.9	78693.7	39473.3	24460.9	43028.5	36954.1	22316.4	19915.3	13300.6	13909.1	126970.0	10835.9		22899.9		128816.0	58001.2	75826.1	31693.8	30625.7	11481.9	101531.0	181098.0		12106.8	1194390.0	16674.6	15056.5	53239.2	30429.5	253658.0	51555.8	27408.8	46789.6	7115.12	52451.8	45419.8	62924.0	60753.5	62403.6
P05165	PCCA_HUMAN	PCCA	Propionyl-CoA carboxylase alpha chain, mitochondrial																	1565.44			16629.4		12862.2			2178.77	2068.71	1552.91		2787.08	2158.22				7364.5								2967.49		3928.6	3676.96	1635.24	4447.36	995.341
P05166	PCCB_HUMAN	PCCB	Propionyl-CoA carboxylase beta chain, mitochondrial																				25522.8		10658.6							6404.21					15434.9								5493.82		5879.91	3086.37			3080.98
P05186	PPBT_HUMAN	ALPL	Alkaline phosphatase, tissue-nonspecific isozyme	1852.02	1695.07	3773.45		1347.31	2205.73	5380.01				5907.09	6860.95	5136.13		8029.55	2315.76	2923.93	2810.44	5106.59	4743.14	6390.72	19427.1		4163.43	3953.27	7176.42	4828.35	7960.68	12146.9	13864.3	4473.9	3805.98	3165.87	19102.9	7787.58	10397.3	7923.59	4392.93	14002.2	2922.95	2800.94	10572.7	1740.01	6925.2	7086.9	7243.66	5525.37	5503.34
P05362	ICAM1_HUMAN	ICAM1	Intercellular adhesion molecule 1	9651.7	9268.93	11029.3	7715.75	6790.23	7930.66	17412.7	8747.97	10676.2	14532.1	15355.5	20243.6	16176.8	15152.2	28724.9	13152.6	10356.0	6397.07	15585.2	29828.0	32362.4	80612.5	5818.4	8227.59	107839.0	9962.71	19788.1	28940.0	30030.9	35039.9	16334.0	9270.45	13271.4	27375.4	18359.6	18500.4	12557.5	18821.6	36086.0	13136.6	18702.8	33058.7	8967.49	30790.6	38287.9	26435.6	25716.9	27225.4
P05387	RLA2_HUMAN	RPLP2	Large ribosomal subunit protein P2	53792.8	51779.8	35512.0	44567.0	57428.2	55389.9	34194.8	32279.1	29386.7	52775.5	68466.5	43110.1	24400.3	60701.0	29837.1	13654.3	32383.8	28509.2	47276.6	42886.9	11470.6	25811.3	45801.6	33098.4	55615.5	42024.3	72262.5	25057.6	43813.5	73255.4	110114.0	10093.4	39895.4	210963.0	51940.3	60983.7	78094.1	35891.9	171122.0	67332.3	37384.4	37223.1	11828.8	42418.4	35710.5	69319.7	61252.6	69429.5
P05388	RLA0_HUMAN	RPLP0	Large ribosomal subunit protein uL10	16320.8	19778.5	9842.51	15101.5	13685.4	10450.4	7808.21	7546.38	6365.57	7741.71	8820.79	9526.76	4457.41	6840.61	8895.16	4420.59	7085.09	6912.22	13474.3	9758.17	1835.14	6522.13	8725.71	9728.82	8703.84	12819.6	28020.2	8528.69	9230.17	21457.2	37156.2	4283.58	9174.21	51035.5	10837.0	11999.2	18506.9	9303.56	25461.8	15012.7	8165.77	12210.3	4045.59	13520.3	11878.5	17251.6	15846.4	16143.0
P05413	FABPH_HUMAN	FABP3	Fatty acid-binding protein, heart																																								9131.18								
P05451	REG1A_HUMAN	REG1A	Lithostathine-1-alpha	12682.9	15508.7	28514.6	14067.5	119241.0	33643.3	19972.6	11907.8	34624.2	11900.2	77531.6	15886.6	28750.2	15030.5	44617.5		104009.0	95238.2	79571.6	20871.0	27129.0	45008.9	78359.9	17163.1	93764.9	9474.67	37757.5	25296.9	42802.1	350020.0	242656.0	33607.3	25063.2	201716.0	24811.7	20160.1	190852.0	80388.1	37726.7	49924.3	84571.6	22347.2	27217.8	31690.9	25416.3	65839.7	68407.5	67146.7
P05452	TETN_HUMAN	CLEC3B	Tetranectin	240962.0	244197.0	95966.8	225267.0	115733.0	113392.0	155606.0	161297.0	132971.0	181799.0	174346.0	152889.0	252028.0	120530.0	127713.0	151594.0	76458.8	77413.2	81874.9	95332.0	196444.0	107405.0	230591.0	70224.4	86619.7	63602.0	31706.9	160422.0	83154.8	69464.2	121787.0	166723.0	118455.0	58995.2	150633.0	157248.0	175979.0	111445.0	73952.5	103409.0	126537.0	114514.0	172865.0	108505.0	114793.0	105349.0	102095.0	103052.0
P05543	THBG_HUMAN	SERPINA7	Thyroxine-binding globulin	449563.0	510166.0	601770.0	472168.0	373398.0	552370.0	414491.0	509644.0	612760.0	546450.0	408920.0	396839.0	475916.0	418373.0	514655.0	557076.0	451505.0	465264.0	452807.0	410822.0	698148.0	373664.0	329543.0	376514.0	600429.0	253434.0	316054.0	645643.0	418944.0	296046.0	290008.0	657160.0	383810.0	428728.0	535442.0	590776.0	426169.0	362645.0	374620.0	453403.0	334145.0	634030.0	565974.0	649328.0	688617.0	452265.0	449715.0	452252.0
P05546	HEP2_HUMAN	SERPIND1	Heparin cofactor 2	4396650.0	4605800.0	4370220.0	4329740.0	2924460.0	5528850.0	3092030.0	4687880.0	4001580.0	5062670.0	3352620.0	2919080.0	5481140.0	4867420.0	3864800.0	5096510.0	4092510.0	3977530.0	3072760.0	2585080.0	3510300.0	3789310.0	3485180.0	4942840.0	2830160.0	2940510.0	1917110.0	3360540.0	3263170.0	2538580.0	2994460.0	4339470.0	4153350.0	2158460.0	3987580.0	4134320.0	3400390.0	3744100.0	2973700.0	3273060.0	3529300.0	4332180.0	3895360.0	3763570.0	4020840.0	2700090.0	2846990.0	2891450.0
P05556	ITB1_HUMAN	ITGB1	Integrin beta-1	8178.4	10047.4	8257.57	6090.78	11596.0	9949.26	6515.8	7624.61	8739.42			7997.03	6040.13			4761.55		3571.03	10023.2				3383.25	5195.67	4779.02	5057.36	4918.22	3772.3		10301.1		4470.04		5082.72			4130.32	5108.56	5012.88	4179.52	5625.85	4253.39	1248.14	5755.2	7345.89			5356.34
P05787	K2C8_HUMAN	KRT8	Keratin, type II cytoskeletal 8	25568.3	24332.5	27084.6	27355.8	17606.2	23918.6	24328.3	19049.4	21308.3	29366.1	24901.1	6934.97	4605.78	4711.66			4816.52	3093.85	3890.96	5932.77		4491.76	4767.62	4050.32	5567.61	3135.59	2392.19	4717.25	3619.15	5229.16	4274.78	4176.22	4422.0	2719.0		3720.2		5306.36	7910.57	3179.57	2802.14	7325.82	3606.36	7348.4	7454.92	3234.97	4856.93	5249.32
P05976	MYL1_HUMAN	MYL1	Myosin light chain 1/3, skeletal muscle isoform					13087.5			4036.94												14795.8						3436.33			3065.22	2985.25	18574.2			11950.2	8235.81	7314.92	8434.08			42004.8						6881.74	9674.99	9846.5
P05981	HEPS_HUMAN	HPN	Serine protease hepsin			2672.78												6040.48			3549.11	4562.47	9678.17					4621.71	10668.9	5905.69						2636.69		6171.52								9701.49	2980.36				
P06276	CHLE_HUMAN	BCHE	Cholinesterase	139984.0	140753.0	228020.0	172220.0	154836.0	328429.0	259821.0	360622.0	245855.0	379527.0	269811.0	289177.0	453298.0	309298.0	187310.0	358890.0	301078.0	284359.0	146821.0	128841.0	141447.0	74614.5	320211.0	166374.0	237521.0	41654.2	76512.3	188379.0	65075.4	54148.5	108720.0	193562.0	127982.0	99107.5	113252.0	106477.0	126883.0	53308.9	27632.7	121066.0	56693.8	94385.8	179204.0	96970.8	107968.0	112394.0	108427.0	122874.0
P06280	AGAL_HUMAN	GLA	Alpha-galactosidase A		2770.61	2685.37		3049.74															3695.1			5472.21		3659.48	3704.81			3226.88	3956.06	7564.56			5436.31	5598.6	5295.54		2260.12		3422.0		2821.46		2789.18	3964.29	4890.69		
P06310	KV230_HUMAN	IGKV2-30	Immunoglobulin kappa variable 2-30	9494.58	6362.65	29852.3	6548.08	17932.7	7892.03	13599.9		11446.3	5120.93		11171.3	28617.0	17781.9			17759.8	6653.05	6403.86	11788.1	7410.47		7939.7		4880.6		3075.86	8069.73	6553.68	27426.7	6557.65	34845.2	8852.29	4823.8	18502.5	8980.35			15272.1	53891.5		13355.7	35880.8	3084.93	2791.52	6689.16	8440.57	12242.8
P06312	KV401_HUMAN	IGKV4-1	Immunoglobulin kappa variable 4-1	1256400.0	1202050.0	3093440.0	1314340.0	3395310.0	4272350.0	4056980.0	4218850.0	3313660.0	3002890.0	3654850.0	4604180.0	7399000.0	3578500.0	7370620.0	2580880.0	2527080.0	2443690.0	2753160.0	3130820.0	3441760.0	5669800.0	3876060.0	2895360.0	4756370.0	2138280.0	2646130.0	6497770.0	3009800.0	4627070.0	2724880.0	2819960.0	3236910.0	3393660.0	2163720.0	2178060.0	4534560.0	2975680.0	4378430.0	2978630.0	2997950.0	3196220.0	2780660.0	3109110.0	3549740.0	3208210.0	3063570.0	3216680.0
P06315	KV502_HUMAN	IGKV5-2	Immunoglobulin kappa variable 5-2			10884.5	5709.54		13898.9			13269.8				4130.56		9259.93	2262.35	7487.06	5928.04		2891.44				9228.39						7399.19			3794.06				12696.8	7291.86	14500.1		7204.21	4885.59		7026.17	7992.73	4099.35		6060.02
P06331	HV434_HUMAN	IGHV4-34	Immunoglobulin heavy variable 4-34	41121.3	32822.9	23328.7	38838.1	40830.5	14499.2	28735.3	16614.5	28768.1	17957.4	40139.7	32606.3	128742.0	84556.1	307911.0	55567.9	25579.4	33117.4	26913.7	17572.8	9075.27	1381200.0	29548.0	42870.5	24358.4	344714.0	49213.9	141305.0	635381.0	57049.9	15381.2	27117.2		51357.8		23689.5	87907.3	201866.0	732256.0	25008.9	226666.0	28229.7	35614.9	19052.3	19521.4	72615.2	69335.0	67167.7
P06396	GELS_HUMAN	GSN	Gelsolin	4437200.0	4911630.0	3916360.0	4895410.0	4867630.0	4271550.0	3922830.0	4210970.0	3747210.0	3048100.0	3065920.0	3757320.0	3409350.0	3122120.0	3431990.0	4943260.0	4378430.0	4418660.0	2626040.0	4104250.0	4522850.0	2356980.0	7382280.0	4128060.0	2117460.0	2385640.0	4026340.0	2541630.0	4070860.0	3509130.0	3999170.0	4836960.0	2697920.0	2219300.0	2463480.0	2605130.0	2818740.0	3862970.0	2913370.0	3441890.0	3653950.0	4315790.0	4674190.0	4110910.0	4111800.0	3005820.0	2926610.0	3012870.0
P06454	PTMA_HUMAN	PTMA	Prothymosin alpha	40507.4	42381.3	23913.4	35661.4	54063.8	21600.0	8050.63	30322.8	17457.6		10720.0	5004.46			11718.1	10481.5	7589.38	2560.78	16326.7	6672.58		11252.1	7898.74	21492.0	23689.0	23438.6	39173.2	5951.39	12455.6	41165.4	93266.0		28986.5	531530.0	20252.3	10293.8	49502.7	38957.3	85111.7	20614.7	45174.0	17045.9		16436.0	21021.8	68592.2	42879.1	46462.8
P06576	ATPB_HUMAN	ATP5F1B	ATP synthase subunit beta, mitochondrial	11048.9	12246.3	9032.84	10590.7	10518.2	13244.4	9260.49	17751.6	18613.8	12388.0	15222.0	15001.6		15028.6	14424.0	14951.1	8263.83	7227.77	15917.9	16737.3	11641.4	10143.7	7764.28	10671.5	13436.0	11810.0	7210.44	14000.1	7327.35	15679.6	7635.32	4466.99	9354.31	12969.9	7035.42	7191.88	11168.3	7313.16	6418.39	6415.94	8584.87	10712.5	7704.07	14898.2	18029.3	14549.2	9710.89	13843.8
P06681	CO2_HUMAN	C2	Complement C2	2593140.0	2826310.0	2911480.0	2847490.0	2361430.0	3089230.0	3176970.0	2454810.0	2984370.0	3155840.0	4157790.0	3160970.0	2834610.0	2721010.0	2284500.0	2844000.0	3316840.0	3289440.0	3439580.0	3528840.0	5088550.0	4149190.0	3443040.0	2023990.0	3152740.0	2804860.0	3478680.0	3857320.0	4766950.0	2919990.0	1654030.0	3571090.0	1727680.0	3780540.0	4338840.0	4379020.0	3278760.0	4081860.0	3510540.0	2367330.0	4111880.0	2793960.0	3466320.0	2619480.0	2716380.0	2740270.0	2856160.0	2847180.0
P06702	S10A9_HUMAN	S100A9	Protein S100-A9	219880.0	181482.0	495254.0	237537.0	102998.0	260627.0	410173.0	220456.0	257029.0	1159660.0	2160080.0	341308.0	5344300.0	2049810.0	251448.0	372332.0	269557.0	273078.0	814260.0	420320.0	324707.0	2134380.0	69639.2	284607.0	429154.0	194712.0	130143.0	739076.0	357184.0	299777.0	1706780.0	124267.0	157056.0	466230.0	203380.0	218158.0	525584.0	368819.0	606578.0	607912.0	400510.0	175430.0	175747.0	180870.0	385410.0	537054.0	592431.0	588648.0
P06727	APOA4_HUMAN	APOA4	Apolipoprotein A-IV	2766090.0	2785920.0	828239.0	2794980.0	3761390.0	1550860.0	1397240.0	668464.0	946222.0	710612.0	1572530.0	1386060.0	2204770.0	1889110.0	1383390.0	2531890.0	322285.0	302479.0	571311.0	1475840.0	3106750.0	2162740.0	1118710.0	1647510.0	1995850.0	2587550.0	2274830.0	2371680.0	1639710.0	1597070.0	1616420.0	1311790.0	2143750.0	2632940.0	2038920.0	1973520.0	2084710.0	2344010.0	1440680.0	1657070.0	2222690.0	2385770.0	1168970.0	2465130.0	2617180.0	1912660.0	1938630.0	1950920.0
P06732	KCRM_HUMAN	CKM	Creatine kinase M-type	8946.54	10926.8	9298.01	9809.09	40045.2	7650.55	10940.1	10164.9	7317.04	8130.65	5831.03	10264.6	7625.05	4664.46		19906.8	11125.3	11841.8	9598.48	47750.5	18074.8		14583.7	6441.84		98205.9	5513.7	5585.07	12364.0	11884.9	80098.4	11549.0	15978.6	4214.87	71766.8	72297.1	37799.8	3730.32		226729.0	4773.41	11059.2	7555.03	9398.31	8604.94	34640.1	34306.2	33850.4
P06733	ENOA_HUMAN	ENO1	Alpha-enolase	364006.0	370794.0	106927.0	357682.0	106032.0	127875.0	101018.0	102754.0	79916.8	75866.4	83934.2	78222.8	65896.1	75911.0	94708.1	63881.6	64746.6	76893.7	135058.0	168200.0	36894.3	41941.3	81661.3	85544.0	120689.0	174091.0	157816.0	48850.1	63837.3	261227.0	171255.0	46653.7	102383.0	593904.0	82556.5	99099.5	160961.0	93078.5	234195.0	173698.0	101365.0	139558.0	46787.3	131517.0	114841.0	120588.0	127780.0	128585.0
P06737	PYGL_HUMAN	PYGL	Glycogen phosphorylase, liver form	3951.81	4450.39	3570.36	4562.38	3106.23	3971.63	5947.2	4205.87	2623.31	6668.97	5992.02	7088.73	5804.15	7435.87	3765.6		4994.6	7793.01	10841.1	17846.5		8784.33	4250.06	3246.32	5942.69	5738.26	15683.4	2871.62	4047.28	6508.29	9326.12		3354.05	12996.4	3172.67	4486.32		4472.95	10512.6	11325.8	2891.09	5599.62		6044.94	6936.53	5793.39	5338.89	6599.67
P06744	G6PI_HUMAN	GPI	Glucose-6-phosphate isomerase	30906.9	35679.1	12407.6	35509.4	11785.6	17456.3	22598.0	13206.6	13473.2	29602.7	27928.3	19598.9	14266.7	15962.9	16518.2	12999.6	12867.6	11583.8	27542.6	55672.2	22256.9	34924.4	18492.8	20932.0	29478.6	43996.9	67503.6	11198.6	24081.7	56394.4	58946.4	5876.2	15485.0	100976.0	13685.3	12238.2	25326.3	21093.1	56359.3	51230.2	23989.7	15641.8	6386.45	15580.8	16285.2	27531.7	29305.7	30637.0
P06748	NPM_HUMAN	NPM1	Nucleophosmin	9306.4	23210.4	8331.41	6667.82	5304.6	6708.2	4282.49	4225.2	4675.88			3382.88					2589.25		4694.17	2830.48	6547.54		3510.23	4264.15			2447.1	2515.27			6662.77		2918.45	33813.0			4820.05		4465.8	2381.1	3115.36			2333.34		6601.82	5661.68	3996.87
P06753	TPM3_HUMAN	TPM3	Tropomyosin alpha-3 chain	39534.0	37911.6	15709.5	31625.2	36131.2	30896.6	8105.9	40212.8	13079.1	28841.6	12099.5	12508.4	12939.9	22654.6	19619.6	14959.0	14782.1	13468.6	40218.5	16988.7		15892.4	11123.3	29791.5	24384.9	40047.5	17409.0	10297.3	10107.0	57236.3	46374.2		27485.1	41292.3	17795.9	20111.1	62962.4	14976.1	40584.8	26901.2	16809.8	51672.9	6289.1	51676.4	41576.4	31690.7	37203.7	39085.1
P06858	LIPL_HUMAN	LPL	Lipoprotein lipase	8170.03	7545.76	7545.65	9758.58	13599.2				2234.29								5695.06			6430.33			10439.9	2892.49		11071.1	14743.4	3476.0	5130.95	11294.0	10067.8		14895.5	25180.0	11842.2	11727.2	4983.84	7761.9	5998.32	5574.43	8658.02		6367.44	4976.86	4035.15	5868.21	8415.26	7049.63
P06865	HEXA_HUMAN	HEXA	Beta-hexosaminidase subunit alpha	9686.48	10261.6	13408.1	8599.73	11443.4	13007.7	15447.9	9180.01	13466.4	6010.65	7780.16	18202.6	5632.5	4632.07	13888.2	8928.34	3812.56	6962.77	13053.7	27243.5	13940.8	5770.4	17779.6	14396.7	12787.1	15997.6	18157.0	7953.4	17746.4	24762.3	15583.1	23110.5	9016.25	20190.1	16362.8	13051.4	12826.2	8626.4	10347.0	7188.78	10018.1	19138.6	24065.7	18635.2	17040.8	12464.8	13490.6	16568.7
P06899;P23527;P33778;Q16778;Q8N257	H2B1B_HUMAN;H2B1J_HUMAN;H2B1O_HUMAN;H2B2E_HUMAN;H2B3B_HUMAN	H2BC11;H2BC17;H2BC21;H2BC26;H2BC3	Histone H2B type 1-J	14021.5	13964.3	7028.01	12980.1						41793.5															8755.88		6334.45			17170.3	55398.7			55506.4					22726.9		5225.57			8979.88	10537.2		15027.9	11295.7
P07093	GDN_HUMAN	SERPINE2	Glia-derived nexin	2831.76	3843.49	1963.73	2878.53	984.093	2628.62	1771.52	1990.0		1973.68		1541.05	1756.27				706.394	1435.18	2357.84			1621.41				4498.72	4466.63			3106.24				1070.67	2086.84				6268.08	1557.92	912.543	1391.91		1738.15	1135.83			1504.17
P07099	HYEP_HUMAN	EPHX1	Epoxide hydrolase 1				1560.87																8748.17					4022.54	1689.09			4478.5	14456.5				11954.5								5661.32		4035.2	5593.72		4090.31	2379.38
P07148	FABPL_HUMAN	FABP1	Fatty acid-binding protein, liver	4690.68	4139.12	2189.68	4623.03	17491.1	8547.86	9328.78	6223.79	2497.44		5678.91	4504.34	3148.81	5535.19	11594.2	2426.95	3649.1		6209.59			18585.3	6581.66		8193.72	4074.91	7414.07	4375.79	7834.93	12503.0	17252.2		11709.3	14860.9	12383.7	9409.73		7239.95	10762.5	40362.0	12459.8	13275.3		12938.7	10091.7	9070.23	11814.0	11971.4
P07195	LDHB_HUMAN	LDHB	L-lactate dehydrogenase B chain	32953.9	34190.6	19409.4	36183.6	31332.2	22770.6	20435.9	18796.3	16420.9	20004.5	34015.2	16587.0	36794.6	31884.7	13449.9	10456.9	13925.9	10392.4	19320.9	30990.9	30402.9	13919.1	45287.3	10930.3	10658.8	22734.8	32568.1	15524.9	17453.2	24334.2	39199.2	11852.5	22940.0	39584.4	15359.2	20530.6	18486.3	20772.8	32234.3	38983.1	23009.2	16059.2	17104.8	14844.7	14753.0	29510.3	29906.9	29856.3
P07203	GPX1_HUMAN	GPX1	Glutathione peroxidase 1	8200.31	10706.7		9431.8		9510.5	3932.51	8328.4									4026.4	4450.17		6410.64						6435.68	4325.9				3146.05		1976.86				6724.76						2690.0		3352.76			
P07225	PROS_HUMAN	PROS1	Vitamin K-dependent protein S	9197690.0	9136910.0	9186560.0	10209900.0	9208580.0	7651400.0	9322900.0	10206300.0	7866780.0	11123900.0	10616200.0	10269100.0	7341750.0	7910560.0	9203700.0	8995960.0	9480980.0	9421440.0	9065860.0	6100680.0	7102050.0	9701790.0	7117370.0	8343520.0	8831200.0	6430410.0	6592500.0	14638800.0	9754140.0	7169020.0	9387260.0	6555860.0	10035400.0	8761480.0	9595280.0	10063100.0	8244570.0	9398490.0	10458200.0	8199670.0	9635040.0	8474260.0	8057890.0	8625300.0	8242640.0	8859920.0	9250590.0	9123550.0
P07237	PDIA1_HUMAN	P4HB	Protein disulfide-isomerase	196501.0	188084.0	119370.0	204143.0	136220.0	115482.0	140981.0	97760.4	119973.0	139872.0	165756.0	149790.0	83332.3	124253.0	161273.0	106507.0	122149.0	134458.0	178922.0	248588.0	84528.1	181017.0	152085.0	190766.0	159063.0	199635.0	100836.0	109952.0	150930.0	322154.0	173210.0	135917.0	227196.0	268620.0	177259.0	195481.0	164164.0	121358.0	197931.0	135881.0	121614.0	155840.0	145036.0	186240.0	162607.0	184665.0	177483.0	183268.0
P07307	ASGR2_HUMAN	ASGR2	Asialoglycoprotein receptor 2	16519.0	14452.8	12470.1	12189.7	21499.1	13958.1	9285.38	6073.99	12682.3	16479.3	21143.5	14879.6	57531.5	15930.3	12088.4	11118.2	9131.94	6376.36	13080.5	24264.9	123384.0	31876.8	37920.2	15046.5	20996.6	25593.3	20599.0	8546.93	29525.0	16158.3	16253.7	12420.7	15104.7	57281.2	8738.5	9970.64	29895.8	28128.8	23124.8	23304.4	26232.4	11758.4	15404.1	9356.6	10778.3	19651.5	20223.7	26122.6
P07327	ADH1A_HUMAN	ADH1A	Alcohol dehydrogenase 1A							7161.21					6208.15					9348.78	10736.0	2502.66	15111.7					4826.63										2838.0	2647.94				5347.86		3799.58		5111.18				2975.5
P07333	CSF1R_HUMAN	CSF1R	Macrophage colony-stimulating factor 1 receptor	30502.4	30798.2	32453.3	32469.4	34430.6	40041.8	26277.7	26859.2	40812.0	17381.5	34109.3	51846.7	53346.5	38514.6	64341.7	38411.4	25770.0	23124.4	15418.2	6410.83	50752.6	53504.6	9583.22	30980.8	157290.0	44629.9	91238.6	16509.4	24751.3	52751.3	9650.11	8581.24	43626.0	12139.6	17537.6	17198.6	20713.5	93825.1	18158.0	9486.28	73670.8	56404.5	9023.77	69725.0	63365.0	32770.5	17943.0	18337.3
P07339	CATD_HUMAN	CTSD	Cathepsin D	31333.9	36765.3	38766.0	30194.1	36411.3	48968.7	46262.9	19944.2	41360.5	28926.6	44374.4	44357.6	40901.8	30379.5	56470.9	18047.5	24448.8	20842.7	37610.9	87993.2	56768.6	42090.3	23909.4	41475.8	27308.4	75091.8	61580.4	33909.4	47484.8	83679.8	37638.7	57629.9	25204.6	68329.6	26234.5	22717.4	29643.7	33907.8	64957.1	20905.9	34343.6	107455.0	66693.7	82147.8	81664.9	38607.2	43471.3	39732.4
P07355	ANXA2_HUMAN	ANXA2	Annexin A2	16638.8	10286.5	26280.0	12659.5	10138.0	7949.06	14394.9	17704.5	19004.7	16494.2	22241.1	7232.41	13051.6	13125.6	8925.99	19527.2	12897.4	12224.0	16161.0	10748.0	9737.59	11644.3	7246.61	10952.0	19070.4	4709.01	4524.49	9504.15	5226.09	17101.9	9216.42	7567.65	8026.15	5123.63	4689.06	4307.11	13769.5	5879.48	9579.61	10553.6	9048.19	9522.56	13911.0	10810.4	18366.0	13615.8	10860.8	14959.4
P07357	CO8A_HUMAN	C8A	Complement component C8 alpha chain	1299580.0	1447980.0	1339560.0	1426390.0	1230990.0	1630700.0	1818050.0	1268380.0	1340300.0	1498230.0	1726770.0	1528700.0	1107310.0	1452280.0	1522120.0	1194400.0	1697870.0	1836990.0	1434820.0	1263230.0	1219660.0	1149610.0	1132780.0	1609640.0	1004740.0	1313990.0	1330920.0	1312660.0	1447880.0	1340640.0	1209710.0	1870700.0	842960.0	1391230.0	1558690.0	1496860.0	1205670.0	1465990.0	1245970.0	1555660.0	1334540.0	1491350.0	1760650.0	1444760.0	1410510.0	1054620.0	1027870.0	1023870.0
P07358	CO8B_HUMAN	C8B	Complement component C8 beta chain	1672970.0	1761200.0	1745140.0	1812790.0	1529860.0	1855950.0	2585830.0	1731380.0	1636370.0	2314030.0	3236380.0	2600160.0	1550290.0	1676330.0	1748890.0	1507750.0	2413750.0	2641560.0	1920410.0	1951150.0	3225650.0	2131440.0	1743640.0	2021320.0	1288440.0	1624480.0	1736990.0	2072010.0	2654000.0	1830130.0	2317270.0	2888270.0	1302250.0	2142420.0	2250640.0	2368150.0	1422020.0	1887870.0	2044250.0	2070670.0	1966730.0	2043950.0	3148790.0	1644780.0	1714490.0	1809570.0	1792190.0	1764610.0
P07359	GP1BA_HUMAN	GP1BA	Platelet glycoprotein Ib alpha chain	786348.0	891531.0	826295.0	832078.0	948831.0	1397050.0	631827.0	841444.0	876893.0	423462.0	217321.0	535030.0	1166280.0	589995.0	460642.0	549560.0	259724.0	279519.0	845627.0	946182.0	281082.0	421212.0	340561.0	392398.0	529750.0	1394270.0	677388.0	545513.0	405592.0	1051190.0	778927.0	336014.0	659750.0	754200.0	600877.0	589573.0	917146.0	554205.0	1087860.0	931277.0	498520.0	965066.0	331739.0	890814.0	947958.0	522687.0	512163.0	489102.0
P07360	CO8G_HUMAN	C8G	Complement component C8 gamma chain	1991550.0	2161310.0	2102770.0	2177390.0	1666270.0	1697720.0	2344680.0	1970660.0	1724240.0	2103190.0	2176220.0	2269870.0	1255670.0	1962590.0	1894230.0	1599590.0	1750970.0	2093230.0	1666320.0	1534260.0	1962310.0	1438590.0	1602620.0	2017560.0	1329420.0	1652000.0	1749940.0	1773800.0	2094140.0	1755600.0	1452190.0	2371590.0	1319560.0	1839840.0	2134790.0	2167470.0	1330240.0	1427670.0	1561250.0	1660540.0	1376540.0	2116160.0	2403440.0	1951360.0	1932550.0	1387640.0	1353170.0	1418660.0
P07384	CAN1_HUMAN	CAPN1	Calpain-1 catalytic subunit	105137.0	106400.0	37419.3	106293.0	70516.1	85778.1	83898.6	36651.4	35297.1	78809.0	89336.0	91215.2	71847.6	187446.0	45570.5	52483.9	34124.1	42113.6	108298.0	153581.0	45207.8	66505.4	77201.6	67381.1	67365.9	105394.0	90805.9	66811.8	54502.7	99151.4	106923.0	43910.5	59952.6	107815.0	74092.0	75983.5	83368.0	56026.8	259160.0	168270.0	57433.4	74286.7	46764.2	82457.6	74965.7	103599.0	100961.0	96265.3
P07437	TBB5_HUMAN	TUBB	Tubulin beta chain	124524.0	140085.0	57635.6	126793.0	41276.2	69512.0	41480.8	72963.0	53649.7	42119.5	46671.1	36710.5	41484.0	57111.0	47773.1	29086.8	22234.3	22389.3	95407.8	22628.7	10676.6	23751.1	14640.9	66466.6	54549.8	68611.4	62530.6	34832.4	15101.1	109285.0	59880.1	9225.21	52549.9	182434.0	33076.1	36166.1	103864.0	27762.7	76387.2	34080.2	30364.5	55568.3	8528.19	56401.9	58857.8	49236.5	47191.3	47385.0
P07451	CAH3_HUMAN	CA3	Carbonic anhydrase 3	6694.01	7604.19	6415.68	8799.04	19592.9	10245.8	13225.8	6296.21	7079.46									4434.63		5157.63						28909.9	9546.67		6953.14	16613.5	24296.8		27260.8	22554.7	24092.5	30751.8	80404.9	14132.9		102189.0	12553.9	5216.76				23472.7	18588.0	22440.9
P07477	TRY1_HUMAN	PRSS1	Serine protease 1		19273.4	38001.2		30244.1		34490.1	74742.1	60449.2			14231.2	55450.5				98086.7	102395.0	257671.0	31045.3		233047.0	14847.5	95209.5	150415.0	29155.6			139034.0	43493.5	31496.2	48755.6	20848.5	3872.33	3688.14	15194.0	127986.0	18971.6	125384.0		17588.5	22918.9		104741.0	19254.4	70638.5	30181.8	
P07478	TRY2_HUMAN	PRSS2	Trypsin-2		2903.15	13731.6		7929.42	4134.84	14329.4		10402.5	5135.26	35545.4	9608.45	12901.9	9420.73	5028.85		35639.0	68338.0	35139.1	16045.8	7577.83	23827.4	17342.5	22388.2	62200.6	6139.36	5737.87		26820.1	93795.8	29401.4		4775.42	17864.1		7046.75	42375.5	11770.8	25581.1	11471.6	12965.8	3868.45	3879.58	5877.22	3865.65	5191.4	6246.48	8303.67
P07585	PGS2_HUMAN	DCN	Decorin	22870.9	7720.03	10599.9	20851.0	13638.7	11486.3	9829.49	5635.15	10981.9	11252.4	18862.4	7384.34		12710.7	12449.7	3945.15	4234.04	6056.3	19737.5	8152.1	17656.6	4185.69	5489.83	6940.03	13712.8	36916.2	20015.8	23489.9	16099.3	24217.8	22004.0	11166.7	11555.6	29601.5	36693.0	39359.7	8849.92	23411.8	16265.1	16652.0	20314.4	31981.3	15570.2	27217.9	24095.3	9762.66	13570.3	13725.2
P07602	SAP_HUMAN	PSAP	Prosaposin	6649.69	7447.99	5022.85	4059.96	5573.72	4879.65	7793.0	4163.89	9137.69	11657.5	4038.57				9021.79	8247.49		4818.8	10194.3					1246.43		19184.2	7336.48	9008.19	2959.23	3778.07	9238.4		9374.4		18870.4	10493.1	5182.17	7334.61	10578.6	4148.24	5466.83	11188.9		9857.43	13345.9	2874.66	5989.86	6572.17
P07686	HEXB_HUMAN	HEXB	Beta-hexosaminidase subunit beta	13641.7	9012.55	14105.8	9578.64	17170.6	19796.1	19114.6	12273.8	14830.0	8161.39	16757.2	18494.5	9576.3	13563.4	22293.4	12843.8	7619.44	9829.06	18871.2	38942.2	21122.7	15609.4	15645.7	18129.3	19078.2	17170.9	22979.5	18237.6	15670.7	32939.9	13703.9	26193.5	9843.52	20732.5	16051.3	10166.7	16516.4	9208.81	21385.7	8158.44	8210.5	22956.9	25944.0	26280.5	23910.7	14481.0	16422.8	14979.3
P07711	CATL1_HUMAN	CTSL	Procathepsin L	14999.2	13690.8	10442.9	15889.0	13472.3	14480.6	8680.43	9565.71	13117.4	11054.2	11606.2	12718.9	10006.5		13993.6	10882.2	11198.2	13035.9	10829.1	22492.2		8361.06	14009.6	14761.9	11878.7	18531.3	20636.0	10237.4	11839.2	20204.0	28830.5	12291.5	9140.05	26257.6	15118.4	13582.9	29961.2	32022.3	12145.6	9321.59	30682.1	24504.5	12244.3	25001.3	27577.3	17420.9	15971.3	18854.4
P07737	PROF1_HUMAN	PFN1	Profilin-1	828646.0	908002.0	134450.0	891330.0	295875.0	662462.0	72113.0	186844.0	128768.0	89831.2	74970.4	70389.4	99765.9	117738.0	132606.0	78161.2	46510.4	56763.1	528490.0	42305.8	21856.0	65578.3	57836.0	177352.0	137776.0	274079.0	263063.0	94949.8	74193.4	935246.0	223458.0	29746.8	190190.0	842438.0	79008.2	84202.4	422623.0	311157.0	302008.0	181204.0	281999.0	467056.0	28050.9	429021.0	381998.0	214406.0	223018.0	195836.0
P07738	PMGE_HUMAN	BPGM	Bisphosphoglycerate mutase	8859.4	7558.25		8675.9	12424.9	11393.5	7645.36	5898.5				7081.63						4791.12	5434.04	20150.1			6527.23	2923.67		6766.83	18717.9		4149.39		11072.3	10320.6	5415.48	8468.88	10392.8	9596.84	35961.6		2730.35	8169.6	3415.8	4338.54	8258.5			3782.13		5877.67
P07741	APT_HUMAN	APRT	Adenine phosphoribosyltransferase	4237.89	3094.09			4794.92		1996.03												3172.25							1092.32	2685.99			5140.56	2233.88			5267.06			8786.72								3042.5		5439.68	
P07858	CATB_HUMAN	CTSB	Cathepsin B	11547.5	12931.4	17491.7	12875.1	22296.3	11935.2	30458.8	11635.8	21994.0	13384.3	24112.7	13471.0	35999.1	16346.2	15997.7	13541.5	22473.4	21203.6	14056.7	56958.8	34652.0	31514.1	26867.8	20926.5	27641.6	19208.9	26529.7	12523.7	23503.9	60560.2	51711.4	20904.8	15448.5	15297.6	16744.8	16430.1	7665.16	30407.2	12164.3	7460.44	21342.0	33024.4	22866.3	41535.7	38092.1	21665.2	20072.7	20680.5
P07900	HS90A_HUMAN	HSP90AA1	Heat shock protein HSP 90-alpha	100117.0	103498.0	32441.6	107678.0	52092.7	47030.4	50102.0	34777.4	27044.1	29679.8	35403.9	50470.3	37021.9	49270.8	35905.2	27545.1	28169.3	31960.5	101502.0	131901.0	28601.7	79163.1	38054.0	56625.9	68773.8	118957.0	150205.0	38159.2	59674.7	97414.5	92866.8	26349.7	62648.1	222155.0	86805.7	95071.7	109009.0	94251.9	182412.0	83481.4	98361.7	58726.2	35636.2	57519.6	54295.0	78869.9	79599.8	78129.9
P07910	HNRPC_HUMAN	HNRNPC	Heterogeneous nuclear ribonucleoproteins C1/C2	38207.3	37925.4	26352.1	53584.6	19570.0	24202.6	18062.6	21723.6	29076.0	16524.8	12855.3	7928.86	6793.19	7137.8	6414.4			7287.02	24865.0	10786.3	2855.69	15471.3	13484.4	17360.1	19048.4	10851.2	13189.6	8039.13	10736.1	16239.1	26596.6	3142.84	8951.94	143878.0	9470.53	10100.7	17469.7	8142.35	35312.7	15836.7	8805.53	7520.48		13155.4	10616.2	23242.5	29268.8	25807.1
P07911	UROM_HUMAN	UMOD	Uromodulin	2832.04	4046.97	9707.83	3273.46	3466.35	2090.57	3847.26	3362.59	6257.08		1678.49	4281.13	2857.44		2662.58	5925.87	6138.59	3995.75	2449.37	4714.69	3009.83		2264.21	8087.4		5384.89	8615.3	5963.34	1963.61	1947.03	2481.1	7909.21	4342.66		5155.84	3925.95				1862.71		5166.07	6285.73	6028.3	3416.34	1698.67	2365.33	3437.1
P07942	LAMB1_HUMAN	LAMB1	Laminin subunit beta-1	43408.7	46013.8	35754.3	35985.9	73395.9	44744.7	50704.9	30509.1	38133.2	29925.7	52654.1	59442.8	39063.6	39015.1	27887.3	27962.5	42151.2	43661.8	39304.2	109774.0	66808.9	42690.7	65772.1	45006.6	43437.6	74786.3	89423.8	34658.6	71137.0	77680.5	50013.3	50800.7	35819.5	62370.4	30650.7	30469.1	62121.3	54842.7	75874.1	55288.5	55922.0	60415.0	37852.5	58287.4	58354.9	40500.7	43612.8	43017.6
P07951	TPM2_HUMAN	TPM2	Tropomyosin beta chain	23618.0	16922.9		26580.4	24829.7	45652.2		42193.4		14968.5	17031.7			34595.3	19224.3		11353.8	6452.51	80918.2	8400.78	5996.61	12588.9				11898.3		13891.9	10055.1	49362.4	68143.3		20814.2	14416.4	19975.0	35359.6	29536.7			20234.0		36191.8		52764.6	56383.8	31865.2	16577.3	34733.7
P07988	PSPB_HUMAN	SFTPB	Pulmonary surfactant-associated protein B	20548.9	17525.2	11617.6	18190.7	8384.07	2014.81	7489.44	8792.19	9947.34	5027.38	14745.3	13105.8	8391.46	23841.6	6741.04	3527.4	3740.89		9679.71	79803.9	36863.6	54825.2	14520.7	11969.9	11339.0	27193.2	32353.5	4694.16	36268.2		17197.8	18420.9	21448.0	265078.0	31767.7	34033.1	15873.8	12247.2	19388.8	49456.8	10485.9	3140.28	14264.8	4736.91	3478.86	38475.0	37414.6	44380.4
P07996	TSP1_HUMAN	THBS1	Thrombospondin-1	3746280.0	4081290.0	5896040.0	3999330.0	1704780.0	6492660.0	3894280.0	5258320.0	5399770.0	1997210.0	1326120.0	4060520.0	2399770.0	2792970.0	3056880.0	2414230.0	3639990.0	4099390.0	4275980.0	136780.0	46536.6	717117.0	133073.0	1029440.0	1046260.0	3243370.0	1495620.0	3062080.0	386258.0	6095290.0	3684900.0	519473.0	1381580.0	590296.0	1485310.0	1635330.0	3213240.0	4465230.0	6122740.0	6337550.0	4677040.0	3233150.0	540849.0	3493760.0	3316910.0	2662540.0	2681270.0	2702420.0
P08133	ANXA6_HUMAN	ANXA6	Annexin A6	793.657	1755.18							1505.65	2940.57									3027.94					2210.58	1268.61		1192.49				1934.07			4229.92					3003.45	639.983		1179.7		821.557	701.097			1061.93
P08185	CBG_HUMAN	SERPINA6	Corticosteroid-binding globulin	2348520.0	2309040.0	2883760.0	2341810.0	2103180.0	3335490.0	2988260.0	3165460.0	3093380.0	2835880.0	2412090.0	3129880.0	2840130.0	3292280.0	2933630.0	2956210.0	3104420.0	3243100.0	2120190.0	1767500.0	2771300.0	2627430.0	2515700.0	2869880.0	1984830.0	1238090.0	1224100.0	3391050.0	2451210.0	1876900.0	1737060.0	3281800.0	2091120.0	1953040.0	2827260.0	2627360.0	2154170.0	2090120.0	2372030.0	2381610.0	2052150.0	2793090.0	2917790.0	2903790.0	2840140.0	2231260.0	2332780.0	2222000.0
P08195	4F2_HUMAN	SLC3A2	Amino acid transporter heavy chain SLC3A2	25177.1	23967.7	22460.8	24042.3	23426.7	25704.0	28899.6	34488.6	29182.5	18322.5	16578.6	35174.1	25438.8	23889.6	23797.3	28112.0	23878.1	19544.0	17576.7	31322.4	23280.8	16469.1	31519.1	31747.8	29402.6	19975.1	27462.8	18158.9	20357.4	24162.0	15849.3	29537.7	17430.8	19470.5	19127.1	15976.8	10040.3	18918.2	23237.3	21633.4	22954.5	23452.1	22159.4	22506.4	25007.7	19863.5	18724.7	19111.5
P08217	CEL2A_HUMAN	CELA2A	Chymotrypsin-like elastase family member 2A			5139.0				13368.9		7472.61		39122.4	12775.9					22900.3	40846.6	35476.1			51347.8	3108.49			5474.65			24533.4		3697.53	2332.46	15843.5		10903.0	5816.74	7836.98										6541.94	
P08238	HS90B_HUMAN	HSP90AB1	Heat shock protein HSP 90-beta	47032.3	50336.2	13514.7	49418.3	20846.5	17274.1	21208.1	10541.3	14550.5	11700.6	13724.9	18613.1	8167.18	22043.7	11414.5	9075.22	13394.4	10564.0	47684.4	40368.6	12765.5	25236.1	14531.1	29236.0	24850.7	44472.9	44446.2	13055.7	21939.1	38807.5	33690.7	9451.36	27014.1	80599.4	29169.2	37932.4	35807.0	27303.9	65254.6	39359.1	33181.8	24747.1	11397.2	22906.4	23237.6	32064.1	32291.3	31746.1
P08246	ELNE_HUMAN	ELANE	Neutrophil elastase														1780.52					2703.82						1627.16	2421.54	822.669			1424.07				7453.73								2432.42		2111.31	1448.96		1389.73	2017.67
P08253	MMP2_HUMAN	MMP2	72 kDa type IV collagenase	48527.9	46707.2	38043.5	47309.9	186361.0	42653.7	37006.2	24596.3	29453.1	37969.7	21881.2	39825.4	31010.9	24567.9	26678.6	33336.7	12764.0	22624.6	32506.4	91464.1	50923.7	29342.4	94368.8	74820.5	27134.7	100307.0	80970.3	45445.3	43341.8	107765.0	21021.9	46780.4	40940.9	34883.4	37221.8	38282.2	43531.5	45849.9	37440.9	32383.6	48996.5	68928.7	45789.3	69590.5	63597.0	30356.6	30872.7	27858.0
P08254	MMP3_HUMAN	MMP3	Stromelysin-1	6348.39	5154.51		4403.97	14380.5					3972.62		4233.4		3706.44	3332.7	4506.99			8332.78	29165.0	10242.5	5040.85	23535.9	1953.92	7678.44	10852.0	19980.4	6988.17	10151.1	23155.8	10460.1	4200.09		19693.7	4761.14	4165.4	10088.8	6226.21	10304.6	8321.62	7129.96	4132.86	6050.14	4280.08	4178.18	6497.31	4904.37	6675.44
P08294	SODE_HUMAN	SOD3	Extracellular superoxide dismutase [Cu-Zn]	314842.0	287090.0	205059.0	376880.0	3098370.0	139536.0	234979.0	156755.0	193162.0	139080.0	146132.0	236719.0	88083.9	158848.0	204683.0	193271.0	284233.0	376380.0	194564.0	1015090.0	125190.0	108198.0	476474.0	145554.0	81810.1	279565.0	255010.0	140936.0	268816.0	580080.0	916312.0	154709.0	155685.0	459459.0	145504.0	135153.0	909150.0	480359.0	441684.0	390531.0	542885.0	243928.0	176658.0	265087.0	235859.0	357732.0	330978.0	324090.0
P08311	CATG_HUMAN	CTSG	Cathepsin G	60629.9	66570.0	16290.9	59184.1	12072.0	32892.9	22548.1	35509.9	18673.2	105237.0	68304.5	17392.9	71810.2	51410.6	30852.6	34999.1	21710.5	13636.4	89481.3			18681.3		25662.3	37931.0	60465.4	44056.6	20303.4	8991.94	71159.6	176686.0		24265.1	479910.0	26228.9	24170.5	80227.9	15055.7	195440.0	104811.0	18721.6	52374.7		58932.9	52459.8	65722.0	76332.9	79630.6
P08319	ADH4_HUMAN	ADH4	All-trans-retinol dehydrogenase [NAD(+)] ADH4				2397.66			17649.2				3195.34	16324.5	13841.2	5298.18			23815.9	30239.0	10050.2	44082.5		7934.66				5983.46	4661.44	6745.12	6774.88	8569.89	9818.47				13472.0	15848.6			7456.86	27916.3		14803.2	2682.35	11595.1	8925.1	6926.67	10643.7	4926.96
P08493	MGP_HUMAN	MGP	Matrix Gla protein	22170.6	32273.6	42568.6	22359.8	37138.4	43888.8	56291.9	22752.6	26087.8	22646.5	48671.8	65511.0	65825.9	43691.1	49790.9	29919.2	27241.7	27612.6	25474.2	47281.4	140575.0	145817.0	71930.7	13391.4	35316.0	46015.2	103479.0	21794.8	122051.0	45572.1	68578.1	54377.8	75235.2	11665.0	50117.6	81238.6	111022.0	174734.0	57628.6	77987.5	208605.0	13013.5	68329.5	10015.3	13069.9	44136.0	49914.6	49180.2
P08514	ITA2B_HUMAN	ITGA2B	Integrin alpha-IIb	103671.0	100769.0	77283.0	94987.7	76822.1	143314.0	28882.2	138630.0	79207.8	22433.0	27139.2	27602.6	45504.1	91817.8	23671.3	13480.8	17022.1	25913.8	117750.0			6882.63		58118.5	21316.3	178051.0	18634.1	53199.4	7704.89	99721.8	31717.0		7340.27	18423.4	14489.2	12894.7	60538.8	19106.3	52700.8	24073.7	20311.3	82525.0	4359.48	89988.6	76730.1	24815.3	24133.9	26359.7
P08519	APOA_HUMAN	LPA	Apolipoprotein(a)	347802.0	327443.0	317051.0	312646.0	134118.0	68754.0	326023.0	300663.0	339857.0	543067.0	48023.9	374105.0	203451.0	467106.0	50746.3	689500.0	276998.0	269398.0	499235.0	105383.0	512766.0	462493.0	121687.0	72459.1	49985.9	46521.9	11401.0	270254.0	300850.0	13003.1	213940.0	31141.5	100915.0	48066.6	71977.1	64349.4	59316.1	228007.0	12522.3	175164.0	217695.0	155398.0	28964.1	150855.0	184502.0	144863.0	139704.0	151073.0
P08567	PLEK_HUMAN	PLEK	Pleckstrin	224090.0	232566.0	38232.5	220288.0	66162.5	119091.0	11901.1	65524.9	26944.1	16347.7		18006.9	27497.6	29865.5	33394.2	13715.0	12969.9	9204.27	89686.5			5078.31		25262.6	9519.69	56237.2	12127.2	22636.8	6740.44	124615.0	31706.3		29686.7	18605.8	6832.21		83541.7	11711.2	38797.5	11273.1	11027.4	72474.2	3617.34	56232.0	61646.7	20936.4	21983.2	22553.1
P08571	CD14_HUMAN	CD14	Monocyte differentiation antigen CD14	801446.0	945777.0	706942.0	1001500.0	657186.0	583183.0	847530.0	372174.0	511834.0	405703.0	930474.0	829136.0	383376.0	446261.0	675892.0	314981.0	454839.0	492526.0	566870.0	905508.0	1528340.0	1002900.0	1439100.0	840320.0	651365.0	1066780.0	1559440.0	593259.0	1728660.0	1127070.0	1312880.0	1251110.0	704127.0	1019610.0	1178160.0	1144980.0	957494.0	1087290.0	1062760.0	905525.0	1076350.0	845860.0	1198580.0	803536.0	707400.0	686357.0	679312.0	721586.0
P08575	PTPRC_HUMAN	PTPRC	Receptor-type tyrosine-protein phosphatase C	4351.09	4406.33	5256.94	4771.23			5014.74	3460.75	3789.92		4099.89	6853.62							4858.47					4669.93	9847.62	4403.74	10099.5			5911.3	4784.78		2726.77	8683.53					8631.5									
P08581	MET_HUMAN	MET	Hepatocyte growth factor receptor	7586.7	7586.67	7996.76	10161.5	5652.36	7531.89	9592.68	4583.23	8547.05	8311.36	8120.62	8212.97	5386.29	9418.23	9469.28	10028.4	6673.81	7311.37	5381.39	17661.3	7475.91	7262.72	18790.2	6948.47	11640.3	7379.53	10726.1	10109.5	10660.2	13409.8	7605.1	11818.6	7870.56	6464.6	8591.58	11596.8	6288.22	6949.05	8672.58	9983.92	6640.9	11127.5	11931.2	12979.5	11636.4	8016.84	7927.93	10265.4
P08590	MYL3_HUMAN	MYL3	Myosin light chain 3					4694.63														878.255	10484.1	2298.39			2283.97					4679.98	2528.11	12989.6		11848.8	3903.88	4713.63	4558.13				15209.6						5368.03	4593.61	4505.26
P08603	CFAH_HUMAN	CFH	Complement factor H	2347850.0	2423760.0	3479420.0	2381060.0	2786280.0	3414990.0	5515530.0	4297850.0	3716540.0	4603080.0	4136960.0	4866560.0	4210320.0	3023590.0	4401740.0	4889460.0	3324900.0	3507990.0	3946560.0	3268760.0	3673850.0	4461700.0	3107780.0	3103620.0	2640760.0	1937750.0	1763720.0	4289900.0	3800520.0	1574540.0	3136020.0	3521920.0	3364430.0	3454510.0	4113470.0	4182170.0	2581020.0	2622080.0	2726250.0	2278210.0	2431340.0	2934750.0	3289150.0	3016610.0	2924960.0	2662390.0	2670570.0	2626590.0
P08637	FCG3A_HUMAN	FCGR3A	Low affinity immunoglobulin gamma Fc region receptor III-A	74487.4	74603.5	76642.3	64225.0	52190.9	97039.0	126435.0	67315.4	95768.5	69374.1	78503.2	129823.0	140427.0	54235.3	102462.0	102413.0	63842.7	66650.6	86136.7	189155.0	215270.0	147941.0	94058.8	161535.0	262925.0	65349.9	204549.0	72412.8	129881.0	107534.0	116710.0	103093.0	101237.0	88900.6	112275.0	116548.0	121590.0	270395.0	137505.0	53806.3	246677.0	132987.0	93296.3	135102.0	157021.0	118411.0	121496.0	126574.0
P08670	VIME_HUMAN	VIM	Vimentin	42594.1	51847.0	29137.1	34675.9	17455.3	23806.5	23693.4	28061.9	21181.5	29714.1	16359.2	11890.2	6580.84	4868.89	12860.2	16188.4	11131.8	13009.0	24003.4	13438.4	3331.61	11056.3	22893.1	23873.6	29606.6	15920.8	17840.6	5852.26	10183.5	27526.9	31161.7	6785.62	10600.2	66196.6	11639.5	9331.83	14363.1	9917.36	41188.5	16093.4	11106.6	16999.9	8096.22	18610.4	19123.4	17635.8	15887.9	17892.9
P08697	A2AP_HUMAN	SERPINF2	Alpha-2-antiplasmin	1885240.0	1994090.0	1814900.0	1974710.0	1501380.0	2453720.0	1629610.0	1385770.0	1753870.0	1645480.0	1784570.0	1438040.0	1790760.0	1476040.0	1508800.0	1945460.0	2039610.0	2396420.0	1277920.0	1878170.0	2939200.0	2203300.0	1645620.0	1786070.0	1685660.0	1464050.0	2252540.0	1940990.0	2828880.0	1138720.0	1660250.0	2941350.0	2521470.0	2201320.0	2693900.0	2703660.0	1392680.0	2228980.0	1901100.0	1769560.0	2136440.0	1188440.0	2909920.0	1102420.0	1091080.0	1537080.0	1626600.0	1527970.0
P08709	FA7_HUMAN	F7	Coagulation factor VII	623870.0	629808.0	382004.0	642944.0	403560.0	516500.0	500924.0	214089.0	334851.0	284800.0	564585.0	556413.0	341595.0	263040.0	517966.0	357101.0	508332.0	507054.0	407574.0	231419.0	276877.0	249672.0	276015.0	382015.0	235863.0	446767.0	220480.0	389564.0	245407.0	288649.0	340796.0	352027.0	296450.0	168208.0	417469.0	508061.0	375648.0	330725.0	285012.0	264333.0	340557.0	282685.0	374801.0	341293.0	332031.0	282487.0	319454.0	312717.0
P08758	ANXA5_HUMAN	ANXA5	Annexin A5	3646.67	6587.45	5445.22	10500.0	3664.89	8734.23		8542.04	7671.3				2279.86											3536.95		4942.77	5284.2			7959.01										2514.49		5655.98		4318.17	4826.32			
P08779	K1C16_HUMAN	KRT16	Keratin, type I cytoskeletal 16	112010.0	48100.0	139239.0	80083.9	113592.0	108998.0	73191.7	683572.0	219088.0	214058.0	366774.0	128839.0	82670.8	248476.0	42749.2	262299.0	112911.0	199557.0	131393.0	127518.0	30357.8	44771.0	21043.2	246442.0	99463.9	197299.0	30875.5	162218.0	120275.0	142603.0	206814.0	79266.3	320274.0	160098.0	115074.0	85682.6	162531.0	50573.0	117286.0	246826.0	124193.0	179334.0	92732.1	44844.0	171958.0	93585.2	89628.5	87690.7
P08833	IBP1_HUMAN	IGFBP1	Insulin-like growth factor-binding protein 1	468169.0	1032820.0	294234.0	998005.0	877724.0	104421.0	106437.0	334672.0	272302.0	99117.0	227395.0	162042.0	190890.0	29127.5	207128.0	115853.0	259043.0	253611.0	153237.0	128309.0	236387.0	42433.6	732985.0	842729.0	59727.2	878537.0	2033040.0	302478.0	276273.0	1153940.0	61229.8	846671.0	142655.0	543945.0	111665.0	110702.0	1100270.0	98220.7	1632460.0	46491.7	106739.0	550270.0	1153610.0	453364.0	669564.0	590731.0	696014.0	679774.0
P08861	CEL3B_HUMAN	CELA3B	Chymotrypsin-like elastase family member 3B			8320.33						4076.05	2697.72				10246.5	13313.7		13707.5	7784.34				19407.5			22277.3				2994.79	2070.36																		
P08865	RSSA_HUMAN	RPSA	Small ribosomal subunit protein uS2	6248.62	10438.0	13547.5	9423.98	7327.19	7789.25	8890.89	14378.6	11231.3	13785.4	6574.14		4066.17										4339.71			1918.14				4010.14												8113.89						
P09093	CEL3A_HUMAN	CELA3A	Chymotrypsin-like elastase family member 3A	1526.6						4216.02				2666.07	7236.89							38112.5	6058.73									6561.38		3721.94								3796.11	6319.9				2783.52	2747.11	2395.55	2438.1	
P09104	ENOG_HUMAN	ENO2	Gamma-enolase	4629.08	5993.67		4886.97									15167.5														4895.1			5409.67							4883.8			3746.92	2672.57	5026.69						
P09110	THIK_HUMAN	ACAA1	3-ketoacyl-CoA thiolase, peroxisomal		1488.18					3552.19					3457.94			3364.29		4597.17	5771.78	3696.87	37399.0		9784.2				3401.95	1792.39		3638.04	3306.06				2354.76					2872.18	3484.99		3251.99		4759.07	4118.39	2261.07	2946.19	1991.23
P09172	DOPO_HUMAN	DBH	Dopamine beta-hydroxylase	22391.1	23062.6	11958.7	23528.2	40793.6	44640.2	50803.7	53462.6	13566.3	48815.7	149414.0	48685.1	67113.1	84597.2	34430.1	33228.8		7757.65	19448.6	31742.8	64862.4	36614.1	56409.6	29870.5	20245.6	26418.1	34327.4	61729.1	25320.5	8118.01	36847.8	58748.6	36925.3	18753.9	19099.9	18277.7	26311.8	54758.2	16354.2	15229.4	52256.0	25610.2	54217.3	28579.6	28429.8	21551.5	29037.1	24855.4
P09211	GSTP1_HUMAN	GSTP1	Glutathione S-transferase P	75836.4	78662.0	24546.9	70126.8	34924.3	42881.5	22823.9	30393.4	24082.8	25933.8	27029.9	18345.2	26023.4	18368.7	30279.7	17445.9	16287.2	12926.9	46469.5	13336.0	23867.8	15403.1	23693.5	13650.4	18012.4	37984.8	35621.5		13665.0	68735.5	36055.5	15303.1	26686.5	125745.0	18872.6	17600.8	46087.8	28082.8	49699.1	26972.9	27057.4	23052.6	16354.9	24905.9	19963.5	32281.9	33430.0	30654.9
P09237	MMP7_HUMAN	MMP7	Matrilysin	6397.71	6297.61	4841.05	6635.54	9174.68	3324.15			4207.0						4341.95		6288.97	4796.49		5262.95		7039.87	8985.85	2598.15	4320.05	5406.69	5003.43		4504.2	19916.2							5612.35	9017.58	3830.39	6329.7	10296.2	7098.63	2095.54	5165.24	6238.84	3578.35		
P09429	HMGB1_HUMAN	HMGB1	High mobility group protein B1	11304.8	10338.4	8971.15	11496.8	13120.6	16864.9	3864.86	11992.6	9401.8	15506.4	13268.4	6077.26	5175.06	18531.8	16854.0			3663.4	13888.5			8111.06		5497.04	21689.4	5939.5	10447.7		3593.81	7505.67	30153.1		6654.84	160003.0		3837.86	12672.9	4899.02	20302.9	3245.4	3969.14	6033.34		6873.9	6414.96	19769.3	22983.2	20861.5
P09466	PAEP_HUMAN	PAEP	Glycodelin	2758.05					4947.71	2973.0					4623.98		11922.0	14673.5	4173.58	3768.91	2929.63	13352.5	3279.26		7196.78				5554.92	3556.36	4224.23	3827.46	6222.55	2623.62			11704.2			4476.36	7242.88	13591.7	10470.2	6678.05	1648.35		1993.55		5587.09	5951.91	5815.94
P09467	F16P1_HUMAN	FBP1	Fructose-1,6-bisphosphatase 1					5933.09		5188.81				5205.22	10038.2		7835.2	5704.75			6108.37	12000.6	16492.8		10104.2			7679.88	4247.4		10528.2		3654.47				3963.53						11948.1		4559.2		7227.43	8054.82	5089.91	5579.32	5943.98
P09486	SPRC_HUMAN	SPARC	SPARC	1539250.0	1636930.0	1653600.0	1738850.0	1123270.0	1824640.0	1626740.0	2058430.0	1628720.0	1761270.0	1272660.0	1771530.0	1447310.0	1811640.0	1948400.0	1306500.0	1266590.0	1121260.0	1680460.0	83732.1	58750.7	1241140.0	66584.0	230014.0	476831.0	1110140.0	701419.0	2487940.0	577374.0	1094790.0	1654420.0	148746.0	1141280.0	272645.0	1242410.0	1350940.0	703332.0	911672.0	2100950.0	980851.0	869775.0	1152850.0	150005.0	1350940.0	1333230.0	1131240.0	1016510.0	1111400.0
P09493	TPM1_HUMAN	TPM1	Tropomyosin alpha-1 chain	18314.6	14633.0	5258.35	16404.1	41952.1	18808.6	7025.84	14655.8	7553.79	15064.1	5121.99	7121.61	14172.6	9017.58	13131.9	9031.3	8766.43	10868.8	32209.6	12991.1		8170.89	7246.0	12865.7	7945.58	25891.4	7687.95	7336.14	10849.8	30140.6	59832.6	945.286	16002.8	27244.2	25904.1	28390.5	24092.7	5772.23	25730.5	33441.2	6630.36	20229.3		35280.0	28823.0	20490.1	16863.8	21082.8
P09601	HMOX1_HUMAN	HMOX1	Heme oxygenase 1				1526.26								6523.99							2050.25	12985.4	5588.97						7389.27							10361.0		6287.14			5372.77							3618.82		
P09603	CSF1_HUMAN	CSF1	Macrophage colony-stimulating factor 1	63551.6	55090.6	30107.4	67912.5	309574.0	26854.1	44149.6	27356.3	36770.6	32698.2	41268.5	70687.8	23802.7	36890.4	44927.7	29020.1	27535.1	22412.3	63012.7	64623.4	29434.0	35621.2	149941.0	32786.5	51508.1	147865.0	116468.0	29263.2	54912.2	72537.7	302923.0	43544.3	46075.4	116568.0	52614.6	62448.7	45871.3	66425.7	48600.2	69655.7	76047.0	66041.0	48341.0	77226.2	72691.0	93866.4	86826.4	93508.1
P09619	PGFRB_HUMAN	PDGFRB	Platelet-derived growth factor receptor beta	8058.04	9522.31	17376.7	6970.73	36889.0	11809.2	19514.0	5670.99	15945.7	13924.2	9860.5	15268.1	21003.3	5368.29			12331.2	13704.7	18565.1	18064.3	17390.8	15083.3	12285.8	8423.17	17607.1	14154.3	28308.7		11201.7	18083.8	14358.3	13863.2	15669.8	22254.4	12720.9	10910.0	13002.5	11642.9	17628.7	14578.1	12676.9	4960.27	9282.86	12530.2	11204.7	10986.4	13929.6	11105.8
P09651;Q32P51	RA1L2_HUMAN;ROA1_HUMAN	HNRNPA1;HNRNPA1L2	Heterogeneous nuclear ribonucleoprotein A1	9868.91	13903.1	13225.9	13672.8	10229.1	10077.2	11314.2	10115.8	11728.8	4954.45	10418.4			3417.51	3677.87			3612.93	7784.09					8614.59	5704.26	4301.25	5832.02			9599.93	13711.3		6084.26	37401.1	2950.66		9050.63	6267.19	11099.5		6403.06	5633.05	3225.33	5125.31	4545.95	5235.98	7150.51	8100.31
P09668	CATH_HUMAN	CTSH	Pro-cathepsin H	16683.5	13959.0		18685.6	11532.4	27657.8	18558.7	20656.8	12672.1		19761.9	15079.6		53480.2	26999.1		30023.7	19180.6	16502.6	7513.84		29652.8	20728.9	20474.3	22523.8	15498.4	24782.1	22014.8		25585.6		12770.9	17158.3	25583.2	21899.8	23195.1	20717.1	12871.9	18295.5	14287.8	9315.09	35990.6	12193.0	36042.8	45454.3	18502.2	15564.1	25903.2
P09871	C1S_HUMAN	C1S	Complement C1s subcomponent	3711310.0	4056570.0	3431770.0	3756200.0	3385010.0	4086780.0	3634180.0	2340480.0	3223970.0	2891380.0	3254050.0	3554740.0	3062240.0	2875340.0	3059120.0	2681920.0	4068100.0	4516180.0	3094060.0	5047290.0	4020240.0	2996070.0	4062810.0	3006060.0	3181980.0	4530350.0	6366340.0	2272280.0	4052870.0	3869080.0	4150560.0	4254810.0	3709540.0	4447210.0	4028830.0	4127880.0	3371930.0	5089750.0	3392960.0	3477460.0	4684610.0	3758510.0	4484270.0	3520890.0	3251730.0	3350020.0	3360340.0	3399760.0
P09919	CSF3_HUMAN	CSF3	Granulocyte colony-stimulating factor																								32459.2								10644.4											12201.1					
P09960	LKHA4_HUMAN	LTA4H	Leukotriene A-4 hydrolase	44879.0	46749.9	32410.6	43783.4	38691.6	44999.6	76465.3	31726.8	35300.5	48180.2	86147.4	69503.4	43126.0	67666.0	32437.4	22848.6	25162.2	28953.4	52221.9	62615.7	35706.9	50817.4	43807.4	22685.1	40659.9	90425.7	118174.0	38418.2	53692.6	77474.5	53850.4	29110.9	49962.0	171207.0	41892.9	44230.9	53932.9	88783.1	96673.8	60710.6	94245.2	37452.6	24252.2	47804.8	45146.4	55588.6	54383.7	59936.2
P0C0L4	CO4A_HUMAN	C4A	Complement C4-A	8532990.0	9338990.0	11133200.0	8842300.0	8899130.0	9098560.0	10164000.0	9970500.0	10335200.0	14211300.0	8087290.0	9131030.0	12007700.0	11201600.0	9993150.0	11931100.0	9008940.0	9202750.0	9895890.0	7836940.0	7689260.0	10181100.0	6766290.0	10336000.0	8904080.0	12118500.0	9296310.0	10661800.0	8811490.0	9234800.0	7276200.0	8671080.0	5371700.0	10327100.0	8144810.0	8058720.0	9861100.0	10314200.0	7614180.0	8323400.0	9626700.0	10282200.0	9261520.0	9859400.0	9364600.0	7231850.0	7130330.0	7158180.0
P0C0L5	CO4B_HUMAN	C4B	Complement C4-B	1672070.0	1715630.0	2332790.0	2046510.0	1602800.0	1834530.0	2300280.0	2204050.0	1692990.0	3703620.0	2081590.0	2219060.0	2374570.0	2379540.0	1882580.0	2822030.0	1800370.0	1824760.0	2741670.0	1949900.0	2840770.0	2804830.0	1967710.0	2488570.0	1751100.0	2972250.0	1802460.0	2573160.0	2243590.0	1962750.0	1659940.0	1685070.0	1540670.0	2210840.0	1708120.0	1794100.0	1871550.0	2002510.0	1519970.0	2224820.0	1952400.0	1885940.0	1341380.0	1790700.0	1732060.0	1652670.0	1757650.0	1643070.0
P0C0S5;Q71UI9;P0C0S8;P20671;Q16777;Q6FI13;Q96KK5;Q99878;Q9BTM1;P04908;P16104;Q7L7L0;Q93077;Q96QV6	H2A1A_HUMAN;H2A1B_HUMAN;H2A1C_HUMAN;H2A1D_HUMAN;H2A1H_HUMAN;H2A1J_HUMAN;H2A1_HUMAN;H2A2A_HUMAN;H2A2C_HUMAN;H2A3_HUMAN;H2AJ_HUMAN;H2AV_HUMAN;H2AX_HUMAN;H2AZ_HUMAN	H2AC1;H2AC11;H2AC12;H2AC14;H2AC18;H2AC20;H2AC25;H2AC4;H2AC6;H2AC7;H2AJ;H2AX;H2AZ1;H2AZ2	Histone H2A type 1-B/E	414707.0	345753.0	135321.0	388566.0	220063.0	201010.0	83757.6	105140.0	182075.0	1300850.0	200878.0	54216.8	206780.0	193670.0	76870.7	85609.5	55592.8	57171.9	411993.0	104258.0	54776.7	71334.5	51371.4	210244.0	288329.0	189616.0	153504.0	80721.3	52219.9	442628.0	1341840.0	34902.6	75162.5	2383840.0	115854.0	110129.0	123167.0	283470.0	673326.0	316286.0	265903.0	125622.0	40519.7	105056.0	136547.0	367018.0	392169.0	348652.0
P0CG47;P0CG48;P62979;P62987	RL40_HUMAN;RS27A_HUMAN;UBB_HUMAN;UBC_HUMAN	RPS27A;UBA52;UBB;UBC	Polyubiquitin-B	125258.0	90397.1	68938.7	78854.6	74093.8	77851.7	71803.8	91694.1	65640.0	69721.4	107787.0	58889.7	58843.8	80637.7	48395.6	64130.8	56041.8	48647.6	82286.2	48799.8	34086.0	54821.3	34854.5	50246.4	84465.0	34760.6	48514.1	42995.8	26005.8	44552.0	70621.0	37095.4	60999.9	107833.0	38050.6	42279.9	66541.0	37795.5	48825.8	37955.5	52403.8	48940.3	37543.1	60438.3	64789.2	59063.4	54307.8	65303.0
P0DJD8	PEPA3_HUMAN	PGA3	Pepsin A-3	12848.2	16112.3	10495.2	14697.9	16346.4		3415.7	8031.19	8685.65				6277.55		10315.1	8036.74		9205.82					78978.5			8831.8	3742.33		16433.9	23374.5	7750.25	22688.3		24109.3	37884.0	22788.3	18510.3	63536.2		56961.3	56954.4	8167.13	39840.6	8506.61	8394.22	14469.8	19283.3	16507.4
P0DJI8	SAA1_HUMAN	SAA1	Serum amyloid A-1 protein	541378.0	1046540.0	71555.5	978878.0	44144.3	32004.6	856502.0	46020.6	29579.0	185311.0	3262700.0	1136370.0	26788.0	643640.0	436094.0	522870.0	3140250.0	3065870.0	3371040.0	1110860.0	5336820.0	3397260.0	3124730.0	1622510.0	634463.0	1142130.0	2930130.0	5534970.0	5007140.0	395149.0	4648020.0	2802720.0	3292790.0	2771370.0	4558300.0	4572720.0	3067930.0	3762050.0	3578500.0	3016040.0	3631710.0	381072.0	2844350.0	207190.0	243453.0	3660690.0	3655260.0	3490670.0
P0DJI9	SAA2_HUMAN	SAA2	Serum amyloid A-2 protein	182428.0	260729.0	33555.1	239047.0	66613.4	19044.0	555198.0	43436.4	21404.5	394248.0	6848320.0	707273.0	60824.3	743538.0	327210.0	393441.0	2107040.0	1979220.0	3990290.0	1140670.0	9077780.0	7506150.0	2640890.0	763108.0	593514.0	626852.0	1651280.0	4138730.0	5910370.0	218508.0	7715480.0	2811580.0	4700020.0	1845410.0	5569440.0	6052880.0	3118220.0	2888950.0	3415920.0	3822690.0	2921100.0	119605.0	2899950.0	115104.0	138682.0	3340960.0	4186760.0	3799730.0
P0DMV8;P0DMV9	HS71A_HUMAN;HS71B_HUMAN	HSPA1A;HSPA1B	Heat shock 70 kDa protein 1A	20599.1	21037.5	9128.37	21059.8	18093.8	19033.5	16090.2	13826.5	12695.3	19752.6	15580.6	10913.5	5923.18	13945.5	9320.38	11014.7	8330.64	9711.08	21540.4	34974.0	6382.39	8059.8	15374.3	10401.0	18998.2	19312.4	21556.1	10472.7	8684.59	21325.2	31410.4	7952.42	16908.6	84278.3	14022.2	14592.8	105975.0	20487.5	22530.1	17430.4	18942.6	13234.7	6761.17	17929.5	16045.3	20944.1	24848.1	20370.5
P0DOX2	IGA2_HUMAN		Immunoglobulin alpha-2 heavy chain	524715.0	569600.0	323433.0	698808.0	1126160.0	580913.0	770265.0	477746.0	291866.0	1084200.0	1624310.0	689851.0	1865760.0	1208770.0	1424690.0	1617420.0	447300.0	681679.0	2192400.0	402494.0	681224.0	301121.0	480757.0	730235.0	1212100.0	1080240.0	1643670.0	2765890.0	788089.0	1004220.0	1437460.0	878820.0	1370450.0	1232010.0	868888.0	806727.0	1938410.0	521499.0	2373640.0	698644.0	650095.0	942056.0	965451.0	771480.0	890302.0	1232070.0	1290810.0	1224190.0
P0DOX3	IGD_HUMAN		Immunoglobulin delta heavy chain	136780.0	136613.0	472530.0	121889.0	192520.0	292872.0	717546.0	1962870.0	393176.0	92493.9	897041.0	662145.0	303316.0	132471.0	391022.0	125182.0	395564.0	395230.0	646017.0	205649.0	259805.0	132430.0	103754.0	393227.0	1110980.0	463938.0	220175.0	578397.0	225518.0	336282.0	53434.8	93366.8	205136.0	886258.0	914693.0	1077170.0	292187.0	1083550.0	752697.0	104203.0	1070200.0	229292.0	71173.8	231262.0	212041.0	384175.0	392307.0	380321.0
P0DOX4	IGE_HUMAN		Immunoglobulin epsilon heavy chain	6716.74	10654.1		9157.53	20567.1		15574.4	2608.77	8746.54		44751.2	24831.1	14589.1	210195.0	58509.3	2022.16	35207.8	35842.9		3210.62				6952.29	5765.83	91391.1	13152.8	3658.2	9882.0	98277.4	5023.42			29883.2	96781.7	97621.4	47247.3	4060.05		241945.0	10596.0	2673.24				35743.1	34550.2	40282.7
P0DOX5	IGG1_HUMAN		Immunoglobulin gamma-1 heavy chain	3309390.0	3790540.0	3152470.0	3469800.0	4931260.0	4830860.0	4682530.0	8396760.0	6347970.0	6610610.0	5805400.0	6037380.0	13718400.0	7372160.0	6290020.0	9092140.0	6760460.0	5657840.0	5141100.0	4895950.0	7003050.0	9131160.0	6018240.0	6430450.0	7975080.0	4067170.0	4664650.0	4597470.0	3565030.0	4968720.0	4199970.0	3729270.0	4655530.0	6216410.0	3547510.0	3090630.0	9180470.0	8165840.0	4367920.0	3379380.0	7235360.0	5259910.0	3664680.0	6212680.0	5558680.0	7438990.0	6814290.0	7079820.0
P0DOX6	IGM_HUMAN		Immunoglobulin mu heavy chain	130972.0	117093.0	26995.8	119319.0	83039.6	141735.0	75100.1	46444.4	116287.0	62124.8	112206.0	80791.0	125697.0	269317.0	130585.0	197915.0	320257.0	266741.0	39175.2	29450.9	19978.8	55347.9	39959.6	630991.0	397379.0	51830.9	173355.0	45905.6	59223.0	96533.6	23995.3	61318.5	112084.0	33063.2	102578.0	108974.0	172453.0	50534.4	222510.0	252894.0	47612.7	141875.0	58044.8	136767.0	178080.0	104072.0	81735.0	83427.5
P0DOX7	IGK_HUMAN		Immunoglobulin kappa light chain	1773760.0	1907440.0	2416580.0	1935040.0	4318180.0	2922860.0	2633590.0	4494280.0	3552100.0	2635080.0	2289290.0	3008500.0	6371230.0	3095390.0	5794540.0	2622260.0	2995640.0	2809300.0	4412900.0	2271520.0	2533110.0	2621960.0	3988380.0	2413890.0	3736770.0	1784680.0	2290890.0	3673800.0	1624990.0	2818480.0	2097220.0	2663150.0	2943650.0	2650720.0	1728240.0	1646470.0	4583660.0	2025860.0	3996200.0	1877420.0	1834500.0	2681580.0	2330460.0	2726130.0	3034910.0	2812390.0	2684580.0	2764870.0
P0DOX8	IGL1_HUMAN		Immunoglobulin lambda-1 light chain	3455330.0	3445490.0	3558090.0	3627780.0	3917380.0	3698220.0	3226160.0	4612550.0	3980080.0	5086450.0	3969210.0	3342100.0	6116040.0	3956510.0	13495100.0	8092680.0	4394840.0	4798890.0	4625600.0	2758400.0	12657000.0	4927430.0	4695570.0	5151290.0	6500310.0	3854770.0	3992910.0	6271930.0	3028270.0	4877030.0	3254020.0	4303060.0	4068040.0	5439910.0	3054940.0	3406500.0	7473290.0	6867930.0	6335770.0	3221430.0	5774810.0	7230870.0	4739630.0	6690620.0	6421370.0	3760740.0	4099600.0	4222940.0
P0DOY3	IGLC3_HUMAN	IGLC3	Immunoglobulin lambda constant 3	7173980.0	6378280.0	7338450.0	6487090.0	8085680.0	7728000.0	7805090.0	11581600.0	8691330.0	13250900.0	11041200.0	8131700.0	11391100.0	8642840.0	10864000.0	13078200.0	11184800.0	9811000.0	8802920.0	6195950.0	8099170.0	10697700.0	8451010.0	9565220.0	10274400.0	7430870.0	8565240.0	16465900.0	6696230.0	8701890.0	7702470.0	7729950.0	8381840.0	9183370.0	7841640.0	6506060.0	11560100.0	9550330.0	9172330.0	6738020.0	9785300.0	10699300.0	6464360.0	10247400.0	10480200.0	10307300.0	10418600.0	9851110.0
P0DP01	HV108_HUMAN	IGHV1-8	Immunoglobulin heavy variable 1-8	7054.88	6359.54	177905.0	7712.72		20311.6	38758.2	198933.0	175885.0	31179.7	60373.7	43749.2	76815.9	32431.0	94436.9	15283.4	37167.9	36832.6	50941.6	28422.3	36445.4	29904.0	46097.0	24939.9	120837.0	19033.1	63996.0	128508.0	28309.9	34889.8	20485.4	6175.57	49321.2	46473.8	36782.1	30368.3	73326.9	8155.67	34699.9	45196.3	10003.8					39761.6	37147.3	32712.6
P0DP08	HVD82_HUMAN	IGHV4-38-2	Immunoglobulin heavy variable 4-38-2	8665.27	6691.98	3941.78	9731.34	12740.7	11693.1		6132.26							46713.1	17403.5	13158.9	11704.6			8041.31			15600.8	19896.0		7323.5	25998.2				7986.46					28706.8	17584.4		5496.03	18037.9	14436.8	10428.8	12638.2	18598.4	13203.6	13178.8	12781.6
P0DP23;P0DP24;P0DP25	CALM1_HUMAN;CALM2_HUMAN;CALM3_HUMAN	CALM1;CALM2;CALM3	Calmodulin-1	1364740.0	1288450.0	150931.0	1258070.0	364373.0	730886.0	135758.0	183304.0	103930.0	89701.8	181873.0	143784.0	63704.7	112514.0	165553.0	102208.0	77444.8	94685.5	591764.0	124445.0	40373.9	62391.6	65130.6	203760.0	186101.0	272206.0	303268.0	207381.0	136807.0	886121.0	384234.0	63608.5	225677.0	1123770.0	283186.0	269130.0	949973.0	229945.0	602180.0	220557.0	239596.0	710656.0	93427.9	586036.0	537518.0	386236.0	366125.0	402826.0
P0DTE1	HV383_HUMAN	IGHV3-38-3	Probable non-functional immunoglobulin heavy variable 3-38-3	41121.1	39779.2	125167.0	47295.1	47500.9	88096.8	42487.0	30623.3	126302.0	99100.2	40146.0	54065.1	221230.0	89608.0	49135.2	86646.7	69227.3	24653.1	25257.9	52135.2	125020.0	20952.4	114361.0	19223.5	54333.0	142941.0	78588.5	54264.7	40551.0	221727.0	54236.4	76662.3	58650.4	64356.5	33038.4	33401.5	179058.0	70964.9	62676.6	55163.6	57708.4	135854.0	78695.7	52828.7	134163.0	59204.9	112178.0	82265.1
P10124	SRGN_HUMAN	SRGN	Serglycin	1482350.0	1447130.0	1920590.0	1524470.0	1614760.0	2071750.0	1877620.0	1557210.0	2013070.0	2568750.0	1506000.0	2332260.0	516384.0	1637150.0	1828550.0	893331.0	1307020.0	1336750.0	1877150.0	8179.03	30434.1	1633260.0	8800.2	234859.0	523937.0	1429520.0	521321.0	2813400.0	913465.0	695046.0	2592570.0	98295.2	741914.0	448460.0	1917880.0	2273000.0	965531.0	1308430.0	1462890.0	697605.0	1370030.0	698118.0	112933.0	1089310.0	986451.0	1299790.0	1314610.0	1360110.0
P10321	HLAC_HUMAN	HLA-C	HLA class I histocompatibility antigen, C alpha chain	17403.6	12471.3		12997.9	7421.97	7609.71		7853.28						7779.02					17349.8					9718.01	15406.8	13669.3	19905.9			10670.4	13118.4	6989.0	11270.8	16540.8		11220.7	17615.5	5180.5	7727.47	8462.59	6772.51	8425.8	5325.18	9051.83	6727.41		9646.0	
P10412;P16402;P16403	H12_HUMAN;H13_HUMAN;H14_HUMAN	H1-2;H1-3;H1-4	Histone H1.4	14944.1	14297.9	8458.14	14785.9	12495.7		6151.26	10446.7	10121.6	21997.8	9133.22						4098.39	3801.12	13048.0					4661.54	10558.6	5566.32				9343.91	15905.9			193025.0					30276.1	3314.88				2916.06		10427.2		11484.2
P10451	OSTP_HUMAN	SPP1	Osteopontin	193932.0	196942.0	83747.8	198064.0	331975.0	63756.4	88496.2	65908.8	78998.6	85177.5	205382.0	93712.8	371622.0	98579.8	183960.0	113691.0	102641.0	142675.0	140509.0	196998.0	292365.0	584566.0	294421.0	118238.0	200531.0	325235.0	533105.0	122743.0	530980.0	900167.0	868865.0	164684.0	201704.0	705918.0	379600.0	487958.0	832219.0	715278.0	438690.0	355445.0	775296.0	214152.0	252225.0	204727.0	187407.0	394419.0	461716.0	420089.0
P10586	PTPRF_HUMAN	PTPRF	Receptor-type tyrosine-protein phosphatase F	20988.8	22200.3	15310.1	20972.4	21796.2	14475.2	16754.5	14412.1	16331.5	11848.8	12326.5	17695.8	19871.3	15039.9	14881.5	17262.3	10411.4	11992.5	13157.8	35438.2	19354.5	10780.4	22832.0	22064.8	18189.8	31196.3	37758.8	12322.8	23402.9	23786.1	16638.7	28184.8	20697.1	22235.8	22290.8	24264.4	20289.8	24699.1	17793.0	16002.3	22890.5	17636.7	24303.8	19006.7	17291.7	16386.6	19268.0	19668.9
P10599	THIO_HUMAN	TXN	Thioredoxin	22408.1	18774.5	22659.7	16773.3	22809.3	25684.9	24078.3	19340.0	22777.9	16950.8	41080.3	9500.54	17667.4	26159.5	12798.6	28237.4	13705.5	22002.7	36701.8	21920.9		23443.8	12479.1	17317.1	28237.0	20536.1	12997.1	19382.8	10959.4	24221.7	29193.3	18602.0	18033.0	25721.0	11300.2	14880.3	42572.5	16810.0	41936.0	29100.3	23536.5	31283.7	53960.4	32680.8	26670.5	28707.7	29261.8	26279.3
P10619	PPGB_HUMAN	CTSA	Lysosomal protective protein	17322.4	19606.0	19401.7	24271.6	13548.3	39956.7	26734.9	19877.7	26154.3	14218.9	6837.59	25104.5	11059.6	22495.7	19616.7	11064.1	8613.71	14498.1	32337.0	13017.7	7649.74	16302.5	2260.72	13455.7	9850.98	27063.4	25703.8	20246.3	13596.1	23906.4	35903.5	6812.44	18761.6	7118.31	18120.3	20134.0	9154.74	14995.5	31065.6	9432.73	12650.3	22879.0	7957.05	28303.6	27655.9	13472.4	16464.6	16938.5
P10643	CO7_HUMAN	C7	Complement component C7	1469280.0	1545040.0	1699730.0	1469940.0	2711610.0	1694800.0	1506260.0	1356860.0	1632910.0	1923770.0	1292780.0	1538630.0	1121810.0	1411580.0	1619630.0	1056660.0	1265760.0	1214470.0	1542800.0	2719070.0	1178300.0	1236280.0	2403520.0	1545860.0	1951160.0	1796870.0	2059700.0	1135730.0	1489330.0	2304310.0	1068630.0	2026320.0	1596510.0	981634.0	1774340.0	1788810.0	1391640.0	3963310.0	1018390.0	1171440.0	3712190.0	2295870.0	2144270.0	2134380.0	2187210.0	1454000.0	1436120.0	1385580.0
P10645	CMGA_HUMAN	CHGA	Chromogranin-A	136089.0	122228.0	124224.0	138229.0	761683.0	31286.1	87431.5	44613.2	81850.1	35623.8	53491.3	102082.0	29813.9	26580.7	113142.0	59793.3	23311.4	33687.5	76313.2	86789.5	150737.0	132335.0	136870.0	64895.9	70923.0	202346.0	109097.0	117282.0	287961.0	147979.0	321659.0	37310.8	217867.0	738308.0	539658.0	595240.0	502573.0	2200250.0	160820.0	571757.0	2412390.0	122372.0	46793.5	118742.0	108769.0	583946.0	566582.0	536399.0
P10646	TFPI1_HUMAN	TFPI	Tissue factor pathway inhibitor	11636.5	13758.9	20123.2	9966.17	38387.2	13066.4	15410.3	6466.45	14226.3	6370.64	13797.8	14178.2	4403.25	10786.4	19668.8	16909.0	7279.06	13975.6	18145.4	25325.5	12596.9	9618.07	30050.0	7560.17	10310.5	16608.1	10350.7	15303.4	18050.5	17263.7	22823.8	9506.04	13032.0	82867.8	17600.9	17006.3	19800.9	15234.9	25857.8	17372.5	12612.4	14071.1	7990.8	13523.8	12370.2	19401.0	15506.9	16637.1
P10721	KIT_HUMAN	KIT	Mast/stem cell growth factor receptor Kit	5116.61	4688.07	6261.86	4096.99	7753.67	2804.55	4696.97		5833.22	4958.29	3642.3	6220.93		5178.84	9588.6	5673.11	5503.67	4538.7	1859.84				2398.93	2340.56	4833.59	2078.01	1878.32		2651.03	1549.65		1703.13		2278.95		2663.9	2871.09		1746.34		1633.55	4428.69	3261.22	3101.35	5166.39	2845.2	3474.97	3181.87
P10745	RET3_HUMAN	RBP3	Retinol-binding protein 3	23219.2	29178.5		25341.6		30390.2	21039.4	30958.8	27608.6	33962.9	22817.9	28314.2	31452.5	22710.2			25513.0	27298.6	18098.6	15526.2	19637.4	14082.5	13219.8	23535.1	21263.7	13940.3	15678.7	17289.6	16805.8	17203.8	13130.6	22336.6	25396.8	17355.7	26418.7	20040.9	14341.2	19213.0	11602.3	15133.4	17565.3		16338.6		23654.8	20358.2	18261.4	13775.9
P10809	CH60_HUMAN	HSPD1	60 kDa heat shock protein, mitochondrial	1952.84			2055.29																3439.49				1614.8		2040.38	2278.78				1102.87								2770.7					1722.06				
P10909	CLUS_HUMAN	CLU	Clusterin	3862130.0	4368430.0	3595280.0	3992620.0	2362330.0	4138290.0	2584750.0	3171200.0	3585560.0	4342950.0	2896910.0	2383790.0	4891240.0	3215080.0	3480920.0	4175010.0	4250030.0	3984050.0	2777930.0	2407030.0	3152910.0	4156170.0	3556620.0	4028930.0	2761200.0	3098600.0	3760590.0	2625070.0	3061140.0	2387350.0	3574830.0	2490650.0	3849040.0	4554770.0	3843780.0	4493030.0	2418970.0	3097230.0	2871070.0	3068760.0	2921500.0	3910950.0	3146860.0	3686620.0	3569710.0	2852850.0	3086680.0	2967940.0
P11021	BIP_HUMAN	HSPA5	Endoplasmic reticulum chaperone BiP	291286.0	303364.0	264301.0	296712.0	216925.0	306057.0	229972.0	201641.0	269790.0	233141.0	191510.0	204527.0	182211.0	251225.0	254629.0	196933.0	228227.0	219266.0	196355.0	458519.0	118845.0	184447.0	241173.0	352635.0	183552.0	279292.0	344589.0	183966.0	154375.0	247426.0	222421.0	280435.0	281262.0	515300.0	235286.0	236682.0	194324.0	279381.0	184444.0	177269.0	249381.0	265403.0	273527.0	255419.0	251954.0	195386.0	203067.0	191568.0
P11047	LAMC1_HUMAN	LAMC1	Laminin subunit gamma-1	15867.7	18776.2	10222.4	19008.5	33311.4	18426.1	19500.4	7033.19	11109.8	10150.5	17712.4	22302.7		11196.6	18714.9	10379.0	15227.6	17109.9	20039.6	55937.1	48343.8	24012.2	50492.1	22673.5	15200.1	43670.2	44568.9	11530.2	27392.7	39493.3	16117.7	20418.1	16376.6	31052.2	14882.8	13625.4	22885.8	20688.9	31906.8	24050.9	19113.4	20267.4	17306.7	19853.2	20219.2	18012.9	17049.6	18216.9
P11142	HSP7C_HUMAN	HSPA8	Heat shock cognate 71 kDa protein	72536.3	73911.2	30672.0	77549.4	42858.2	44782.9	37057.0	36138.9	28834.6	24253.1	42392.4	23885.2	22790.3	38081.3	20312.0	19074.0	16953.4	19364.1	45859.5	52846.3	18510.2	19937.2	21104.5	23987.8	23324.7	43944.0	42325.9	16795.8	13566.0	50129.2	32285.9	16371.3	35002.2	78049.3	28323.0	30031.0	61802.4	26529.1	37179.8	28796.3	25564.9	31279.2	19257.8	29052.5	26387.0	30860.6	29971.4	27390.3
P11150	LIPC_HUMAN	LIPC	Hepatic triacylglycerol lipase	5896.05	6786.42	6858.09	7282.84	14650.7	4611.29	3649.53		2640.3								4115.8	5604.64			5567.72		4584.48	6537.98		8675.95	5591.72		4357.08		5912.52			25152.1	2255.15	2125.0	4195.32	2993.83		5084.16		3372.09	3736.18			3866.11	4226.77	
P11166	GTR1_HUMAN	SLC2A1	Solute carrier family 2, facilitated glucose transporter member 1	3578.76	3332.99		3881.26	3753.36	17684.0	3177.75	3125.35				6567.86		2213.78		7118.21	2233.36		6170.7	24456.9			7222.25	4407.42	3855.52	3257.18	10897.0			7910.82				8232.65			7114.4	3928.96	2008.28					2465.28	4500.34	2229.83		
P11169	GTR3_HUMAN	SLC2A3	Solute carrier family 2, facilitated glucose transporter member 3	13197.6	12562.3	8471.01	21161.9	14444.7	29109.5	5821.72	11284.5	8177.93			9600.5	5138.03	9603.24	6077.18			3248.58	27571.1					17225.7	6512.9	39782.1	1811.34	10841.5		28174.6	7614.97		2082.29	7450.05		1908.49	17262.9	4367.11	15091.2	4704.18	4765.99	15691.8		17287.8	11761.8	6632.07	7566.66	5420.37
P11215	ITAM_HUMAN	ITGAM	Integrin alpha-M																								33917.8			31402.9				45133.6			26189.7				15856.8		13368.2						25949.3		
P11216	PYGB_HUMAN	PYGB	Glycogen phosphorylase, brain form				2493.07	1582.52	1649.21								1603.28					2616.88	4936.67		1780.52	1151.38				3129.17			4653.44	1967.34			3243.08						2335.34		1655.67		2307.99	2425.25			
P11226	MBL2_HUMAN	MBL2	Mannose-binding protein C	1257010.0	1163110.0	892230.0	1241280.0	767062.0	1964870.0	173164.0	409112.0	606313.0	198575.0	208526.0	176429.0	310729.0	1680850.0	1939210.0	1795260.0	581353.0	563894.0	2094270.0	81717.3	158525.0	1091760.0	155457.0	2368400.0	1164520.0	2131930.0	685984.0	267528.0	855116.0	2189910.0	756970.0	64681.2	883766.0	847853.0	1540930.0	1506830.0	571344.0	384648.0	885391.0	1895160.0	390061.0	2695380.0	55149.7	2521290.0	2408200.0	1012890.0	1218760.0	1045470.0
P11277	SPTB1_HUMAN	SPTB	Spectrin beta chain, erythrocytic	1450.28	1380.34		1629.2	1328.15		926.504					1338.51								1625.63							2433.56									2204.39	5432.72	1479.32	887.841				1141.47					
P11362	FGFR1_HUMAN	FGFR1	Fibroblast growth factor receptor 1	219026.0	219653.0	230264.0	259384.0	572506.0	211348.0	229140.0	209021.0	221824.0	164910.0	121608.0	294770.0	133316.0	124330.0	205642.0	162256.0	123193.0	146006.0	148146.0	131565.0	122708.0	160166.0	165460.0	182804.0	182145.0	273669.0	221789.0	214090.0	162664.0	231256.0	173813.0	143763.0	264012.0	227583.0	137385.0	168608.0	295170.0	376936.0	243971.0	151778.0	389297.0	281036.0	161919.0	314260.0	304099.0	247627.0	265416.0	249734.0
P11413	G6PD_HUMAN	G6PD	Glucose-6-phosphate 1-dehydrogenase	16022.2	15751.9	6586.91	15010.2	7056.11	9936.79	5893.88	8232.37	4994.32	10013.1	7334.56	6062.68	9297.15	8612.29	8942.63	4326.92	3708.57	3055.13	10746.3					5417.67	7658.4	7604.43	9496.12		3675.77	16530.7	12025.7	3535.55	9355.16	43298.6	5541.89	5242.75	10902.5	5173.84	11498.9	6758.17	5047.75	10265.9		9346.49	8224.54	8415.08	8319.84	8516.74
P11586	C1TC_HUMAN	MTHFD1	C-1-tetrahydrofolate synthase, cytoplasmic	2700.4	4371.65	2065.76	2294.24	1537.02	1399.47	1215.77		930.674									1333.0	2896.32	4291.37				1138.46		2052.55	3219.34			3412.39				7953.42	2123.53		3588.74	1905.81	1849.55	2034.23		2658.15		2246.9	2178.05			
P11597	CETP_HUMAN	CETP	Cholesteryl ester transfer protein	1920600.0	2056070.0	849080.0	1918490.0	755596.0	836948.0	1248510.0	734522.0	763806.0	1098110.0	900926.0	1382360.0	747968.0	519944.0	953910.0	1612130.0	1593620.0	1954850.0	1019790.0	241906.0	273960.0	2070070.0	213761.0	1289890.0	957820.0	1303870.0	311728.0	2720430.0	1146700.0	542496.0	392458.0	855378.0	1347890.0	726500.0	1182390.0	1335610.0	458530.0	1541810.0	1073560.0	1223460.0	1577250.0	934276.0	880499.0	1033740.0	1122370.0	1151050.0	1167570.0	1162540.0
P11678	PERE_HUMAN	EPX	Eosinophil peroxidase	54029.8	52184.5	26005.1	54176.1	2788.19	9359.62	2999.59	9924.02	24326.1	26890.4		2677.19	16606.6	10577.2	19484.1	5757.5		1932.1	5992.44			2547.15			7852.29	3700.49				10665.9	12904.1		742.587	5488.49					10629.6	16897.3	3147.14	21348.6		28963.2	24078.9	9113.34	8368.09	9051.9
P11684	UTER_HUMAN	SCGB1A1	Uteroglobin	2114.34	1028.3		1210.21	18827.5	717.924	2011.95		2045.82	4172.7	2565.82	3426.5		1803.49	1873.8	959.618	1510.55	1607.33	2321.82		4551.99		4169.97		2656.05		1743.91	2189.38	2311.65	3250.39			2689.24	13315.0		771.224	10733.7	9420.09	1054.62	2324.94	10614.9	1059.25		925.839	1837.8	7565.04	6852.31	5697.05
P11717	MPRI_HUMAN	IGF2R	Cation-independent mannose-6-phosphate receptor	6992.71	7139.76	6667.94	6145.62	11561.6	8414.82	18035.7	9447.57	7215.42	9701.56	6565.43	18425.2	6721.92	9055.8	8640.98	7980.58	6691.48	9708.77	12571.4	20823.3	15105.4	18115.0	18998.3	10966.8	16846.1	11228.6	14347.3	9325.56	11094.1	12328.4	14061.7	9281.13	11819.1	14464.4	11156.7	11146.7	8011.56	10845.6	10780.5	11618.3	11048.3	7887.13	7498.08	10001.5	8139.33	9482.79	10397.7	11725.8
P11940	PABP1_HUMAN	PABPC1	Polyadenylate-binding protein 1	6760.68	9380.85	4152.42	5474.8	3898.21	2375.63	3078.21		2944.25			2727.27			3608.13	1557.3		2273.08	7490.79	6429.62			7269.22	4396.83	6364.21	8176.53	8273.7		3019.5	6784.86	4992.66	3352.84	3482.97	16551.4	2366.07	1485.99	5970.96	2938.88	3784.26	3901.4	3349.89	4103.86	1509.27	3434.75		3731.18	2603.96	3561.56
P12109	CO6A1_HUMAN	COL6A1	Collagen alpha-1(VI) chain	31991.0	31317.6	24941.0	30761.1	61849.6	34291.4	25624.8	19923.4	24336.4	27663.1	37066.3	23428.3	50392.4	29019.3	18817.7	19496.3	25288.7	29648.0	24027.2	113525.0	62469.9	31216.7	56606.1	24266.4	53371.3	55114.5	97225.8	19499.2	42907.8	86176.1	44467.0	33337.7	22871.3	51454.5	26958.8	25407.0	51938.6	46888.8	26036.4	45281.1	43655.2	60695.7	30293.7	49428.4	50963.6	30384.7	36029.2	36609.1
P12110	CO6A2_HUMAN	COL6A2	Collagen alpha-2(VI) chain	49596.8	56250.9	57387.0	65147.6	123572.0	63886.6	62906.2	50148.9	50274.3	51101.4	48665.7	54202.0	61586.6	40053.4	46574.5	49534.5	42862.8	44073.7	48663.3	146427.0	92256.9	78185.7	107879.0	37622.1	52752.6	124432.0	322990.0	52847.1	70303.4	112144.0	96421.9	58872.8	59250.4	214489.0	56181.7	66551.0	64877.5	114323.0	47966.2	101327.0	114223.0	78479.8	67153.8	73494.2	76142.4	85165.7	80242.6	76756.8
P12111	CO6A3_HUMAN	COL6A3	Collagen alpha-3(VI) chain	35566.6	39268.0	25240.6	34863.8	62404.4	25352.3	26009.1	23216.2	26585.8	29113.6	20552.3	25197.9	35694.2	20583.0	28088.2	32604.3	20704.3	22715.9	23097.7	65169.1	53891.7	32019.6	72865.7	30739.7	22045.9	41436.9	104679.0	29839.6	40456.9	66186.8	50483.5	36138.6	30911.8	92008.4	34796.5	30813.4	38810.1	60987.7	38763.7	50011.4	60498.4	37296.2	35993.4	38821.4	40348.4	36767.9	35394.7	38774.3
P12259	FA5_HUMAN	F5	Coagulation factor V	1158850.0	1193630.0	896083.0	1155220.0	1195300.0	988661.0	1215960.0	728859.0	895621.0	629968.0	680986.0	1101490.0	595544.0	780819.0	1211810.0	894926.0	1064430.0	1094380.0	829886.0	1274980.0	1463030.0	1395950.0	2366070.0	1379680.0	587665.0	1355110.0	1191720.0	761694.0	1713830.0	585017.0	900318.0	1677920.0	1502160.0	1076240.0	1308340.0	1323660.0	743338.0	788150.0	883969.0	859764.0	756407.0	642252.0	1591360.0	633318.0	643103.0	906084.0	918296.0	931472.0
P12273	PIP_HUMAN	PIP	Prolactin-inducible protein	7422.12	6364.99	16330.7	4152.25	5934.48	6187.99	10455.5	5358.09	37838.1	14284.5	16932.2	4680.07	10977.4	8483.12	5413.52	16468.1	8615.81	12919.6	15652.5	10054.4	9581.06	4552.15	2841.87	10063.2	10488.6	4528.8	2893.2	8526.41	4595.19	16985.1	19180.6	8148.82	8177.49	4000.2	3967.48	7324.48	9077.51	3852.7	6872.87	12050.9	9886.7	12431.1	14968.4	13210.3	28281.9	11514.3	12752.7	14012.4
P12277	KCRB_HUMAN	CKB	Creatine kinase B-type		1623.58													15402.2												1470.81							1393.36						2915.09								
P12429	ANXA3_HUMAN	ANXA3	Annexin A3	5407.78	6126.21		3434.0	3649.71	9047.95	2849.94	4367.16		15398.4	3613.91	2282.32	7008.65	7850.52	2929.42			1166.64	7436.67					7375.4	6964.56	2551.99	5881.35			12605.2	10446.8		5341.09	24148.1	2997.53		5829.91		9775.82	7940.05		4877.41		5803.71	8211.72	6775.0	5475.11	5148.04
P12724	ECP_HUMAN	RNASE3	Eosinophil cationic protein	29132.8	29199.0	19205.5	25216.3		4634.67	3340.19	6197.13	12977.0	6199.55	5918.96	3509.56	8529.34	6169.02	8543.53	3938.89			9284.23							3338.96	3585.22			6764.07	16901.0			27346.1					10042.2	21506.2		11231.1		11790.0	9848.83	6344.31	5809.69	7233.73
P12814	ACTN1_HUMAN	ACTN1	Alpha-actinin-1	23403.8	24811.6	16779.2	21991.8	14110.7	32816.2	8779.59	37578.1	16551.9	14301.9	11148.0	7834.29	21394.3	27536.2	11237.9	10475.6	5897.56	7599.05	30754.0	3208.22		5660.75	1054.79	17050.8	13235.5	33297.7	6545.73	12511.4	3787.84	41560.7	12192.3		11813.4	26014.3	5602.45	4428.29	35574.4	6162.96	18901.2	6654.81	7379.16	29016.5		30445.7	24801.3	13502.3	10630.4	13219.4
P12821	ACE_HUMAN	ACE	Angiotensin-converting enzyme	17383.6	17221.2	11358.4	19128.0	20341.8	13387.9	23765.1	13018.7	12237.3		8370.43	21303.0	37774.3		6770.9	11681.1	4459.83	7170.29	6122.48	13550.3	16239.6	15859.6	10729.6	12002.1	12323.5	14806.9	20792.6		14060.7	12267.6	7655.91	8539.85	5998.26	17474.7	7505.8	7556.24	13408.5	13363.0	13403.9	7620.38	11289.9	18249.4	11175.0	14506.4	12259.6	10535.9	9665.98	8912.9
P12830	CADH1_HUMAN	CDH1	Cadherin-1	363208.0	384738.0	292154.0	375443.0	667364.0	282654.0	365403.0	277424.0	306011.0	227537.0	255734.0	338520.0	290641.0	214735.0	385903.0	331655.0	233228.0	253884.0	192570.0	558438.0	155224.0	554618.0	452841.0	422091.0	604418.0	571786.0	820336.0	267593.0	286726.0	1071220.0	327137.0	268769.0	405786.0	755632.0	327204.0	287542.0	814667.0	830787.0	937247.0	247975.0	685890.0	930485.0	224655.0	937435.0	924698.0	375354.0	362608.0	380259.0
P12883	MYH7_HUMAN	MYH7	Myosin-7	3651.62			2684.98	42066.0			5028.19											7779.97	40537.6				11938.5		9123.94	6955.75		14121.6	6991.04	58019.3	3685.94	28854.5	9716.79	37002.0	34116.1	7067.82			19319.0						10259.0	9485.91	11135.1
P12931;P07947	SRC_HUMAN;YES_HUMAN	SRC;YES1	Tyrosine-protein kinase Yes	13237.1	12852.8	4955.69	13707.6	7312.24	7210.46		8473.56											7986.04							10264.8				9109.81							5499.66					5818.47		8269.58	6520.46			
P12955	PEPD_HUMAN	PEPD	Xaa-Pro dipeptidase	61503.9	66758.9	47939.3	61776.9	41033.7	66837.2	60149.0	63959.4	45924.6	27653.6	32028.6	54618.0	58381.1	47640.1	34278.3	40474.1	27124.3	27860.7	36030.5	95359.0	72400.2	33104.5	97338.8	43309.4	45602.4	43950.4	62907.0	25147.4	56916.3	53950.2	35177.4	59254.6	31959.2	129416.0	27392.3	28801.9	36956.7	32219.3	40663.0	38642.7	30399.5	56513.4	59956.2	45580.5	43510.9	33965.8	33858.0	34904.0
P12956	XRCC6_HUMAN	XRCC6	X-ray repair cross-complementing protein 6	4145.61	10192.7	4214.41	5383.03																											9326.08			22345.8					7910.09									
P13224	GP1BB_HUMAN	GP1BB	Platelet glycoprotein Ib beta chain	22400.0	19321.4	27936.6	19059.1	13264.9	44593.3	8145.57	44378.6	19466.3		4951.29	12326.9	14397.5	39861.9	6070.71	3850.14	7357.47	5518.18	50913.5			1417.44		23638.5	6995.05	61524.5	3601.1	21291.6		33883.8	11802.2			6576.86	3609.3	4307.97	25221.5	13332.9	23259.9	5842.44	11049.9	35782.3	1935.0	40194.3	32537.0	7538.08	9928.77	11466.5
P13473	LAMP2_HUMAN	LAMP2	Lysosome-associated membrane glycoprotein 2	30341.0	31567.5	42649.1	35362.1	20485.1	48815.5	58538.6	46589.1	53707.8	62833.8	61328.9	50586.6	73764.7	52864.9	45456.1	40474.7	30894.6	42933.8	23972.6	40049.7	83747.5	63272.2	37305.5	38347.2	39221.4	14801.1	23518.3	48418.9	31222.1	28210.1	27343.8	31101.1	37527.4	16348.4	19312.6	25204.1	19307.9	23655.1	24080.9	25406.9	16521.3	34782.3	28756.8	38533.7	39886.6	32121.0	22310.6	24838.4
P13489	RINI_HUMAN	RNH1	Ribonuclease inhibitor	12754.1	13781.1	6059.71	11441.1	8441.53	12184.0	8777.74	8532.82	6093.75	6158.57	6785.3	7330.27	6941.66		7222.88	9340.61	4743.9	5945.03	12449.1	20655.9	3489.16	12846.2	13990.9	7205.9	7614.44	20156.9	26154.4	7629.14	10099.1	19532.1	11744.9	14172.3	8576.67	73384.3	18506.5	15756.7	32800.9	19576.0	15217.3	9630.04	18483.3	11943.4	11342.2	12225.8	9354.12	13349.4	9968.07	12630.7
P13497	BMP1_HUMAN	BMP1	Bone morphogenetic protein 1	10576.1	13171.7	9358.57	12536.2	33915.9	18663.7	9972.03	8019.39	13239.7	10550.5	10838.7	9552.06	12999.9	15521.9	15605.8	12840.0	15999.6	13609.0	18443.5	8677.93	15307.1	18247.2	21707.0	12110.5	17534.1	13769.6	19590.6	16202.0	19116.5	25191.2	25911.4	6723.73	17857.0	52734.1	19026.2	20488.4	49546.5	42170.5	23470.0	24481.1	43508.7	11863.2	15227.3	14424.7	13401.3	22984.4	26313.6	24965.8
P13591	NCAM1_HUMAN	NCAM1	Neural cell adhesion molecule 1	158466.0	157711.0	163186.0	168546.0	225605.0	111671.0	107454.0	111891.0	148169.0	105185.0	82032.5	94931.6	73712.8	112768.0	83831.5	97477.0	117425.0	105369.0	76560.7	83547.5	46527.0	33916.9	70293.9	117050.0	153775.0	97306.5	207974.0	100269.0	58485.5	81556.9	147486.0	66869.4	101336.0	104978.0	97036.6	98445.7	76006.4	139412.0	74235.8	157868.0	130213.0	141987.0	75035.6	119856.0	118575.0	79960.6	85550.1	92743.0
P13598	ICAM2_HUMAN	ICAM2	Intercellular adhesion molecule 2	1446.24	2128.77	2714.31	2529.7	4166.73	6068.64	3812.27	8133.92	5638.36	7964.83	18679.6	9196.89	17944.4	12896.3	5667.03	4893.02			6179.24	5500.19	11399.0	12105.9	2069.45	3835.57	10940.9	2388.5	3970.71	6741.33	2246.76	3906.88	6117.83		3586.36	3417.15	3585.69	2100.12	4671.16	2431.96	14049.4	7373.49	7562.24	3965.78	2337.15	4923.66	4356.14	10524.2	9219.47	12216.4
P13611	CSPG2_HUMAN	VCAN	Versican core protein	94004.3	92965.7	90891.8	99428.1	133906.0	51231.9	89918.6	51711.1	71071.9	56966.7	52756.1	95328.2	26505.9	48196.4	65531.1	57299.1	36093.6	42730.9	146720.0	88147.1	141614.0	134619.0	70749.5	175387.0	473068.0	237686.0	383467.0	112481.0	238849.0	208285.0	221099.0	80106.8	176300.0	244023.0	161712.0	167303.0	270158.0	128143.0	226187.0	110243.0	143756.0	159189.0	101567.0	163383.0	158179.0	140894.0	137654.0	134921.0
P13639	EF2_HUMAN	EEF2	Elongation factor 2	5545.75	4667.08	4939.15	5529.18	4292.27	3283.39	3995.19		4569.33	5009.36	7082.91	2677.73	8112.15	6526.12	3344.58	6886.57		3001.94	4569.44	7091.25		6739.83	4898.68	3526.24	7600.56	3866.75	6878.47	2716.87	4336.67	4337.46	7404.4		5488.21	9361.27	4636.93	2926.32	4831.91	3408.48	6072.91	6337.29	8192.73	4702.99	2604.28	4115.73		4333.08	2511.12	3896.72
P13645	K1C10_HUMAN	KRT10	Keratin, type I cytoskeletal 10	1618070.0	780695.0	1759780.0	759630.0	979854.0	577288.0	967804.0	1327600.0	1549670.0	1460460.0	2795760.0	389477.0	1667070.0	1814340.0	767871.0	2349500.0	1258210.0	1137160.0	1777830.0	1257420.0	1244870.0	1504850.0	436454.0	1249780.0	1748120.0	587873.0	528224.0	1074140.0	531390.0	1278040.0	1464330.0	675931.0	782762.0	563072.0	646372.0	677135.0	1740850.0	684218.0	1436780.0	1464560.0	1261880.0	1133930.0	2251220.0	1577930.0	1170480.0	1538860.0	1508660.0	1548920.0
P13646	K1C13_HUMAN	KRT13	Keratin, type I cytoskeletal 13		7148.78	23135.2	120086.0					43743.3	17785.6				27478.0	51947.7	70815.3		67306.8		25618.0			5054.96	44835.2	64094.6	3680.51	22409.0				26459.8	22035.1	16043.5			24951.7			11242.2	14242.3		9216.99	94517.2	11814.0	9856.05		13614.9	
P13647	K2C5_HUMAN	KRT5	Keratin, type II cytoskeletal 5	310506.0	180795.0	398234.0	168785.0	155798.0	106815.0	181142.0	242515.0	328686.0	271954.0	333486.0	126535.0	181846.0	241340.0	109213.0	348760.0	161747.0	193751.0	268724.0	237922.0	146899.0	164657.0	77767.1	245237.0	287198.0	185751.0	159358.0	246381.0	205684.0	280914.0	303190.0	148559.0	322441.0	178324.0	248838.0	217820.0	414681.0	164052.0	324141.0	337408.0	274060.0	247967.0	547942.0	254739.0	214150.0	235643.0	223366.0	225876.0
P13667	PDIA4_HUMAN	PDIA4	Protein disulfide-isomerase A4	42890.1	41661.0	31582.8	43634.4	57382.8	23933.1	38157.5	15409.5	25422.7	19221.3	30843.7	35200.8	9308.38	16849.8	33201.4	22840.1	25436.3	33459.3	59921.1	81978.3	30867.5	45010.5	49434.5	53160.2	32088.2	92440.6	57765.9	36778.5	52954.5	40277.8	132516.0	38503.2	40639.9	92070.0	55182.3	57426.7	45274.3	44833.2	74914.1	66230.9	48749.7	43024.1	43718.0	45821.4	37111.7	52696.5	57039.8	49717.6
P13671	CO6_HUMAN	C6	Complement component C6	3352190.0	3696540.0	3138200.0	3676000.0	3007460.0	3244040.0	2587510.0	2229350.0	2888700.0	3371590.0	2822010.0	2632630.0	2402130.0	2375120.0	2872830.0	2816110.0	4300290.0	4953940.0	3102950.0	3580390.0	1521600.0	2936230.0	3827340.0	2619800.0	1795640.0	2849350.0	3825420.0	2230260.0	2512830.0	2164500.0	2871460.0	4293010.0	2466730.0	2241270.0	3702700.0	3884790.0	2540960.0	3030080.0	2770840.0	3853870.0	2871700.0	2598810.0	4166550.0	2474030.0	2528370.0	2359720.0	2387730.0	2340060.0
P13693	TCTP_HUMAN	TPT1	Translationally-controlled tumor protein	16536.2	20203.3		21379.1															16755.1					9476.29		6080.19				16974.9	6479.16			16715.4			9575.68		4879.35			10953.9		7660.7				
P13727	PRG2_HUMAN	PRG2	Bone marrow proteoglycan	147257.0	137815.0	441907.0	153334.0	239595.0	81248.7	104716.0	82205.8	371615.0	158071.0	169864.0	142897.0	342432.0	143430.0	186734.0	161565.0	67788.1	50579.4	191395.0	19229.8	53614.2	363853.0	36911.9	49074.1	354266.0	193528.0	172753.0	197070.0	178690.0	129693.0	271706.0	20608.2	174119.0	705856.0	248060.0	268192.0	161435.0	382508.0	113864.0	261145.0	419962.0	352761.0	17474.1	423038.0	403604.0	329440.0	321685.0	329065.0
P13796	PLSL_HUMAN	LCP1	Plastin-2	17288.7	16686.3	16976.4	17872.6	18856.0	20842.9	25942.0	23460.3	23067.9	63120.8	58219.3	35665.1	86177.5	144658.0	24714.5	26871.8	20708.5	17720.7	43627.3	41786.1	53668.2	73544.2	70909.2	22013.6	37782.0	34411.0	63874.8	42661.4	33472.8	40555.3	32463.2	18126.2	32859.4	78774.4	22975.9	20570.9	40821.5	59904.4	53696.8	66405.3	58809.9	18222.7	17720.1	20002.5	22787.0	36312.5	41631.6	38402.0
P13797	PLST_HUMAN	PLS3	Plastin-3	5791.29	4239.81	4681.71	8909.35	10060.5	5922.59	5022.81	6188.84	5825.88	8427.6		6237.57					4789.56	6081.68	5852.44	21729.9			18358.8	7497.47	5346.5	7717.72	3917.7	4375.78	9491.86	5339.9	6039.44	6985.91		6877.48	5641.65	6205.11		5625.84	8342.81	7691.75		5910.57	7319.21	8525.06	5283.98	4279.54	4449.39	5949.29
P13805	TNNT1_HUMAN	TNNT1	Troponin T, slow skeletal muscle					60173.3														5355.48	37349.6					5560.06	6847.74	13063.7		52622.8	19155.5	84848.6		162193.0	221334.0	73047.4	79542.5	23775.8	6679.98	9477.19	194287.0	5936.28					72119.3	77240.2	77555.2
P13807	GYS1_HUMAN	GYS1	Glycogen [starch] synthase, muscle				783.385															701.801					659.198		503.563				863.4	2157.78			5390.11			1191.2		3126.17						453.966			
P13861	KAP2_HUMAN	PRKAR2A	cAMP-dependent protein kinase type II-alpha regulatory subunit	6525.08	8203.92		7908.0	3517.01		1449.84	2597.44									1141.84		3473.42	2798.42				1446.91		6797.44	2709.41			6316.69	4113.92			10779.8			5249.71	1428.42	3408.36	3895.65		2767.43		3615.09	4356.34	3270.36	2275.85	3522.59
P13929	ENOB_HUMAN	ENO3	Beta-enolase	12780.5	16566.1	10134.4	10769.1	6574.46	10135.6	6372.2		6346.59						4805.18											5366.24				6467.88	5451.62			13861.1						2860.84		4518.74		1602.35				
P14151	LYAM1_HUMAN	SELL	L-selectin	10088.8	8080.57	16278.0	11704.8	8773.74	16538.5	17585.6	13887.4	18548.2	16453.6	22588.0	17315.0	27742.5	25834.5	13843.9	14349.5		14695.5		5702.06		26348.2			33636.7	7821.72	10119.4	17802.3			8503.24			11328.4	11249.7	12190.9	12886.3			11939.8				10912.1	15380.0	16070.3	17676.4	17312.9
P14222	PERF_HUMAN	PRF1	Perforin-1	2532.43	2131.28	2282.82	2344.3		2215.48			2234.0		2014.68		3405.26	2440.32				1570.54	1882.35			1467.36			1799.55	3363.6	4365.56		2263.08	3359.94	5839.76						2501.28	2368.65				2184.96		3957.31	4418.66	1277.1		
P14314	GLU2B_HUMAN	PRKCSH	Glucosidase 2 subunit beta	141825.0	145468.0	110383.0	164790.0	487841.0	109950.0	126672.0	75743.3	108703.0	103627.0	165072.0	160352.0	64855.1	92158.4	158009.0	92028.5	83169.5	82926.9	159000.0	92283.9	98999.3	141891.0	215455.0	115235.0	173755.0	230594.0	245438.0	127078.0	142634.0	165402.0	331257.0	111440.0	142807.0	533652.0	231931.0	253427.0	142333.0	236336.0	145729.0	206399.0	234671.0	157093.0	122637.0	201026.0	176756.0	244411.0	228559.0	225351.0
P14317	HCLS1_HUMAN	HCLS1	Hematopoietic lineage cell-specific protein	13289.0	11948.5	8555.76	14409.0	13470.8	15540.5	9958.31	17326.6	10439.8	28441.7	16651.4	11662.2	5265.16	9355.71	23661.0	7354.37	6438.3	4755.87	24491.9	2787.36		12086.6	4896.68	8563.54	42311.6	10622.7	19762.9	3647.4	5675.0	16503.4	20985.1		17638.7	147382.0	11102.4	12446.2	30208.5	18634.0	38108.4	9245.2	18432.0	9557.83	1848.68	19427.1	15276.2	28975.0	35464.1	29174.0
P14324	FPPS_HUMAN	FDPS	Farnesyl pyrophosphate synthase	3302.06																			5786.91										1078.45	1338.86					1257.93												
P14384	CBPM_HUMAN	CPM	Carboxypeptidase M	1732.66	4075.26	2946.84		2252.03	2666.37	2702.69	1830.26	3082.57	2103.47		1187.18				2738.95		2786.3		2073.1		4518.7			7734.31		1784.36		3953.2	12784.0	1596.92	3191.55	2926.35	2961.66	2394.09	650.454	1591.78	2448.94	2093.09	2200.74	3394.07	4039.41		3830.6	4723.59	4084.0	2715.62	
P14543	NID1_HUMAN	NID1	Nidogen-1	100266.0	102401.0	86284.3	104166.0	85918.8	105944.0	93485.9	56859.6	80272.6	58213.2	64421.3	85271.3	49506.6	77010.8	108545.0	61285.9	60471.7	68780.9	88434.1	150165.0	105971.0	49329.2	95298.7	53610.4	47308.8	200456.0	105522.0	107191.0	105238.0	124027.0	179960.0	93562.5	38170.4	91076.3	113222.0	110359.0	82738.7	62416.8	123903.0	82884.9	63621.4	59394.7	91599.4	58677.1	56676.3	62550.4	68633.8	65690.8
P14598;A6NI72	NCF1B_HUMAN;NCF1_HUMAN	NCF1;NCF1B	Putative neutrophil cytosol factor 1B	4277.28	4310.65	3944.38	4805.92					2630.17						6191.83	4182.02			5020.14					3773.88	7739.11	4479.74	4515.63			8195.69	9147.34		2879.6	29457.4				10646.3	10248.5	4375.61	10878.1	6321.58		9411.46	5257.83	6979.93	6259.27	6414.08
P14618	KPYM_HUMAN	PKM	Pyruvate kinase PKM	114179.0	114279.0	40190.7	125223.0	56121.4	43765.0	34984.7	41468.8	33394.7	37356.6	34858.4	30487.0	24851.8	31014.9	30887.4	28326.8	16891.0	21225.0	65119.5	35292.8	10934.2	20401.4	18093.9	50239.3	36616.1	65969.0	83974.6	23081.4	24234.3	98747.9	62713.3	18433.3	55347.0	264558.0	45835.0	43729.8	61150.6	66399.8	74907.4	51769.2	63180.2	51621.5	19987.8	45303.6	41380.8	53422.6	54879.8	57370.5
P14625	ENPL_HUMAN	HSP90B1	Endoplasmin	351350.0	367944.0	333838.0	363116.0	298752.0	241051.0	310128.0	124052.0	293795.0	301901.0	396430.0	329566.0	207395.0	147860.0	262932.0	202244.0	375460.0	382762.0	505359.0	564584.0	202732.0	373908.0	346649.0	482053.0	659916.0	901854.0	1122630.0	407759.0	393870.0	365836.0	668125.0	483413.0	402410.0	869441.0	486130.0	520939.0	561142.0	370592.0	518605.0	278117.0	361045.0	438334.0	504037.0	486773.0	438636.0	473275.0	460343.0	460677.0
P14735	IDE_HUMAN	IDE	Insulin-degrading enzyme	45453.4	55572.0	36457.4	38022.8	14456.0	12589.9	23679.6	29544.1	16782.9	11554.3	25404.8	7401.95		15631.6		22160.4	13592.3	24855.5		24185.1		27149.3	11071.7	22673.0		34883.3	31892.4			31023.8	22303.9	27695.3	25909.0	68107.9	81784.8	63076.9	44313.0	20232.6	26040.6	32912.4	28701.9	32751.4	24289.2	36123.4	21980.8	14622.2	18079.4	12479.7
P14770	GPIX_HUMAN	GP9	Platelet glycoprotein IX	3622.57	2938.56	2246.7	2526.52	3703.48	4282.28	1329.88	3923.56	2619.81					7871.25					6604.01					3760.24		8157.7		3554.76		4612.92	1421.29			2061.12			4400.58	1272.19	4910.6		2633.19	4014.96		1978.49	4351.35			
P14780	MMP9_HUMAN	MMP9	Matrix metalloproteinase-9	18859.6	19850.6	23440.6	17485.1	4156.19	19809.9	8657.43	71613.6	17648.8	34357.1	37462.2	9416.07	30818.3	29183.9	10183.3	14325.2	15447.9	13620.5	121615.0			27108.6		9552.79	41821.2	145426.0	16356.0	51564.9	8624.48	53304.4	178609.0		9783.99	49151.2	28674.5	29496.5	35097.8	16357.3	169351.0	66807.0	19336.5	23310.5		18478.1	19470.9	38669.9	38632.0	41184.3
P14923	PLAK_HUMAN	JUP	Junction plakoglobin	24471.4	9007.6	24036.7	9346.61	11034.3	7491.62	16397.1	27209.4	27853.2	17200.3	35373.3	12901.1	13757.2	20163.8	9080.11	32205.0	13177.1	16106.1	21929.7	24768.1	11844.0	16507.8	4695.71	16450.3	17864.6	10417.9	5319.02	11856.2	11471.7	18921.0	14338.0	9915.38	26096.7	8101.63	10489.9	11885.1	27322.6	7894.81	20704.9	19531.5	16730.8	16810.7	28925.6	31714.7	21502.6	17431.8	18223.5	19834.6
P15085	CBPA1_HUMAN	CPA1	Carboxypeptidase A1	6674.31	8430.5	27291.0	5614.35	3157.71	10337.7	15271.5	3599.69	21044.9	11324.4	30576.3	12955.2	41279.7	10680.1	7477.35	5324.84	40687.9	45299.3	56270.0	13135.4		49558.0	11037.7	8881.92	60334.0	7126.66			17106.0	22375.3	11151.3			4771.09	5822.77	5995.98	10549.3	7380.68	17020.4	5625.28	9391.59	9250.39		6587.54	7148.0	5445.89	5004.27	5644.58
P15090	FABP4_HUMAN	FABP4	Fatty acid-binding protein, adipocyte	2591.73	3495.2			25849.6												3387.13			5986.73			4544.9		2408.52	3199.36	15135.8			16855.3	6249.53		5852.99	14441.4			7197.86	17703.7		5256.85	15255.6		1821.23	1307.06		4679.44		3796.4
P15144	AMPN_HUMAN	ANPEP	Aminopeptidase N	4175.18	2977.89	13046.2	4541.03	5726.42	4239.44	13391.8	8382.59	13934.9	7712.51	6947.65	14053.3	32117.6	8230.05	20465.9	10173.5	6386.95	5826.27	20657.6	7126.26	16875.8	53025.9	3633.71	4422.79	32842.7	7829.43	2263.75	16605.5	22289.4	16993.5	9903.91	3363.96	13994.6	21583.6	13629.5	13194.5	4302.93	3305.32	13853.1	6380.01	3838.69	21191.5	5164.91	24130.8	27762.9	16593.9	18808.3	17988.1
P15153	RAC2_HUMAN	RAC2	Ras-related C3 botulinum toxin substrate 2	15205.6	13151.7		16521.6	6704.23	10168.7	4517.9	6074.31	8351.1	10496.0	7039.08	3329.18		7497.19	10518.5	6358.01	2318.84	2092.12	16706.5					12198.3	19355.1	9234.72	15262.5	1768.4	1708.42	18537.1	14034.5		6928.23	70566.7	6784.41	4485.18	9071.46	5041.3	18792.4	8912.67	6631.18	10964.2		8309.22	12701.3	13336.7	11883.6	12812.3
P15169	CBPN_HUMAN	CPN1	Carboxypeptidase N catalytic chain	1470790.0	1621840.0	1215040.0	1611250.0	844764.0	955840.0	1605140.0	978645.0	1131440.0	956963.0	1325600.0	1617940.0	1004910.0	1120980.0	1075840.0	939002.0	1386330.0	1613830.0	674873.0	1255690.0	1682900.0	484980.0	1089400.0	1683730.0	879338.0	946373.0	1109610.0	751885.0	1619010.0	529015.0	1528460.0	1870610.0	809700.0	1185550.0	1250080.0	1289300.0	822881.0	513802.0	1084680.0	1274970.0	444564.0	746507.0	1831630.0	689366.0	706548.0	945647.0	841693.0	916581.0
P15170	ERF3A_HUMAN	GSPT1	Eukaryotic peptide chain release factor GTP-binding subunit ERF3A	3498.94	3362.63		5548.83																																			3781.24									
P15291	B4GT1_HUMAN	B4GALT1	Beta-1,4-galactosyltransferase 1	338865.0	365046.0	235664.0	367691.0	604728.0	396166.0	308401.0	250210.0	289665.0	325263.0	575481.0	317689.0	289739.0	317694.0	442434.0	377224.0	325663.0	324976.0	436686.0	1036570.0	1610500.0	1565280.0	1391720.0	521646.0	598512.0	705995.0	835565.0	305533.0	1857070.0	707796.0	816181.0	1194820.0	1021360.0	1297010.0	969490.0	1220150.0	975181.0	720403.0	1042940.0	637218.0	683508.0	412204.0	1097280.0	480970.0	429615.0	804943.0	792408.0	660155.0
P15311	EZRI_HUMAN	EZR	Ezrin					10693.9				4158.86											14215.8	5279.94		24094.7								10003.3		9323.9		9848.47				31969.8					7152.26				
P15531	NDKA_HUMAN	NME1	Nucleoside diphosphate kinase A	13541.1	11080.3	7065.94	5977.8	4822.71	11312.5	7085.56	5517.83	4834.25	5728.51	8267.67	5015.19	3053.17				5797.58	4556.79	7901.04	6716.39					5573.1	11950.4	11398.4	2357.93		5996.05	4135.82	5182.67	7163.64	11504.7	5107.78	4317.58	15961.7	3643.27	5725.39	3533.68	4236.89	5696.18	6953.58	2993.9		4339.83	4124.68	4180.78
P15586	GNS_HUMAN	GNS	N-acetylglucosamine-6-sulfatase		2526.01	3952.96			2261.22	1357.21	1862.7		2299.48				2250.93					2847.77			2437.58		1651.84		2949.3	1991.03	2116.5			1587.16			3835.08					3576.17			2593.91		2732.75	2508.58			
P15814	IGLL1_HUMAN	IGLL1	Immunoglobulin lambda-like polypeptide 1	114407.0	119250.0	97903.6	183375.0	151021.0	109959.0	92763.0	150826.0	120427.0	84862.0	126211.0	98891.9	448436.0	65377.1	145722.0	431980.0	102321.0	78073.0	104996.0	117043.0	169439.0	92560.6	238276.0	88823.1	127004.0	98757.1	149019.0	125460.0	69439.9	120350.0	227729.0	75705.0	89434.0	142511.0	426475.0	335013.0	200479.0	250497.0	169876.0	41598.0	182311.0	95107.6	80644.6	80126.3	75609.4	115454.0	105958.0	119643.0
P15907	SIAT1_HUMAN	ST6GAL1	Beta-galactoside alpha-2,6-sialyltransferase 1	8079.03	12782.6	6527.81	16123.5	10948.8	14791.8	11871.2	7370.91	13158.6	9710.02	16580.0	10583.5	14494.0	7797.08	11023.1		14578.5	11667.9	12510.1	11092.9	11314.9	19043.4	16008.2	9715.74		13580.6	17459.1	10397.3	16525.4	18035.2	19216.5	11969.1	10400.1	10499.6	14478.6	10090.2	11908.2	11685.8	18761.0	20961.7	11310.2	7717.42	10439.0	8154.49		13717.7	14593.9	16006.4
P15924	DESP_HUMAN	DSP	Desmoplakin	27953.2	12129.2	29897.3	12760.8	13079.2	12546.3	17219.6	29783.4	29041.9	26808.5	38818.6	11853.0	13821.7	25437.0	11073.7	31566.8	16248.6	21585.3	27263.1	20506.9	15047.1	18727.7	7166.33	19303.1	22156.4	15011.5	9512.0	13267.8	13489.4	21480.0	16521.1	12543.1	29473.2	13193.0	12182.7	12688.7	28913.8	10375.8	20444.5	22635.6	19852.4	20747.9	24805.7	27621.2	23351.5	21091.9	18953.7	20828.5
P16070	CD44_HUMAN	CD44	CD44 antigen	337737.0	396925.0	434045.0	527801.0	1006010.0	365366.0	240993.0	485768.0	259900.0	430152.0	146959.0	256509.0	763102.0	427687.0	396988.0	363584.0	157150.0	215863.0	80485.7	123752.0	414340.0	524404.0	196521.0	422930.0	457396.0	720110.0	1291060.0	154325.0	158270.0	428866.0	467959.0	214354.0	482950.0	433761.0	236219.0	280442.0	658684.0	759174.0	548995.0	264078.0	963585.0	855327.0	423487.0	623324.0	499638.0	214775.0	150236.0	203402.0
P16109	LYAM3_HUMAN	SELP	P-selectin	3609.27	6659.2			5112.33			3119.61											6523.57							5855.83	6306.39			4553.81						3537.24			9959.82					6105.78				
P16112	PGCA_HUMAN	ACAN	Aggrecan core protein	129318.0	107158.0	205903.0	158205.0	419647.0	121309.0	178805.0	221989.0	192360.0	119377.0	124211.0	209840.0	91457.7	181365.0	148308.0	136697.0	273630.0	195836.0	158452.0	91823.0	54265.4	37396.5	97987.6	101042.0	171347.0	222872.0	146650.0	128543.0	81221.7	69208.1	132417.0	83105.1	101210.0	119162.0	121397.0	139491.0	89012.2	106551.0	118961.0	157793.0	100789.0	133812.0	98980.8	164511.0	168232.0	115343.0	127503.0	111268.0
P16152	CBR1_HUMAN	CBR1	Carbonyl reductase [NADPH] 1	3581.54	5558.37	3314.31	5039.56	4642.98	4319.1	2558.54	3040.16				2731.84					4000.38	3462.12	3674.14	4307.14				1809.88	2982.43	1975.1	2659.19		1748.47	6171.4			3217.19	4365.05	2825.0		4830.5			2712.05	3670.51	4643.27		3164.66	3663.92	2782.56	1833.69	3321.87
P16233	LIPP_HUMAN	PNLIP	Pancreatic triacylglycerol lipase	2148.24		22119.2	7149.75	5435.31	8191.26	6743.82		24622.0	8428.47	16293.0	7563.11	6927.14	8884.29	6654.02	6685.64	10736.3	10755.4	79951.6	5100.29		40754.0	8596.08	3485.48	42257.0	6969.4			13552.8	30742.9	6615.16		6758.87		5208.83	4581.38	7171.13		11848.1	7328.78				8972.48	10250.3		5819.4	5436.95
P16278	BGAL_HUMAN	GLB1	Beta-galactosidase			12967.6			7058.35		4803.29	6478.78									2876.43	5972.2		3891.37		3504.42				4267.38			6348.2															4114.88		3829.46	4559.95
P16401	H15_HUMAN	H1-5	Histone H1.5				2376.83		2825.26		1112.6		6520.69	854.281								2101.63					1915.17						1584.73	2017.83			28545.5					3856.7					2405.22		3531.12	3168.82	2756.22
P16671	CD36_HUMAN	CD36	Platelet glycoprotein 4	12337.1	22850.9	5674.14	17635.3	10317.4	21045.9		8350.14	6391.52				5084.37													11853.0	5508.89			16758.7												10043.5		9882.93	9293.84			
P16871	IL7RA_HUMAN	IL7R	Interleukin-7 receptor subunit alpha	7733.02	13832.9	5960.21	14651.1	9478.35	5324.45	9297.66	5048.12	4514.75		2556.12	7662.64		5685.17	3943.4		3937.41	4777.35	6368.99	13802.8			5413.76	2492.59	9344.36	6527.6	6341.71		3720.43	3619.52	4979.29	2195.94		7678.71	5877.2	4828.01	6005.27	6586.22	4934.59	2318.73	5959.86	9892.72		9431.38	8831.3	5653.28	5483.15	7584.61
P16930	FAAA_HUMAN	FAH	Fumarylacetoacetase	8147.45	6792.73	9575.52	7663.38	3762.61	11698.3	11208.9	12642.9	15100.5	15565.6	17310.9	14666.9	55946.2	24491.0	6084.38	16012.9	16949.3	10240.7	15475.5	18544.5	6138.48	42123.4	4299.8	2228.5	17540.9	11901.7	5500.66	33139.3	14008.5	12777.3	7309.18	9676.64	8154.5	18626.3	32622.4	25294.8	4642.63	6405.65	13351.3	33290.7	6550.78	17096.7	8346.23	14486.4	18143.4	15235.7	17525.5	17808.8
P17213	BPI_HUMAN	BPI	Bactericidal permeability-increasing protein	3403.95	3953.08	2179.23	2670.81		5617.64				5086.73									11816.1							3724.9					18476.8			64004.1			8254.17		5635.4	8467.57		3992.92		5030.25	8715.19	8784.01	6913.65	8235.62
P17301	ITA2_HUMAN	ITGA2	Integrin alpha-2	4239.15	4254.1	3660.56	3211.92	9182.31	4407.15	2172.33	6644.48	2483.74	3467.99		2808.76	2295.0	2139.97		2047.84	2819.96	2215.98	3229.82	1693.56	2931.51		2272.15		1429.51	3561.67	2306.64			2242.79	2261.41		1516.17	2912.58			1911.09			1365.27		1559.79		1752.35		1150.59	2131.36	1329.03
P17405	ASM_HUMAN	SMPD1	Sphingomyelin phosphodiesterase	3421.8	5417.52		3229.35	8401.24	4226.17	7339.31		3976.03		3981.0	7130.8		3482.18	5221.78				3894.37	6362.03	8870.92		7280.65	10916.0			4329.11		5754.57	5281.1		8890.56	4048.39	3176.57					1964.19	2512.82		5084.43	3467.46	5347.51	6506.64	3258.5		4147.47
P17538;Q6GPI1	CTRB1_HUMAN;CTRB2_HUMAN	CTRB1;CTRB2	Chymotrypsinogen B			64474.0			18324.0	19416.1		61868.6		14703.8		29095.1	21023.8	4450.9	4821.02	17647.0		71032.4	7119.97	3248.22	26882.8		9623.52	32671.3	6789.41				25679.6	26204.4		6824.08	2479.62					21276.3	11260.4				6511.77	4559.45		4476.68	
P17655	CAN2_HUMAN	CAPN2	Calpain-2 catalytic subunit	19298.2	16201.8	6969.01	17747.9	28245.0	10352.9	15301.4	9385.94	8360.07	10585.0	5814.05	11876.8	12385.6	25419.1	14298.5	7192.54	9689.49	10124.6	17108.8	22613.9	24161.7	7565.75	31307.8	16036.2	7075.93	13218.1	38210.0	11542.8	14495.8	23686.7	21555.2	17117.8	10979.1	35692.6		11619.6	9421.36	10728.0	33276.7	36464.7	10588.3	16398.7	17349.7	17902.1	19570.2	19310.4	21213.5	17303.1
P17812	PYRG1_HUMAN	CTPS1	CTP synthase 1	8496.46			6004.51		5776.81																																										
P17813	EGLN_HUMAN	ENG	Endoglin	3489.45	5274.48	9037.32	4800.12	12496.1	5240.66	3412.4	7981.55	14567.8			3807.4			6662.29	6434.92		2067.51					5543.8	6351.51		2027.1	7526.14		3338.67	3376.86			4526.95				3063.13	8009.75		6767.13	6022.19	8033.46	2940.19	7267.45	10878.7	4055.31	4348.17	5176.67
P17844	DDX5_HUMAN	DDX5	Probable ATP-dependent RNA helicase DDX5	8000.86	15642.3		3255.0																																												
P17927	CR1_HUMAN	CR1	Complement receptor type 1		962.829	2197.75	1142.96	2645.05	2814.8	4917.23	4343.26	2262.58	2655.42		7288.7			4954.43	2646.91	1036.81		3074.9	2379.14		6719.99	1662.4	3721.06	8609.63	1634.52	3778.84	4497.18	4427.34	5658.74			5076.89	7324.35	4012.83	2840.15	4273.5	6520.64	5796.72		6240.64	5495.08	1519.06	5460.44	4879.52	4710.0	3425.04	5810.43
P17931	LEG3_HUMAN	LGALS3	Galectin-3	32289.8	35168.0	23650.3	32619.7	49166.1	27131.9	26171.1	21504.5	27131.0	27108.3	28027.2	20999.8	62214.8	27563.1	32738.3	26149.7	24882.9	24042.7	21424.3	38738.1	39648.9	43271.0	44747.1	25616.9	15385.9	36385.5	25115.5	18262.2	22314.3	27303.6	29637.4	16334.5	32973.9	66517.7	21970.8	18049.3	32974.4	32416.9	19528.5	22756.0	30855.8	26403.7	17563.9	29650.7	29301.6	26804.9	24509.0	25542.2
P17936	IBP3_HUMAN	IGFBP3	Insulin-like growth factor-binding protein 3	99857.2	96656.2	116164.0	109101.0	163457.0	174749.0	70276.8	134747.0	145983.0	82221.3	135811.0	65286.2	204280.0	76478.9	152362.0	137038.0	127806.0	134504.0	72728.6	59082.7	177847.0	120901.0	66211.7	59602.3	158833.0	46882.4	34535.7	62716.3	72325.5	35910.5	76251.8	131729.0	87433.4	25302.0	60524.0	57359.1	129206.0	133257.0	42377.7	52064.0	148750.0	84075.7	136387.0	96131.5	86503.9	85561.1	86213.5	83760.8
P17987	TCPA_HUMAN	TCP1	T-complex protein 1 subunit alpha	4531.56	7268.73		3290.05	1707.59		3742.76									2423.24			4269.51					2321.77		5175.89	5480.35							8800.18	4382.4		10711.8							2893.83				3296.44
P18065	IBP2_HUMAN	IGFBP2	Insulin-like growth factor-binding protein 2					8267.55																	9126.28	55181.7	32691.3						12280.0			38203.9	64753.6			116244.0	32377.2	16619.6	11308.7	33554.3						13642.8	7845.34
P18085	ARF4_HUMAN	ARF4	ADP-ribosylation factor 4	40624.2	49278.0	9430.59	46777.2	15191.1	41697.6	5398.31	19599.3	7498.09	4142.54		6001.01		9958.99	3088.42	9879.65		2778.53	40323.7	7934.2			6840.0	18394.6	6554.41	36632.6	13832.4	4283.91	15143.9	56449.2	11776.3	4916.13	7079.94	22841.2	5704.57	11527.9	36698.0	6093.97	18576.9	11539.2	4163.41	44956.3	6737.0	30247.0	30226.9	12204.7	13608.7	14863.2
P18124	RL7_HUMAN	RPL7	Large ribosomal subunit protein uL30	3208.66	4049.13	3691.02	4091.51	2388.12	3809.05			2829.62															1111.34										4821.22														
P18206	VINC_HUMAN	VCL	Vinculin	75006.6	68882.6	21559.6	67488.1	41966.0	33975.0	17846.9	36661.8	24149.9	16706.4	24319.1	18612.5	30393.1	49343.0	13610.5	14910.6	8950.54	12703.0	63595.5	24982.6	27053.1	20150.8	22196.1	34116.5	15462.4	60878.9	23344.1	26560.9	14164.5	52426.4	50968.0	8105.96	24814.6	48121.6	21259.7	20140.6	31509.9	19489.8	59407.8	55793.6	20171.6	33507.0	10320.1	36299.1	31581.2	26811.0	27887.1	26317.3
P18428	LBP_HUMAN	LBP	Lipopolysaccharide-binding protein	413506.0	378376.0	272648.0	396981.0	175317.0	219412.0	418085.0	319661.0	255037.0	636601.0	1632420.0	582999.0	510583.0	598326.0	537312.0	345227.0	852056.0	791064.0	1133240.0	828942.0	2374500.0	2257360.0	1007470.0	741364.0	950729.0	1201760.0	1658440.0	2146770.0	2048110.0	702795.0	1915850.0	1698300.0	1041570.0	1463100.0	2095100.0	2012040.0	1681440.0	1460120.0	2876620.0	2271830.0	1681620.0	687165.0	1507530.0	746060.0	783957.0	1428870.0	1384770.0	1642600.0
P18510	IL1RA_HUMAN	IL1RN	Interleukin-1 receptor antagonist protein																			1594.36					3440.24	3361.34		3153.39			3182.55	31709.6				1898.24		3736.38							3063.94	6445.61	2753.71		3284.91
P18827	SDC1_HUMAN	SDC1	Syndecan-1	150192.0	143448.0	223934.0	162704.0	640911.0	164297.0	191683.0	110247.0	189558.0	165639.0	141007.0	253684.0	235916.0	219125.0	968633.0	528387.0	77076.1	93328.8	807765.0	146961.0	62659.1	1293530.0	216671.0	177106.0	690618.0	1492420.0	325805.0	392450.0	851424.0	298308.0	2521560.0	149905.0	876526.0	2069910.0	955559.0	1152210.0	182841.0	335330.0	922400.0	550609.0	357810.0	274662.0	122836.0	351729.0	345965.0	749585.0	744579.0	771331.0
P19013	K2C4_HUMAN	KRT4	Keratin, type II cytoskeletal 4		734787.0		825471.0	763630.0				157088.0		15758.4		726469.0	273677.0	162954.0	376869.0		138153.0	50185.1	99274.2		806833.0		942566.0	443168.0		83731.7		828596.0	956699.0		112466.0	651263.0	403144.0	645383.0	615970.0	1154560.0	501828.0	1068800.0		710920.0	751051.0	1719760.0	819090.0	44042.1			
P19021	AMD_HUMAN	PAM	Peptidyl-glycine alpha-amidating monooxygenase	29007.2	30444.6	52424.3	35042.3	160957.0	54332.1	53071.7	56570.2	48713.8	56991.6	53043.5	63683.0	29284.4	46484.2	62604.5	47007.6	51142.8	47422.4	46717.4	59824.6	37677.0	70022.0	163123.0	24855.6	46767.8	73745.5	40110.1	55395.0	60207.6	41095.8	40359.2	53511.1	40166.1	30434.5	46525.1	50130.4	55830.8	87573.7	30462.4	32637.5	89289.4	41988.5	55939.1	47974.3	46199.2	51524.6	52447.7	51553.9
P19022	CADH2_HUMAN	CDH2	Cadherin-2				4756.4	19150.8								14600.7								13628.3	5557.0	5465.41	5608.25		4767.86			10679.2	11589.5	12065.7		8581.17	23005.3		3751.0	15075.8	9002.25	5741.84	6059.3	10842.4		5173.42	5241.75		6523.76	5986.41	8890.46
P19320	VCAM1_HUMAN	VCAM1	Vascular cell adhesion protein 1	33924.0	34177.7	43990.0	32907.9	52923.1	38371.5	44691.6	29543.2	46403.1	32596.7	35710.5	47072.0	38149.9	31114.4	52826.4	38658.4	21728.5	21221.0	51842.9	40014.1	58629.7	53281.1	43995.6	41190.3	152643.0	59078.1	123921.0	37181.2	49635.7	98126.4	39987.3	25106.8	64250.9	68232.5	58647.8	61086.6	85468.4	109227.0	66489.0	70616.5	104020.0	79331.9	21316.4	79127.6	84031.3	66188.6	65972.1	66894.4
P19338	NUCL_HUMAN	NCL	Nucleolin	4147.26	4390.05		5708.57	4056.44	3651.32	5543.17	3541.35	5425.69	3043.21				3226.34					3493.28					3928.18		3156.95	3494.8		4271.19	4220.29	10412.9			36310.9	2358.23	5091.53	4547.84	5353.85	5834.18		2001.73	4772.81			1099.97	3267.63	5223.63	4127.22
P19652	A1AG2_HUMAN	ORM2	Alpha-1-acid glycoprotein 2	1040920.0	999550.0	927808.0	1021900.0	1758350.0	1214580.0	1525860.0	1591300.0	1061900.0	1920810.0	2091040.0	1835000.0	3624560.0	2041800.0	1243870.0	2042160.0	1568830.0	1623670.0	2203580.0	1245820.0	4389630.0	6011610.0	1082510.0	1051510.0	1601410.0	1433830.0	767170.0	4512750.0	3612340.0	1233570.0	1601220.0	1653130.0	2732680.0	2172190.0	3627480.0	3513100.0	1386860.0	1821570.0	1251630.0	2297760.0	1880120.0	809053.0	1603560.0	775231.0	943419.0	2455840.0	2782880.0	2582570.0
P19823	ITIH2_HUMAN	ITIH2	Inter-alpha-trypsin inhibitor heavy chain H2	9724030.0	11086800.0	10245800.0	10790500.0	7807120.0	11569100.0	7818680.0	7960840.0	9133670.0	8738360.0	6835660.0	6293390.0	9916410.0	8218320.0	10076600.0	10412300.0	9536260.0	10966000.0	6616030.0	4611140.0	6806780.0	5934670.0	4731200.0	10112300.0	8425720.0	9659600.0	7382890.0	5506390.0	6045500.0	6764260.0	4725590.0	7637170.0	8590920.0	5316040.0	6325060.0	6486040.0	4511520.0	6577290.0	4835880.0	6163380.0	6058260.0	10355100.0	7670700.0	9960900.0	9667380.0	5648940.0	5646130.0	5369740.0
P19827	ITIH1_HUMAN	ITIH1	Inter-alpha-trypsin inhibitor heavy chain H1	8000040.0	8426540.0	8148800.0	8148830.0	5906840.0	8650060.0	6473760.0	7437380.0	7984320.0	7978040.0	5396950.0	6460050.0	8016150.0	7225530.0	7710910.0	8055840.0	8798740.0	8659240.0	6058880.0	4285970.0	5014460.0	5021370.0	3756610.0	7995440.0	6570130.0	6113210.0	5110280.0	5289640.0	5413680.0	5679770.0	4409400.0	6525200.0	7558740.0	4575320.0	6202950.0	6002350.0	3434610.0	5427650.0	3353930.0	5856550.0	5381820.0	6669060.0	6529880.0	6458920.0	6565480.0	4797440.0	4914770.0	4867100.0
P19883	FST_HUMAN	FST	Follistatin					3643.08		6039.17					7390.05			5289.84		5487.35	4656.49	4257.77			4521.7	10167.8	5756.35			2845.89			2983.12		9187.82		15687.9					9994.49	4975.67				6581.84	6729.45	8810.96	9686.99	6040.6
P19971	TYPH_HUMAN	TYMP	Thymidine phosphorylase	12275.1	13134.0	5146.35	11665.1	5910.22	6958.74	8049.46	5738.62	11782.2	6931.62	4982.02	8066.38	9512.97	9263.53		8585.9		3395.55	7919.69	23967.9	8464.66	15424.9	11444.2	7303.39	10591.6	10886.7	61334.1	4656.53	12441.1	8427.46	5789.76	6551.03		20907.5	8629.38	10202.6	7849.13	14361.7	15518.6	6998.93	13689.4	11821.6	7822.41	11332.3	9588.6	8127.41	9490.76	8975.07
P20023	CR2_HUMAN	CR2	Complement receptor type 2	3817.46	3388.61	10047.5	5144.7	10289.0	12598.4	5119.38	7504.68	11100.6	3690.97	2903.72	4194.56	21341.3	6199.73	5433.11	4791.49	7147.58	9168.93	1190.64			4746.51			5539.96					5027.02								4110.83		3233.45	4411.21	30917.8		34877.3	37771.8			
P20062	TCO2_HUMAN	TCN2	Transcobalamin-2	12991.8	14723.3	12259.9	13860.7	9085.69	16146.8	7565.6	8382.42	12114.5	6140.12	14241.4	9512.44	7945.02	10197.6	11816.5	8576.04	9494.84	10334.8	11464.9	41330.1	14984.5	15881.5	28951.3	23373.9	12307.2	16796.6	24891.5	7448.36	16167.2	21897.1	18121.2	19047.8	24269.9	12414.9	11880.2	11487.4	9811.28	28387.6	10440.5	15041.3	21464.8	8239.18	14846.0	11319.3	10559.0	11935.0	12401.8	14213.7
P20073	ANXA7_HUMAN	ANXA7	Annexin A7	10105.1	7286.33	4046.53	7232.06	6041.15	18367.5	5145.12	6621.2	4430.34					6218.04					14888.0	2724.22			2987.19	6714.72		7594.64	4783.62			6804.67	5441.61	4129.07		2864.01	2857.88		10443.3		3559.65		4038.27	9117.29	3383.11	13103.5	10365.9	4404.4	4878.68	2808.47
P20160	CAP7_HUMAN	AZU1	Azurocidin	32634.5	37556.1		30769.4		22546.1		7793.76			10248.7			12325.0					101212.0					8176.98	27433.8	34537.9	8745.63	13195.0		54901.2	219696.0			435285.0			23931.2	14197.3	142549.0	33095.0		27313.5		26534.6	31531.6	44075.4	46788.7	48054.0
P20338	RAB4A_HUMAN	RAB4A	Ras-related protein Rab-4A	2088.36			3731.65		4386.69																				2707.34				7868.25												3751.69						
P20618	PSB1_HUMAN	PSMB1	Proteasome subunit beta type-1	53584.2	52268.2	33787.9	53748.3	69107.5	26138.1	62286.0	32302.6	27889.1	48421.1	48315.2	61315.4	40264.6	67207.9	39290.4	53154.4	36267.0	33199.1	70928.8	198081.0	20223.6	113687.0	120760.0	47973.2	80083.6	127016.0	176646.0	55207.2	58801.2	105848.0	248013.0	44956.8	60494.1	116783.0	50794.8	49589.9	101479.0	80142.4	114732.0	175506.0	93935.5	32467.2	37742.2	40101.5	34123.6	71312.2	74001.0	84409.1
P20700	LMNB1_HUMAN	LMNB1	Lamin-B1									13979.4														15411.5										9272.66	41098.3				46925.8	24022.9		74444.7			14415.0		15066.1	20074.4	
P20701	ITAL_HUMAN	ITGAL	Integrin alpha-L	39411.8	40161.7		41699.6	35999.0	22428.0	66483.7		36804.7	10702.7	23963.5	58838.6	5258.88	29528.1	41525.7	53943.9		58570.3	87791.5	153373.0		30411.7	81260.2	80280.0	41369.8	44721.7	48249.1	90172.2	78235.2	22027.8	101950.0		80383.0		115566.0		65004.4	57369.5	75618.2	80850.3	48234.4	29285.2	113129.0	31132.4	28014.1	56791.1		60713.3
P20742	PZP_HUMAN	PZP	Pregnancy zone protein	299883.0	297173.0	90913.2	310884.0	19436.5	185845.0	106042.0	9570.56	97658.9	38936.1	10186.2	106844.0	32016.0	44104.3	68319.4	71282.7	123614.0	124487.0	42637.3	22175.3	67397.8	155347.0	102594.0	54360.0	24594.5	5365.41	28307.7	5492.6	78858.2	27810.5	38794.6	180423.0	156558.0	20453.9	44397.4	43820.5	17812.6	11757.7	105538.0	106698.0	12813.8	135562.0	170831.0	142749.0	140928.0	82909.9	93439.4	90377.5
P20774	MIME_HUMAN	OGN	Mimecan	35787.5	39884.5	28314.7	34677.0	133400.0	23031.4	30824.8	19784.6	33439.9	25610.1	34299.7	28406.3	34207.7	20782.1	35565.2	33394.7	30787.9	24413.4	33646.4	45728.4	39008.4	27267.3	91072.7	42850.6	23309.8	50904.0	58930.4	22835.0	47960.4	81222.1	43754.3	57215.1	37899.6	81699.4	29962.9	30548.5	60839.0	73455.5	45312.0	47606.1	83866.8	47546.0	48718.0	52888.4	56368.9	39726.3	38807.3	39789.4
P20851	C4BPB_HUMAN	C4BPB	C4b-binding protein beta chain	181267.0	205717.0	257130.0	217804.0	260363.0	215084.0	370975.0	277676.0	256364.0	229073.0	386421.0	261542.0	319520.0	269058.0	264797.0	360367.0	512469.0	472800.0	353217.0	229178.0	405077.0	288190.0	217491.0	237974.0	177062.0	165680.0	175936.0	283308.0	199925.0	151631.0	271731.0	181553.0	109971.0	208119.0	200426.0	198748.0	245308.0	235137.0	285892.0	286701.0	190952.0	224456.0	160637.0	207386.0	178170.0	138913.0	125163.0	162973.0
P20908	CO5A1_HUMAN	COL5A1	Collagen alpha-1(V) chain					7645.51		2111.6								3081.6			4069.77	4668.2	3196.05		4154.27	5209.24	2879.2	6187.7	11368.0	4177.97	4102.09	3386.68	18856.3				19265.6		5921.44	5370.6		8326.55		3709.6	10013.7		8738.24	11434.9	3612.87	6721.72	5400.95
P21333	FLNA_HUMAN	FLNA	Filamin-A	199894.0	198486.0	95097.7	185422.0	190513.0	223118.0	50731.0	209307.0	101810.0	44216.9	50905.2	54489.1	97856.0	165793.0	55388.9	40807.1	48335.2	49102.2	278800.0	29971.9		25091.4	33107.0	119779.0	63023.6	217051.0	44253.1	83427.2	22442.5	266952.0	76234.0	16652.6	50453.0	103215.0	31251.9	29763.2	156553.0	55076.0	123044.0	54762.5	55993.4	193076.0	11890.7	228709.0	206060.0	87819.2	84623.9	86053.1
P21399	ACOHC_HUMAN	ACO1	Cytoplasmic aconitate hydratase	3474.18	4218.2	1015.71	3682.92	5042.69	2153.25	5616.41	2798.17	1298.72		3581.55	4438.06		6399.18	13026.6	2081.29	8717.86	6421.77	7197.28	46086.2		10418.3	3462.4		7430.26	8156.66	4223.89	3522.81	4041.17	7447.63	5315.5	1123.8		3515.44	5330.77	3506.23		1014.37	8706.89	14085.4		8087.11	2105.97	6833.7	9870.89	5167.87	5450.03	5144.98
P21549	AGT1_HUMAN	AGXT	Alanine--glyoxylate aminotransferase							7314.12					11752.4		4008.77			9154.1	9686.05	10543.2	124530.0		14285.2				15730.5	4199.88		9330.26	10600.0					7322.92	8123.51				9757.7		14456.4		13522.5	12455.9	8606.34		6271.87
P21589	5NTD_HUMAN	NT5E	5'-nucleotidase		2806.91		2261.5		1754.46									5594.99		2834.42	3241.33			1854.17	4238.6						4063.06	1566.34	8543.54	3538.08			7874.28				1453.37		1491.5	4020.11	8357.09		7523.53	5429.36	3181.98	3362.67	4974.19
P21695	GPDA_HUMAN	GPD1	Glycerol-3-phosphate dehydrogenase [NAD(+)], cytoplasmic					4425.64	2966.05	7641.28	2122.49	2340.84			7404.46				4804.88	7076.81	6267.98		26762.3					6993.87	3422.56	7223.07			4569.63										10251.8		9244.12		4807.36	10967.4	7042.2	4579.46	4496.12
P21709	EPHA1_HUMAN	EPHA1	Ephrin type-A receptor 1			2178.1											5607.12			2631.03	1619.56	5432.44	6428.49	6300.21		2966.6			4157.0	1596.82		8329.59	3495.53	3459.22		3596.01	3579.77	6801.35			2878.61	7247.31		1884.95	788.891	3589.81					9108.97
P21810	PGS1_HUMAN	BGN	Biglycan	11984.4	14586.1	20620.6	16098.9	12105.2	19980.8	15230.2	15043.2	19986.3	13625.7	13301.5	22281.6	10184.6	13661.0	21298.0	11386.0	11673.8	12523.1	38721.3	12400.7	20603.3	13856.6	12913.0	12215.6	22246.6	49530.8	23788.7	23602.6	18291.6	37729.9	55085.6	11299.7	13345.1	71239.5	25275.6	25169.3	10573.5	17488.7	15801.6	17735.8	15351.0	22810.0	9801.59	31747.7	24077.8	24716.9	21282.4	21949.3
P22061	PIMT_HUMAN	PCMT1	Protein-L-isoaspartate(D-aspartate) O-methyltransferase	13868.0	15878.8	3158.99	13433.2	4912.26	24424.5	4379.88	10912.0	2525.53	5603.96		2604.89			2552.2		2540.11		5784.94				7683.48	4827.1	5775.77	9286.68	10130.7	3596.31	2592.26	12571.0	7528.54		4896.95	10257.2	3078.48	3983.51	8175.66	7042.91	5106.25	7885.78	4766.82	12181.3	2404.53	5259.91	5212.56	7579.16	5014.13	5030.65
P22105	TENX_HUMAN	TNXB	Tenascin-X	171652.0	175474.0	167149.0	182173.0	308442.0	193889.0	347482.0	144878.0	189846.0	134451.0	174384.0	351740.0	134065.0	176339.0	103424.0	133630.0	147766.0	162080.0	132216.0	343073.0	121396.0	134533.0	171292.0	252229.0	193682.0	231494.0	219246.0	97727.8	153324.0	171260.0	134131.0	172107.0	136276.0	85665.3	160573.0	153824.0	180888.0	191922.0	282394.0	203212.0	193318.0	220537.0	169080.0	256421.0	238607.0	158708.0	159079.0	164569.0
P22223	CADH3_HUMAN	CDH3	Cadherin-3	5761.67	7855.2	4940.17	7629.68	24966.2	6457.07	5634.81	2958.06	9095.46		5304.75	5997.1	6071.09	3557.01	6431.71	10714.9	3459.15	12770.4	8561.52	7691.41	17694.6	9211.68	6912.23	8807.56	19310.0	14588.6	9412.83		14341.9	23121.2	7206.4	7679.45	13497.5	53067.3	16101.8	13145.9	21777.9	47389.0	41840.9	10456.1	47477.8	10647.9	10371.1	11969.9	12006.5	20679.6	20160.1	21882.0
P22307	SCP2_HUMAN	SCP2	Sterol carrier protein 2																				58672.2																												
P22314	UBA1_HUMAN	UBA1	Ubiquitin-like modifier-activating enzyme 1	17489.6	14530.0	5205.84	14659.4	9148.05	8976.01			4603.87	4810.82	2498.18	1935.87		5170.58				5720.67	5727.62	8306.2		2903.98	3652.04	4087.57		5903.2	9390.13					6292.36	10773.5	15681.3	5055.28	6604.01	15415.5	5943.23	5889.58	6054.81	4453.42	4788.67	5572.82	4318.54	4326.29	5500.5	6522.6	6340.77
P22352	GPX3_HUMAN	GPX3	Glutathione peroxidase 3	530361.0	548146.0	419914.0	542902.0	162409.0	330776.0	428918.0	614357.0	381815.0	881010.0	585845.0	428128.0	435343.0	498967.0	335649.0	511601.0	626475.0	707100.0	525637.0	286901.0	544250.0	614004.0	482198.0	886149.0	398983.0	429577.0	912401.0	1341910.0	483113.0	449735.0	383110.0	505021.0	391144.0	469926.0	431645.0	428037.0	182720.0	360287.0	455281.0	301189.0	372246.0	392072.0	514783.0	379887.0	383204.0	509606.0	483381.0	478576.0
P22455	FGFR4_HUMAN	FGFR4	Fibroblast growth factor receptor 4	2761.14	3091.8		2654.5		2207.36			2278.0			2701.59	9195.72		1779.11	3145.3		1377.5				3292.09	5111.44				3609.74		3814.47			2432.92	2977.94					2866.21	3093.66		4532.42				2901.3	2147.56		2354.29
P22626	ROA2_HUMAN	HNRNPA2B1	Heterogeneous nuclear ribonucleoproteins A2/B1	15791.6	19512.2	14385.9	12875.0	11949.2	12007.1	13060.0	14960.6	12559.3	7464.38	10308.2	6076.64			4759.59		3398.85	3918.67	13352.3	2899.69	4008.71		2551.97	9990.22	9490.76	1992.0	6327.9			12087.8	12023.8		4641.7	37672.2			10721.4	4292.61	11532.6	5807.62		7604.4			10684.9	5608.04	10306.0	8850.27
P22735	TGM1_HUMAN	TGM1	Protein-glutamine gamma-glutamyltransferase K	5164.14	4376.63	9068.29		4054.41	3394.16	4285.4	8519.35	9095.19	6028.39	8200.24	4027.93	12633.8	9865.68	4775.69	12095.8	6907.01	10887.1	9695.08	11485.1	5535.73	5864.76	3324.36	7154.18	7794.12			2876.31		8654.17	9625.72		3543.26	2689.0	2780.26		11538.0	3391.88	4971.56	8472.26	4698.06		10647.0	10503.3	8986.42	7779.24	7257.09	6924.37
P22792	CPN2_HUMAN	CPN2	Carboxypeptidase N subunit 2	2004030.0	2160360.0	1729220.0	2043350.0	1129420.0	1660870.0	2176440.0	1787890.0	1721480.0	1423800.0	2027590.0	2419760.0	1399700.0	1316010.0	1559680.0	1679370.0	2048020.0	2017410.0	1585530.0	1854310.0	2048860.0	1443540.0	1807360.0	2235670.0	1696370.0	961277.0	1669900.0	1735080.0	2200400.0	1097970.0	1710650.0	2246720.0	1268340.0	1451500.0	1543240.0	1564410.0	1037940.0	968193.0	1406200.0	1737300.0	993749.0	1061630.0	2231320.0	1042310.0	1043520.0	1336670.0	1304040.0	1361610.0
P22891	PROZ_HUMAN	PROZ	Vitamin K-dependent protein Z	2405530.0	2557030.0	981856.0	2796690.0	928790.0	1756280.0	1688670.0	1586100.0	723245.0	2344760.0	1896890.0	1800300.0	919265.0	2315570.0	1738180.0	1197370.0	1795150.0	1971190.0	681710.0	1203960.0	1536500.0	1263830.0	1417610.0	2414310.0	2882910.0	1377860.0	980191.0	2578530.0	1841990.0	957284.0	1906590.0	744511.0	1764540.0	919727.0	1561090.0	1723250.0	1008720.0	1194560.0	1122770.0	1489390.0	1163080.0	1033600.0	972197.0	1217780.0	1099040.0	1217680.0	1249350.0	1181530.0
P22894	MMP8_HUMAN	MMP8	Neutrophil collagenase														2402.39					2967.68					7226.23	3398.11	1670.72					5413.47								3358.79	2099.61					1492.77	2775.29	2349.73	2316.65
P22897	MRC1_HUMAN	MRC1	Macrophage mannose receptor 1	42792.9	41790.6	29629.1	40399.5	53808.2	32312.5	44992.6	21123.2	31488.4	33500.4	29140.6	42442.9	39014.2	37218.0	58928.3	37915.6	31619.4	36126.3	61307.1	125379.0	106421.0	115785.0	87402.4	87766.6	99705.4	151884.0	311606.0	41089.8	135116.0	158389.0	74939.5	104465.0	149314.0	310390.0	66019.5	68901.9	97808.7	77703.7	132276.0	74307.7	80198.3	78374.2	97576.7	80521.5	76632.1	84835.9	98570.7	93122.5
P23083	HV102_HUMAN	IGHV1-2	Immunoglobulin heavy variable 1-2	151130.0	178444.0	76881.2	140942.0	45725.7	68167.9	38935.3	12333.6	61450.9	59712.5	77986.7	34237.2	20780.6	102774.0	153957.0	48396.0	34664.8	25277.5	138177.0	14842.0	42299.0	70541.8	47359.0	98206.0	11988.6	45097.8	35646.4	30876.5	37367.8	46259.4	57525.8	34529.0	20956.9	22741.5	23266.2	19425.8	29440.6	46192.7	193060.0	12580.8	46901.7	83467.7	47951.0	67336.0	64859.0	35594.6	43001.3	38937.0
P23141	EST1_HUMAN	CES1	Liver carboxylesterase 1	10396.6	7174.1	4703.92	8469.53	7691.28	16671.4	45388.6	9588.2		12293.9	39694.7	53857.0	22843.2	15019.1	12319.5	17016.3	22513.6	19296.0	4652.1	301097.0	24851.9	12491.7	20819.4	16688.6	25895.5	25918.6	23264.0	11318.5	13670.9	17266.2	5564.02	20814.1	25865.3	13411.6	24195.1	23463.3	15555.6		9545.84	5797.28	8423.79	39842.4	23332.1	40739.8	38735.2	14134.6	17126.5	14776.0
P23142	FBLN1_HUMAN	FBLN1	Fibulin-1	1168380.0	1286150.0	1136780.0	1279520.0	2593040.0	1662800.0	1805920.0	816418.0	1270070.0	1209370.0	1113310.0	1629400.0	1163730.0	1392280.0	1051270.0	1761030.0	984168.0	1050030.0	1393630.0	2384570.0	1978580.0	1211160.0	4476250.0	2727850.0	924168.0	2156170.0	3604630.0	1038500.0	1609150.0	2530120.0	1001860.0	2386260.0	1549650.0	1318180.0	926427.0	830938.0	2291420.0	1723110.0	1167980.0	1450230.0	1527760.0	2610120.0	1875470.0	2361280.0	2290220.0	1145210.0	1159850.0	1154330.0
P23280	CAH6_HUMAN	CA6	Carbonic anhydrase 6	4014.36	4453.4		4397.6	4418.9	6798.84		8183.27	4952.01			8366.18		8551.65		11290.9	7553.84	11467.8					6807.21	8009.93					1753.05						5391.11	1334.12			2768.94							5112.33		
P23284	PPIB_HUMAN	PPIB	Peptidyl-prolyl cis-trans isomerase B	51882.6	53999.8	47889.0	54194.0	44618.9	95114.9	27205.1	32471.7	35222.2	31730.6	28716.0	19240.6	34244.9	25154.9	28796.7	25725.4	31327.7	34160.2	96030.8	25743.5	130546.0	21937.5	502021.0	42080.7	16698.7	81750.4	44076.0	28509.1	146771.0	108074.0	103641.0	78371.5	34826.6	52082.1	32288.6	28315.2	60240.4	33321.6	68676.5	57991.9	30140.7	86386.3	85597.2	77424.5	71862.3	41847.9	50904.3	44951.3
P23297	S10A1_HUMAN	S100A1	Protein S100-A1					1901.65		776.237												2138.78	2564.58			3972.37			5157.12				3026.16	8004.22		3411.02		5907.58	11070.4	4088.21	4565.21		57864.2		1591.89				9762.52	9063.63	8292.49
P23327	SRCH_HUMAN	HRC	Sarcoplasmic reticulum histidine-rich calcium-binding protein	11116.2	11262.6	3540.49	11106.0	78995.3	4010.01	4348.24	4506.33	2623.34			4112.8				4889.93			4929.37	11637.0			31108.7	5006.3	4102.94	6040.14	10925.5	3126.14	6072.22	5084.38	67677.8	3585.38		31685.1	8323.87	10083.1	5893.37	5146.9	4261.44	12445.7	6364.4	4752.24	5375.26	5881.58	4257.17	12067.2	12817.6	10631.3
P23381	SYWC_HUMAN	WARS1	Tryptophan--tRNA ligase, cytoplasmic	41378.1	45284.1	27734.4	28300.2	34449.7	27533.8	43394.5	17422.1	20832.1	18956.1	12359.8	33463.3	10363.9	16276.5	17346.1	18869.3	17230.3	26846.9	15185.7	145780.0	36731.6	18522.3	53597.6	32073.0	32020.0	35045.9	175957.0	28534.3	27299.6	41155.4	35004.2	35540.7	24388.2	119059.0	55810.0	43540.2	17665.2	66769.2	28145.8	18885.6	104447.0	25482.7	27817.3	42552.9	30153.1	45142.9	52172.4	48913.8
P23467	PTPRB_HUMAN	PTPRB	Receptor-type tyrosine-protein phosphatase beta	1106.73	642.519	1146.96	685.807	2407.16	774.574	1275.46		1221.01			971.081	633.272	1270.26					960.442	1622.68			1540.89	799.836	1761.2		1110.41			1075.28		767.255		1394.73				769.92		1013.21	1182.14		1034.59	1377.81		1153.73	1495.84	1809.33
P23470	PTPRG_HUMAN	PTPRG	Receptor-type tyrosine-protein phosphatase gamma	9594.92	9216.84	10623.8	10924.0	24275.0	9734.89	15004.7	21484.2	11012.6	11990.1	9907.67	16660.2	21807.6	10645.4	11331.5	13441.8	7762.67	3953.91	7709.29	18883.3	19982.2	15131.7	16840.1	15007.7	10416.3	12741.5	14054.3	8905.17	9946.99	11501.6	11050.3	13488.0	17932.3	48287.6	12796.7	11658.1	26223.5	17549.5	16102.0	6066.51	20487.7	13189.8	10621.0	14389.0	13267.5	13087.1	9444.81	12755.2
P23471	PTPRZ_HUMAN	PTPRZ1	Receptor-type tyrosine-protein phosphatase zeta	33669.4	33683.8	21495.7	34813.8	42645.9	19338.2	26408.0	17919.2	21530.9	22357.1	32696.3	29320.8	16704.0	33818.1	28987.0	18214.3	17629.2	17553.5	30878.6	16663.9	29871.3	19626.8	37903.3	24735.7	26379.2	23736.7	49099.3	25081.1	21426.8	16426.6	29450.5	17373.8	19204.1	26428.0	19699.5	21228.7	12187.6	19800.1	16810.1	19970.8	22166.1	25616.1	19552.5	34230.3	32721.7	23165.5	25549.9	23816.8
P23526	SAHH_HUMAN	AHCY	Adenosylhomocysteinase	10487.6	9141.7	8401.98	10153.7	9038.39	8579.88	10547.4		7715.67	9842.14	12854.4	6712.37	9373.31	12736.4	9585.8	6595.68	9171.02	6723.76	7991.01	22170.1	7667.38		8538.11	6085.04	6198.53	9506.21	12626.6		7475.8	11431.4	10131.4	8984.58	6003.67	21298.6	7513.19	8234.46	15408.3	5200.86	7728.36	8356.33		4847.44	6954.94	6000.19	7280.73	9544.01	8963.79	9807.62
P23528	COF1_HUMAN	CFL1	Cofilin-1	68330.1	66293.4	35887.8	55762.0	56349.0	83811.3	22377.1	53292.2	34193.4	28711.1	20549.9	19141.1	39485.0	19589.5	18162.3	7999.44	9133.33	18247.1	90856.5	4428.68		12488.1		30233.9	13950.8	47692.9	30469.9	14461.8	5764.32	72849.2	33657.9		19739.9	83482.6	17027.3	16900.1	58138.5	20339.0	33177.1	22615.2	25534.6	46549.5	4507.74	62720.5	62687.3	24858.1	23642.3	24213.4
P24043	LAMA2_HUMAN	LAMA2	Laminin subunit alpha-2	11662.1	11283.9	10711.1	12202.5	42862.8	13523.4	20682.9	9586.3	9995.63	11948.6	14953.2	13283.1		11530.5	13366.4	6401.49	16596.9	19165.3	11815.5	67517.4	20398.0	15748.3	36036.7	14909.1	12816.1	26052.1	29495.3	5830.76	19292.2	30627.3	12208.8	17915.6	8548.46	22604.9	8467.67	7859.51	15279.2	11616.0	26201.8	16176.5	11357.7	15932.1	13873.6	18332.2	17544.2	14615.6	12889.6	15364.4
P24158	PRTN3_HUMAN	PRTN3	Myeloblastin	62113.2	66649.7	18432.8	63099.9	6616.32	37937.9	18915.2	32182.0	17592.7	44637.8	45415.3	19482.6	77467.4	28650.8	31539.5	32833.1	16609.6	20518.4	67421.5	1967.76	2685.22	16949.2		42471.7	46769.1	73335.8	41649.1	40117.7	14113.1	70509.0	119334.0		28230.6	203896.0	22026.2	25015.5	66756.0	58306.5	98417.8	89559.9	50739.9	61289.0		61643.0	62373.4	55171.4	50307.2	56426.6
P24298	ALAT1_HUMAN	GPT	Alanine aminotransferase 1	3809.94	3894.27	5900.59	3354.72	3694.03		14824.0	2251.68	4873.54		2044.81	11481.5	5903.68	4200.26	8139.55	8665.56	6522.45	6912.16	14481.0	53996.9		9547.26	3912.33	1046.34	21880.4	6365.1	2263.16	19947.5	8966.97	8296.62	10662.5		6828.98	25450.1	25760.6	29140.7			6290.09	18373.5		24439.8	7151.06	24036.8	25526.8	12714.9	9679.5	12828.8
P24387	CRHBP_HUMAN	CRHBP	Corticotropin-releasing factor-binding protein	5649.18	5060.46	6138.66	6995.12	4347.3	5019.77	7546.72	4569.55	3321.98	10770.3	9729.41	5139.27		3914.7	5656.08	7707.42	7612.63	6658.44	5161.66	5092.49	8402.5	6599.55	10221.8	3666.43	4369.64	6355.59	7295.57	4528.05	7426.09	11281.2	11972.2	18428.7	5968.5	6703.22	8595.52	6424.57	9638.67	9110.19		12172.7	6385.05	9862.54	15100.2	7167.4	9275.55	4805.45	7488.53	10253.3
P24534	EF1B_HUMAN	EEF1B2	Elongation factor 1-beta	30713.5	30227.7	5712.01	26098.7	10422.6	8341.77	5341.66	7029.42		8876.1		8406.73		5454.75					18539.2	10668.1		8144.71		9115.43	13032.6	9519.5	9553.36		10168.6	19010.7	14520.6		11703.2	50877.5	10334.6	9974.83	22454.3	9379.93	26337.5	12675.2	10607.7	10153.6		8117.77	9305.38	11564.2	16217.1	14385.6
P24592	IBP6_HUMAN	IGFBP6	Insulin-like growth factor-binding protein 6	13292.4	11164.2	11571.0	10447.9	54362.0	13475.7	13278.9	29203.8	12679.5	18119.6	20803.3	18694.4	30284.9	8276.18	19617.2	21076.6	10612.3	10315.7	12499.5	21421.7	37959.0	20043.0	33517.9	16515.5	25087.9	9054.07	12253.4	21697.5	24287.5	14062.2	39251.0	20085.7	38861.5	103126.0	19033.6	18847.8	90543.8	84542.7	19573.9	18229.0	76735.2	15395.9	14534.1	15481.4	13552.8	33545.6	33290.0	33120.7
P24593	IBP5_HUMAN	IGFBP5	Insulin-like growth factor-binding protein 5	48809.8	24406.9	27923.6	53252.1	110944.0	62662.7	34013.6	75814.6	38750.6	47620.7	39166.5	31421.1	115932.0	48069.8	58086.5	63943.5	38213.5	40781.1	45250.4	32092.9	125673.0	66204.0	33274.1	44223.6	30257.2	37175.0	21594.0	28528.1	38534.3	19769.9	62451.7	13317.6	34847.8	20147.4	19174.8	19330.1	15002.5	78328.5	42789.1	71077.4	78168.6	42048.5	11016.5	52977.7	41619.8	41954.3	37420.5	39854.2
P24666	PPAC_HUMAN	ACP1	Low molecular weight phosphotyrosine protein phosphatase	5874.58	5276.23		6100.33		7869.25	4237.09	3243.53				3129.83														5691.75	3565.14	4133.9				4088.08		5320.2	3350.83	4368.26	9372.09	2720.43					5663.55	3366.97	3531.51			
P24752	THIL_HUMAN	ACAT1	Acetyl-CoA acetyltransferase, mitochondrial		3571.04		2390.74								3171.49	2110.4	1397.91			4704.54	4309.4		17395.7		3466.66	924.462			1790.96			1803.91					2603.94					4670.89	3371.36		4903.58		5990.82	4936.58			
P24821	TENA_HUMAN	TNC	Tenascin	87856.0	98057.4	57673.9	88738.2	111449.0	82509.7	71453.3	23267.9	59995.1	34169.2	42429.0	61965.8	53605.1	76610.5	52533.1	59204.4	33051.5	38002.6	109317.0	329461.0	140275.0	108946.0	148038.0	151959.0	141028.0	229775.0	531980.0	60552.4	134203.0	224233.0	199949.0	130669.0	138375.0	177502.0	184145.0	180344.0	229834.0	577797.0	144737.0	279893.0	558791.0	128892.0	122250.0	126814.0	128772.0	147044.0	150666.0	149743.0
P24844	MYL9_HUMAN	MYL9	Myosin regulatory light polypeptide 9	27588.0	30618.9	12221.2	24135.0	23297.8	39563.7	10740.0	20264.1	10499.4	10334.8	13524.9	14240.2	10681.7	13857.6	17098.7		9728.86	9821.92	77944.5	10584.3		10129.6	13445.1	20164.7	23064.6	31791.7	22384.3	12591.5	10487.5	68646.8	34964.9		10962.0	89596.6	9499.42	11496.4	33279.1	11226.6	29971.1	20691.4	10074.7	69114.9	5251.67	67183.7	65369.9	32643.4	33455.5	34857.3
P24855	DNAS1_HUMAN	DNASE1	Deoxyribonuclease-1	9152.75	12523.8	4427.79	12454.4		4705.97			4370.55	6234.41	6170.33					4302.91	3597.71			4619.03				6497.98		8135.04	11408.7	5660.29		2377.38					4792.11	4660.0		3530.97		4562.84	3112.68	9006.34		10844.8	7506.89	4517.58	3177.97	
P25311	ZA2G_HUMAN	AZGP1	Zinc-alpha-2-glycoprotein	118888.0	76301.3	100524.0	97174.5	209582.0	170544.0	140641.0	245983.0	172328.0	744728.0	1222840.0	407353.0	1711230.0	1445200.0	385652.0	299063.0	419867.0	259630.0	432845.0	318287.0	2175880.0	1035720.0	424752.0	319718.0	599467.0	76331.5	104955.0	474320.0	101361.0	253925.0	150248.0	71548.8	174267.0	148140.0	151550.0	137430.0	109115.0	89470.6	77399.7	421128.0	155105.0	76661.8	82971.2	89119.1	191068.0	736195.0	625319.0	653541.0
P25325	THTM_HUMAN	MPST	3-mercaptopyruvate sulfurtransferase	4087.65	5253.23		7145.2	2003.51	2883.47								1393.7												4143.1	2295.07			1471.46			1447.39				5283.58		2642.02			3480.35		2309.1	2083.93			
P25705	ATPA_HUMAN	ATP5F1A	ATP synthase subunit alpha, mitochondrial	14117.7	13937.4	17152.4	16402.9	9617.46	17550.3	11848.3	12509.3	18362.3	10654.9	21385.0	7341.59		14674.6	18438.3	11279.1			15755.2	12633.3	15477.2	4049.07	9802.91	3559.28		12093.5	6705.51	13335.0		13713.5	10254.7		9252.07	13362.8		4376.11	8851.97			10234.8	9674.2	7264.2	7347.1	11682.1	6275.04	7609.74	5916.77	16580.5
P25786	PSA1_HUMAN	PSMA1	Proteasome subunit alpha type-1	82106.1	95153.5	65110.1	86799.3	118524.0	55278.0	110997.0	60942.2	67654.5	78144.1	80207.6	101958.0	84006.6	103019.0	63328.0	75914.4	68729.5	63906.4	172469.0	360683.0	51176.5	241622.0	234828.0	66220.6	140306.0	214981.0	362284.0	72485.4	118294.0	202040.0	460757.0	68567.6	80398.9	207571.0	92867.1	86567.0	166327.0	161088.0	220378.0	321236.0	162722.0	54391.7	67253.5	62732.3	54494.8	135972.0	131756.0	137406.0
P25787	PSA2_HUMAN	PSMA2	Proteasome subunit alpha type-2	56424.2	66345.9	39416.8	57559.6	70768.5	40031.2	63131.3	40580.2	40116.4	58766.4	47452.5	77660.9	50877.2	62967.4	34258.5	47723.4	45355.1	39098.1	105745.0	255041.0	17118.0	167917.0	163048.0	35603.4	98096.7	155466.0	218658.0	56603.5	81007.5	131346.0	280012.0	36139.8	56591.8	145050.0	58380.4	58382.5	118910.0	112245.0	159866.0	201536.0	113060.0	32653.0	50284.6	47249.2	39940.4	108293.0	115624.0	104925.0
P25788	PSA3_HUMAN	PSMA3	Proteasome subunit alpha type-3	48111.4	48107.7	34010.6	40856.7	62075.6	32422.2	76625.4	39480.6	42775.4	34360.6	32722.3	67138.2	38853.2	45501.4	37253.3	41473.1	38104.2	36054.9	102031.0	241751.0	21497.6	118877.0	112392.0	46360.7	86243.2	127505.0	225100.0	49845.4	71819.3	130831.0	244076.0	47472.3	58034.0	122671.0	53228.3	46059.6	99498.1	90498.8	91318.8	176330.0	95945.6	32849.4	40557.0	38909.3	36657.7	90396.2	100448.0	96963.1
P25789	PSA4_HUMAN	PSMA4	Proteasome subunit alpha type-4	57747.4	54672.1	43132.8	60249.0	70190.8	26978.0	62641.3	30990.8	31838.5	36197.1	44883.0	61132.4	35714.3	43381.5	33867.1	36032.0	37646.6	37387.2	88096.1	246619.0	14937.1	107758.0	135929.0	42640.2	81695.4	159809.0	270723.0	50541.3	79688.0	145201.0	314964.0	47872.6	50439.4	164560.0	67208.6	59497.2	125996.0	122496.0	145929.0	217633.0	120211.0	41908.7	47107.9	36738.4	38119.1	96993.0	97923.9	94600.8
P25815	S100P_HUMAN	S100P	Protein S100-P	2804.26	4072.09		6334.58	3321.18		7560.22	4803.49	4431.76	19655.0	12312.7	3897.53	7401.13	7030.74		5639.76	1919.61	4155.09	13300.4	1899.79					8275.21	9313.4	3481.08	8472.5	3239.95	12445.0	27349.2		3990.02	49736.6	4450.19		9702.78	8967.6	28813.3	12314.4	9701.7	4629.9		7540.95	8645.36	12026.3	14180.0	9256.7
P26022	PTX3_HUMAN	PTX3	Pentraxin-related protein PTX3	33051.7	35187.7	28693.3	35352.7	15920.5	11725.7	7651.58	6410.75	28774.8	5539.95	19124.3	8570.63	6490.24	7024.1	16786.4	6642.64	5106.59	9796.55	36771.1	104139.0	91660.2	11159.7	91470.7	72817.3	33279.6	59896.0	182679.0	18361.4	73770.0	56963.8	674834.0	92004.2	34875.5	188340.0	32133.2	30245.9	388649.0	35253.3	55147.3	126637.0	31473.9	28643.7	97708.0	35655.3	32144.2	94076.3	96928.8	101361.0
P26038	MOES_HUMAN	MSN	Moesin	95918.6	103964.0	46059.6	92349.0	81145.6	59867.4	54631.7	44395.2	42945.3	42885.9	38069.7	46353.4	44875.9	63714.2	44081.8	40040.0	43365.9	40093.4	70904.2	126082.0	31846.9	45688.8	195394.0	51030.5	62378.1	106088.0	110354.0	34543.3	54489.2	105686.0	93373.6	43850.9	54357.0	161368.0	47219.7	50199.2	68354.4	78161.5	114386.0	77664.1	74043.0	71279.2	41230.6	73437.3	73624.7	62131.3	64440.0	65072.3
P26368	U2AF2_HUMAN	U2AF2	Splicing factor U2AF 65 kDa subunit	4296.58	15884.6	2694.83								2055.91																				4762.64							1834.21				2710.03						
P26572	MGAT1_HUMAN	MGAT1	Alpha-1,3-mannosyl-glycoprotein 2-beta-N-acetylglucosaminyltransferase	26468.2	26295.5	31512.3	25940.1	35228.9	36209.7	49406.4	24462.3	33788.1	31408.1	66568.8	49156.0	41811.7	32564.6	29871.9	40065.7	36821.4	42263.2	48742.5	68831.1	88270.9	89904.5	77638.7	39481.2	57829.5	66193.8	78101.8	45673.8	87013.2	58081.0	69512.5	90705.6	68564.8	58081.7	83378.8	79526.9	56522.9	74627.9	82144.9	55928.2	73825.3	48947.5	100767.0	45082.0	46998.0	59792.4	59677.1	56079.5
P26583	HMGB2_HUMAN	HMGB2	High mobility group protein B2	29407.2	31913.0	13863.5	32604.6	7550.53	17411.7		24132.5	15240.5	36174.9			26596.2						28747.6						42592.0	9649.91				28245.9	46531.7	12005.9		197671.0	29921.4	18170.8	16098.3		31983.2	14387.2				18080.2	18221.1	24980.9	22589.7	29024.0
P26639	SYTC_HUMAN	TARS1	Threonine--tRNA ligase 1, cytoplasmic	5978.19	8341.12		5498.53	2418.71																			4098.07		1870.65	4391.35			2825.83	2744.04			11438.0	3646.35				3305.21			1859.84		2585.1			2563.47	
P26641	EF1G_HUMAN	EEF1G	Elongation factor 1-gamma	22593.6	20970.9		23741.8	2578.35	11704.2		4095.7						7301.83			2672.24		28479.2	7240.08		3878.67		7476.64		8586.75	10434.0			33485.4	8850.41			28852.9	3532.01		15824.8	4108.56	11950.3	6046.79	6098.9	16594.4		16426.5	15372.0	7260.73	7664.46	8724.77
P26927	HGFL_HUMAN	MST1	Hepatocyte growth factor-like protein	506656.0	507389.0	597961.0	506045.0	559548.0	646912.0	633321.0	595880.0	638025.0	685062.0	575401.0	624529.0	521105.0	570748.0	602840.0	486935.0	666092.0	752656.0	515381.0	614538.0	664923.0	576362.0	455978.0	550180.0	301522.0	514356.0	542591.0	453471.0	609614.0	417655.0	493565.0	519779.0	577649.0	738933.0	553040.0	556357.0	361931.0	288368.0	245442.0	328325.0	268278.0	525314.0	426483.0	549032.0	550907.0	394742.0	423969.0	390952.0
P27105	STOM_HUMAN	STOM	Stomatin	20862.0	24911.4	12695.7	28520.3	27841.8	33648.4	9710.29	28743.3	9919.56	15027.9	8007.23	15590.9	11039.9	27863.1	7150.52	7728.49	5914.16	7778.93	45580.0	7168.8		6053.21	2921.15	17935.2	11899.7	30979.3	9210.8	13516.9		34475.9	21312.3		6268.26	19547.3	7555.1	7250.8	19126.7	7811.93	21041.6	5589.76	8776.53	21268.3		22253.9	21420.2	11512.4	13881.2	13520.9
P27169	PON1_HUMAN	PON1	Serum paraoxonase/arylesterase 1	8331260.0	9692940.0	5867330.0	9038490.0	4310400.0	9687590.0	5146320.0	7704020.0	5257990.0	4404580.0	4746880.0	5372830.0	5470780.0	4939490.0	4522690.0	5486950.0	7972640.0	8547970.0	4593180.0	6787300.0	4530820.0	3980860.0	3726780.0	7975480.0	4317840.0	4231120.0	4713830.0	4517420.0	5175280.0	4085840.0	4721290.0	4606810.0	5747590.0	3164650.0	4152380.0	4180670.0	3923690.0	3547560.0	4265930.0	4513220.0	3621590.0	5934550.0	4578210.0	5619210.0	5345230.0	3871240.0	3743480.0	4008610.0
P27487	DPP4_HUMAN	DPP4	Dipeptidyl peptidase 4			7434.08				7850.42	8067.44	8763.41	9210.54	7585.87	9391.08		6411.75					6024.14	7589.79	16245.4	8340.41			6407.76	3872.66	4082.83			3316.49		5508.61						5265.67				9119.25		7369.29	7376.56	5931.99	6351.75	7123.1
P27708	PYR1_HUMAN	CAD	Multifunctional protein CAD	1183.06	2219.59	1154.78	1382.45																							582.515																					
P27797	CALR_HUMAN	CALR	Calreticulin	200649.0	203792.0	140587.0	220775.0	796896.0	99833.1	164186.0	124411.0	136402.0	99217.4	247582.0	168599.0	157460.0	118654.0	193414.0	125326.0	89963.5	120203.0	280829.0	246567.0	187222.0	296621.0	330719.0	306592.0	237524.0	271894.0	289322.0	231951.0	278942.0	459531.0	569089.0	150642.0	467704.0	1257500.0	251659.0	275340.0	470518.0	509720.0	465106.0	245178.0	599584.0	225300.0	194307.0	270082.0	265014.0	440648.0	420998.0	394380.0
P27824	CALX_HUMAN	CANX	Calnexin	63972.7	56115.4	79248.5	69624.2	142815.0	34324.5	57230.0	27640.4	62798.9	23766.7	71075.6	56304.8	42407.3	47638.1	67846.1	30836.1	25939.5	24732.4	45484.2	68907.8	19889.4	87504.7	63687.1	48327.4	96272.1	141386.0	144184.0	50718.1	60844.1	135024.0	107779.0	43903.6	75967.3	432759.0	120743.0	111747.0	121473.0	165740.0	101867.0	66955.4	168240.0	108444.0	47057.6	91607.9	99195.5	117915.0	116147.0	128843.0
P27918	PROP_HUMAN	CFP	Properdin	74457.0	55307.4	113032.0	70862.3	96762.3	71309.9	159126.0	78408.3	92402.1	47937.3	46730.9	115238.0	107709.0	49895.2	108886.0	63132.0	86278.4	139027.0	47537.1	60209.2	47221.8	148337.0	30438.5	90382.0	133122.0	33698.1	48757.4	90178.4	57066.8	43818.0	66657.2	36572.7	66961.1	62767.3	85136.3	75127.6	49104.7	84032.2	75802.0	25648.5	87663.6	70705.8	49461.3	73591.2	47884.7	56438.2	42200.3	36966.4
P27930	IL1R2_HUMAN	IL1R2	Interleukin-1 receptor type 2	1696.14		1037.89				1642.18					2276.4						1448.86	2029.09	4597.28			1349.27		8152.18		782.996		2896.06	2186.39	3951.7	1393.87	2465.01	1986.29			3699.39	3595.84	5570.27	1104.76			1900.58	1638.67				1787.12
P28062	PSB8_HUMAN	PSMB8	Proteasome subunit beta type-8	27454.8	27589.9	27759.6	28601.2	32583.6	14572.2	37722.8	17146.3	23607.2	26756.1	16467.7	29385.0	31181.9	24085.0	19954.0	18625.1	14620.9	13449.1	46701.2	90597.7		94149.8	73620.7	24020.0	40048.6	71595.6	154344.0	23232.3	50477.1	84109.3	120354.0	20840.2	22763.4	86427.7	26789.5	24573.1	37196.3	63713.2	92879.7	81099.0	64644.2	24633.8	20084.2	24804.6	22934.1	34670.9	43312.8	40497.5
P28065	PSB9_HUMAN	PSMB9	Proteasome subunit beta type-9	15350.0	18051.8	14643.2	15277.5	15398.9	6914.13	18892.2	13943.8	14418.4	11431.1	17070.0	12466.9	18833.0	28935.5	9512.8	11526.9	9460.91	11269.5	29675.6	77193.5	9643.69	51746.4	51839.8	15393.1	28204.0	44852.4	137357.0	16054.5	29481.5	44130.4	83946.7	9478.17	12445.2	44793.9	16050.5	14586.8	18641.3	46784.1	52234.0	44366.0	45563.5	11736.2	6678.23	12083.4	13760.6	20998.5	28759.6	24796.9
P28066	PSA5_HUMAN	PSMA5	Proteasome subunit alpha type-5	80732.4	85003.2	67626.6	79235.5	114757.0	63542.7	104001.0	57627.0	64478.1	82869.8	93920.9	104357.0	77093.8	90003.2	59722.9	71385.8	64885.3	64941.4	149403.0	333551.0	41416.6	259326.0	208729.0	59917.0	129107.0	209735.0	301403.0	82245.8	105764.0	209649.0	426660.0	62619.5	83598.3	183715.0	80405.2	75233.5	143472.0	152913.0	196449.0	311997.0	164082.0	54266.2	61522.2	58366.4	58118.2	141771.0	139235.0	140595.0
P28070	PSB4_HUMAN	PSMB4	Proteasome subunit beta type-4	33178.6	37441.3	26971.4	36807.4	44065.6	27234.9	42670.4	24274.5	28640.0	26524.3	35843.7	44806.4	29823.1	32922.1	19343.7	29225.4	25381.4	29087.8	59029.0	140739.0	13148.4	94788.9	86605.1	23856.1	56340.0	92783.0	133081.0	31702.0	53394.7	92995.6	166434.0	24796.0	38640.0	78524.4	40372.3	36772.1	66733.0	70613.0	91386.0	112813.0	78580.0	24771.3	25867.0	29158.0	27275.1	68710.5	60869.1	67973.7
P28072	PSB6_HUMAN	PSMB6	Proteasome subunit beta type-6	25784.6	22514.8	14452.6	30090.6	36521.7	21293.5	22448.3	12186.9	17971.9	19043.5	23155.6	22698.8	28144.8	25570.8	32812.9	39243.6	15100.5	21550.5	35674.1	120173.0	7581.15	92308.0	52770.4	64120.4	47913.5	55666.6	52709.7	19991.5	28831.0	82736.3	142149.0	15432.5	45776.6	45352.9	19687.5	15960.1	54938.8	27842.5	50708.6	89728.9	45008.7	14584.9	15413.3	21646.0	13044.2	28469.3	29328.1	31841.5
P28074	PSB5_HUMAN	PSMB5	Proteasome subunit beta type-5	31472.2	30624.8	23771.5	23976.8	30562.1	21452.8	27473.7	16790.7	16802.1	39681.9	41289.0	33738.9	37484.4	31493.6	17636.6	30518.9	22483.4	23538.9	34290.7	77705.9		86833.5	59266.6	20723.3	38908.4	78342.3	64768.8	14879.1	24546.5	44494.7	101966.0	20742.8	30388.8	30508.2	14873.2	22208.9	40120.7	30584.9	30463.4	98745.9	38716.3	10403.0	17362.1	13234.0	11944.9	33569.1	35151.9	34901.0
P28676	GRAN_HUMAN	GCA	Grancalcin	7079.19	6263.16		7661.94	4144.03	9867.4	4740.39	4316.28	3727.84	14101.3	3575.96					5144.11			12055.9					8509.97	9574.79	8743.52	15539.2			20648.1	13840.9		3996.18	66160.7	5665.02	2705.58	14476.0	20865.4	19573.7	5639.23	21295.5	9505.95		12570.1	10377.8	13694.4	12555.4	13054.9
P28827	PTPRM_HUMAN	PTPRM	Receptor-type tyrosine-protein phosphatase mu	8023.08	7881.16	6910.34	8705.77	8948.1	13078.9	9588.91	11060.8	8126.73	8030.13	14110.5	12013.1	4138.52	19907.5		8467.47	5110.7	7420.97	7308.93	10940.2	8856.84	7499.51	5179.2	9990.65	16438.0	9976.43	16535.4		6148.05	10896.2	5154.15	6354.84	3355.29	7646.62	4978.0	6767.17	7361.8	10078.2	9167.99	6869.49	9732.2	14510.0	4061.96	13390.5	15061.5	8531.53	10032.6	7454.43
P29122	PCSK6_HUMAN	PCSK6	Proprotein convertase subtilisin/kexin type 6	9123.7	8631.75	23406.7	9940.7	8141.5	19964.8	11321.3	25270.4	23118.2	8805.43	9079.47	12341.3	9793.67	14281.5	13819.0	6712.13	12649.1	12283.1	16192.8	8427.35	6087.12	7340.35	3839.85	4324.05	5532.91	17362.9	7257.86	19709.4	8083.43	13313.6	12303.3	6593.05	9295.37	7394.61	11946.2	11420.3	8855.15	14294.6	19474.9	8322.52	16054.6	13276.7	6041.16	14217.2	14112.4	12554.8	12009.5	12567.5
P29218	IMPA1_HUMAN	IMPA1	Inositol monophosphatase 1	6995.12	10154.8	1501.4	9881.92	1967.53	2143.95			1482.53										3067.92					1703.53			935.989	3611.23		2080.0	2901.41		4190.81	4726.93	3570.32		1655.28	1865.05	5915.21	1388.21			1652.76	2419.58	2293.46		1735.21	
P29350	PTN6_HUMAN	PTPN6	Tyrosine-protein phosphatase non-receptor type 6	5265.55	5124.57		6817.33				2459.5																4041.4	4534.83		4276.67			6624.06	5509.29			13613.7		3210.7	6361.36		6652.69	3012.71	3097.01	4169.81				3061.12		
P29401	TKT_HUMAN	TKT	Transketolase	10673.5	9891.02	8052.98	8640.82	7734.06	4336.38	10651.2	8335.17	9573.7	15524.2	14256.2	9790.11	16863.4	13804.8	5710.14		2746.31	4046.08	12673.2	9414.75	8582.14	9213.38	7167.7	5978.74	8583.35	7939.25	16124.4	10632.1	9729.03	15375.8	12635.1	3179.95	10794.6	42439.5	9112.56	6148.57	10259.3	17084.9	17059.3	14264.8	20696.3	6992.61	4534.26	9954.14	7064.45	12538.9	12478.5	11957.2
P29508	SPB3_HUMAN	SERPINB3	Serpin B3	14545.3	12098.1	28650.7	14872.5	11726.9	8185.52	15822.1	17223.4	27567.7	20151.9	31490.1	11126.4	24028.1	20901.8	12016.2	26671.4	15937.2	18614.7	24805.6	25257.9	15893.5	13403.5	6586.35	16341.0	22818.0	7395.03	6509.3	8906.88	7837.46	27186.4	20589.3	8758.06	14167.2	7967.73	13560.1	7790.54	18438.5	4403.64	13579.1	14073.9	16861.0	13889.3	16056.8	20615.7	19544.8	17771.2	15906.9	17712.0
P29622	KAIN_HUMAN	SERPINA4	Kallistatin	1752360.0	1972140.0	2161950.0	2018640.0	1204170.0	1961520.0	960070.0	1648460.0	2126460.0	1275210.0	726058.0	887229.0	2433100.0	1668870.0	1755270.0	2295770.0	1533270.0	1606430.0	634698.0	1363350.0	961576.0	842196.0	1258240.0	1134230.0	1609500.0	512438.0	634419.0	738272.0	954912.0	1246200.0	883268.0	966942.0	782011.0	634760.0	967430.0	881902.0	772344.0	833472.0	650322.0	1278440.0	824778.0	1597400.0	934618.0	1532300.0	1565760.0	796411.0	863391.0	843309.0
P29692	EF1D_HUMAN	EEF1D	Elongation factor 1-delta	12725.6	11489.0	3602.92	15151.6	5252.64	7003.69	4698.36	4394.56		4928.91					4171.21			3353.73	11503.1	10951.1			3077.9	8141.49	6478.48	7062.67	9264.49	5825.09	6741.22	8425.12	10029.6		7796.07	31688.0	7984.83	7059.46	11890.7	5418.08	21028.8	8680.94	6534.71	6093.39		7349.29	5463.55	9553.13	7740.46	8793.18
P30040	ERP29_HUMAN	ERP29	Endoplasmic reticulum resident protein 29	12488.3	12769.2		12440.2															13891.7	13024.4										8336.18				17733.9		3561.61					5160.39							
P30041	PRDX6_HUMAN	PRDX6	Peroxiredoxin-6	102632.0	105709.0	22801.8	115963.0	59727.3	93537.6	64553.9	62477.3	24219.3	15625.7	48660.9	63186.3	29317.2	29380.9	21760.3	39265.7	55597.4	52070.2	47503.4	50127.7	12743.3	12002.6	14681.8	22827.8	19041.2	89167.3	61437.8	22315.4	12157.3	42099.1	19408.7	43244.1	49657.6	39234.2	58403.0	60007.8	125740.0	19377.7	29522.8	34729.1	22550.6	29348.0	46768.8	29630.3	26534.0	31328.1	27435.8	29238.9
P30043	BLVRB_HUMAN	BLVRB	Flavin reductase (NADPH)	65866.5	72084.0	16878.3	73540.5	77630.4	165254.0	108561.0	62675.6	16846.4	10018.5	104694.0	101827.0	17629.0	24432.2	16838.4	64839.9	82027.1	102601.0	50292.3	43049.1	17304.8	6139.85	23481.7	16555.8	16818.1	126370.0	113288.0	21805.3	19754.6	27497.4	27840.3	113561.0	76899.9	105959.0	125554.0	127810.0	361663.0	27328.0	21277.4	16946.4	26108.6	12262.6	112273.0	15427.9	12331.0	56548.7	61762.2	61594.2
P30044	PRDX5_HUMAN	PRDX5	Peroxiredoxin-5, mitochondrial	46586.9	89878.6		63861.0	11901.0	39561.8	13209.5			14615.1					17810.9				54220.3	8660.4				27038.8	20894.3	11973.9	16384.4			53113.5				77438.9			15232.5	20556.4		22548.9		31672.0		43391.5	35586.8	14962.1	22065.1	18645.9
P30046	DOPD_HUMAN	DDT	D-dopachrome decarboxylase	11770.5	9620.39	5711.14	19839.0	15922.9	15309.3	15852.6	10407.1	2863.78	2967.24	14257.5	13973.8	8822.87		18785.5	7673.68	14818.0	12116.4	19294.8	81401.0	7816.28	25428.6	6717.56	3968.9	11175.1	33406.6	13453.3	11081.6	14142.1	10202.6	62818.8	11233.0	8920.25	44769.3	22975.3	20718.5	16855.7	6392.48	20574.0	141737.0	10703.2	30432.1	3127.94	29328.5	25572.2	26745.6	24938.6	29841.7
P30048	PRDX3_HUMAN	PRDX3	Thioredoxin-dependent peroxide reductase, mitochondrial	4781.22	6907.57	5311.58	5096.2	2723.73	3955.1	3134.93	5078.91	4808.35	5290.5	3279.85			1231.55				1469.43	5026.85					1356.18		2518.35	2610.51			2914.57	2954.11			3161.38				1459.17	4183.66		1268.84	2090.17		2834.06	2767.48		1454.13	3031.56
P30085	KCY_HUMAN	CMPK1	UMP-CMP kinase	9582.83	14379.9	1846.19	11611.5	2700.37	9351.05		1627.76			4505.04								6545.59							2488.96				7703.75				4428.52	2149.39		5534.03		1534.13	1496.01		5626.81		3922.34				
P30086	PEBP1_HUMAN	PEBP1	Phosphatidylethanolamine-binding protein 1	35195.7	35276.2	11607.6	32298.9	27508.2	42303.4	21357.4	23914.1	13010.8	10582.2	21733.1	22128.7	14868.1	19124.2	17942.5	11128.7	24328.7	15031.8	28878.5	25352.9	16596.5	21292.5	23662.4	10708.0	13799.8	20569.0	17517.5	7500.57	11430.6	37686.2	16676.1	10761.4	16385.5	44373.4	18837.2	21367.7	41860.3	15410.5	15351.4	35725.0	18967.3	24280.4	15142.1	26004.8	29135.2	23404.6	22914.7	21253.9
P30101	PDIA3_HUMAN	PDIA3	Protein disulfide-isomerase A3	70790.7	64150.6	66124.1	65421.0	54558.4	55552.9	57290.3	42151.0	54409.8	44710.0	45145.8	39931.1	24773.0	32713.2	41316.8	48914.6	38482.3	43684.6	52050.1	77551.2	23183.4	27338.5	49121.7	87876.7	40701.0	61951.6	43899.5	43727.8	33838.0	59539.4	65950.1	51245.3	43816.9	52755.3	38929.6	37760.9	52958.6	38145.7	60066.8	47695.0	45983.4	50228.9	65589.0	52610.6	51533.6	38034.4	40440.7	38306.7
P30153	2AAA_HUMAN	PPP2R1A	Serine/threonine-protein phosphatase 2A 65 kDa regulatory subunit A alpha isoform	8541.33	6822.65		7388.64	7105.28			6835.42																		5912.04	3879.23			4049.56			4446.11	6383.94			10683.4						3793.11					
P30530	UFO_HUMAN	AXL	Tyrosine-protein kinase receptor UFO	17863.0	19879.2	18412.7	18875.2	23859.3	18565.6	26327.9	7090.01	11497.8	6801.14	23277.3	23956.7	13169.1	12437.0	15296.0	10860.1	4145.71	6915.61	9609.3	12162.0		23598.0	10147.9	10043.9	32111.5	40187.4	37594.7	12453.8	21273.4	49296.8	15924.1	12332.6	35181.7	24831.6	23957.2	26321.2	27026.6	85537.9	37145.5	26905.9	91910.4	40771.7	12424.1	31289.8	37353.7	16546.1	24635.8	25727.3
P30626	SORCN_HUMAN	SRI	Sorcin	3115.89	5327.96	732.916	4243.43	1153.43	1112.62			967.696															2097.55		2307.7	1312.94			2927.68	1398.53			3082.58	1575.41		8067.25	1530.13			2352.0	2955.18	1495.78					
P30740	ILEU_HUMAN	SERPINB1	Leukocyte elastase inhibitor	37731.1	36486.2	15143.0	36149.9	26992.7	24315.9	16846.9	14631.0	15778.3	26419.8	29572.9	15062.2	21531.6	30366.5	26813.1	18824.4	10904.5	9627.78	27869.4	9915.16	16886.5	19260.0	13242.9	23749.4	30702.1	28871.7	35447.4	18189.6	18822.4	48984.1	34157.7	6152.63	19391.4	123455.0	18522.1	19123.6	25171.5	45092.9	62966.5	33515.1	41407.2	21833.0	6903.46	27121.5	27789.3	33035.1	32530.2	31466.6
P30990	NEUT_HUMAN	NTS	Neurotensin/neuromedin N																						5782.84				3343.85	2513.16													2340.19		11035.3		14400.3	12474.4	4947.15		6883.21
P31025	LCN1_HUMAN	LCN1	Lipocalin-1	6608.42	6377.31	9873.57	3934.29	4992.24	3208.99	41326.5	3708.7	7166.95	15554.2	12506.2	4005.87	4622.77		2603.78	4798.91	6751.19	10840.0	11834.0	2794.49	4921.0	4968.62	7834.43	6872.16	13697.5	5059.88	10121.1	26649.3	5340.6	14174.0	10852.6	13528.2	6343.57	4857.16	12882.8	10358.1	8444.67	7507.86	15656.7	24279.1	11146.3	11653.9	20020.2	12807.5	12858.7	8741.63	12546.6	8392.29
P31146	COR1A_HUMAN	CORO1A	Coronin-1A	17682.3	24419.3	11035.9	24030.1	11611.4	14123.5	9230.97	14205.6	8862.0	11434.5	20422.7	8189.25	10652.9	14997.7	16178.0	8134.9	7351.26	13309.4	20807.9	9311.3	2591.82	8598.81		13968.2	21933.9	14108.1	29220.1	4749.09	6219.79	22338.0	39004.0		12665.6	102152.0	11266.7	10468.9	16293.8	44402.4	28557.1	11695.6	38672.4	14851.1		17411.2	15195.5	19937.4	15992.3	14556.0
P31150	GDIA_HUMAN	GDI1	Rab GDP dissociation inhibitor alpha	8033.12	8661.86		9178.0	4688.18	3905.1	4235.54		3564.05										4211.35	6337.49			5882.63	5479.51	4486.26	8322.1	4928.52		4154.79	8057.47	7593.44		4263.49	7168.71	5731.13	4640.55	6968.9	6680.43	7701.09	5921.99	5707.05	4745.99		4790.13	4578.51	3639.61	4709.31	4811.35
P31151	S10A7_HUMAN	S100A7	Protein S100-A7	31429.5	21039.7	62887.3	18713.7	24956.6	21726.4	68203.2	27261.7	84009.4	42531.5	113725.0	22133.4	52363.7	65533.5	26007.3	86910.8	51997.3	52794.6	55816.1	140394.0	40574.0	82312.3	16746.0	84513.6	66541.2	14983.0	9030.95	29574.4	13433.9	70065.9	114814.0	24917.8	16784.6	11098.2	17811.6	18142.4	40285.9	19686.3	42525.0	46775.6	34105.8	28364.3	57881.8	31490.8	213119.0	50679.6	58761.5	51910.5
P31153	METK2_HUMAN	MAT2A	S-adenosylmethionine synthase isoform type-2	2208.13						3763.91												2660.75	5473.62			4375.62			2592.69	6148.85			3864.13	2902.07			14625.7	4860.05		1575.76			4260.2		2564.68	2291.0			3553.47	2338.18	4054.06
P31327	CPSM_HUMAN	CPS1	Carbamoyl-phosphate synthase [ammonia], mitochondrial	3823.72	3783.61	5004.45	4549.6	4456.7	5044.06	6257.97	4215.92	4927.49		6350.99	6110.62	3110.33	5161.45	3931.61		9759.41	9827.27	5884.19	74959.9		8848.08			7172.14	14870.4	5503.65	3304.4	3530.49	13057.3	3982.16			3850.82	4431.4	3396.7			7604.45	21158.4		7166.05		6856.37	8863.84	5337.96	4723.46	5303.23
P31431	SDC4_HUMAN	SDC4	Syndecan-4	197306.0	171749.0	237304.0	223382.0	134936.0	145218.0	165071.0	143919.0	154868.0	123233.0	70393.7	146698.0	80291.2	101838.0	196333.0	176149.0	115656.0	157303.0	125574.0			94070.8			79235.3	111887.0	44686.6	331533.0	42509.9	104380.0	494832.0		59022.6	58515.1	168382.0	170069.0	59706.6	93188.0	360939.0	99270.9	114613.0	131380.0		138945.0	145011.0	185191.0	157137.0	162677.0
P31939	PUR9_HUMAN	ATIC	Bifunctional purine biosynthesis protein ATIC	4150.31	2332.09		3498.72	2890.97	2954.95	3834.28	2429.08			3864.61	1875.05				1625.96	1786.2	1659.13		3698.98				1121.89	2549.47	1038.91	3461.47			1752.39		2695.73	2457.03	4114.47		1846.53	7344.96				1515.9	1213.84	2674.48	1448.65		1865.59	2451.16	1416.58
P31944	CASPE_HUMAN	CASP14	Caspase-14	8222.13	6281.68	16412.7	3515.68	4697.32	3167.14	7339.25	9405.34	15169.0	7810.79	19819.2	4826.61	12274.3	12569.0	7213.08	15176.2	10110.7	8758.78	15776.7	14703.5	7618.7	7848.44	3353.89	11090.5	11546.3	4033.49	2310.45	4950.93	4682.33	13097.9	10357.4	5040.32	5193.22	3079.14	5922.5	6322.05	10445.1	3270.17	7680.44	12895.8	9309.45	6969.9	17883.4	12964.1	17244.4	10741.6	11203.7	11108.8
P31946	1433B_HUMAN	YWHAB	14-3-3 protein beta/alpha	17455.7	14353.2		14491.6		9548.39		6587.71	8562.57			5950.25								5625.78				1897.05	8736.82	12724.4	12338.8			12487.7	14818.8			19298.3	5519.77		12433.7	9183.74	10922.9		6000.82	7559.82				12694.1	11812.8	9528.16
P31948	STIP1_HUMAN	STIP1	Stress-induced-phosphoprotein 1	5355.65	6051.37	2208.6	4193.84	1026.13		2037.45		1040.66		1063.61															1893.53	1275.64			964.337				1983.99	1029.28		2221.75			1188.57								
P31997;P06731;P13688	CEAM1_HUMAN;CEAM5_HUMAN;CEAM8_HUMAN	CEACAM1;CEACAM5;CEACAM8	Cell adhesion molecule CEACAM5	1096.11						2059.97																	2995.49				3315.19		7638.53	3578.74			6075.13					3145.52									
P32004	L1CAM_HUMAN	L1CAM	Neural cell adhesion molecule L1	1794.05	1813.47	1548.64		2926.42	2266.27	4035.11		2487.73			2973.84			2084.58	1960.11	1858.94	1247.77	1953.34			1774.47		1851.21		2254.01			2999.31					1496.84				2093.49	1690.69			3703.13		4649.75	3468.23	1935.88	1550.73	2168.56
P32119	PRDX2_HUMAN	PRDX2	Peroxiredoxin-2	14657.2	8912.12	19715.4	8728.12	19459.2	14588.6	10785.6	12166.8	18413.9		4118.17	11688.4	16513.2		8078.42	14478.3	9673.0	15575.1	7496.18	3335.56			3911.28	4688.11	4435.94	5639.56	7857.97		3649.26	8693.61	6491.41	6380.1	6457.96	6905.75	7799.25	10831.4	33237.6	5115.4	5779.06	4720.9	4892.86	7348.13	5664.11	12750.0	8418.04	8993.39	10918.1	8900.61
P32754	HPPD_HUMAN	HPD	4-hydroxyphenylpyruvate dioxygenase	8663.52	11414.1		6079.62	10465.0	8137.4	26208.0				11955.4	23137.6	28051.9	20698.7	22616.4		22608.9	26326.8	35671.5	121344.0		44166.0	11450.7		55379.7	21969.9	7251.05	24762.9	12497.7	43486.9	9364.16	12747.5	10012.5	18637.6	19338.8	19858.3		5289.37	7302.13	37815.3		56837.7		48401.9	53123.1	21724.4	19807.9	19065.7
P32942	ICAM3_HUMAN	ICAM3	Intercellular adhesion molecule 3			787.269				1780.53											1104.03				4154.49					2434.07	1349.35	901.142		1920.29					719.539		884.459			1543.54			710.055		734.888		1409.15
P33151	CADH5_HUMAN	CDH5	Cadherin-5	207915.0	210973.0	217213.0	212818.0	296801.0	223986.0	242913.0	157075.0	209836.0	124937.0	146452.0	220407.0	194695.0	145137.0	150031.0	176677.0	122486.0	111880.0	110967.0	157293.0	191833.0	206109.0	154271.0	171522.0	230775.0	181474.0	284472.0	126369.0	158549.0	187352.0	92208.1	153196.0	167209.0	139943.0	118451.0	126553.0	152130.0	207925.0	238846.0	111227.0	195355.0	289194.0	145603.0	270338.0	297277.0	139045.0	129890.0	136085.0
P33241	LSP1_HUMAN	LSP1	Lymphocyte-specific protein 1	13884.6	8977.9	5966.06	15528.9	12660.4	7169.22	6112.71	9927.09	4782.86	12988.2	7218.04	6185.14		8349.39	9198.86	14123.7			17020.5			8937.88		14739.7	18009.8	8294.48	13473.0	4904.12	6768.96	15620.4	48401.6		11320.0	97259.9	13606.3	10766.0	12688.4	12780.1	37356.0	13008.7	16038.1	17245.4		13263.4	10294.4	13919.6	14520.4	13775.3
P33908	MA1A1_HUMAN	MAN1A1	Mannosyl-oligosaccharide 1,2-alpha-mannosidase IA	160917.0	193963.0	134820.0	187539.0	158050.0	199537.0	209143.0	138452.0	194972.0	208105.0	219565.0	266678.0	147885.0	166408.0	167720.0	172167.0	249986.0	270864.0	195417.0	302567.0	359538.0	234543.0	335036.0	178380.0	184690.0	269046.0	442754.0	89612.4	331988.0	213962.0	392635.0	364257.0	196890.0	338915.0	257842.0	263906.0	196606.0	240339.0	209514.0	207886.0	219830.0	192433.0	374170.0	174109.0	185921.0	201268.0	179593.0	216236.0
P34096	RNAS4_HUMAN	RNASE4	Ribonuclease 4	31533.1	31197.0	50780.7	30873.4	98363.2	32722.4	52806.1	37208.5	54460.1	40464.5	54972.5	52037.5	64425.8	38657.9	42448.2	38514.3	55761.5	57676.9	47467.1	72784.3	118305.0	59827.5	115007.0	35140.8	61609.8	48090.6	75901.4	30593.8	102194.0	72203.4	94614.5	67068.4	76294.3	106919.0	66916.5	63121.6	98846.1	121876.0	65373.6	67696.8	113394.0	33587.5	64872.8	35853.2	37544.0	66810.0	67367.6	59544.1
P34932	HSP74_HUMAN	HSPA4	Heat shock 70 kDa protein 4	10923.2	13897.3	9114.44	13871.3	13336.5	15689.6	11196.2	7977.2	10860.4		8398.95	7064.58		8020.35		7988.6		5859.35	14440.8	37976.7	8738.44	13043.9	16822.9	10571.3	18330.5	23391.3	42304.9		15556.2	18441.9	12986.4	12405.8	18987.0	46967.9	18862.3	20700.0	28802.4	21424.4	24940.7	14278.7	21512.9	13935.4	15992.6	14144.2	13095.2	13781.0	13635.1	13325.5
P35030	TRY3_HUMAN	PRSS3	Trypsin-3	521814.0	507616.0	555884.0	501438.0	485069.0	524559.0	603045.0	601990.0	463969.0	642580.0	740369.0	650810.0	771324.0	737944.0	676340.0	682715.0	743164.0	702845.0	597460.0	617036.0	492416.0	746474.0	614630.0	669035.0	718964.0	674626.0	590375.0	1128200.0	671716.0	618169.0	588224.0	687573.0	822270.0	587693.0	617496.0	635786.0	664213.0	588166.0	608342.0	514182.0	656412.0	531226.0	576058.0	646770.0	741169.0	653569.0	668703.0	694160.0
P35052	GPC1_HUMAN	GPC1	Glypican-1	6658.22	7198.44	6709.13	9564.98	18629.4	3915.67	5729.88	6852.6	5119.14	5396.64	5974.09	8270.18	6134.75	5785.05	8829.25	4720.08	5871.29	4268.31	19279.6	13217.7	6003.34	13002.1	10459.8	7466.26	17443.9	20669.7	13045.8	8236.66	11504.9	15596.6	41575.9	5026.53	10226.5	41226.5	12483.9	10309.9	3308.49	2948.49	13020.2	8895.96	5687.74	9700.24	4789.37	7553.34	7526.18	10290.7	9741.84	9393.12
P35237	SPB6_HUMAN	SERPINB6	Serpin B6	5780.34	4549.56	2417.49	5796.84	6623.3	1988.19	2082.97	1313.98	2264.78			840.151	3335.79					988.756	3704.11	4170.5	1788.26	1292.34	5275.83	752.982	528.378	3038.75	6459.47	2205.66	2469.14	4325.06	3635.88		1564.81	9612.64	1633.17	1313.98	3614.99	3602.6	5762.26	5050.14	5603.4	5291.58	1332.09	3053.11	2948.75	3783.27	3901.74	3700.15
P35247	SFTPD_HUMAN	SFTPD	Pulmonary surfactant-associated protein D				5478.41	3289.47															2349.07	2295.39			3043.64							2235.42			21274.9												1357.6	2428.93	
P35442	TSP2_HUMAN	THBS2	Thrombospondin-2	8392.16	10285.2	12928.9	9448.14	25539.8	8569.88	11038.3		9423.88		11738.0	13575.3		7382.48	7265.04	7892.17		4935.23	21464.9	66251.2	22053.5	13938.9	67773.2	18949.9	31596.9	39982.1	81570.3	22704.6	41287.8	107019.0	55490.2	13398.1	15502.8	46693.3	19746.1	19938.4	49050.4	35480.2	80606.3	24977.3	39140.2	57848.2	18467.8	56777.7	56503.7	38494.5	31899.1	33623.4
P35443	TSP4_HUMAN	THBS4	Thrombospondin-4	284226.0	249584.0	118942.0	281102.0	175002.0	164486.0	359238.0	204334.0	109009.0	64421.1	97268.7	344637.0	57033.1	100110.0	207883.0	103282.0	271663.0	318331.0	191467.0	410241.0	94265.1	150528.0	192770.0	297917.0	172789.0	201756.0	412594.0	117175.0	174423.0	413013.0	93876.8	159561.0	85616.1	244699.0	174605.0	185240.0	451723.0	292476.0	335058.0	425907.0	298152.0	244992.0	167956.0	282298.0	239104.0	224306.0	247305.0	225061.0
P35527	K1C9_HUMAN	KRT9	Keratin, type I cytoskeletal 9	1610890.0	738899.0	1485480.0	545918.0	691308.0	397803.0	720013.0	1257960.0	1398860.0	866474.0	2053840.0	436057.0	1133140.0	1369720.0	579914.0	1664940.0	924750.0	963401.0	1219420.0	920668.0	949658.0	844398.0	315809.0	1138210.0	1384880.0	695601.0	540340.0	755106.0	561338.0	1162160.0	973744.0	833709.0	1040410.0	620738.0	612315.0	720022.0	1551120.0	636835.0	1408540.0	1300840.0	1132990.0	1148500.0	2020400.0	895947.0	1134720.0	1201900.0	1165710.0	1160170.0
P35542	SAA4_HUMAN	SAA4	Serum amyloid A-4 protein	1987480.0	2373880.0	1778780.0	1931380.0	1374550.0	1632370.0	1480400.0	2398410.0	1406690.0	1961480.0	1725610.0	1430380.0	1338250.0	1261760.0	1491730.0	1468460.0	2860810.0	3081160.0	1054060.0	1942250.0	1582520.0	754719.0	1716440.0	2222060.0	1607550.0	1504700.0	2338730.0	1783710.0	1078890.0	1772950.0	1117630.0	1802150.0	1889370.0	935699.0	1352140.0	1204990.0	1172910.0	1713380.0	965223.0	1930270.0	1470830.0	1674510.0	1919700.0	961638.0	1407690.0	1349510.0	1187030.0	1246930.0
P35555	FBN1_HUMAN	FBN1	Fibrillin-1	94149.2	102860.0	101533.0	103929.0	278964.0	94489.8	126486.0	71400.8	84249.8	114519.0	100582.0	120128.0	78535.8	70057.8	86151.3	83074.9	89189.8	91701.8	109031.0	218694.0	80429.1	86531.5	151969.0	117435.0	131188.0	209897.0	214788.0	77629.0	120192.0	168523.0	133100.0	110902.0	94572.7	115118.0	86455.3	88450.9	347473.0	269919.0	190803.0	110228.0	224511.0	223890.0	125126.0	233959.0	252316.0	126320.0	120612.0	123456.0
P35579	MYH9_HUMAN	MYH9	Myosin-9	109061.0	118628.0	62157.2	110516.0	68633.9	117683.0	56731.4	96023.4	54417.4	103575.0	68384.0	60462.4	53608.6	61589.4	121635.0	60618.7	40926.6	46955.3	287458.0	24436.0	4688.33	42949.7	25550.2	81207.0	128499.0	112581.0	108149.0	41503.0	28048.2	195764.0	178322.0	18841.3	116940.0	532307.0	58764.9	62457.5	152450.0	49702.7	176118.0	69223.9	50712.9	182518.0	19487.1	186544.0	180560.0	120041.0	124485.0	128830.0
P35580	MYH10_HUMAN	MYH10	Myosin-10	51000.2	68847.1	8658.76	17228.8		6083.14		5726.86		5413.29																								4818.71														
P35590	TIE1_HUMAN	TIE1	Tyrosine-protein kinase receptor Tie-1	22154.0	26615.8	18746.6	23252.8	19029.2	23785.1	14500.3	12698.4	18154.8	14637.4	15893.3	15205.3	20490.5		18207.3	7124.74	10931.8	15896.3	10569.2	34123.2	8723.89	14577.2	9928.1	19659.2	20661.3	43030.7	39627.2	7712.38	21873.5	27394.1	17090.8	20493.8	14542.7	17174.0	15019.2	19098.4	20327.6	22641.1	29196.8	10867.3	17412.7	46835.8	23272.8	24046.2	40394.7	7439.64	18577.8	13006.9
P35625	TIMP3_HUMAN	TIMP3	Metalloproteinase inhibitor 3	11511.9	11443.0	12962.8	8329.62	5900.89	6452.75	8453.55		16975.0	4990.71	1843.57	8143.25	2652.1			8966.27		7875.89	4946.58							8898.68	4468.43			8978.97	15381.0		6400.98					6494.91	17694.6	8491.78	6794.7	4427.21		3931.16	7402.84	3722.39	5459.05	4665.2
P35659	DEK_HUMAN	DEK	Protein DEK	5092.83	4703.64	3459.87																11850.1					8870.96	6301.38					4848.8	8692.73			17687.9			4700.64		6535.81	6322.45								9835.04
P35858	ALS_HUMAN	IGFALS	Insulin-like growth factor-binding protein complex acid labile subunit	2319220.0	2714630.0	2164150.0	2671540.0	1600860.0	3490530.0	1399850.0	2236390.0	1927300.0	1333130.0	1375690.0	1293650.0	2506400.0	1000740.0	1296930.0	2318280.0	2431690.0	2587360.0	1328630.0	1209720.0	1653710.0	1855800.0	1061400.0	781456.0	1245710.0	1059630.0	1335200.0	1049830.0	2359860.0	840326.0	1851770.0	1707470.0	972518.0	424339.0	1743240.0	1739960.0	1253350.0	2426540.0	1234090.0	1819850.0	2360710.0	1575150.0	1956770.0	1275930.0	1240020.0	970819.0	1107140.0	1009960.0
P35908	K22E_HUMAN	KRT2	Keratin, type II cytoskeletal 2 epidermal	1041900.0	517666.0	1325690.0	424318.0	547330.0	279156.0	594630.0	749732.0	984483.0	436540.0	1206490.0	266326.0	798606.0	740752.0	447773.0	1417270.0	616261.0	687435.0	985234.0	705433.0	577609.0	594939.0	267203.0	745362.0	796730.0	318687.0	297641.0	613843.0	311038.0	866257.0	993150.0	411825.0	304642.0	355181.0	395298.0	485597.0	1265640.0	436273.0	1021740.0	951582.0	846191.0	728084.0	1939220.0	1025080.0	714142.0	874443.0	886383.0	890474.0
P35916	VGFR3_HUMAN	FLT4	Vascular endothelial growth factor receptor 3	11400.1	9225.72	13699.9	9780.48	15851.5	18859.4	13580.9	14528.8	17136.2	14937.3	16556.0	16555.9	16386.5	13497.9	13136.2	18902.0	8919.27	11029.4	9859.09	15833.4	17664.2	19220.2	10216.3	21810.7	25653.6	11763.9	19465.6	17214.8	9487.58	14082.5	8866.11	6721.46	8818.89	11863.5	8404.22	9560.11	10939.8	17230.4	24158.4	12388.0	18344.3	17497.8	5245.88	22324.8	21599.7	11800.8	15241.4	15762.7
P36222	CH3L1_HUMAN	CHI3L1	Chitinase-3-like protein 1											14401.9								8701.02	2835.61	19715.7	3106.94	10527.7		4919.34	9192.08	2761.73		4687.76	9612.11	9833.98			11335.5		7257.21	28187.5	10386.8	3831.25		9600.96					7070.37	7840.97	5332.82
P36268;A6NGU5;P19440	GGT1_HUMAN;GGT2_HUMAN;GGT3_HUMAN	GGT1;GGT2P;GGT3P	Putative glutathione hydrolase 3 proenzyme	3680.95	6577.97	20876.2	8385.96	5476.48		18000.6	5658.02	12796.5		9342.62	14502.3	4766.56	5704.8	12819.2	10006.8	5105.61	6713.48	13598.4	13495.3		42616.2	4790.16	6345.21	35171.1	17630.7	4831.5	33154.0	22123.0	18090.6	20352.6		9362.86	27947.7	34071.6	27228.4	9300.31	7228.16	49834.0	6629.37	6966.61	36869.6	10605.6	41083.2	36092.7	20887.5	23013.1	23101.9
P36871	PGM1_HUMAN	PGM1	Phosphoglucomutase-1	12271.0	13866.3	3634.11	11163.4	6248.72	4505.54	9156.75	4496.97	3348.85		6032.94	7337.84		2531.3	3878.62	3984.38	5395.63	8860.58	10291.8	27602.4		8296.93	1974.77	2997.13	3645.2	13362.9	4562.21		4262.95	9107.41	11310.1		4778.82	12378.0		5200.56	9496.32	5183.7	5357.83	8313.99	5303.2	12421.1		11575.1	9224.01	3889.31	4474.77	4224.74
P36955	PEDF_HUMAN	SERPINF1	Pigment epithelium-derived factor	2543770.0	2881900.0	2092000.0	2743850.0	3148030.0	2709620.0	2836500.0	1716240.0	1936800.0	2378840.0	3377110.0	2683140.0	3340310.0	2060290.0	2089510.0	2388220.0	1850870.0	1967760.0	2231960.0	3037140.0	3029150.0	3057070.0	3249440.0	2182990.0	2826760.0	3045250.0	3550250.0	2428550.0	3745100.0	3454600.0	3425690.0	2542010.0	2500260.0	4162750.0	3662280.0	3742210.0	3295350.0	4325760.0	3038080.0	3313850.0	4136060.0	2811570.0	2716820.0	2455290.0	2428640.0	2355720.0	2474910.0	2411290.0
P36980	FHR2_HUMAN	CFHR2	Complement factor H-related protein 2	19113.2	37334.8	27225.3	26212.4	29930.3	27353.5	34312.1	48351.4	28217.5	45430.6	70773.9	33220.9	39883.9	23155.9	21032.6	17431.8	27961.9	18085.7	33885.7	28797.7	34252.5	43088.5	91103.2	11563.3	26637.9	47267.7	37926.2	58791.9	71547.4	27744.6	21107.6	81988.0	92938.2	111609.0	66867.8	67256.7	76518.8	73948.8	23496.4	31042.1	58207.8	21339.4	74410.9	18991.4	21979.7	41701.1	47091.6	46922.1
P37235	HPCL1_HUMAN	HPCAL1	Hippocalcin-like protein 1	5214.2	6418.02	4410.88	5886.38	2394.66	3435.69	4017.58	2726.45	3894.39			1996.73		3642.39	2447.59		1990.46	1210.35	5768.17	3736.56			2147.84		2422.37	2830.66	1920.99	3228.9	1872.0	3230.13	2847.11		2639.38	2007.84		3169.41	3692.38	3100.5	4670.25	5346.1		3360.03	2058.63	3118.63	3060.4			3055.37
P37802	TAGL2_HUMAN	TAGLN2	Transgelin-2	135464.0	152399.0	20830.8	154269.0	73970.4	255051.0	13551.1	59330.8	20148.9	10242.2	8640.29	10430.2	22443.8	44018.2	15063.0	8493.21	10390.9	11961.3	244466.0	8058.08	2547.22	9127.32	8538.46	61131.7	8189.56	59444.1	15199.9	20103.0	7232.19	253599.0	20483.5	4017.77	12834.9	46484.0	6869.91	7285.8	133933.0	15975.2	34478.9	19104.8	13421.9	195113.0	5307.16	180843.0	168024.0	44235.5	43029.8	46701.4
P37837	TALDO_HUMAN	TALDO1	Transaldolase	15178.6	18120.8	4298.52	16813.7	10378.9	12601.2	10368.7	9390.96	6255.43	10783.6	20062.8	11436.6	17099.7	18601.4	11860.8	13664.8	5697.33	3351.64	13922.1	18336.2		20468.9	16925.7	6839.96	12597.2	20015.2	11375.7	7742.64	10350.9	26084.6	20247.9	6035.48	12055.5	82755.2	10805.1	12164.0	18394.3	16401.1	27374.3	16936.9	16735.6	9839.04	5141.36	10602.6	12544.6	13983.7	19822.8	17335.2
P37840	SYUA_HUMAN	SNCA	Alpha-synuclein	13014.9			22118.7																														10416.4			13983.6											
P38606	VATA_HUMAN	ATP6V1A	V-type proton ATPase catalytic subunit A	9250.51	11756.8		12059.8	4420.44	8235.7			5911.43										5370.18				4269.37			3936.05	7961.73			9226.5				7339.57						3478.54		4108.35		4637.3				
P38646	GRP75_HUMAN	HSPA9	Stress-70 protein, mitochondrial	5646.49	4818.05	4783.85	6019.31	3252.44	4323.47	6393.89	4053.48	5179.68	5817.24	4148.03							3353.71	3105.05	6216.24				2215.12		4366.75	2380.05		3092.03	4435.93	2464.59			5787.89			1673.77			2504.35		5103.23		5141.46	5052.9	2153.49	2337.93	
P39059	COFA1_HUMAN	COL15A1	Collagen alpha-1(XV) chain	16854.0	16426.5	15503.7	16300.8	75531.4	10259.0	13933.5	14036.6	14007.3	15368.0	12653.7	16866.4	21817.6	17591.7	14409.2	13355.9	13071.8	12631.6	21338.6	10079.8	22550.0	15445.9	23329.9	12371.2	14895.1	30375.0	39348.7	11090.9	23008.0	18723.9	49459.5	11679.3	11998.8	79668.6	13154.3	12165.3	19717.1	19952.4	15171.8	18231.7	22415.8	15279.0	13864.9	17148.8	15841.3	27610.8	27809.3	24917.7
P39060	COIA1_HUMAN	COL18A1	Collagen alpha-1(XVIII) chain	218658.0	227826.0	305991.0	233274.0	480476.0	202314.0	246619.0	183101.0	259908.0	259026.0	469861.0	298321.0	256025.0	218386.0	192523.0	139277.0	223220.0	295846.0	313267.0	294224.0	247761.0	271482.0	344704.0	273023.0	458542.0	423518.0	238384.0	157651.0	399313.0	378596.0	512112.0	254199.0	312815.0	669470.0	259263.0	288372.0	328289.0	348044.0	262057.0	271540.0	347019.0	178215.0	279806.0	193266.0	175933.0	285977.0	276799.0	294579.0
P39687	AN32A_HUMAN	ANP32A	Acidic leucine-rich nuclear phosphoprotein 32 family member A	3365.06	4792.46		3445.73	2995.24	1593.41	1663.79				4930.9			4176.95	2577.81				5039.54						6191.51	1834.09	2480.87			5057.15	10809.4			33076.0			5652.17		8115.22	5003.35	3287.23	4155.85	1633.26	2448.21	1134.88	7020.1	4142.42	4889.67
P40121	CAPG_HUMAN	CAPG	Macrophage-capping protein	8806.51	6777.17			6474.26							7873.56											5777.36		6071.44	3901.97	8048.13			10443.8				26429.5			9160.85	20394.0	14120.5		15865.9	4279.61					6229.51	6218.79
P40189	IL6RB_HUMAN	IL6ST	Interleukin-6 receptor subunit beta	32544.4	33941.1	37022.7	36228.3	88610.9	48953.4	63028.4	53741.9	55238.4	40912.5	51084.1	53814.6	67771.7	58954.0	71271.8	53548.7	45812.3	42823.3	39260.0	64754.1	78694.2	87239.9	80875.4	58748.2	64305.4	38779.8	64774.6	39282.4	55301.4	88600.5	36631.4	45619.5	43367.4	60006.5	43588.2	32612.7	58819.5	74827.9	56569.5	44413.3	60110.1	68932.2	40047.8	79379.4	88199.5	53872.7	52532.7	54303.3
P40197	GPV_HUMAN	GP5	Platelet glycoprotein V	218239.0	221559.0	383722.0	221086.0	200399.0	385740.0	171767.0	277597.0	421262.0	225907.0	108786.0	161181.0	217381.0	190985.0	227022.0	156974.0	213457.0	237814.0	144929.0	22930.1		138683.0	11438.5	29319.4	57984.2	209231.0	74025.2	217543.0	44902.2	264240.0	213778.0	16782.3	46672.7	27777.6	156710.0	147988.0	106198.0	102816.0	358282.0	111801.0	110898.0	194775.0	15470.3	189692.0	192238.0	104140.0	113200.0	110781.0
P40227	TCPZ_HUMAN	CCT6A	T-complex protein 1 subunit zeta	13587.6	14532.3	6223.21	13159.5	7464.32	7811.49		8809.39	3589.25	5525.02	5459.7									3134.51				3895.58	2111.18	8901.27	6429.49			9197.12			5615.81	10629.1		5453.21	16792.2		5912.7			2305.13	2927.34			3478.64		
P40306	PSB10_HUMAN	PSMB10	Proteasome subunit beta type-10	4171.4	6414.37		4071.54	4023.74							2830.24								11566.3		18297.1	8800.74		5560.24	5093.32	17201.0		4779.45	5242.87	11001.8			5866.82	5041.7	2954.6		6486.41	4321.87	5634.25	3881.0	2405.34					5054.83	
P40925	MDHC_HUMAN	MDH1	Malate dehydrogenase, cytoplasmic	19344.4	22481.8	7769.57	18653.5	12249.5	16079.5	15930.6	7889.25	6596.67	7408.27	10419.0	11607.1	7067.38	6797.69	8137.84	8664.31	11049.9	10934.7	11762.3	26304.0			19289.5	7363.29	7926.57	16953.3	15309.5	6122.86	6391.07	19398.9	8213.62	10456.0	10859.2	15431.2	13108.4	13995.8	24837.7	6660.28	8103.25	19876.3	8483.77	13897.6	9412.6	10507.5	11579.0	12292.3	12944.4	11278.1
P40926	MDHM_HUMAN	MDH2	Malate dehydrogenase, mitochondrial	11780.5	12899.8		10197.1	10906.1	6776.07	11981.2	5830.22	9914.63	4916.15	16260.1		4271.9	2003.35			3859.53		4291.04	18851.7	2466.92			4088.73		4368.31	1563.98			6032.79				3162.34		2756.25	6512.77		7460.33	4083.31	2583.71	5459.86	2524.69	6378.81	3106.08	3175.51	3198.7	4221.55
P40967	PMEL_HUMAN	PMEL	Melanocyte protein PMEL			6999.59		14228.9	5874.75	6139.9	4504.05	4985.35			6284.17		4949.34	4779.2	7205.68	5050.12	8004.76	8537.4	14660.9			16747.8	25345.1	4692.18	15901.9	11183.4		6570.08	4920.39		8409.96	10554.9	2429.07	6616.1	4605.18	5684.09	29351.2			25170.9		7345.75	6271.2	7819.28	6176.41	7271.92	8898.22
P41159	LEP_HUMAN	LEP	Leptin	3654.9	3425.98	3157.84	2155.54	3057.49	5675.26	1473.91	1308.99	3475.87		3792.7			1739.84			11497.9	15338.6	6428.56	3354.38		1773.64	12328.4		5558.59	1349.0	3492.1			1196.37	4309.84		5585.71	1915.38				1501.71		4050.63		3935.9		6408.53	5014.51	2586.19		
P41218	MNDA_HUMAN	MNDA	Myeloid cell nuclear differentiation antigen	14496.9	13729.6	9693.02	13331.3		3715.36				24667.6									10938.6					17157.8	11943.6		9786.33			21096.3	21474.3			84363.4		7693.56			21563.7	12683.0		7869.89		3165.57	5658.23	13860.6	14959.7	14421.2
P41222	PTGDS_HUMAN	PTGDS	Prostaglandin-H2 D-isomerase	109176.0	109696.0	110711.0	123187.0	442877.0	126576.0	118159.0	143201.0	135440.0	123681.0	138848.0	118524.0	195148.0	112680.0	126897.0	127648.0	77293.6	65166.4	89945.7	76268.8	180040.0	204594.0	120046.0	70249.5	96180.1	91687.4	84828.2	144043.0	119831.0	72196.9	137343.0	59572.7	133673.0	326970.0	113434.0	109360.0	288115.0	391877.0	95382.1	96794.9	353315.0	67324.7	54678.4	69884.0	72080.4	173395.0	169066.0	165144.0
P41226	UBA7_HUMAN	UBA7	Ubiquitin-like modifier-activating enzyme 7	7775.9	5523.32		6737.34	2557.32																									3340.99					2474.87													
P42126	ECI1_HUMAN	ECI1	Enoyl-CoA delta isomerase 1, mitochondrial		1750.83		1019.46																2052.56					1809.92				1230.48	1699.68				1989.24						1868.08						1222.48		
P42166;P42167	LAP2A_HUMAN;LAP2B_HUMAN	TMPO	Lamina-associated polypeptide 2, isoform alpha																									2876.22									5511.87														
P42262	GRIA2_HUMAN	GRIA2	Glutamate receptor 2																											2030.05																					
P42357	HUTH_HUMAN	HAL	Histidine ammonia-lyase	9264.37	2470.78	8378.38	3940.02	6424.85		5783.05	8733.0	8271.29	8507.66	12765.7		10630.0	8996.17	3339.34	11131.7	7245.72	8464.12	10305.9	8176.41	13707.1	9599.19	2592.81	8402.29	8371.11	2639.22		5590.43	3603.37	8236.64	10622.7	6549.63	4113.1	3322.33	4149.95	6238.56	5400.05	1963.28	6178.78	10273.3	6010.5	4673.34	7761.89	19553.2	7101.82	8069.77	7180.33	8552.11
P42566	EPS15_HUMAN	EPS15	Epidermal growth factor receptor substrate 15	3040.48	5488.81		5083.79		4519.97	2775.38																			3529.58	3203.75				4693.92		3339.47	13101.5			10509.2		4318.36			2510.55		4877.03		4229.17	4549.95	
P42768	WASP_HUMAN	WAS	Actin nucleation-promoting factor WAS		3283.38		3627.01						2598.34	2886.3								3313.92							2134.23					4046.74			9793.73			3190.82		7490.73		7712.21	2780.76				2459.48		1131.13
P42785	PCP_HUMAN	PRCP	Lysosomal Pro-X carboxypeptidase	10549.7	12226.4	13819.1	13362.2	8808.59	17167.0	18456.2	8607.99	13313.1	12189.8	16463.8	15234.9	13113.4	22792.2	16013.4	10583.8	15224.1	12615.3	10998.4	17282.3	11432.7	14854.1	11975.3	12202.1	28327.8	20729.7	19162.6	13856.1	10637.8	18896.9	30058.1	18158.5	13775.0	21746.6	19128.6	17331.2	14797.5	9748.93	9224.35	8517.17	12708.0	18959.3	15460.8	24121.9	26190.9	16686.4	16884.4	18938.1
P43034	LIS1_HUMAN	PAFAH1B1	Platelet-activating factor acetylhydrolase IB subunit beta	12967.0	9990.45		7142.38		5177.57													14951.6							5542.96				7013.39				8618.66			20902.5										3988.14	
P43121	MUC18_HUMAN	MCAM	Cell surface glycoprotein MUC18	10222.0	9782.47	11155.9	8000.56	30782.8	9351.15	20148.1	12522.4	14474.6	9890.86	12767.2	17027.6	16571.3	16392.6	8029.52	12846.7	10035.9	9918.93	10326.2	17394.6	11876.5	9619.21	20025.3	14220.3	17517.9	9034.77	12746.6	11601.8	9096.71	11718.4	9001.37	11079.7	11403.4	10467.1	5161.25	8031.27	9813.53	13781.8	7128.78	7972.07	10271.4	13853.2	6782.5	18907.3	17652.3	11667.7	14147.9	13551.0
P43251	BTD_HUMAN	BTD	Biotinidase	219506.0	226489.0	324196.0	216605.0	247845.0	372310.0	413000.0	324902.0	271424.0	310681.0	331413.0	349369.0	408205.0	330639.0	250045.0	238096.0	330608.0	357473.0	238046.0	331867.0	239930.0	179710.0	343410.0	332457.0	317747.0	210945.0	236981.0	246905.0	369427.0	188256.0	223928.0	458583.0	256642.0	294143.0	315209.0	310926.0	209981.0	188228.0	203361.0	158204.0	189408.0	332697.0	442820.0	283075.0	295063.0	179771.0	194411.0	203267.0
P43490	NAMPT_HUMAN	NAMPT	Nicotinamide phosphoribosyltransferase	2525.89	3683.78		2740.56															7174.47	6349.34		4089.59		4946.56	6625.63	2046.71	3237.21				3796.07			14953.2	1776.61				3473.88	4835.17		1502.65						
P43652	AFAM_HUMAN	AFM	Afamin	1721960.0	1884070.0	2714160.0	1879020.0	1298850.0	3389320.0	2296830.0	2979870.0	2504430.0	2339810.0	1973880.0	1969490.0	3113730.0	2674290.0	3052220.0	2528170.0	2337620.0	2662530.0	1289480.0	1742740.0	1196810.0	900191.0	1885680.0	1614040.0	2349550.0	761919.0	777426.0	1836220.0	1339150.0	892139.0	1303810.0	1840760.0	1278030.0	1248860.0	1605330.0	1777830.0	1107600.0	1331640.0	1120320.0	1077990.0	1291370.0	2279220.0	1926240.0	2258480.0	2420520.0	1441930.0	1323220.0	1396270.0
P45378	TNNT3_HUMAN	TNNT3	Troponin T, fast skeletal muscle																										10927.1																						
P45877	PPIC_HUMAN	PPIC	Peptidyl-prolyl cis-trans isomerase C	10674.4	10716.2	6205.41	9233.81	20277.8	11257.4	7782.75	7830.21	6647.47	8771.31	5970.12	6555.07		5126.23	13936.0		6620.81	6493.97	9025.8	10362.9	15597.0	10912.2	37623.3	7767.11	10216.5	8747.17	13086.0	5198.08	20335.5	12560.7	23440.2	8110.89	8048.82	19743.8	4628.85	9701.71	8540.15	20001.5	13559.8	12513.4	22694.4	11360.6	9307.06	13627.5	10705.3	12491.7	11397.3	8890.27
P46379	BAG6_HUMAN	BAG6	Large proline-rich protein BAG6	2146.03			2319.11																							1078.75							8012.04	1260.5						3029.68							
P46459	NSF_HUMAN	NSF	Vesicle-fusing ATPase						3943.53										476.35													20526.3										88359.1							6514.23		5349.33
P46531	NOTC1_HUMAN	NOTCH1	Neurogenic locus notch homolog protein 1	2257.83	4797.32	3446.45	3388.33		6057.76		2978.67																		6486.18	13736.3			7311.22			2323.15					8409.48			7332.89	13236.1		2145.35	5479.48			
P46781	RS9_HUMAN	RPS9	Small ribosomal subunit protein uS4	12282.3	17130.3	9564.75	11957.3	6378.49	7937.18		10178.6						4422.13																6245.46	6716.01			15247.8			7778.67			7599.41					4859.97		7599.66	
P46940	IQGA1_HUMAN	IQGAP1	Ras GTPase-activating-like protein IQGAP1	7628.0	8837.21	4462.18	4720.33	6288.04	4901.86	5006.57	3916.4	4580.63	7747.82		2092.0							3946.56				2702.44	5393.65	6181.08	2558.51	6746.91		3098.03	6101.36	5212.33		4024.7	26734.4			5794.31		10950.0	5261.36	3720.53	4257.03		3425.23	5580.46	5738.84	4257.92	6666.22
P47755	CAZA2_HUMAN	CAPZA2	F-actin-capping protein subunit alpha-2	10478.3	8827.61		9250.56	4151.42						2785.4								3646.44	1543.02						5449.37		3467.76		7722.89				3904.62	1607.75	1324.15	5914.08		3940.18	2885.73		3477.72			2454.87		2754.11	2117.83
P47929	LEG7_HUMAN	LGALS7	Galectin-7	4578.71	3910.07	3243.78	3119.04	2352.53						6038.27	2375.94						5429.1	4103.82	5680.95	6756.14	4440.94	4208.69	2917.54	5483.35		3696.05			4344.4	3933.07	6557.12	3080.64	2439.55		3646.27	5290.47			6496.59				5531.94	3335.34	6270.61	5661.44	4925.93
P47972	NPTX2_HUMAN	NPTX2	Neuronal pentraxin-2			1883.34																2750.79	4798.97			6288.23	3076.27	6242.4	2975.83	1241.79				6578.38		4020.4				5417.9	8684.95		2092.28	11338.1	2868.96					3228.42	
P48147	PPCE_HUMAN	PREP	Prolyl endopeptidase	1422.2	2021.39																		2910.29							2338.09			1243.16				6634.02			2065.76		2887.02									
P48163	MAOX_HUMAN	ME1	NADP-dependent malic enzyme	6408.39	3780.8	5423.14	3328.77	6508.07		5684.45	2992.42	3939.51			3585.24						5013.76		11194.2		6624.88	7552.53	2112.96	4846.17		25259.3		2915.07	6709.02	3075.22	4801.21		13978.5	4709.53	3268.39	2833.7	1713.3		2968.67	3398.13	4624.02	4778.84	4662.2	6348.83	4543.97		4312.88
P48304	REG1B_HUMAN	REG1B	Lithostathine-1-beta						19991.1	24886.3				50286.7						92508.4	66461.6	47877.8	15679.8		27585.3	49072.3		94819.7					102622.0	72813.2			63535.8			34286.2								11325.5	28865.6	34369.9	35538.6
P48426	PI42A_HUMAN	PIP4K2A	Phosphatidylinositol 5-phosphate 4-kinase type-2 alpha	15416.1	17031.7		21380.0	6031.98	12854.3	6152.07	5430.88	3747.15		13077.1	5626.34		4397.77	5030.92		6439.96	8174.09	10356.5	1450.13				3562.75	4370.07	8998.96	6521.5			8632.41	1798.01		5428.4	5608.15	4716.51	3118.03	19817.7	1384.56	4095.47			5234.83	3651.94	4746.02	4875.31	4887.72	5753.72	5853.11
P48444	COPD_HUMAN	ARCN1	Coatomer subunit delta	6172.43	7478.04	3313.14	3819.78		4112.97		2331.52											6847.58					2616.98						5963.23				4998.82								3502.39		3125.07	3521.57			1120.43
P48506	GSH1_HUMAN	GCLC	Glutamate--cysteine ligase catalytic subunit	2435.21	2784.97		5169.65	3629.86		5564.38				3718.76	5124.83				4809.41		5103.05	3199.83	17939.9			8422.12		2071.12	5626.91	6523.68					6076.45		3017.67	7138.9	7892.21	15219.2		2003.82	3479.0	1485.2	1503.82	6378.8	2511.27	1996.6	4374.96	3567.27	2534.34
P48507	GSH0_HUMAN	GCLM	Glutamate--cysteine ligase regulatory subunit	8471.99	8181.93	5105.43	9491.79	6663.5	8896.15	6101.61	5395.59												8757.32			3765.69			13309.8								9632.82			9628.6									4144.71		
P48595	SPB10_HUMAN	SERPINB10	Serpin B10		2716.26			2573.99	3990.96					5752.43	1756.56							5915.39			3639.02			4026.78	2877.52	6252.08		1244.76	5352.15	4262.19			28564.7		3294.89	7717.66	5006.8	8726.64		3303.86	2553.11		3009.8	3390.34	4292.78	4010.66	2688.33
P48637	GSHB_HUMAN	GSS	Glutathione synthetase	19487.9	20469.8	15491.3	17437.8	15856.5	17566.4	23579.8	11648.8	16243.9	15934.4	17574.1	22615.6	31383.3	32522.7	12164.3	16483.8	11205.9	13357.6	18375.1	59091.3	17756.1	20009.4	31763.6	12002.6	35363.0	22194.7	30836.3	15103.9	24506.5	24260.9	19208.7	18052.3	14630.1	44230.9	17651.9	18056.9	17876.2	17218.2	37103.2	21174.4	19810.4	24145.5	19647.0	23343.9	23655.8	22152.8	21213.1	23574.1
P48643	TCPE_HUMAN	CCT5	T-complex protein 1 subunit epsilon	2328.73	2926.35																									2126.67										4252.74											
P48668	K2C6C_HUMAN	KRT6C	Keratin, type II cytoskeletal 6C			5876.84					26077.3		35311.8				21790.3					7931.26											7965.48	9861.55		14497.1	5114.46								12221.1						
P48681	NEST_HUMAN	NES	Nestin					2335.25															2475.07			4746.69	1830.02		1962.95	2839.7			1451.05	2845.5		4029.34	7465.11	2438.91	3151.94		1246.4		2507.81	1988.84					1701.37	1500.95	1463.74
P48723	HSP13_HUMAN	HSPA13	Heat shock 70 kDa protein 13		4986.68	6272.21	5444.7	9757.03		8412.56	5959.04	5780.18		6250.52	8031.88		5196.71	6240.21		5532.41	9012.95	6752.61	11095.8		4060.28	5981.79	2964.95	5918.82	24518.1	9235.89	2755.03	9027.18	9817.28	12807.1	22745.9	5343.38	10518.8	13848.6	7339.87	12441.2	8325.1	9689.94	8208.0	5728.11	4512.57	16136.8	6665.33	5994.17	9435.19	8001.22	6144.86
P48740	MASP1_HUMAN	MASP1	Mannan-binding lectin serine protease 1	900699.0	859771.0	669290.0	884020.0	590519.0	848144.0	740777.0	497303.0	630794.0	424608.0	749903.0	752168.0	320307.0	510002.0	741377.0	683633.0	485967.0	615723.0	539041.0	1210450.0	379790.0	409957.0	478414.0	1205350.0	555899.0	693094.0	947456.0	400019.0	519602.0	768772.0	469764.0	750902.0	392476.0	539675.0	498231.0	492006.0	376928.0	380422.0	473287.0	654446.0	348562.0	555346.0	743237.0	604502.0	592308.0	484748.0	427237.0	470361.0
P48788	TNNI2_HUMAN	TNNI2	Troponin I, fast skeletal muscle																															1996.16				3218.18	2286.95	2058.78			4919.15						1963.38		
P48960	AGRE5_HUMAN	ADGRE5	Adhesion G protein-coupled receptor E5	5527.19	6143.0	5441.99	8965.53	2619.0	3224.83	4667.13		3221.59			4048.63		4677.94	4301.88			3277.71	3069.97	1588.7			3424.26	5006.35	6333.13	8153.47	16129.3	3591.73	3111.69	12600.4	3515.67		4268.5	4169.98	4262.0	4067.04	3766.21	6845.78	4456.18	3365.3	8779.06	8147.74		4193.36	5477.14	3275.85	4779.2	3676.52
P49189	AL9A1_HUMAN	ALDH9A1	4-trimethylaminobutyraldehyde dehydrogenase	2689.89		4748.77	2206.56				3456.85	3197.06					2974.25				5930.4	5643.75	11225.8		4640.46			5002.71	2083.34	5000.36		3419.23	9643.94		4755.2	4032.29	10341.6		3454.03	6007.9		4744.07		5319.27	2607.99	5064.73	4461.98	2858.71	5185.03	3513.15	5409.54
P49257	LMAN1_HUMAN	LMAN1	Protein ERGIC-53	28680.2	26586.4	49246.6	23799.0	30550.0		26601.6	24175.0	34607.7	49169.3	58190.6		32866.2	30167.9		26339.6	37237.7	23239.3	20455.8	22090.1	67129.9		60336.7	33036.7	63970.0	23441.9	57984.0	30792.7	43238.5	85356.7	58448.0	54192.0	51703.0	39859.5	23197.2	22388.6	50205.3	32242.7	26657.7	73694.6	43175.0		63020.9	12751.1	13423.0	40892.4	52041.7	30513.7
P49327	FAS_HUMAN	FASN	Fatty acid synthase		3787.6																												2050.39																		
P49368	TCPG_HUMAN	CCT3	T-complex protein 1 subunit gamma	5982.79	4718.95	1926.84	6006.36	2120.72	1633.49		974.217						1917.41												2744.6	2890.46			3156.2			2032.2								3559.5	1591.06		2271.09				
P49411	EFTU_HUMAN	TUFM	Elongation factor Tu, mitochondrial	2113.36	6927.07	2099.82	4673.14	1003.14	2167.54	1911.95	1454.22	1728.26	2891.17														1177.76		1203.56																825.287						
P49585;Q9Y5K3	PCY1A_HUMAN;PCY1B_HUMAN	PCYT1A;PCYT1B	Choline-phosphate cytidylyltransferase A		1820.08																																9952.43					2798.78									
P49641	MA2A2_HUMAN	MAN2A2	Alpha-mannosidase 2x	14512.4	17101.8	12830.4	16351.9	9929.31	16009.4	12867.7	11053.0	11385.2	13701.9	11490.4	11253.9	16618.5	9254.76	7798.24	11147.7	11472.9	11093.5	8121.57	14706.6	7029.93	10438.6	12474.5	8366.81	12204.5	12611.4	28025.3	8071.61	10325.9	12991.5	9373.31	13419.7	10014.1	10110.6	11115.6	15072.7	8957.7	12266.3	8322.93	8582.36	14466.2	13913.8	12672.6	11437.8	11568.3	8627.68	8604.39	8161.23
P49720	PSB3_HUMAN	PSMB3	Proteasome subunit beta type-3	84051.0	85497.4	65381.6	76262.9	90359.8	54248.1	92644.0	58252.8	64679.9	90020.0	77019.4	94553.6	75775.1	112519.0	60437.4	82836.5	72845.6	69636.9	174714.0	326761.0	37951.3	245740.0	201921.0	57050.9	140822.0	206453.0	313145.0	65649.3	101731.0	214793.0	449373.0	67983.6	73636.4	152947.0	82914.5	84575.4	149821.0	137816.0	202041.0	305553.0	132150.0	38544.1	58991.8	46846.0	43852.3	146281.0	147307.0	143376.0
P49721	PSB2_HUMAN	PSMB2	Proteasome subunit beta type-2	29348.5	30277.8	15928.8	27294.9	53258.7	21192.4	39579.6	27427.9	22227.4	35186.6	28758.5	40523.1	24964.0	30529.6	23287.4	24219.7	15940.2	19666.0	56858.4	114993.0	9870.02	70776.6	96940.6	29780.7	61654.5	90123.0	149046.0	38147.8	49643.3	98394.6	163131.0	33214.9	38711.6	99253.2	33761.9	36997.6	79458.5	63967.5	96869.6	115271.0	60698.7	23749.8	27703.9	26267.2	30833.1	53886.3	61928.9	64500.9
P49746	TSP3_HUMAN	THBS3	Thrombospondin-3	18785.7	14549.7	7691.07	15728.4	29243.4	13080.5	20245.0	10825.6	7529.58	2556.06	16292.4	18362.5	2424.04	6319.78	17626.2	9036.49	15010.3	19356.1	8313.73	12365.2			16041.6	15867.2	10424.2	20793.6	31072.8	5562.98	7752.82	26861.7	8364.68	9030.37	4845.25	12062.3	8423.34	7984.44	28015.6	14678.4	22989.0	23138.5	17701.2	13384.8	9700.72	14810.4	15898.1	15320.6	10517.5	11783.3
P49747	COMP_HUMAN	COMP	Cartilage oligomeric matrix protein	448803.0	432777.0	250896.0	475799.0	515699.0	306164.0	530321.0	252914.0	228625.0	137586.0	235116.0	538298.0	140764.0	218333.0	461340.0	219752.0	455208.0	529381.0	297200.0	958614.0	123413.0	235041.0	292551.0	366808.0	203231.0	496268.0	581842.0	227521.0	282454.0	727930.0	226064.0	256170.0	194204.0	388585.0	263418.0	288007.0	664348.0	745312.0	574966.0	827464.0	772456.0	379657.0	285543.0	445370.0	376444.0	446325.0	439517.0	425368.0
P49788	TIG1_HUMAN	RARRES1	Retinoic acid receptor responder protein 1	5339.94	4267.32	5404.03	3768.69	6250.68	3731.04	3703.95		4316.11	4741.27		3768.28	2688.97				3532.62	4391.59	6391.46					3575.01		5024.64		7945.69	2042.3	4579.81	6631.7				4076.19	3278.01			6526.15	2208.6				3823.96	4230.8	3845.13	3377.21	2792.55
P49908	SEPP1_HUMAN	SELENOP	Selenoprotein P	332801.0	344701.0	275813.0	343292.0	240660.0	365207.0	399441.0	255600.0	234467.0	291107.0	500984.0	319619.0	644803.0	346963.0	228300.0	385135.0	282280.0	393039.0	304726.0	299390.0	182222.0	283614.0	238918.0	327153.0	148422.0	173780.0	282536.0	335316.0	204569.0	146078.0	371746.0	159300.0	302245.0	183806.0	245459.0	236965.0	174939.0	242610.0	275504.0	301733.0	229959.0	254854.0	164378.0	302430.0	263473.0	249750.0	208753.0	217047.0
P49913	CAMP_HUMAN	CAMP	Cathelicidin antimicrobial peptide	7804.64	4358.57	5358.76	3246.76	5912.09	3857.11	10570.4	4468.08	3260.51		5572.02	8519.83	8988.63	5209.75	5613.16		7199.41		7461.14			8103.28			25058.6	7742.02	6909.33	11336.0	3913.81	5088.64	9097.52			4042.48	4826.32			6228.05	8406.83	11434.1	6165.98	4940.93		12812.6	7787.92	6331.69	8837.94	7994.74
P50395	GDIB_HUMAN	GDI2	Rab GDP dissociation inhibitor beta	14995.4	11861.5	11808.3	18573.1	11343.6	17978.7	17614.2	15936.2	11194.1	9699.86	12853.0	14766.2	11505.2	12174.2	10107.8	15338.6	11034.6	11203.6	19908.3	22659.4	11680.1	8247.65	16171.7	6895.04	10463.5	22850.4	19470.4		8734.82	17641.6	16301.8	9483.79	12867.2	36742.2	14465.2	14886.6	31754.7	11253.4	22440.0	10873.5	7004.84	14233.4	12695.8	13649.7	13138.9	15415.4	15881.5	12156.9
P50502	F10A1_HUMAN	ST13	Hsc70-interacting protein	129186.0	121669.0	38316.6	162438.0	79524.9	129678.0	77319.8	70437.4	33816.6	29155.4	66878.0	82011.7	21739.4	43029.0	40526.0	54552.6	62948.8	61477.9	100808.0	48708.3	28554.6	38588.7	30377.4	63046.9	52675.8	122900.0	104595.0	29535.8	49480.1	86974.2	64356.5	41279.3	61100.1	255024.0	88258.8	85275.5	303804.0	72019.4	81451.8	55331.4	66329.7	66371.1	57851.2	74808.6	73273.1	108244.0	107682.0	100336.0
P50552	VASP_HUMAN	VASP	Vasodilator-stimulated phosphoprotein	43529.6	41609.6	8199.02	41308.1	17778.7	74759.7		16741.0	6124.38			3080.84	7600.98	14826.2	6888.73				49454.2					14804.7	9626.53	18589.3	6740.86	5804.57		60174.2	10111.6		8861.5	27784.0			22016.2	9048.3	17040.2	7498.28	5472.16	38597.2		41265.4	36827.2	18130.1	14989.6	13340.7
P50990	TCPQ_HUMAN	CCT8	T-complex protein 1 subunit theta	11878.9	13248.7	6130.15	13220.7	5781.59	9007.32	3895.4	2825.93	3263.33								2303.66		4137.13					3296.32		6359.65	6093.27			4383.65	3137.52		3517.22	10504.8	2765.75	3101.51	14930.9	3549.88	3792.32	1471.68	1566.53	2807.56	2257.43	2415.0	3684.92	1987.75	2808.94	
P50995	ANX11_HUMAN	ANXA11	Annexin A11		3042.77			1798.6	3852.75			1640.83					1929.12					5742.17					3060.03		3644.02				3482.55				2784.1			2688.75					2626.51		4670.09	5686.68			2734.0
P51148	RAB5C_HUMAN	RAB5C	Ras-related protein Rab-5C		3838.24		3801.73	2251.93	4432.12	2275.91	2386.43	1831.34								1650.29			3761.66			3781.24		2998.3	2581.46	6179.96			6289.28	2086.22			4509.8			3029.99				1366.05			5351.49	3957.19	3352.02	3518.78	2442.43
P51149	RAB7A_HUMAN	RAB7A	Ras-related protein Rab-7a	20421.1	21405.1	7121.93	20648.2	10498.8	34515.9	6494.21	11394.7	8056.93	9492.38	5302.56	5483.62	11967.8	10150.2	4190.85	4166.92	4362.57	3577.5	32705.1	3949.29	4361.47			12110.0	8193.35	14303.8	7648.29		2448.96	38355.0	11335.4		2698.32	17154.7		6396.54	14228.8	5307.86	11195.1	5427.67	6797.16	27871.7		25140.4	24148.4	10964.9	11510.2	11959.9
P51693	APLP1_HUMAN	APLP1	Amyloid beta precursor like protein 1	18671.4	19000.7	23554.0	14883.5	26295.7	11829.2	15012.0	11654.0	21110.1	7384.02	5872.42	16809.7		9094.89	12207.4	7315.98	3686.01	7792.39	10619.0	8360.81		11681.0	17478.4	12837.3	10565.6	33802.9	25706.2	9259.4	11560.8	19747.0	12395.1	8201.02	8582.98	7070.94	19262.4	16008.1	9097.73	24888.5	12563.1	8067.03	23040.8	19598.6	5051.5	20389.5	17321.0	12636.6	13711.1	11843.1
P51858	HDGF_HUMAN	HDGF	Hepatoma-derived growth factor	10332.5	7689.61		10730.0	11128.8	4503.33	5743.4			6696.96		12338.7							22025.9	7419.52		6864.58	5164.57		11087.8	6572.43	9015.98	5224.78	10492.6	15394.2	22580.5		14055.9	106602.0		6055.99	25384.9	33411.3	27078.0	11029.6	23453.7	5595.87			10051.1	21153.8	19713.1	18116.9
P51884	LUM_HUMAN	LUM	Lumican	2910470.0	3178410.0	2153530.0	3244830.0	3967640.0	2397230.0	2430980.0	1552160.0	2042230.0	1328850.0	1372240.0	2198170.0	2176200.0	1416600.0	2108310.0	1741240.0	2248200.0	2501730.0	1310970.0	2763860.0	2440150.0	1217070.0	3481330.0	3077450.0	1667320.0	3270990.0	5234080.0	1742260.0	3403440.0	4120080.0	1564340.0	3278820.0	1962720.0	4715710.0	2267190.0	2264950.0	5174720.0	3405400.0	2979150.0	2080410.0	3456010.0	4395010.0	3378370.0	4070320.0	4119780.0	2537440.0	2503030.0	2479620.0
P52209	6PGD_HUMAN	PGD	6-phosphogluconate dehydrogenase, decarboxylating	27758.0	31893.5	8051.1	30009.5	13423.9	18344.7	11981.2	10024.4	8638.11	12405.5	11891.5	10914.2		11596.7	13015.7	10038.8	10868.2	8723.76	23214.4	12634.9		7580.56	7578.9	19400.0	17488.8	26514.1	33280.8	6970.98	8518.6	31024.6	25643.8	10100.7	13856.2	128297.0	15533.6	12100.0	29282.0	22427.7	33235.4	22036.0	20468.2	15354.0	7357.06	18216.7	17097.6	20760.2	23526.2	19613.8
P52565	GDIR1_HUMAN	ARHGDIA	Rho GDP-dissociation inhibitor 1	47733.2	51258.4	9807.16	46965.5	25340.4	33743.1	13282.5	13349.4	11056.1	9333.44	14136.8	10797.0	8767.48	10319.9	14407.6	6488.46	7904.43	8876.08	35608.1	8242.7		10775.0	12149.5	14596.6	12603.5	25872.9	24511.3	7813.64	7923.88	45239.1	16904.5	10631.5	16615.9	61248.4	5986.07	11500.5	35119.2	22441.8	25231.5	19608.1	17065.7	17452.6	7443.99	18816.9	19051.2	20542.9	20546.8	16631.1
P52566	GDIR2_HUMAN	ARHGDIB	Rho GDP-dissociation inhibitor 2	112547.0	137800.0	23501.4	111021.0	53982.0	48510.6	25356.6	45056.4	18909.0	29926.5	15850.9	27795.4			36776.6		20291.7		75270.7				7687.28	41180.3	57069.7	59133.4	73193.5	19896.6	24966.6	132158.0	92786.6		79223.5	268923.0	42097.8	43493.8	110797.0	101982.0	122200.0	42873.8	119079.0	80258.4		40086.0	39349.3	57222.0	60378.2	72841.9
P52790	HXK3_HUMAN	HK3	Hexokinase-3	4055.94	4047.24		3786.6	3323.8	4197.97	5670.1			4376.18	4968.42	2582.96	3173.29	5414.58					7918.39	6137.62		4556.17		5876.98	9783.19	6836.0	18105.9		4667.72	8232.28	8140.82		7168.89	39270.0	5277.61	5138.84	5155.81	11095.4	10121.6	6756.73	11553.4			4611.81	3640.1	6656.37	6608.37	6404.59
P52848	NDST1_HUMAN	NDST1	Bifunctional heparan sulfate N-deacetylase/N-sulfotransferase 1	2710.84	2725.27	3335.12	3118.74	1424.85	2239.9	2135.69					2772.82					1627.99	3833.0		6040.21			3977.49		1741.75	3275.38	7258.21		1419.44	4822.48	1899.04	4134.0	2014.88	4702.07	2857.36		4508.66	4281.19		1890.9	3529.78	2648.04	4029.05	2724.09	2237.59	2901.26		3394.65
P52907	CAZA1_HUMAN	CAPZA1	F-actin-capping protein subunit alpha-1	30816.2	29605.2	8200.24	33598.1	12688.2	14001.2	6550.02	10675.7	7281.38	9115.94	9284.14	5239.51	7495.8	12267.1	8511.85	5003.2	4525.52	5230.29	16605.0	3939.55		5752.33		9425.19	7696.33	14252.7	10897.3	5736.88	4082.3	22873.3	13505.8	2946.45	8490.49	38236.5	5635.64	4969.24	12369.6	5365.85	17303.1	7633.88	6495.36	10857.6	4310.12	11431.5	13190.1	8407.37	10718.9	9061.5
P53004	BIEA_HUMAN	BLVRA	Biliverdin reductase A	10610.3	9340.72	4720.65	9280.32	6469.58	9971.55	3899.42	7058.37	2859.04			5193.18	1663.96	4865.55		5381.18	3981.22	4743.95	4298.46	4338.79				2594.03	2837.19	10695.0	5676.22	2351.45	1775.26	6440.43		4344.57	6238.82	9618.61	5217.45	4807.22	21869.1	4812.67	3557.71	3464.97	3067.52	5025.2	7010.37	3819.13	7128.78	4866.88	3689.78	6034.28
P53396	ACLY_HUMAN	ACLY	ATP-citrate synthase	5256.93	6099.86	1555.86	4571.19	2151.01	3364.33		2082.07	1805.34			2194.26								4216.43			1478.66			4004.05	4750.16			2585.1	2883.63	4064.19	3434.12	5442.16		3015.4	7278.03	1748.24	1634.3	1770.87	3077.62		1714.88	2056.59	2018.54	2148.42	1917.16	1705.88
P53618	COPB_HUMAN	COPB1	Coatomer subunit beta	5364.83	6995.27	2136.93	4411.89	1917.81				1209.73															2361.1			1526.34																	2571.63		1304.24		
P53634	CATC_HUMAN	CTSC	Dipeptidyl peptidase 1	14912.3	14728.7	14684.5	12957.0	9230.94	24196.8	15302.8	15052.2	16763.9	14173.2		15473.2	12917.3	7760.18	12168.2	7312.84		6039.9	18510.3	14179.6	17260.3	6450.94	10326.1	10615.9	10483.1	22991.2	25775.2	8198.73	15671.3	33235.6	13116.5	8414.94	12653.3	16715.2	14573.5	13082.1	14129.8	14996.3	12253.8	7234.89	16630.1	24641.0	10113.7	17976.3	22363.9	12160.2	10329.8	10681.0
P53999	TCP4_HUMAN	SUB1	Activated RNA polymerase II transcriptional coactivator p15			4722.02																						15476.0		4001.59			5161.16	6746.18			27879.3					6331.0									
P54289	CA2D1_HUMAN	CACNA2D1	Voltage-dependent calcium channel subunit alpha-2/delta-1	12069.2	9335.74	7851.55	9999.22	21779.3	11984.7	13907.1	11992.9	6743.51	11066.0	7790.19	9894.25	8012.1	20073.0	7152.53	13018.8	8203.95	8276.4	5268.68	14133.7	5964.85	7467.43	11434.2	7934.67	5117.0	7235.36	11293.8	11542.4	7669.04	14549.9	5801.02	13143.0	4750.26	5779.81	5312.65		7641.68	9998.18	6543.03	8947.4	8929.76	19634.5	10043.2	15666.0	16851.6	5491.78	1651.21	9220.51
P54578	UBP14_HUMAN	USP14	Ubiquitin carboxyl-terminal hydrolase 14	4154.16	5307.54		4807.37	3159.94	7281.52	4496.64	3129.89				3358.42						3171.92	2574.85							5327.95	3456.2		944.224	2837.81	1464.1	3303.75	2782.94	4752.1	2720.75	4951.84	15025.1	1567.74	1777.6				2324.74	3364.39	1889.73	2338.1		
P54760	EPHB4_HUMAN	EPHB4	Ephrin type-B receptor 4	5041.21	4106.09	3629.5	4753.19	14867.3	2797.69		2598.24	4272.6					2421.29	1457.07		3663.61	4205.16	2480.56	6947.57	5220.64	4378.66	6288.58	4392.18	5573.01	7395.91	13201.2	3656.84	6600.6	9733.36	4166.82	5808.32	5825.02	9867.99	6224.94		11696.2	17387.6	8283.16	4402.41	15942.3	5902.04	5249.29	4652.0	4386.0	4491.25	6467.04	4774.25
P54764	EPHA4_HUMAN	EPHA4	Ephrin type-A receptor 4	4261.69		7241.18	2817.65	23818.6	9284.78	9775.71	5928.74	12211.2		2389.68	10245.2			6511.13		4183.72	6846.59	8122.77	8489.08			9796.95	9443.94	17280.6	8824.09	15621.3			12908.8	7536.76	5022.1	7783.9	3890.57	3871.63		4079.06	11530.0	7051.29	5542.46	9363.26	16524.1	3652.52	15035.0	15303.1	6524.95	6481.61	7958.29
P54802	ANAG_HUMAN	NAGLU	Alpha-N-acetylglucosaminidase	28839.0	33022.9	38454.8	31703.3	59941.8	62049.6	49930.0	46246.2	46336.1	48118.0	24201.0	50454.1	55119.5	33330.3	48297.9	41547.4	33474.1	34786.2	21275.4	89965.3	48190.4	24337.6	62766.8	44757.1	40666.7	23937.6	43611.7	25116.2	32477.1	22371.2	23280.2	62086.2	26893.2	73558.0	30542.1	31218.3	24162.3	24737.1	15749.3	10274.1	22190.1	41081.3	61405.6	43915.4	46281.2	34198.6	33512.3	32084.3
P54803	GALC_HUMAN	GALC	Galactocerebrosidase	8438.0	7374.59	16177.3	8153.93	7723.9	12617.7	11667.9	5164.3	16299.1	14952.8	11667.3	13405.5	9650.93	11604.9	13063.5	11689.7	12016.6	9444.09	5901.56	16710.0	15285.7		5218.92	11104.6	16155.8	15200.5	19010.8	6609.89	10486.3	9699.81	9407.28	9414.22	5332.12	13164.3	8016.31	5759.45	6788.05	9599.89	2893.9	12236.3	6779.99	14010.9	10444.3	11508.7	12089.7	7686.39		9878.28
P54868	HMCS2_HUMAN	HMGCS2	Hydroxymethylglutaryl-CoA synthase, mitochondrial					4905.25		5217.17							5168.7						6524.59						2146.57				3631.45										2672.52		2642.16		2343.26				
P55056	APOC4_HUMAN	APOC4	Apolipoprotein C-IV	1518100.0	1507630.0	1697240.0	1639370.0	1524340.0	3073790.0	2082920.0	1317870.0	1712820.0	2682410.0	2096520.0	2373980.0	2889960.0	2427540.0	742385.0	1041710.0	3205080.0	3300490.0	1811010.0	855217.0	2001440.0	1817260.0	578485.0	995032.0	1065790.0	1076120.0	685386.0	1618690.0	1198530.0	1785250.0	811025.0	870411.0	713120.0	480068.0	2345380.0	2523940.0	1075040.0	449379.0	284624.0	1363450.0	481373.0	398062.0	995699.0	444240.0	469809.0	1209280.0	1334660.0	1504850.0
P55058	PLTP_HUMAN	PLTP	Phospholipid transfer protein	509749.0	514304.0	327515.0	531328.0	425299.0	302641.0	366396.0	235700.0	272095.0	185780.0	187653.0	334502.0	222072.0	277418.0	279046.0	356676.0	208637.0	275623.0	397819.0	677253.0	434568.0	643392.0	282459.0	871798.0	864965.0	986250.0	1142710.0	693578.0	638580.0	873409.0	352439.0	695840.0	316527.0	938924.0	563278.0	539561.0	724771.0	898835.0	1502880.0	390215.0	950746.0	734974.0	638720.0	772123.0	713796.0	716973.0	715869.0	710663.0
P55072	TERA_HUMAN	VCP	Transitional endoplasmic reticulum ATPase	53482.9	57433.7	12028.7	57929.7	30011.3	48903.0	38199.6	29369.7	12436.9	13909.8	39989.1	49474.9	7370.63	14000.8	22417.6	27434.7	30727.5	29284.5	40687.4	11056.4		7990.79	1687.31	17925.8	16586.8	53107.1	38134.6	13657.2	8257.1	34802.7	21181.0	23675.9	30983.9	86283.8	30216.4	32941.4	134851.0	21307.8	27494.6	12897.1	20322.4	18451.5	28361.5	18166.7	18835.8	34645.7	33957.5	35447.1
P55103	INHBC_HUMAN	INHBC	Inhibin beta C chain	49249.3	43666.0	44156.9	45996.0	82189.3	71051.8	59335.0	21790.0	47037.6	51710.3	91582.0	65758.6	108739.0	38392.0	63644.3	47610.0	98060.1	98054.1	60899.3	62459.0	66343.2	78164.2	81423.9	42413.6	41232.6	71086.9	114296.0	60796.3	65360.1	60430.4	60884.1	63104.7	57097.3	104465.0	56808.9	56966.2	62510.0	68735.2	71297.8	44051.1	53222.6	55628.7	60260.8	53099.6	45157.2	51180.8	51305.0	51839.0
P55157	MTP_HUMAN	MTTP	Microsomal triglyceride transfer protein large subunit							1285.04	1266.74				2288.7					737.758			1500.61	2709.08		2562.55				1099.28		1891.2				1042.86	931.188	3848.2	2157.23												
P55209	NP1L1_HUMAN	NAP1L1	Nucleosome assembly protein 1-like 1	26725.1	24880.9	3956.46	24031.2	19440.0	13533.4	15416.5	12980.0	5675.4		19691.2	16319.4		10230.5	11025.7	7074.06	8315.55	11874.7	17979.3	4486.69		7794.74		8853.86	10402.1	15108.6	13483.9	8904.99	3602.15	16406.4	11628.7	6450.31	19461.7	24779.6	12083.9	11713.0	51328.9	6106.27	12587.6	5132.49	5663.14	7129.33	7497.96	8114.02	8859.44	11764.2	15533.2	14804.9
P55268	LAMB2_HUMAN	LAMB2	Laminin subunit beta-2	8164.54	8690.84	9941.58	9946.84	18925.1	7311.11	9757.78	6665.94	6043.91		11207.1	9530.58		5893.5	10479.9	5717.26	7553.94	11003.4	9909.78	21346.3	16741.4	9171.45	25175.3	11328.3	14224.6	13707.9	17781.5	5494.98	10259.6	13888.0	5757.47	13197.5	4537.95	13236.5	7756.23	6904.29	8653.41	9099.25	5776.87	12173.5	7542.04	15428.4	10300.8	15503.3	13942.0	8349.12	6902.56	10438.0
P55285	CADH6_HUMAN	CDH6	Cadherin-6	17884.8	17850.0	17971.7	18199.3	30097.5	14779.3	20501.6	11248.7	16393.1	10726.1	10851.6	17163.2	13908.9	14666.9	16643.7	9862.5	13188.8	16257.8	8960.3	38250.6	16897.7	11844.3	17047.4	31433.0	23496.8	23168.4	32071.7	6505.17	13234.1	56510.2	11396.4	11850.9	9407.7	17987.8	6851.19	7156.34	15566.2	26964.8	18884.2	11965.0	26999.7	27868.0	11129.0	30473.8	25750.4	13986.7	12700.5	11556.5
P55287	CAD11_HUMAN	CDH11	Cadherin-11	11376.3	14826.9	8486.0	12100.3	14885.0	9007.27	4911.58	3820.63	12366.8	7923.43			10187.6	5838.32	6116.93		5399.39		3599.56	13269.8	8732.45	8080.42	7919.18	9457.59	18966.2	15253.3	11336.3	4598.6	6888.15	17289.1		7859.91	10243.7	17153.6	6542.67	6664.9	11475.4	31116.4	5607.9	8233.82	25078.3	12374.8	7026.09	14459.8	14748.7	9648.27	10229.3	11640.4
P55290	CAD13_HUMAN	CDH13	Cadherin-13	19525.2	25684.7	15255.0	19324.5	16607.1	18200.6	4028.97	13148.3	16647.7	2338.09		2170.74	4156.85	5731.0	2470.34	12554.6			3004.72	3239.87	4410.79		3205.59	4134.45		5086.55	3411.54		5917.87		4831.72	3617.93				5952.73	5689.13			3461.91		10131.7	4880.19	7379.37	5271.6		3433.18	
P55291	CAD15_HUMAN	CDH15	Cadherin-15							5290.43			7049.51	5255.31			7047.28																				3993.51				4009.6			4314.21						2060.3	
P55786	PSA_HUMAN	NPEPPS	Puromycin-sensitive aminopeptidase	3918.52	3148.22		2778.35	3485.28	2936.21	3540.84	1767.41			2223.77	3529.06		1434.64	1550.14	2321.7	2177.47	1637.29	3278.19	5263.14	1222.25	2471.75	2251.36		2201.35	2732.47	5224.65		2133.04	7442.78	2565.84	1431.44	2379.58	8923.45	2012.49	913.215	4070.02	6314.83	4612.96	3262.14		2032.36		2751.71	2799.25	3696.17	4056.83	3917.0
P55854;P61956;Q6EEV6	SUMO2_HUMAN;SUMO3_HUMAN;SUMO4_HUMAN	SUMO2;SUMO3;SUMO4	Small ubiquitin-related modifier 3	136422.0	91525.4	49478.3	52829.0	23218.8	36886.9	37957.0		34341.5	25211.0									28175.6				11595.9					16915.0	14310.5	16898.2	8601.56			25669.8			20469.6		10866.0							17692.2	17530.6	
P55899	FCGRN_HUMAN	FCGRT	IgG receptor FcRn large subunit p51		5294.97	4450.08	9501.69	11600.7	3489.09			3777.15		6974.07	6864.48	3562.07	10562.8	7627.69	23323.9	2890.98	2777.39	1590.31				8227.16	1129.98	11426.8	7967.41	8599.08	1635.29		7047.19				11381.8		5922.3		10844.9	5905.39	1421.54	22265.9	5127.81		9259.55	5737.37	3933.33		4636.49
P56192	SYMC_HUMAN	MARS1	Methionine--tRNA ligase, cytoplasmic	819.346	1807.15			898.43																																											
P56730	NETR_HUMAN	PRSS12	Neurotrypsin	226069.0	218746.0	207056.0	165796.0	154857.0	180072.0	124154.0	108554.0	125488.0	188710.0	125336.0	106641.0	265629.0	175866.0	95675.6	177707.0	198677.0	205860.0	124253.0	102602.0	123801.0	64481.4	137900.0	162296.0	86513.7	140300.0	93090.2	146239.0	166759.0	150435.0	234092.0	176684.0	146199.0	167536.0	233184.0	247104.0	156703.0	139800.0	163806.0	172645.0	153189.0	183078.0	187719.0	115969.0	114584.0	114005.0	118257.0	124348.0
P58166	INHBE_HUMAN	INHBE	Inhibin beta E chain	2102.53	4592.55	4426.41	3604.38	7574.41	10935.7	10276.3		8635.06	7715.34	13491.6	11089.2	10193.6	7032.39	5895.12		10685.9	9538.1	18234.5	7634.9	19482.5	11589.5	6215.76		13571.2	5343.46	42961.5	6598.5	8150.89	8821.29	16323.4	4076.49	3023.43	8316.72	8606.04	9337.21	7985.19	4963.07	11088.6	4514.33	5719.92	5277.77	3796.01	3843.73	4376.09	6701.71	7240.77	6778.54
P58215	LOXL3_HUMAN	LOXL3	Lysyl oxidase homolog 3	2261.24	2963.31	2854.97	2845.19		2628.36		4491.75	2621.2			1723.5														3920.43	5964.64			2184.46	2349.67					821.392			2480.46		1839.06	2100.55		1674.39				
P58335	ANTR2_HUMAN	ANTXR2	Anthrax toxin receptor 2	8023.96	6560.25		7547.4	7900.78		8420.24	9071.54	9364.03			9120.66											9398.76				6032.51		8668.18								11739.2								8197.98	7424.46	8493.51	9153.92
P58546	MTPN_HUMAN	MTPN	Myotrophin	52631.8	55153.7		49520.9	8439.3	33935.4													13709.1					9875.58						34596.6				12218.5		8071.98	27407.0					27295.2		22036.6	19899.6			
P59190	RAB15_HUMAN	RAB15	Ras-related protein Rab-15	40907.4	56433.7	17164.8								12853.2															58881.4	38781.1				34908.8	6474.9			12118.2	13104.2	50888.6	11849.4	41021.7		16508.3	63094.9	12779.1					
P59998	ARPC4_HUMAN	ARPC4	Actin-related protein 2/3 complex subunit 4	16849.0	20493.3	10269.0	20976.5	8816.82	15655.6	6864.03	9440.53	8000.55	5205.14		7020.89	6587.34			3799.36	4938.57	6474.28	17346.9	8988.81	1369.5		7877.26	7521.94	6499.29	19167.0	17986.2	4244.83	3588.63	29137.6	9369.05		6092.16	34617.8	6195.8	4209.3	10392.6	9234.38	12906.4	9583.68	8412.57	16689.7		14083.6	13780.5	6757.26	10560.1	7550.45
P60174	TPIS_HUMAN	TPI1	Triosephosphate isomerase	28827.1	28182.2	10595.7	30017.2	15546.5	18419.0	14261.4	18657.2	10817.3	9170.54	10978.7	11675.4	7434.57	6623.88	9672.11	9112.97	7999.55	9524.53	16031.0	15574.0	3727.52	4891.04	7954.32	3924.07	7170.25	11295.7	11673.0	6006.95	2918.38	16958.9	8860.14	6494.76	9365.71	27753.0	9764.78	10023.9	30019.9	6017.24	9633.81	10710.7	5361.74	10121.2	6382.59	11146.9	9909.24	12258.5	12222.6	10828.7
P60660	MYL6_HUMAN	MYL6	Myosin light polypeptide 6	24811.7	25150.5	7746.5	24047.4	17970.3	38449.4	12592.3	17367.1	12665.1	20081.2	20092.4	9475.07	15047.3	19180.5	18931.1	13851.5	11296.0	9375.52	62043.3	8203.13	9544.78	12740.7		24298.9	21570.8	30820.6	23365.3		9643.65	51610.8	35892.9		17972.0	104643.0	9434.05	6987.02	31404.3	10909.5	38585.4	20008.4	8602.46	40670.0		50681.2	47239.2	33483.1	24124.2	28563.1
P60709	ACTB_HUMAN	ACTB	Actin, cytoplasmic 1	763903.0	770446.0	348140.0	727776.0	497020.0	463412.0	216966.0	430732.0	308239.0	197533.0	208628.0	187784.0	328338.0	375254.0	250059.0	173331.0	126729.0	149975.0	636470.0	296252.0	196613.0	209213.0	281174.0	366234.0	269172.0	679243.0	679969.0	204682.0	170068.0	841950.0	376907.0	109354.0	288101.0	966586.0	203702.0	207639.0	458051.0	324952.0	433522.0	311702.0	310536.0	480313.0	112942.0	464206.0	412972.0	305175.0	323864.0	301360.0
P60842	IF4A1_HUMAN	EIF4A1	Eukaryotic initiation factor 4A-I	28291.4	36463.3	17399.7	35057.4	24493.6	14614.7	13554.2	16159.1	13001.7	8939.07	17971.1			2195.81		3809.94		4377.76	9906.08	3676.43	2874.94			6671.84		6246.89	16021.3		2626.17	7507.04	3728.91		3443.4	12189.9	3499.74	5805.47	12243.2		4178.74			5384.87	4919.37	5676.28	5285.1	4972.86		
P60891	PRPS1_HUMAN	PRPS1	Ribose-phosphate pyrophosphokinase 1	9070.78	6389.32		4816.42																						4525.89	7993.44							6260.09	4304.94		14665.7											6815.23
P60900	PSA6_HUMAN	PSMA6	Proteasome subunit alpha type-6	52717.4	49994.7	33006.9	48466.6	54858.6	32883.8	53705.3	23925.4	24009.4	32551.3	31512.7	49557.2	33558.5	35877.4	26348.5	33758.1	33448.8	29902.3	75371.9	162551.0	10361.9	98038.1	118304.0	27312.2	62767.3	139055.0	211056.0	33189.4	57695.8	90925.8	240432.0	26183.5	39618.4	101215.0	47847.0	46296.9	85472.0	80161.1	93996.9	122228.0	87836.8	27831.6	30763.9	28006.3	28367.8	76723.5	66847.4	74593.8
P60985	KTDAP_HUMAN	KRTDAP	Keratinocyte differentiation-associated protein	67433.6	80388.1	39497.1	64641.6	148564.0	39081.4	52677.7	74111.8	37896.7	51461.7	40575.4	68099.4	76674.0	51967.5	59368.4	66239.9	132566.0	111282.0	71343.5	68528.2	167775.0	92435.0	107837.0	53975.8	27219.0	38360.8	94568.9	100247.0	101996.0	16956.1	147393.0	92552.8	73326.2	100937.0	83540.4	134869.0	73146.6	102515.0	70387.0	187085.0	95656.1	57487.8	67809.1	48452.0	48455.9	76007.9	75406.0	85972.0
P61006	RAB8A_HUMAN	RAB8A	Ras-related protein Rab-8A	49151.7	68583.2	20144.5	53419.3	25171.4	20505.6	8338.98	17873.9	7129.8			9612.69			10795.0			8203.02	52582.3	19878.0			7746.39	29574.2	4042.4	54675.0	16860.0	16106.1	19778.0	83261.7	18913.3	10881.0	12035.4	53820.0	24110.5	24024.4	32302.0	16893.1	38247.8	19549.4	21774.3	46955.1	12474.4	47685.2	44475.9	15004.3	24229.2	23945.4
P61019;Q8WUD1	RAB2A_HUMAN;RAB2B_HUMAN	RAB2A;RAB2B	Ras-related protein Rab-2A	2330.47	2966.23	1981.11	2919.34	2133.59	3042.78	2483.0	1408.82										729.35	3564.43					2446.43	1796.36		5074.3	2301.64		7816.1			1718.95	3729.82	2125.86	1914.98	2994.39			1923.5	2331.16	4113.4		4212.38	3344.05	4585.61	3688.42	3216.79
P61088	UBE2N_HUMAN	UBE2N	Ubiquitin-conjugating enzyme E2 N	24894.3	26897.0	4958.62	25244.3	12506.5	32428.1	12252.4	14331.5	7539.53		9616.38	15154.8			5425.33	8655.07	11174.6	10172.7	23080.7	6136.86		4701.36	4206.89	8518.6	6103.64	20345.1	14281.4			22918.6	7058.72	10449.7	8055.27	16240.1	11926.1	5552.66	34311.6	4785.88	9043.71	6236.84	3874.39	17231.9	11102.0	15299.4	14207.5	9949.7	10835.8	10929.1
P61106	RAB14_HUMAN	RAB14	Ras-related protein Rab-14	4998.84	7230.74		8811.89	2209.01	12766.4	9047.61	3696.84				1541.49		2750.67	8312.64	6213.58	7219.54		12484.4	2283.26		6052.8		3821.93	6093.57	7381.09	1151.23			13272.7	3279.83				3409.99	1861.77	9457.62		2491.81	3524.11	3180.16	11611.4		7756.45	10645.4	3483.25		3090.91
P61158	ARP3_HUMAN	ACTR3	Actin-related protein 3	7871.68	5317.25	2982.36	5438.83	6927.46	7175.62			4596.16				12255.0	7950.91	5061.86			3871.1	9467.96				4324.2	6305.98	5240.48	5703.35	7551.8	4063.16		7242.81	6125.03		5527.58	13037.7	2453.57		2876.75	3368.43	5432.81	4884.33	3633.03	4587.4		5198.79	7340.28	5562.7	5274.73	5680.75
P61160	ARP2_HUMAN	ACTR2	Actin-related protein 2	9999.42	8315.21	4687.14	8962.3	6973.06	11734.4		10701.3	7609.72				4762.41		4335.87			2124.4	9886.66	6657.79			5184.93	7618.62	4323.36	10919.2	12826.2		3032.02	16133.4	8572.94			22312.3			6246.35	4873.5	9937.5	3053.43	6100.5	8758.35	4130.81	12337.9	8788.09	8254.89	5038.52	7065.48
P61204;P84077	ARF1_HUMAN;ARF3_HUMAN	ARF1;ARF3	ADP-ribosylation factor 3	43752.6	42672.9	11902.6	47152.7	17429.9	82826.5	9718.34	28544.5	10544.0	8008.17	4718.07	8894.07	10417.5	14863.0	8426.09	7911.02	10434.6	10143.9	68847.4	9886.25	3767.12	8247.75	8520.42	22627.3	13662.0	34549.1	19801.7	12786.6	9421.77	77974.3	17321.7	6182.52	11129.8	29978.4	7827.6	8977.07	43223.3	9212.85	19032.9	16116.0	9444.96	49267.1	8978.42	54654.1	54799.6	22217.8	21492.4	22165.1
P61224	RAP1B_HUMAN	RAP1B	Ras-related protein Rap-1b	76249.3	78331.7	36955.7	77750.2	47016.9	52784.9	17306.9	51296.4	21579.5	16236.6	11162.3	16289.5	21009.4	49643.3	16906.5	13621.4	16635.8	14562.7	74238.1	3830.27		7944.93	4439.11	35072.6	28972.3	82834.6	24878.3	31398.7	6182.15	76860.6	26438.5		16249.6	35323.1	10201.5	11371.8	50566.5	18805.5	36572.3	20065.0	20098.2	58177.8	5676.99	56756.4	73542.0	20142.7	26307.7	25699.0
P61604	CH10_HUMAN	HSPE1	10 kDa heat shock protein, mitochondrial		5187.96	10581.1	8767.99	4660.84	4453.27	6014.78	6559.94	8458.03		8786.09		2385.34							2858.49				3523.26			2168.99																	4627.83				2369.75
P61626	LYSC_HUMAN	LYZ	Lysozyme C	133733.0	122877.0	293796.0	137526.0	263531.0	152101.0	467857.0	310000.0	307658.0	574808.0	327874.0	369881.0	143339.0	245416.0	291245.0	359424.0	172808.0	189170.0	285988.0	135326.0	203331.0	462428.0	293192.0	282775.0	815781.0	426328.0	412426.0	581254.0	509468.0	428244.0	1075880.0	102094.0	520604.0	1293900.0	604606.0	615698.0	1512640.0	1588500.0	800837.0	466628.0	1488390.0	417418.0	178751.0	472115.0	422641.0	620530.0	625342.0	643854.0
P61769	B2MG_HUMAN	B2M	Beta-2-microglobulin	27103.4	19985.2	39585.3	27271.8	214930.0	30400.7	29915.1	44720.4	42991.8	45800.1	27848.9	25380.1	9740.43	5344.4	27363.9	15523.9	23965.5	11573.4	23220.3	15383.0	35965.3	14229.0	61025.7		49716.4	29601.9	59771.2	31655.5	38944.2	99695.4	27654.4	18840.4	58249.4	245210.0	33336.9	27808.5	210370.0	278046.0	55695.3	58134.0	240069.0	42463.7	20192.2	46736.8	47758.8	86599.3	94469.9	85926.3
P61960	UFM1_HUMAN	UFM1	Ubiquitin-fold modifier 1	1751.64	2828.68	1435.41	2132.61	3188.11		1799.08	664.282				1792.11			1741.24		1331.75	1401.14	2858.68	1217.6	2334.03		1677.11			2045.96	2054.43			2888.19			3841.34	11614.1	2734.78	3205.4	7435.7	2745.86	1870.62	2769.32	2118.44			1641.19	2744.77	2250.01	2685.15	1854.55
P61978	HNRPK_HUMAN	HNRNPK	Heterogeneous nuclear ribonucleoprotein K	14311.8	31931.4	12873.6	11270.9	7496.74	9654.42	10746.8	10364.0	8880.86	4940.65	9006.03	4518.13		2202.96	1748.54	2560.05	2250.0		4128.17	2521.66		2351.59	708.544	2370.48	3425.75		2731.16		1442.64	4664.23	2729.94	1882.73	1603.22	11449.8			4331.43		2718.61	1599.09		2784.53		3159.01	3047.35	2544.08	2881.91	3239.21
P61981	1433G_HUMAN	YWHAG	14-3-3 protein gamma	31255.0	33838.1	8526.26	29725.8	10774.4	13442.4	8803.64		12479.8	6421.47	14372.2	12926.1	19546.2			8254.87	9840.57	10587.1	24430.8	31391.8	17542.6	14452.7	33243.0	11853.5	11973.4	34243.5	50597.2	12330.4	19737.3	35205.8	29921.5	12411.6		60549.4	16087.3	17316.0	11409.9	13298.3	28676.8	30555.9	9769.17	12227.3		8909.56	10474.0	31728.6	23166.5	31550.1
P62136	PP1A_HUMAN	PPP1CA	Serine/threonine-protein phosphatase PP1-alpha catalytic subunit	7660.91	10069.2		6710.64	5510.36	3688.23	2584.45	4100.82		9314.52	7697.03	6455.67	4540.18	8050.91	4900.59		3210.73	3365.54	9938.13		3447.71	9412.55			3617.77	5495.78	8752.25		7566.9	6133.99	8232.69		2219.29	36293.3	8227.39	5818.24	3532.33	11945.6	23223.8	6699.97	12332.8	5377.59	1899.07	5276.74			9979.73	
P62140	PP1B_HUMAN	PPP1CB	Serine/threonine-protein phosphatase PP1-beta catalytic subunit	16059.3	16677.2	6910.4	12061.5	11987.8	8284.96	6781.38	6574.02	5655.45	7177.51	5661.99	8812.39		7674.95	9076.28	5811.99	6222.02	12330.5	15254.5	14956.8		13371.8	8254.52	7816.43	15241.8	14467.7	16014.8	9045.6	8528.23	16022.8	11172.4	4766.75	6262.3	39083.8	8240.75	10080.0	11503.4	12437.1	26646.1	12288.2	14808.0	8598.15	6058.86	11182.3	11502.8	14255.9	14517.4	13046.1
P62241	RS8_HUMAN	RPS8	Small ribosomal subunit protein eS8	7711.29	8020.97	5439.05	6056.61			4389.94	6576.93	6825.44	6090.9	7823.17			2830.31													1793.41				2183.28			4211.46			3271.37											
P62258	1433E_HUMAN	YWHAE	14-3-3 protein epsilon	70822.1	70463.6	32840.3	72829.2	37046.3	43833.6	26381.1	31600.0	14249.0	31004.0	24342.1	14503.2		18002.7	9054.68	12345.0	13313.7	11936.9	35512.6	27923.4	9458.71		33628.6	17073.9	17430.9	52661.7	60967.1	11653.2	18131.4	53205.4	36869.2	19398.8	28259.0	73714.4	27470.2	25448.1	47725.6	22797.9	49065.6	31459.6	22083.6	38676.1	9926.74	40629.9	35915.5	18715.0	21853.9	18420.5
P62330	ARF6_HUMAN	ARF6	ADP-ribosylation factor 6	2389.48	2114.27		2463.32		3266.19													1405.56											3991.1												2383.98		1026.62	1546.98			
P62736	ACTA_HUMAN	ACTA2	Actin, aortic smooth muscle		375492.0	158165.0	339228.0	237239.0	224731.0	111074.0	210980.0	147935.0			71538.5			109133.0	54006.4		64400.8	270866.0	140374.0			144278.0		146948.0	344267.0	306871.0		98875.1	468953.0	169750.0	51250.4	149668.0	468496.0	103802.0	102159.0		153825.0	198386.0	191165.0	136921.0	232044.0	47680.7		198035.0	176279.0	168871.0	170430.0
P62753	RS6_HUMAN	RPS6	Small ribosomal subunit protein eS6	6235.26	12998.5	6001.94				5006.13	4596.96	5246.05																									5307.86			2978.76											
P62805	H4_HUMAN	H4C1	Histone H4	545001.0	548106.0	141753.0	603084.0	231285.0	149083.0	83706.3	84669.8	120550.0	484234.0	122675.0	42147.2	155844.0	117112.0	116685.0	54734.2	44906.2	48802.6	501077.0	79237.9	45336.2	39920.0	40535.5	286851.0	185456.0	235598.0	131418.0	78611.7	97830.4	459237.0	2163850.0	24966.9	87032.8	1958120.0	118328.0	119771.0	78091.6	241458.0	665447.0	322550.0	242848.0	204393.0	34059.0	216374.0	207561.0	407497.0	453922.0	406717.0
P62820;Q9H0U4	RAB1A_HUMAN;RAB1B_HUMAN	RAB1A;RAB1B	Ras-related protein Rab-1A	18450.8	20369.0	7167.15	22891.2	10720.2	18058.0	6486.39	7961.62	3391.51								5335.6	6139.71	21560.1	5234.55			9731.99	4896.88	12140.4	21682.5	7643.85	10797.3	4870.62	21625.9	10664.9	5591.13	8898.39	16437.2	8848.93	10079.2	14365.1	6457.96		8638.45	7354.59	24845.0		14249.3	15163.4	18018.4	13141.8	15625.7
P62826	RAN_HUMAN	RAN	GTP-binding nuclear protein Ran	55523.9	48454.0	14542.5	59079.3	25071.8	72670.4	26308.7	16010.3	11296.3		21357.8	20023.2	10077.0	9778.58	13718.5	22433.0	25915.1	29095.6	32402.5	14450.1	7707.34		8468.68	19250.0		54651.4	43841.3	6742.54	6182.8	35596.2	8580.5	33754.9	25067.4	49121.3	27617.7	28929.9	85821.4	11381.8	17388.4	8977.87	9677.56	16928.6	25889.4	19216.5	18374.0	14170.6	17007.6	15483.4
P62829	RL23_HUMAN	RPL23	Large ribosomal subunit protein uL14	12757.4	16478.7	16241.1	6869.03	5909.4		12089.2	6600.68				7975.98							3990.78				3916.83		5088.78	4994.17	2116.89							4751.81														
P62857	RS28_HUMAN	RPS28	Small ribosomal subunit protein eS28	13248.5	11833.9	11235.0	11631.9	5627.12	10422.4	10540.9	12729.0	11019.0	7114.3	8393.27	5725.52		4049.84		3307.98		3898.73	4996.15	3084.56			4113.89	3747.25	2941.37		2491.44		3600.78		4512.58	1874.41	3246.73	8013.49	4380.65	2529.74	4690.94	2735.07	5820.15	4134.48		2726.72			3184.08		3944.74	3664.52
P62873;P62879	GBB1_HUMAN;GBB2_HUMAN	GNB1;GNB2	Guanine nucleotide-binding protein G(I)/G(S)/G(T) subunit beta-1	11919.6	11641.7	9365.43	14977.9	7062.89	7945.61	7967.96		9216.23		5431.9	5179.13		7996.06				7798.23	15579.6	16417.1		8908.75	13275.1	7814.32	9099.8	14212.1	19630.5		6091.88	10723.7	6848.57	9662.86		19264.3	6957.68	5398.64			10139.6	11225.5		10577.2	5638.44	13837.0	13485.9	7582.08	8186.65	9526.57
P62937	PPIA_HUMAN	PPIA	Peptidyl-prolyl cis-trans isomerase A	107736.0	117700.0	34295.7	115538.0	56025.6	136032.0	36940.9	53594.2	35020.5	29901.2	35886.9	23969.9	26379.0	49104.7	24664.7	20946.8	19928.1	21194.2	108205.0	14872.5	8978.81	21149.8	26497.8	38104.1	20471.7	64794.4	50447.2	19802.5	17062.5	131716.0	38687.5	19542.7	27249.6	635221.0	27940.1	27530.4	119360.0	42235.9	58047.5	27705.7	43869.3	83447.1	21321.4	88252.4	80475.1	75422.7	79692.3	76994.4
P62942	FKB1A_HUMAN	FKBP1A	Peptidyl-prolyl cis-trans isomerase FKBP1A	13906.3	15899.2	3588.24	17173.9	12033.6	15056.4		6444.45	2429.3					9987.81					13506.7				5221.62	9810.0		7105.83	8415.99			12160.2	12314.0		6843.4	22113.6	4050.69		17362.1	8430.08	9443.13	5563.41	10826.3	9759.55		7174.35	9000.9		7122.65	7832.99
P63098	CANB1_HUMAN	PPP3R1	Calcineurin subunit B type 1	4404.68	5256.25			3499.05		2771.08												7379.27	3476.68			7261.64			4682.01	3488.21			7013.45	4023.12	3934.88	3525.56	9016.78	2561.41	3641.77	8859.94	6109.79		7793.31	7515.9	5955.65			4674.98			4551.02
P63104	1433Z_HUMAN	YWHAZ	14-3-3 protein zeta/delta	89872.0	89525.1	24167.6	76146.3	61474.1	56501.7	24242.3	43106.3	28594.5	22259.4	17220.2	19903.2	26320.9	30731.9	23790.3	19214.6	16340.3	19540.3	67113.0	33058.2	18732.1	23782.6	34932.6	27344.0	22338.9	48836.6	45238.3	15886.7	16308.0	75953.1	37047.7	9222.11	22490.2	64404.0	12576.2	17335.3	43197.8	25173.0	65041.1	37485.3	24340.0	32155.1	8651.73	43910.4	40120.3	36432.7	36598.9	32904.2
P63208	SKP1_HUMAN	SKP1	S-phase kinase-associated protein 1	8888.83	8812.49	4866.78	8036.26	11932.7	13572.0	14211.0	11363.1	5017.96	4787.44	5537.39	10774.0			5980.6	10233.6	6654.24	8412.99	8761.14	13387.7	2597.73	6475.71	6315.76	4986.44	6241.08	14508.1	9954.08	6018.0	6869.02	10233.5	12845.3	13648.2	12483.5	51497.5	12787.7	13884.0	47511.4	11000.7	9592.14	10413.1	10228.8	5399.98	12481.6	8886.28	4629.39	15154.3	18364.0	15747.9
P63241;Q6IS14;Q9GZV4	IF5A1_HUMAN;IF5A2_HUMAN;IF5AL_HUMAN	EIF5A;EIF5A2;EIF5AL1	Eukaryotic translation initiation factor 5A-1	15761.2	16896.4	5368.89	19901.4	9981.55	18820.1						2964.14	3842.17			7233.84			5911.41							9578.54	11389.5			7140.49				11091.6		3342.29										4144.52		
P63316	TNNC1_HUMAN	TNNC1	Troponin C, slow skeletal and cardiac muscles					21261.7						8114.5									9920.51						7010.67	6756.31		19078.3	10372.9	85234.0		55129.0	22468.7	118544.0	127514.0	22753.3		5975.18	199709.0	4434.36				1621.89	46369.6	43872.9	45120.9
P67936	TPM4_HUMAN	TPM4	Tropomyosin alpha-4 chain	335599.0	321998.0	70884.2	306063.0	265116.0	197719.0	57156.6	165071.0	53736.8	34299.1	24583.0	44044.1	38730.6	48354.8	56736.8	24120.2	33156.0	40093.1	468198.0	24217.1	8460.36	17972.0	22339.5	125059.0	38358.6	124142.0	46788.6	61453.5	44810.9	379480.0	188954.0	8615.55	99191.5	115216.0	50198.5	62350.9	285409.0	25523.1	164732.0	84702.9	31198.6	352575.0	16340.3	395273.0	345210.0	117755.0	110194.0	122475.0
P68104;Q5VTE0	EF1A1_HUMAN;EF1A3_HUMAN	EEF1A1;EEF1A1P5	Elongation factor 1-alpha 1	33746.1	31662.3	18634.5	33898.9	17744.7	18257.6	16311.7	25031.6	23769.0	24511.7	31958.0	9926.12	7885.25	22503.2	6801.72	14561.0	11056.2	8390.48	20693.3	15264.9	12632.9	14359.2	5364.09	15065.8	21897.7	12963.8	21794.0	11465.1	11034.5	26613.8	15603.1	6579.47	15969.5	67230.5	17685.4	15360.9	22053.0	7567.46	23856.2	15568.3	9380.84	11210.3	7692.35	11985.5	13934.4	17885.9	19239.8	19713.7
P68366	TBA4A_HUMAN	TUBA4A	Tubulin alpha-4A chain	154427.0	134576.0	92906.0	131629.0	46345.0	99536.6	35412.4	81269.9	68188.6	29936.8	23911.8	32180.6	67816.5	69780.6	33248.0	20413.1	19069.2	21078.5	86322.9	7906.78		17466.9		51659.2	34862.2	115894.0	62100.7	42451.4	15297.4	170658.0	69267.4	7224.81	55970.8	130283.0	27084.0	28736.9	130137.0	35800.7	84067.5	38514.3	34433.4	58988.9	8709.01	56194.3	48944.0	42975.1	41943.3	42968.4
P68371	TBB4B_HUMAN	TUBB4B	Tubulin beta-4B chain	34418.3	38505.2	21655.9	33360.6	16656.9	23081.1	12892.6	17395.6	16332.2	10422.4	11721.7	8938.25		12805.0	11453.1	9573.72		7467.45	20417.7	4446.54		7748.76		12880.5	11455.4	17999.8	19299.8	11110.9		25079.9	10919.8		13703.2	42374.7	13277.1	11584.4	34759.5	6697.31	17507.1	11190.5	6464.77	11359.2		14611.6	12814.8	12473.6	6854.93	11192.4
P68402	PA1B2_HUMAN	PAFAH1B2	Platelet-activating factor acetylhydrolase IB subunit alpha2	13788.5	14545.8		15860.9	4507.24	7331.33	3860.73	4375.34	3049.81			2884.63				2448.76	2043.14	3582.21	8121.89				1372.32	2504.93		10214.0	8439.5		1269.56	8468.85	3211.2	4632.75	5340.07	17367.1	5190.14	6628.1	18497.4	2367.22	6205.76	635.379	2514.37	3551.7	4475.51	3990.04	4331.03	3933.09	2637.78	2557.94
P68431;P84243;Q16695;Q71DI3	H31T_HUMAN;H31_HUMAN;H32_HUMAN;H33_HUMAN	H3-3A;H3-4;H3C1;H3C15	Histone H3.1	10322.5	17346.1		11839.7																						4092.24	2100.0			5544.97	11843.6			27730.7	3232.24	5694.19			24254.1	4244.08	3331.86				4141.1	5215.52	3629.93	4767.33
P68871	HBB_HUMAN	HBB	Hemoglobin subunit beta	571951.0	495847.0	437043.0	519972.0	1387040.0	1381980.0	1707620.0	2150740.0	588379.0	685331.0	3467600.0	2356140.0	1393350.0	1323120.0	583420.0	1397400.0	2144940.0	1491790.0	624292.0	957806.0	1224840.0	498122.0	341962.0	438541.0	629706.0	962850.0	890067.0	1472830.0	612260.0	502974.0	327645.0	1637380.0	1553740.0	1186340.0	369495.0	352233.0	3457710.0	314710.0	301720.0	302366.0	361505.0	218623.0	1808860.0	176417.0	245957.0	1717960.0	1813930.0	1829440.0
P69849;Q15155;Q5JPE7	NOMO1_HUMAN;NOMO2_HUMAN;NOMO3_HUMAN	NOMO1;NOMO2;NOMO3	BOS complex subunit NOMO3		7414.5			3986.61	7494.19		6151.29	3942.36	5908.94	5620.02	4583.71	10658.3	5366.67	7585.26	3889.97	5550.54	4096.87		5940.74	14216.4	4421.86		4535.06	9093.94	6160.55	7469.98		2908.85		4549.41	7746.52			8624.85			4796.81	4509.77	3835.09		4304.95			8146.37	4191.01	4345.55	6398.55
P69892	HBG2_HUMAN	HBG2	Hemoglobin subunit gamma-2	7761.15	8604.02		4307.94		12512.2		7965.79							6087.34		23071.7	21331.0		16740.3	4991.52					7599.58	11714.8			5810.69		15279.1	6393.62								73810.5	7374.19	12732.3	20409.3	8851.41	10556.2	7990.08	8702.97
P69905	HBA_HUMAN	HBA1	Hemoglobin subunit alpha	498495.0	407295.0	378849.0	489649.0	1313240.0	1158210.0	1686530.0	2082960.0	522067.0	623905.0	4388280.0	2058820.0	1379040.0	1547190.0	658476.0	1516130.0	2047180.0	1509020.0	670275.0	945331.0	1182490.0	557552.0	386242.0	446490.0	557828.0	774074.0	728766.0	1337310.0	591634.0	367922.0	333048.0	1573630.0	1370930.0	1061950.0	345329.0	319196.0	3521140.0	245747.0	262525.0	296394.0	256510.0	167048.0	1449160.0	163060.0	207431.0	1673030.0	1640210.0	1635140.0
P78371	TCPB_HUMAN	CCT2	T-complex protein 1 subunit beta	4103.5	3152.74		3795.91	1994.49	4768.81	1725.2		928.815					1565.03			748.449								1750.74	2293.44	4878.16		1128.48	2070.05				6773.12	1239.4	2324.12	6956.57				1769.26			2180.54		1641.05		1837.21
P78417	GSTO1_HUMAN	GSTO1	Glutathione S-transferase omega-1	68087.2	67157.6	19727.8	73876.7	54883.4	42279.9	37645.3	30518.3	22359.0	14119.1	25139.6	34538.5	65401.3	21160.4	30634.5	28690.1	27055.5	24664.9	43136.3	57874.1	15891.1	16889.4	28394.1	17152.6	33680.8	52486.1	58352.6	26789.0	18300.9	53394.1	39267.7	31889.1	37247.9	135785.0	54195.0	44426.0	58581.1		36767.5	42969.4	2960.33	21773.8	32607.5	24942.6	25560.3	33065.0	34268.3	36989.3
P78509	RELN_HUMAN	RELN	Reelin	14405.7	16614.9	17676.2	15569.3	12560.4	16907.2	12235.0	8203.97	16131.7	10295.7	12433.3	12156.9	8690.94	13255.2	19968.8	13070.1	9977.84	10688.4	15087.3	21188.3	17618.0	21807.4	18555.4	16809.7	17621.5	34158.4	21900.4	14516.3	28196.3	16437.0	23160.3	47068.4	54817.0	12097.2	16368.3	17525.2	21659.4	25588.5	23669.7	28691.9	21359.5	17291.8	30058.4	16905.2	16730.2	16271.3	17783.5	18306.2
P78539	SRPX_HUMAN	SRPX	Sushi repeat-containing protein SRPX	4912.74	5118.65	5255.56	5389.93	15244.5	4173.97	4377.1	1857.39	3742.43		5868.5	3248.12			3900.15		3037.59	2655.18	15260.9	12706.0	13267.0	6602.01	23877.6	10025.4	8073.78	37139.5	24859.8	9641.08	14340.4	17071.8	31249.7	11081.6	13314.3	39425.5	11392.5	11333.9	10796.1	16410.5	10125.5	8360.47	17352.8	9155.34	14132.8	12036.2	8247.45	12313.2	13474.6	12802.6
P79483	DRB3_HUMAN	HLA-DRB3	HLA class II histocompatibility antigen, DR beta 3 chain																					24022.6					2553.79	2094.21			4153.11								6197.81			4659.12							
P80108	PHLD_HUMAN	GPLD1	Phosphatidylinositol-glycan-specific phospholipase D	166562.0	174979.0	224181.0	164802.0	158286.0	322439.0	284054.0	539250.0	230224.0	361569.0	231831.0	228526.0	459301.0	286096.0	548564.0	379264.0	283183.0	249082.0	124627.0	291979.0	313463.0	158117.0	224103.0	171236.0	213568.0	63165.7	50132.0	193852.0	230384.0	117421.0	135194.0	189323.0	155207.0	227787.0	216553.0	212123.0	139710.0	157215.0	99179.5	172128.0	151922.0	212017.0	176002.0	228626.0	234272.0	166555.0	174693.0	172159.0
P80188	NGAL_HUMAN	LCN2	Neutrophil gelatinase-associated lipocalin	5273.7	4676.12	8860.74	5841.43	18413.7	5580.28	8271.45	9603.61	7494.25	13897.8	12359.4	6744.32	16644.7	12787.7	11016.7	9073.29	4320.41	3314.23	10210.9	16549.5	6514.44	22067.7	2259.05	15721.2	42799.5	17412.4	10650.8	9401.62	16500.1	13928.4	48559.0	2098.98	7146.97	50549.5		11582.6	86631.7	17524.3	42483.6	19215.2	17510.7	13807.4		15415.3	16737.3	21757.6	24621.1	24966.6
P80303	NUCB2_HUMAN	NUCB2	Nucleobindin-2	3803.35	5731.28		6804.31	3600.91	11104.9	11170.5	7273.84	7486.48	7740.13	10455.8	12924.0	4570.68	10419.1	9586.5	7714.4		5607.43	13065.9	2351.44	4943.64	5878.92	12140.9	3426.17		8234.88	4071.88	8765.91	13793.7	5955.44	12569.7	4247.08	5555.31	5343.48	9956.39	15712.2	6959.14	4552.66	8564.47	6013.61	3600.38	5803.87	3352.34	8012.83	5935.02	5662.86	6085.85	5226.4
P80404	GABT_HUMAN	ABAT	4-aminobutyrate aminotransferase, mitochondrial							2280.53					1753.7	2984.37	2166.75	1901.67		7559.08	4727.64	2960.65	26173.0		9846.71				8659.15	1950.8	2306.22	5781.22	4377.52	3054.96			2003.6					4487.04	4540.6		5951.91		7454.66	6297.4	1974.42		2553.79
P80511	S10AC_HUMAN	S100A12	Protein S100-A12				3261.16		7234.68				27435.9	20202.3		197542.0	73536.6		5280.02			9002.41			29303.0							5438.24	6421.78				5940.83			17574.7		9306.76	8589.07	7609.66					7124.12	11077.8	9282.19
P80748	LV321_HUMAN	IGLV3-21	Immunoglobulin lambda variable 3-21	2956030.0	2940370.0	1134020.0	2782090.0	1627070.0	1510100.0	1528170.0	1291530.0	1451550.0	1628560.0	1789930.0	1634250.0	3750780.0	1833410.0	2067800.0	3481110.0	1687600.0	1664930.0	1386700.0	1210940.0	773553.0	2504480.0	1478420.0	1226000.0	3236090.0	1607450.0	1966480.0	2584580.0	1129080.0	1686550.0	1724910.0	1464350.0	1868890.0	3215830.0	1095190.0	1075730.0	1774630.0	2046530.0	1439710.0	1434410.0	1927490.0	1523500.0	1255360.0	1621580.0	1786620.0	1453090.0	1655740.0	1497800.0
P81605	DCD_HUMAN	DCD	Dermcidin	11894.3	15762.7	20139.3	8240.61	27736.2	16463.2	35207.9		70349.6	31641.6	72886.8	20051.3	93044.4	66656.0		28779.8		21167.4	23754.5	17752.8		10124.3		28641.0		21118.1	17381.3		14298.3	30790.2	45523.5	15149.6	36322.1	20014.4	13238.1	10551.2	15700.5	12996.4	21831.4	18331.9	19546.4	16874.0	34911.7	24229.8	19653.0		22887.7	21781.6
P82970	HMGN5_HUMAN	HMGN5	High mobility group nucleosome-binding domain-containing protein 5					3612.49																	3506.13								2781.72	6733.64			37060.4	1022.7			2104.34	2647.23		3355.3	1116.87				3704.48	6174.01	7854.56
P82979	SARNP_HUMAN	SARNP	SAP domain-containing ribonucleoprotein																											4370.61							21737.7						1864.32	3264.72						3912.69	
P84095	RHOG_HUMAN	RHOG	Rho-related GTP-binding protein RhoG				4208.44															3847.39						5442.06		4212.72			5562.69				11243.1					6571.73						5285.92			
P84103	SRSF3_HUMAN	SRSF3	Serine/arginine-rich splicing factor 3	9820.51	12351.3		7091.48															9945.95						17712.8					6025.75				13135.9												6430.61		
P98066	TSG6_HUMAN	TNFAIP6	Tumor necrosis factor-inducible gene 6 protein	6204.87	8043.84	3952.96		5524.83	7533.9	5958.67	2719.1	5622.9			2174.53		3808.46		6777.07		5051.1		7142.26		4680.41		10156.0	7777.08	26106.5	22417.6		5260.31	8737.77	21773.6	9865.47			9167.23	9427.58	4340.16	8965.86	13499.3	8996.92	8575.03	9777.82	8609.15	6515.78	8083.61	6218.26	7614.89	7923.62
P98088	MUC5A_HUMAN	MUC5AC	Mucin-5AC										6430.25														4365.35															136709.0							12033.7	12032.3	15044.9
P98095	FBLN2_HUMAN	FBLN2	Fibulin-2	12078.7	11320.5	11181.2	14925.4	92652.1	16514.8	20060.8	7409.58	11872.1	17726.5	50696.6	18839.3	48579.6	23855.5	24860.3	25457.0	7613.6	9621.9	51488.0	39848.0	93643.5	49522.0	73547.9	19333.1	42204.4	94826.3	95798.0	24848.7	37956.6	56154.0	96199.8	19861.2	21324.2	93426.8	22879.0	26009.0	31516.2	28903.4	35746.7	41421.0	21925.1	26311.6	21024.5	40210.1	36604.3	45459.2	38219.6	37187.0
P98160	PGBM_HUMAN	HSPG2	Basement membrane-specific heparan sulfate proteoglycan core protein	63496.1	59179.7	55192.7	65472.8	275552.0	49709.1	54733.0	41887.1	50758.1	42324.5	49610.6	59904.5	45400.5	59694.2	52857.8	39195.6	47384.6	44356.8	100976.0	78613.1	83994.2	58481.6	143282.0	68971.4	102173.0	187144.0	116316.0	51089.8	99367.4	134966.0	234160.0	62410.2	63199.6	263284.0	60922.9	63381.7	116626.0	104914.0	115127.0	85103.7	103112.0	80148.6	64822.9	93949.2	86874.2	108824.0	106914.0	110703.0
P98164	LRP2_HUMAN	LRP2	Low-density lipoprotein receptor-related protein 2			8498.24									8333.95					9433.39												9880.03										31802.4			12524.6	9734.79	5409.06				
Q00013	EM55_HUMAN	MPP1	55 kDa erythrocyte membrane protein	5908.67	6256.18		7527.11	4139.43	2892.95	2495.21	1448.3									2429.95	1643.59	3242.91	2431.92				1478.54		1573.97	1979.7			2643.09			1212.88	2655.69			3623.39					2274.96		2753.57	1776.82		1820.98	
Q00610	CLH1_HUMAN	CLTC	Clathrin heavy chain 1		3706.51							2440.31	3628.19				4105.4													3296.46			3194.02				7111.6			3793.18											
Q00796	DHSO_HUMAN	SORD	Sorbitol dehydrogenase							3464.21					4278.26		3827.7			10504.4	10426.8	5087.93	21586.5		7030.25			3709.82	3604.37	3203.2		2031.21	2860.25	2273.07								2072.41	11411.6		2253.79		1825.75	1953.1			
Q00839	HNRPU_HUMAN	HNRNPU	Heterogeneous nuclear ribonucleoprotein U	13937.1	17567.2	5481.11	10580.5	8690.5	10117.5	4906.11	14790.5	5855.21	17864.3	10237.2	5381.26		3138.28	4764.77		4921.68	3066.12	13110.1	4641.05		8026.82	7558.05	10058.0	15375.3	9990.49	8359.59		11581.4	11392.3	25162.2		6660.17	111137.0	5428.91	8116.04	9717.31	11694.3	35288.2	13126.4	14956.1	5834.88		5640.62	7682.44	13674.3	19447.3	18933.6
Q01105	SET_HUMAN	SET	Protein SET		8618.22	8869.83	9421.25		6091.2	12664.5	7387.43											6334.23					8799.39	10137.9		3672.0				16933.8		4829.67	38625.5			10303.7		17031.2	4820.56						10000.1	11055.3	11547.4
Q01130	SRSF2_HUMAN	SRSF2	Serine/arginine-rich splicing factor 2	10655.5	11557.4	5638.63	10381.0		5779.12			7840.78										11590.6					11062.8	10341.5		8661.87			5484.21	34628.8		6823.88	77335.1		6459.58			24242.3	6190.79						13039.5	13048.0	11864.8
Q01459	DIAC_HUMAN	CTBS	Di-N-acetylchitobiase	48962.9	56020.4	51348.6	55903.6	42341.1	70701.9	72300.1	30219.0	36474.9	39259.3	22354.9	77957.7	33937.8	29573.0	59895.9	37432.0	49260.9	51428.0	22060.8	65557.6	25505.7	19938.2	61419.3	40479.1	25103.0	41814.0	40952.8	33105.9	60532.2	40019.6	43841.4	67231.3	21886.4	40536.8	45290.7	41147.8	26256.3	31964.9	47275.6	17856.6	30488.7	45642.2	66087.2	45769.8	43918.1	29186.1	28460.9	28466.3
Q01469	FABP5_HUMAN	FABP5	Fatty acid-binding protein 5	18289.0	11532.9	8413.6	13385.5	6877.28	5035.96		2869.43	13389.2					13779.1	4818.73	4889.43		6416.01	8181.26	9472.24		13256.4	5060.32	5421.47		9588.52	6335.42			17357.6	12025.8	9147.04	14768.3	33667.7	11248.7	11957.8	20130.7	14093.7		17438.8	19418.1	8572.54	9665.59	7237.46	10513.0	10126.1		8862.7
Q01518	CAP1_HUMAN	CAP1	Adenylyl cyclase-associated protein 1	113670.0	115546.0	23388.9	117948.0	39989.9	63641.5	17280.5	39936.1	26781.7	26133.6	15005.4	18829.3	5160.05	16846.9	19127.9	13800.1	7833.7	11500.6	96660.7	6293.56		10598.6		32953.5	27766.8	38151.5	34218.6	14136.6	6931.46	99107.6	38386.8	1844.73	27972.0	143459.0	15112.3	13082.9	52760.7	11110.2	56998.5	28399.1	12086.9	54963.1	3233.5	61155.9	57914.4	37750.7	39090.6	41083.7
Q01638	ILRL1_HUMAN	IL1RL1	Interleukin-1 receptor-like 1								5568.7												12247.5		6913.47	11513.6				5517.35			6395.55	11067.5			13183.0			22828.9		6613.06									
Q01995	TAGL_HUMAN	TAGLN	Transgelin	4799.67	5905.97	4779.56	5823.28	11618.1	4530.55	2603.65	2181.03	4220.78							3131.92	3285.94	3509.27	4040.33	6749.52	6849.69	3889.59	22222.2	3302.73	4585.11	13110.7	9446.77	3068.96	7841.53	19910.8	6182.07	3624.29	7067.3	14377.6	5120.96	5225.43	8327.76	18961.7	9774.51	8267.96	17288.9	3467.09		3230.94	4417.58	5604.85	7223.69	7194.34
Q02383	SEMG2_HUMAN	SEMG2	Semenogelin-2																																				10863.7												
Q02413	DSG1_HUMAN	DSG1	Desmoglein-1	47502.8	21651.3	55919.7	13328.5	19223.0	15968.4	19330.4	30531.1	45661.9	19508.4	72449.6	18748.3	45865.2	40709.7	22809.3	58229.1	33110.1	31326.1	55480.4	29800.5	27835.6	27120.4	14921.8	36234.9	58361.2	14892.5	10723.5	24358.0	23301.9	43104.3	33637.5	23322.1	27366.5	14766.4	20769.7	19259.1	36203.9	14388.4	28530.4	40423.9	33808.0	28520.3	65416.4	35297.4	39593.1	42099.8	35176.4	43558.8
Q02487	DSC2_HUMAN	DSC2	Desmocollin-2	25461.7	36084.0	19731.5	27974.0	45156.0	21325.6	23927.1	15001.7	18416.4	16594.7	17291.6	25118.7	20267.0	17653.0	23975.2	19214.5	20076.8	23352.2	19559.3	35107.5	31828.2	51898.7	23136.3	41138.3	45748.8	50740.3	84147.5	23104.0	40568.2	51046.6	20171.8	29027.4	33269.5	95056.5	28037.7	31635.5	68754.3	76995.5	80884.6	34618.9	69163.4	52800.9	26147.8	38815.3	34151.3	36471.2	39041.9	35987.6
Q02809	PLOD1_HUMAN	PLOD1	Procollagen-lysine,2-oxoglutarate 5-dioxygenase 1	1512.76			1775.12	1249.82	2622.73	942.989	994.037	2069.52						1130.44	1022.92	1358.09			3139.28	1645.34	919.347	1365.52			1748.57	984.221		2182.36	2857.24	2115.26	1522.15				1630.0		1856.38	4499.61			1944.22			2273.03	930.649		
Q02818	NUCB1_HUMAN	NUCB1	Nucleobindin-1	13807.4	12893.8	16099.0	12203.3	8055.06	14106.0	17889.2	14251.7	15118.9	28719.6	32802.4	14293.4	13892.0	15653.2	17522.5	16122.6	13405.7	16637.0	22584.1	14320.8	41386.9	24359.7	49777.1	19484.4	11986.1	19798.7	24808.8	8686.61	19066.8	18867.2	45410.4	8781.69	16284.8	9715.34	16622.8	14383.5	10103.9	12584.2	14275.0	17613.7	14204.4	15116.3	8598.2	14869.4	14910.9	11776.4	9705.32	11875.8
Q02952	AKA12_HUMAN	AKAP12	A-kinase anchor protein 12	7124.96	8352.5	4001.36	7859.75	23937.1	3844.46	6511.15	10631.3	3792.69	4241.49	2779.14	7099.65	5750.04		8602.09	6117.02	5162.19	6410.93	5301.57	7861.08			12243.2	5276.04		4602.88	6565.23	6270.39	4506.92	8829.89	6630.3	4030.86	7141.45	16861.5	4326.05	4090.18	9116.66	5719.13	8171.84	3956.21	6001.88	7821.45	4443.26	8304.52	6877.94	7648.9	5871.75	7858.67
Q03154	ACY1_HUMAN	ACY1	Aminoacylase-1						930.98	1863.91	500.766	1087.62		944.568		2541.31	1197.01			1466.87	2642.17	675.028	6822.94		3305.65			3297.7					2838.68						2270.26				2946.55				3730.08	2763.99	2504.58	1692.49	1615.03
Q03167	TGBR3_HUMAN	TGFBR3	Transforming growth factor beta receptor type 3	31707.1	31842.7	24568.3	32354.8	137723.0	20578.8	18064.3	10880.2	16819.1	13921.6	12085.6	18022.1	27517.3	14175.4	17163.6	13429.6	12748.0	17759.0	15102.9	66830.9	76676.0	14605.3	73553.6	21346.6	19561.2	79449.7	75225.7	12353.3	32800.1	50876.7	32154.2	38231.4	18799.0	33996.5	26027.4	28355.4	63678.9	51554.5	31046.7	25587.1	50225.9	35607.8	36469.6	34070.3	36442.3	27066.2	27106.6	27056.7
Q03252	LMNB2_HUMAN	LMNB2	Lamin-B2	25930.2	25394.8		22556.5					26864.3											68376.6			69619.3	24302.1		61082.5	42265.9		28584.3	26582.6	35024.5	26904.2	55465.7	145949.0	16215.1	17414.9	39853.7	77008.6	67230.9	67357.5	56688.6	14761.6	33332.0	20250.3	15855.5	44175.3	38404.5	57230.5
Q04446	GLGB_HUMAN	GBE1	1,4-alpha-glucan-branching enzyme	5831.69	4810.66		5928.74	9682.03	8217.25	10154.0	7146.07	4592.01	9515.74	12247.1	10803.4	9080.21	11269.7	6556.77	5377.81	7542.31	8151.21	9567.44	34340.0		14889.1	12903.6	5397.34	11029.0	8520.84	9543.79	6998.84	4006.05	12122.5	10492.2	4159.14	4925.36	27188.6	7671.07	8086.79	5522.79	8017.4	8734.24	10656.6	7610.65	7720.16	4255.62	13234.6	12931.9	11498.0	12175.7	14053.7
Q04637	IF4G1_HUMAN	EIF4G1	Eukaryotic translation initiation factor 4 gamma 1	4021.56	3235.41			3492.32					3567.92														1746.71		2687.83									4549.43	3585.22	4477.03									1659.16		
Q04695	K1C17_HUMAN	KRT17	Keratin, type I cytoskeletal 17	19967.3	10443.9	26064.0	10727.1	10802.5	13353.7	29045.3	36837.3	17662.1	9344.55	22157.7	11883.4	7471.93	20988.3		18843.3	11696.5	17380.1	14050.4	13985.3	6203.45	7116.51		23327.4	9167.04	29403.1	2787.37	11513.6	8980.13	14420.7	23030.8	11615.2	22109.7	9654.68	8710.94	12861.5	12696.5	8208.54	12376.4	16463.1	16767.5	10353.1	24296.2	11759.7	13475.5	13789.9	12740.1	10484.0
Q04721	NOTC2_HUMAN	NOTCH2	Neurogenic locus notch homolog protein 2	7021.4	8903.58	10798.3	6902.75	4059.46	9291.58	10522.3	7755.01	11431.9	9924.05		2387.41	7949.16	7840.75		10481.9	11783.9	8076.84	6360.89	9147.72		7282.73		20038.0	26520.6	21032.0	26329.2		6037.24	18558.1	4808.43		11002.5	6651.67	5342.88	4518.05	98669.1	23457.7	9742.62	7689.17	18843.8	18835.9	3168.57	17324.9	17897.6	10222.5	10528.5	9933.17
Q04756	HGFA_HUMAN	HGFAC	Hepatocyte growth factor activator	105183.0	106155.0	99875.7	117389.0	92652.1	76862.3	66769.5	74547.6	100918.0	79757.5	57337.3	76972.1	125490.0	81304.4	120737.0	52184.7	57847.7	53227.3	33041.6	36197.9	87806.9	29634.4	32261.5	80604.7	67515.2	24256.4	12139.5	68860.3	31480.6	19263.5	19935.0	53307.6	73676.6	15818.7	56540.2	65658.3	29209.9	35009.8	42528.4	24432.4	27964.8	99540.5	62346.7	97489.6	103416.0	46993.1	53589.2	50347.1
Q04760	LGUL_HUMAN	GLO1	Lactoylglutathione lyase	4519.44	8519.04		7008.01	5092.53	6673.75	4621.03	3106.79	3650.52		5011.25						3354.86			4529.59	1409.73		2057.83			3145.57	4684.68			3555.95	2328.46	3510.74	2769.21	1776.4	5379.29		8274.54	2328.44	3483.74	3759.57		1852.75	4231.15				2465.74	3360.73
Q04917	1433F_HUMAN	YWHAH	14-3-3 protein eta	26044.5	31672.4		23481.7	10709.6														17404.7	11680.9				13165.1		23199.5	11741.0			21240.5	15617.3		13298.3	36770.1	8602.84		13635.7	11436.8	20461.1	8493.85	9329.79	11064.3		14158.9	11727.9	12061.7	9645.73	
Q05655	KPCD_HUMAN	PRKCD	Protein kinase C delta type																														2315.43				7461.4														
Q05707	COEA1_HUMAN	COL14A1	Collagen alpha-1(XIV) chain					3383.88	1731.5			2197.06										1995.52	7114.26			12068.1	1676.29			4462.65	2548.69	5663.51	6462.63	3261.98										3447.07			4389.65	5766.08	2050.45	2564.15	
Q06033	ITIH3_HUMAN	ITIH3	Inter-alpha-trypsin inhibitor heavy chain H3	9431940.0	9703970.0	8776170.0	9678640.0	8898130.0	6618400.0	8913670.0	4568890.0	8135500.0	6942530.0	7014100.0	8699410.0	3401340.0	5240320.0	9285900.0	6717650.0	7962920.0	8758050.0	9656600.0	9970090.0	6202540.0	6150370.0	7105630.0	10084900.0	10321800.0	13272000.0	10263200.0	8542220.0	9345900.0	9432980.0	6813240.0	13852000.0	12253200.0	11812200.0	11783700.0	11835700.0	7617220.0	9199560.0	8967940.0	8168250.0	9134450.0	9984020.0	13201200.0	9231180.0	9077120.0	8651130.0	8770040.0	8770420.0
Q06141	REG3A_HUMAN	REG3A	Regenerating islet-derived protein 3-alpha			3937.79		4068.29		31574.4		8621.18			5354.5							8417.65				7262.02		13964.4		9806.9		3945.14	70441.7	8750.97			8881.6					5113.59									4122.37
Q06323	PSME1_HUMAN	PSME1	Proteasome activator complex subunit 1	1927.34	2116.47	1454.19	2869.43	1697.64	1754.93		2996.06		1474.59				3646.8		1892.99		2399.25	2288.31	3500.21		3289.04			1464.64	1741.6	4220.2	2911.93	2269.73	1870.76	2706.6		2826.13	4524.43	1627.47	2218.36	5669.95	2522.75	3886.49	3005.25	1556.33	2000.34		1745.42	1516.22	2842.93	1506.46	2596.88
Q06481	APLP2_HUMAN	APLP2	Amyloid beta precursor like protein 2	52761.9	56645.5	64583.9	65655.2	59985.3	79913.5	37333.6	57234.1	55634.8	46385.3	37232.9	40605.9	40976.7	46754.0	89901.9	36968.4	39225.3	37234.5	73454.0		5446.6	35648.5	3976.56	13382.0	24528.6	64444.5	16647.7	80344.8	17990.3	59981.3	96888.1	4598.49	24097.5	11930.8	39003.5	39468.4	24386.9	44321.3	104740.0	33960.5	48030.3	38448.3	7381.46	40304.0	43471.9	47149.7	48613.9	46274.3
Q06828	FMOD_HUMAN	FMOD	Fibromodulin					2238.61		5042.93					3970.0					2758.1		3225.47	4202.52	8841.74	3612.98	7304.8			2975.64	3799.41	3496.67	4240.87	11959.9	3027.14	3224.61		4827.07	6405.17	2915.3	7784.32	3197.64	3811.85	3940.99	5918.28		6107.2	4203.38	4186.74	4133.2	4847.06	5020.4
Q06830	PRDX1_HUMAN	PRDX1	Peroxiredoxin-1	21444.2	15338.5	18150.3	17793.1	11917.0	6377.01	12671.9	11134.2	11050.9	5230.75	14050.3	9776.41		2985.3	5061.52	8427.52	6938.0	6153.86	8137.56	11502.9		3190.0	5443.54	8705.96	7031.56	8901.23	8396.1		7485.39	13414.2	11177.4	4471.6	11795.0	9525.76	7109.26	9582.48	13353.7		16975.6	10498.7	10066.2	8772.34	11015.4	18786.9	12215.7	8877.59	8615.17	7027.93
Q07507	DERM_HUMAN	DPT	Dermatopontin	25076.2	20773.7	22862.5	26594.1	28351.4	15565.0	11875.5	5261.53	19279.5			6480.39			12030.4		5875.88	11264.9	9402.62				12529.8			12167.6	15694.4		4136.51	9858.19	4465.52		11077.5	6048.81		4583.69	6913.04	24455.1		11156.8	34535.9	21203.7	4482.61	21686.9	11847.6	4517.3	8678.5	5903.73
Q07954	LRP1_HUMAN	LRP1	Prolow-density lipoprotein receptor-related protein 1	189053.0	192927.0	136702.0	195075.0	170322.0	152409.0	163837.0	88696.3	133733.0	77295.3	103481.0	169578.0	69794.2	102064.0	135454.0	129810.0	112506.0	118005.0	185802.0	230789.0	76417.8	131193.0	142883.0	187628.0	250798.0	246308.0	282295.0	116658.0	132460.0	284575.0	184059.0	113561.0	158832.0	213059.0	170757.0	177577.0	184118.0	218453.0	265698.0	123489.0	225521.0	188870.0	118089.0	206871.0	206364.0	153512.0	155647.0	155397.0
Q07955	SRSF1_HUMAN	SRSF1	Serine/arginine-rich splicing factor 1	4854.7																														8157.66			29741.5				7554.94		7207.1								6742.61
Q07960	RHG01_HUMAN	ARHGAP1	Rho GTPase-activating protein 1	14025.2	15526.4	3815.4	12632.9	7057.97	8301.52	5161.25	7027.97	4560.16	6493.48	4659.86	5085.59		5365.17	4324.73	3540.34	3593.52		8622.43	7376.92	4659.14	5084.9	15846.5	14014.8	5475.27	12332.6	9811.47		6571.07	9963.49	7237.38	3078.18	6214.7	13949.9	9018.13	8131.18	6756.59	7404.9	8638.11	7475.92	7026.02	5623.95	3833.8	5184.3	6204.98	6733.94	7211.98	7313.86
Q08043	ACTN3_HUMAN	ACTN3	Alpha-actinin-3	50562.1	37371.1	35852.2	49593.9	25401.0	48839.0	19461.1		33897.4		42458.9			37885.2	51769.1		52885.6	70862.1	51366.3	58760.4	23860.6	28283.2	30215.4	31239.5	71842.0	118605.0	145655.0	34055.1	77088.5	27046.2	93933.6	38862.9	102363.0	83693.6	53419.9	58470.2		54939.4	19828.8	77196.5	51262.2	37060.6	42230.0	35344.6	31406.9	42609.6	43122.8	44641.4
Q08174	PCDH1_HUMAN	PCDH1	Protocadherin-1	5394.99	3534.53	4763.02	2632.41	5451.7	6516.94	8841.42											3114.44		10468.0		6488.02	11167.1	9795.64	6097.02	11623.9	13566.8		5850.55	8355.8	7574.16	5915.39	7801.06	13021.1	8567.52	3529.6	6825.05	7655.73	7779.45	7636.68	5404.77	6675.87	3621.85	5819.14	8445.83	8053.46	7216.1	6426.39
Q08188	TGM3_HUMAN	TGM3	Protein-glutamine gamma-glutamyltransferase E	10881.8	3549.02	10734.8	5910.76	4175.87	3359.0	6802.32	7941.62	12857.6		15250.8		9138.38	5796.13	7343.04	20132.4	12978.4	10105.5	20719.6	10165.0	14199.9	7334.17	2998.93	10452.8	14673.1	3696.69	3633.33			13174.5	7576.73	5581.54	3066.96	6065.63		4832.81	11402.7	4626.61	10787.1	10645.4	10514.1	6613.8	16236.1	15371.9	9093.09	12654.7	15844.7	10926.1
Q08209	PP2BA_HUMAN	PPP3CA	Protein phosphatase 3 catalytic subunit alpha	3550.86	3849.77		2719.55	1835.95	2292.67	1753.7		1790.13	13194.9		2220.66							4060.92	2799.42			2448.04		1689.09	1427.8	4556.68	2523.17		4074.06	4541.63		2881.58	6713.48	3173.78	1092.21	4313.56	3798.47	1525.54	5634.68	3077.09	1531.82		3591.95			4248.49	3802.9
Q08257	QOR_HUMAN	CRYZ	Quinone oxidoreductase	6330.02	7964.27	2915.55	7262.58	6079.3	5882.73	8121.41			10347.8	1994.39	9030.53	8669.45	7869.82	5209.42	6009.12	11712.4	11040.5	5938.01	55415.8		12820.6	11209.8		7988.73	13104.2	8252.49	4553.94	6257.73	17548.4	7161.22		5953.96	7876.55	6296.05	6199.34		5427.81	7431.8	9770.08	3757.88	21021.4	2615.68	19562.3	21821.0	7285.1	5510.03	6644.9
Q08345	DDR1_HUMAN	DDR1	Epithelial discoidin domain-containing receptor 1									924.749																																			2049.02		1391.4	1616.85	
Q08380	LG3BP_HUMAN	LGALS3BP	Galectin-3-binding protein	21962.8	23195.9	26532.9	23592.2	36707.8	50866.7	47643.2	39728.2	24923.0	195755.0	186528.0	61981.8	78689.6	110218.0	59389.8	40771.0	51573.3	39884.0	55451.1	28727.1	171482.0	111348.0	15832.7	29474.5	84925.6	31094.4	57452.8	63295.6	52702.4	56344.1	86150.0	19036.4	31750.9	20423.8	52248.8	43085.3	34380.2	47295.1	43576.6	137166.0	53039.4	42446.7	14478.0	35234.6	39544.7	68234.0	69450.4	70363.6
Q08554	DSC1_HUMAN	DSC1	Desmocollin-1	33307.9	12864.7	38791.1	9414.84	22075.0	9140.89	18458.7	27566.0	43309.4	18521.8	51864.3	12299.1	34372.3	49219.5	19014.8	59584.5	28380.5	32116.7	28469.1	31657.3	29169.5	23734.9	11898.1	42486.9	38322.4	12285.4	8134.84	17390.0	11775.5	25033.6	36163.0	11827.2	25763.3	12273.7	12457.7	12503.4	28852.3	10521.1	20537.3	27699.0	22450.1	20595.9	37636.2	22866.9	25459.0	33631.6	28652.7	33171.6
Q08629	TICN1_HUMAN	SPOCK1	Testican-1	1932.84	1703.46	2703.32	2049.62	3129.17		1557.21		1656.33			1269.68			1476.51	2144.74	1148.28			1714.35			2020.47	1504.34	1603.8	2575.78	1915.8		1731.26	2182.86	6381.08	527.402	2306.02		1742.22	2101.24			1104.83	1828.27	1973.93				1705.17	1512.54	1681.78	2538.9
Q08830	FGL1_HUMAN	FGL1	Fibrinogen-like protein 1	7295.01	8504.84	8534.6	6342.33	21916.4	6699.22	10750.2		10826.3	19094.4	39770.7	14785.2	4263.47	13944.2	7890.83	11621.8	17207.5	15556.7	67786.6	125958.0	182203.0	27186.6	87600.5	36593.8	17694.2	207346.0	112239.0	53983.9	84516.6	128825.0	88538.6	248254.0	111633.0	102275.0	14104.9	14403.7	72978.8	102174.0	51697.2	117850.0	100364.0	24089.0	170360.0	20905.2	21635.1	75135.0	68670.2	68019.3
Q08ET2	SIG14_HUMAN	SIGLEC14	Sialic acid-binding Ig-like lectin 14		3406.5	3317.7	3615.17		6939.21	12705.9		6243.73			4408.07						5243.83	5042.37			8070.12	14374.0	7325.75		9040.96	12618.3			28975.5				9803.64	13532.7	12755.8	10610.9	22288.3		14287.5	16053.7	19304.2		19041.6	14841.2	6796.43	5400.98	8596.46
Q09666	AHNK_HUMAN	AHNAK	Neuroblast differentiation-associated protein AHNAK	1753.54			3319.47					1805.83	4538.05	5553.96	8120.04			5443.53				4836.27				8469.6			3905.35						9272.48		8042.31				5374.19	5984.52									
Q0VD83	APOBR_HUMAN	APOBR	Apolipoprotein B receptor	22386.2	21137.9	16322.9	23879.1	41991.3	11012.6	18963.0	14137.1	15632.8	19473.2	16564.5	22506.3	13099.9	34718.8	22449.4	14414.5	12663.7	10250.3	40169.2	48367.1	15014.1	22925.6	24830.6	18753.8	41014.3	29808.1	34039.5	22883.3	25728.5	28661.6	44624.7	7206.22	24756.2	93695.3	25201.4	25894.8	23077.3	77394.1	36095.1	29397.0	81706.0	14322.1	7171.61	14689.6	14525.7	32016.5	33596.2	32542.0
Q0ZGT2	NEXN_HUMAN	NEXN	Nexilin						8663.12													4968.1							1494.77				8706.63												4430.77		3708.12				
Q10469	MGAT2_HUMAN	MGAT2	Alpha-1,6-mannosyl-glycoprotein 2-beta-N-acetylglucosaminyltransferase	9965.13	11410.0	8717.42	11168.9	6536.14	6766.66	5334.89	7584.33	4652.22	4644.52	6618.53	6225.78	9908.85	4811.14	6956.47	6289.56	11747.8	6402.52	4950.34	12069.2		12654.8	11270.7	5074.76	14295.6	12433.3	10136.0	14535.0	7138.45	3634.95	4981.68	5968.2	3651.54	6302.0	11036.5	6149.87	8525.88	7115.53	11113.1	6258.93	8303.99	9613.23	18077.9	8271.2	4888.78	9452.46	7798.78	6146.14
Q10471	GALT2_HUMAN	GALNT2	Polypeptide N-acetylgalactosaminyltransferase 2	20435.1	20554.2	24607.8	14379.7	24824.4	32465.8	28729.1	18537.8	24934.0	17003.7	42446.7	25178.5	30838.8	16586.1	19385.8	19292.7	22079.9	22124.9	27170.7	47425.4	33428.5	22041.9	29446.1	17275.6	19215.1	38547.4	33405.5	21293.3	35458.4	22974.5	36463.8	45080.2	18900.6	24928.8	26959.3	27365.7	21958.5	25042.2	37964.2	22868.0	19725.5	18787.0	38616.0	18341.7	18288.1	23129.8	20832.4	23973.0
Q10472	GALT1_HUMAN	GALNT1	Polypeptide N-acetylgalactosaminyltransferase 1	3009.03	4281.01	2662.85	2020.1	2922.37	4353.13	4370.35	4349.65	3930.69	3025.54				2874.81	4157.39	7058.7	2874.58		4239.6				3150.18	4918.84	2711.55	4518.89	2677.22		1747.1	5447.4	4205.1	3776.77		3117.2	2854.64	3681.02		2402.77	1921.62	2529.75	5474.7	3807.49	2865.44	4642.88	4324.59	3061.93	2592.19	6269.05
Q10567;P63010	AP1B1_HUMAN;AP2B1_HUMAN	AP1B1;AP2B1	AP-2 complex subunit beta	6981.87	4866.69		2944.44	3380.59			3744.56											6738.97							2458.58	3509.48			5346.19				4669.16			3683.18		3521.79		2567.01			5327.9				
Q10588	BST1_HUMAN	BST1	ADP-ribosyl cyclase/cyclic ADP-ribose hydrolase 2			3077.97	4370.06			5191.68	9013.43	2410.51	8239.01	3561.01	2531.4	12123.1	5930.58	3022.7		2868.08		3642.78	2812.28	7399.74	10027.2		4177.73	17582.6	1795.14	3640.69		4043.31	4570.73	5778.72	3216.78		5144.1			8482.36	7861.17	3050.76	3997.96	7640.66	5355.17			3551.54	5740.52	3754.96	6273.16
Q12794	HYAL1_HUMAN	HYAL1	Hyaluronidase-1	42976.8	49504.8	37200.3	40352.8	18992.2	33191.7	28745.3	22336.8	37146.2	18170.4	17482.7	23476.4	15589.2	26981.1	43511.5	30778.0	32209.2	30324.3	36443.2	44627.3	22152.2	13805.4	37653.8	52754.5	31305.5	35480.7	30756.8	24818.9	25426.1	33386.6	40856.5	21303.6	46667.8	29595.3	28009.3	34233.9	14679.1	26986.2	22217.1	30144.7	23672.9	37885.5	22609.9	29053.0	28951.7	26048.6	28671.7	23860.8
Q12797	ASPH_HUMAN	ASPH	Aspartyl/asparaginyl beta-hydroxylase	3337.26	2253.58	4459.57	3962.67	5778.37	2196.5	2367.5		4390.94		6875.84			2931.26	3962.08		2944.09	4282.46	5496.45	4664.91			6721.09	4597.53	2948.15	5751.82	6801.82		3319.84	4035.39	3322.86	4200.92	4623.28	3575.41	3502.94	4369.24	3493.27	4101.71	3417.03	2621.38	4080.98	3495.95	5358.91	4938.76	5503.58	5274.87	4278.0	5589.27
Q12805	FBLN3_HUMAN	EFEMP1	EGF-containing fibulin-like extracellular matrix protein 1	30538.6	25665.8	21177.2	30682.7	122458.0	15040.6	21706.0	13921.4	22301.6	16685.1	10586.8	14129.2	52696.4	52994.2	29254.6	24598.2	10383.3	14699.6	27575.9	36967.6	92567.8	18907.4	66966.2	35920.9	47454.9	47528.1	66580.1	45071.4	32580.1	72082.5	31453.8	45091.4	43280.9	59737.8	32725.7	22842.6	94409.8	55893.7	59881.1	75609.2	58923.1	81728.5	42698.0	57137.1	72463.2	37896.5	53742.0	39452.5
Q12841	FSTL1_HUMAN	FSTL1	Follistatin-related protein 1	8944.56	10744.4	8773.56	12654.7	9468.05	23243.7	11975.5	20095.7	10443.2	20419.3	5461.77	13555.4	10623.8	18304.2	8978.14	15789.3	10105.5	11997.5	14944.5	4792.26	11039.6	8807.31	6647.79	2328.05	6065.34	6261.57	9279.59	13541.3		9942.87	15886.2	2462.51	7447.11		11277.7	14211.4		4810.62	9147.56	8142.87	6134.2	3869.28	2964.69	9475.53	3699.56	5295.24	8447.29	9479.54
Q12860	CNTN1_HUMAN	CNTN1	Contactin-1	37790.9	38551.9	38308.0	42246.3	64307.7	32636.6	42364.4	32614.0	34483.4	30806.2	21774.1	33788.8	25921.8	29174.1	25502.9	30029.0	42235.7	48236.9	18304.9	37114.0	40379.8	17760.8	25553.4	43754.7	21477.7	24525.5	50752.5	19953.7	27057.0	27289.7	23999.3	34214.2	39785.9	19275.5	18412.9	18099.5	21903.8	33624.6	30784.4	21696.1	32846.5	38172.0	31886.0	37846.6	35825.6	25330.1	26526.8	22714.9
Q12864	CAD17_HUMAN	CDH17	Cadherin-17				4177.13	4968.58			4024.07									2314.73										1607.64															6438.84		12371.6	12459.7			
Q12882	DPYD_HUMAN	DPYD	Dihydropyrimidine dehydrogenase [NADP(+)]	1469.97	1071.2		1607.21	1710.06		1872.96					1990.5		2832.84						9240.81	2847.21		2845.73	1019.73	2841.46	3127.33	9920.1		3098.87	3510.17	1788.85			6988.62	1791.23				2866.78					1513.9		3037.02	2157.3	
Q12884	SEPR_HUMAN	FAP	Prolyl endopeptidase FAP	7185.59	5862.63	9959.41	6264.58	25046.8	12151.3	8273.11	12461.2	14583.8	14004.2	8578.7	10907.4	6040.48		10477.5	7179.44	18847.6	13283.3	7638.51	12546.8	9968.29	5434.17		9361.58	6031.76		3977.43		4871.35	8381.67		12401.9			3426.08	8415.57		9389.71	10451.9		8347.45	14231.1	10608.1	17003.5	17122.7	8988.39	7795.71	9847.86
Q12905	ILF2_HUMAN	ILF2	Interleukin enhancer-binding factor 2			3669.94																							15068.4	16850.6							25263.8		9775.14			19726.9	3680.26								
Q12906	ILF3_HUMAN	ILF3	Interleukin enhancer-binding factor 3	4496.49	5443.24	4671.0	4635.78	4856.56	4840.32	5055.89		3824.6	4122.4	7754.0	5176.85	9681.24	7161.92		3910.44	5067.33	4054.22	5831.44	19694.8		4850.51	14921.2	8612.58	6359.34	8188.13	9939.5	4865.22	5638.7	6190.9	9038.71	4732.05	4407.55	21625.9	6981.5	7315.7	3931.59	3986.39	19906.8	5504.27	3767.92	4411.51	4524.73	5474.78	5834.81	7953.07	9025.24	7421.29
Q12907	LMAN2_HUMAN	LMAN2	Vesicular integral-membrane protein VIP36	25746.7	24385.8	20403.0	23056.7	112847.0	19931.0	22564.6	16031.8	25614.8	15966.9	18337.4	15671.3	30282.6	16175.0	20006.8	21178.8	13405.5	14329.7	21165.2	31269.1	33820.4	34979.1	47595.6	26402.9	44939.6	47783.5	73389.3	13553.7	43064.1	88730.9	50690.4	27075.1	37335.5	121390.0	33278.2	34091.1	97985.3	94121.6	39670.4	36425.3	89342.4	37943.2	24895.1	37305.1	32297.7	46109.7	48932.5	42350.5
Q12913	PTPRJ_HUMAN	PTPRJ	Receptor-type tyrosine-protein phosphatase eta	11703.1	14913.6	15750.2	13120.8	12166.5	23861.1	17817.0	15955.1	10971.5	17366.2	12085.8	20191.3	22715.8	19468.1	16074.2	11524.9	11770.3	11110.8	14818.5	7241.25	13589.8	11051.3	7711.34	10605.2	26205.1	15552.7	11946.3	20496.9	7748.74	15063.7	22558.7	8339.36	14029.5	14391.7	10206.4	8016.4	13833.5	19713.1	17163.4	12631.2	20120.5	14529.4	6507.06	20475.7	17425.2	11291.2	17112.4	15237.5
Q12931	TRAP1_HUMAN	TRAP1	Heat shock protein 75 kDa, mitochondrial	138826.0	122737.0	52545.3	159727.0		83725.3		56819.1					34046.4	77862.8		22891.0	44113.3				27163.0	136512.0	62118.6		88301.5	129603.0	159565.0	25732.6	70386.5	106926.0	117627.0		64667.0		78756.8	90981.7	101114.0	92442.9	222165.0	99454.6		79782.9	29621.1					113191.0
Q12974	TP4A2_HUMAN	PTP4A2	Protein tyrosine phosphatase type IVA 2	4245.77					7272.82																					3173.49			5095.85				5344.82			4183.81	3502.56		2996.71				6199.03	5354.95		2635.26	
Q12982;Q86WG3	ATCAY_HUMAN;BNIP2_HUMAN	ATCAY;BNIP2	BCL2/adenovirus E1B 19 kDa protein-interacting protein 2	2354.15			2253.79	1981.73	2025.79	1943.02																	2127.06		2009.59				2743.45				9477.05				1188.74						1484.72	1839.46		2230.75	
Q13011	ECH1_HUMAN	ECH1	Delta(3,5)-Delta(2,4)-dienoyl-CoA isomerase, mitochondrial							3154.97													8293.41																			3534.6									
Q13043	STK4_HUMAN	STK4	Serine/threonine-protein kinase 4	4144.72	4242.35		2394.93	660.834		1058.71												2467.46											1726.39				8721.96						1632.12				2111.33				
Q13093	PAFA_HUMAN	PLA2G7	Platelet-activating factor acetylhydrolase	9744.16	9324.94	10324.9	8847.63	4317.07	7275.87	16512.4	13132.7	8889.91	9518.36	10798.9	30896.2	17067.0	14168.5	6324.09	7525.34	8489.06	5957.63		5267.85	18815.1	8957.82	6418.41		16349.2	3901.5	4799.87		11524.8	28558.3	10590.1	5637.07	6610.04	3349.43	3952.5	8841.14	9854.36	7278.62	4349.52	15605.8	6713.34	13557.7	6135.96	11337.1	16121.6	7897.29	8440.46	12157.3
Q13094	LCP2_HUMAN	LCP2	Lymphocyte cytosolic protein 2	7975.9	8400.63		8064.72	4422.61	3609.23												3266.58	4602.23					3280.43			2537.42			12875.7	7639.68			11113.5			5203.65		4583.06			7075.0		7231.98	5949.94	3410.5	3453.53	6926.21
Q13103	SPP24_HUMAN	SPP2	Secreted phosphoprotein 24	2350920.0	2236330.0	2337860.0	2688840.0	1665310.0	1130040.0	1816710.0	1341170.0	1896150.0	1786130.0	647006.0	2404960.0	1126120.0	873443.0	1535020.0	1303290.0	1668790.0	1762170.0	341704.0	149608.0	76200.8	103368.0	640805.0	1237240.0	503735.0	507381.0	107020.0	415534.0	173546.0	300203.0	450318.0	253797.0	113023.0	132616.0	695447.0	750551.0	163671.0	200426.0	178785.0	170261.0	196249.0	298647.0	300557.0	358543.0	341526.0	338106.0	336276.0	339151.0
Q13201	MMRN1_HUMAN	MMRN1	Multimerin-1	85511.8	95193.2	223741.0	92348.0	116995.0	176626.0	108008.0	98712.3	214004.0	123255.0	80496.5	108777.0	113116.0	158414.0	87391.3	129958.0	91254.0	105128.0	136148.0	3725.32		69552.0		12445.8	33418.3	193149.0	95826.3	232405.0	23451.7	171820.0	161505.0	10067.7	58335.2	19095.6	98101.8	98894.2	74329.2	184720.0	272558.0	67701.2	183806.0	92459.7	11370.4	88700.1	85279.8	67257.1	72947.1	71509.5
Q13228	SBP1_HUMAN	SELENBP1	Methanethiol oxidase	7534.56	7268.64	5044.06	6404.92	9313.71	14986.8	13697.7	11820.1	5869.75	7985.54	10242.9	13638.4	8974.98	6328.37	1752.42	8978.96	12061.7	9041.78	7513.2	23412.8	6118.61	4704.0	6892.63	4005.98	8427.23	10837.4	10372.8	5710.12	5488.21	6166.8	7953.83	10533.2	8457.97	16048.6	13534.2	10905.5	38596.1	4586.78	8240.51	7581.75	5166.44	5233.09	13289.0	5769.93	4442.68	9685.04	10421.2	9817.19
Q13231	CHIT1_HUMAN	CHIT1	Chitotriosidase-1	4440.17	6718.26		3425.54												4138.82							9798.13	2459.09	14835.8	4255.23	2377.36								6884.08	6247.59	5707.81	5821.38	15371.5		4015.13							
Q13275	SEM3F_HUMAN	SEMA3F	Semaphorin-3F	2801.72	3081.06	2869.26	2067.32	2355.88	2858.57	4457.22	2298.21	3273.48								3986.37	4141.24		3275.22	5993.31		3928.27	4014.84	2601.42	3467.15	4875.94		4614.6	3422.84	3119.77	7052.73		4006.47		4295.97	2298.76	5792.66	3538.27	3809.75	5855.02	4923.84	5175.53	2792.34	2737.72	2415.97	2922.77	
Q13283	G3BP1_HUMAN	G3BP1	Ras GTPase-activating protein-binding protein 1		6255.89		4616.9	4472.15	4311.89	8595.79		3775.12										3339.97	2560.72					5349.99	8037.59	9735.04			8534.87	9300.86			25289.1			3651.06	7340.99						5110.62	2653.44		6447.95	
Q13303	KCAB2_HUMAN	KCNAB2	Voltage-gated potassium channel subunit beta-2		1593.21	1300.94											1148.29										1872.77			3906.29							5588.61				31322.1			36271.5					2308.91	1749.36	2144.42
Q13308	PTK7_HUMAN	PTK7	Inactive tyrosine-protein kinase 7	2275.26			3280.97	6115.63	3610.55		3081.9	1858.32						2873.0	1652.05		1303.56		6410.32		3606.71	7388.02	3734.36	3743.15	4979.28	7185.43		3385.11	4401.69			3414.47	20429.2			9164.41	5038.67	3424.35		4738.57	3117.36		3612.83	3652.1	4448.6	5468.47	4905.9
Q13332	PTPRS_HUMAN	PTPRS	Receptor-type tyrosine-protein phosphatase S	16991.9	17044.0	21162.3	14801.5	49595.3	17632.7	20360.9	16676.3	20847.5	8673.67	9138.7	16537.7	22742.8	12552.1	10196.4	20196.8	14616.8	18221.0	11895.4	40256.8	20538.5	14608.7	24581.1	21592.5	16893.0	24850.3	30197.2	9528.27	14376.0	21281.4	20158.7	24034.5	22057.6	22536.2	16105.2	15447.8	40148.5	33998.6	19720.6	19791.1	36937.3	20258.0	22305.5	22832.0	18413.7	14103.4	15298.6	15176.8
Q13404	UB2V1_HUMAN	UBE2V1	Ubiquitin-conjugating enzyme E2 variant 1	10635.4	19049.0	5121.65	19371.5	8870.82	16134.6	6520.69	6050.69						4284.55					11960.3							4214.42	13143.0			12049.3		7322.91	5626.62	10351.4	5000.73		32370.8	4519.69	4507.82			4301.0	6846.79	4545.17	11699.6	4494.44	5027.88	6141.03
Q13418	ILK_HUMAN	ILK	Scaffold protein ILK	17486.0	18678.9	6584.68	15675.9	12265.6	11007.4	3451.66	18438.9	7831.48	4490.25	3601.61		9367.81	10997.2	5339.43	3350.52	4249.37	4330.03	16093.3			2944.23		6157.76		11605.4		8927.26		14201.5	3159.17		3717.67	6783.56			11882.6		4636.51			9940.19		10964.6	13012.1	5336.73	3705.17	5131.44
Q13438	OS9_HUMAN	OS9	Protein OS-9							3415.89		2591.58											4509.16			3510.53		3447.44		5148.5				5945.54	3599.36	4083.4	5087.73		5867.3	3829.43		5050.5							3586.16	5864.72	3868.52
Q13442	HAP28_HUMAN	PDAP1	28 kDa heat- and acid-stable phosphoprotein	19154.6	19228.9	4001.51	22555.5	13631.1	16988.5	3713.49	6239.71	2688.68							2922.14	4789.07		32505.8					5152.99	6426.48	6122.99	5219.2			22602.1	7120.9		5640.53	22577.2	5380.2	7105.92	23815.7	7876.32		4177.11	6875.39	16502.8		16337.0	15331.5	9044.23	9024.75	8615.39
Q13477	MADCA_HUMAN	MADCAM1	Mucosal addressin cell adhesion molecule 1	40446.3	37883.0	41048.1	33861.7	46377.4	40711.4	94408.6	95546.0	44046.6	24482.2	39040.7	91238.5	18639.9	44234.5	22314.8	24573.1	35621.4	30374.5	9528.7	16846.8		16981.9	7911.39	17610.7	22096.3	33047.1	39465.7	44150.0	10110.5	15158.0	20475.9	15781.8	18680.0	45464.3	28089.1	34819.3	24361.6	30870.2	29756.7	10288.7	28606.9	39828.4	22519.4	32807.1	43425.9	19377.6	28055.4	25634.6
Q13501	SQSTM_HUMAN	SQSTM1	Sequestosome-1		48607.6		71272.1	85250.1	83071.1	53836.4	64560.7		124444.0	108394.0	105830.0	85723.7	90725.4	94265.1		85856.4	77210.0	83698.4	102876.0	98140.7	113098.0	81600.3	107502.0	98370.1	71518.2	85566.2	112462.0	91460.4		76020.3	108948.0		87269.4	117088.0		74805.1	96041.7	125385.0		94421.4	59920.4		63948.7	91428.0	71524.2	86468.3	90293.3
Q13508	NAR3_HUMAN	ART3	Ecto-ADP-ribosyltransferase 3			7822.38		34056.7	5553.81	6631.2	5005.41	5978.97			4785.13	9386.56	6118.76	4613.67					8846.76	6879.63		19064.6			5067.66	6628.57		6369.19	8682.09	11875.8	3611.97	3591.67	6593.42	4257.98		6173.04			10209.7				8812.35	7444.39	3284.87	7960.04	
Q13510	ASAH1_HUMAN	ASAH1	Acid ceramidase	2787.67	1962.03	5551.36	2963.4	1260.46	1946.15	2938.75	2255.83	3723.17	2859.12	2033.52		4599.52	4472.98		3304.58	1595.96		6952.18	2486.1		2766.14	1548.1		3896.47	2081.79		5563.39	1705.27	6867.43		1986.77		5409.62			5930.88	1646.88	4339.05	4386.94	2061.34	5402.14	6281.48	5970.29	4465.23	3071.99	2703.82	3060.06
Q13555	KCC2G_HUMAN	CAMK2G	Calcium/calmodulin-dependent protein kinase type II subunit gamma	3969.39	4585.82	2974.12		4053.39	6478.19	9118.2	1995.83	2885.62	9749.05	21766.9	8040.49	21376.0	20356.3		2405.29	1663.16		3130.31	1238.3	1357.92	4844.68	3003.58	3542.93	2151.29	3296.65		2370.3	3005.95	3677.14	9655.69			4391.41	2540.09	3419.35		4701.71	6281.27	4562.48	5242.99	2918.86		1554.21	2714.47	3537.92	2663.85	2974.13
Q13561	DCTN2_HUMAN	DCTN2	Dynactin subunit 2	6603.38	10401.3		5757.44																																												
Q13621	S12A1_HUMAN	SLC12A1	Solute carrier family 12 member 1	5503.17		7992.95								4650.06	8962.3								9283.38		7446.92	4075.16	5373.64				12345.6	5092.09	5777.34				4446.59	7494.63	2598.71	7968.36	4925.66	2534.49		9045.08	5510.6	9140.84		4455.56	10318.7	11701.3	11088.5
Q13630	FCL_HUMAN	GFUS	GDP-L-fucose synthase	12530.1	12136.3		14581.3		9732.25	7587.95																			6451.8	7084.33							4907.59	6238.65		15940.3						6854.08					7956.08
Q13637	RAB32_HUMAN	RAB32	Ras-related protein Rab-32	10959.9		14705.9			6237.33	8159.65	6207.31		24305.9								9575.64	8490.15								9472.8	7921.15			15984.2				8985.11		12858.0		10703.5		12099.2		20127.8				9270.21	8132.69
Q13724	MOGS_HUMAN	MOGS	Mannosyl-oligosaccharide glucosidase								798.471			1174.45			2911.67							3275.63	1540.78																								520.991		
Q13740	CD166_HUMAN	ALCAM	CD166 antigen	3659.51	3074.29		3718.22	7830.89	3826.24	6515.6	5596.77	6684.2	5199.21	7112.66	6655.95	10785.6	5496.76	11382.2	6867.06	5243.46	4902.59	7468.82	2902.24	6521.3	9285.07	7010.78	3921.21	11447.4	3452.47	6925.8	6695.97	5687.71	12631.3	3694.83	5936.93	9395.65	5999.55	5560.68	5255.54	7328.94	4256.73	9408.68	5028.96	5283.13	9109.84	4468.55	9985.71	13565.4	4400.47	6565.77	5467.82
Q13790	APOF_HUMAN	APOF	Apolipoprotein F	3737080.0	3856340.0	3298100.0	3540740.0	2600350.0	2373890.0	4235940.0	4047590.0	2967870.0	4296330.0	4846320.0	4376630.0	2664060.0	3473380.0	2225120.0	3530870.0	3687950.0	4242680.0	3208060.0	3859010.0	3384100.0	3790490.0	4600700.0	4155910.0	2783050.0	3167420.0	2201960.0	5940900.0	4957520.0	2527500.0	3911280.0	5060600.0	746676.0	2483070.0	4634790.0	4772520.0	4378680.0	3989620.0	1424200.0	4506700.0	3702500.0	2019920.0	4636810.0	1914550.0	2150600.0	3290730.0	3256220.0	3564800.0
Q13822	ENPP2_HUMAN	ENPP2	Autotaxin	10153.4	9839.14	13043.5	8981.08	26982.8	17884.5	12522.4	12570.4	13322.0	10796.4	11337.7	11403.2	18786.6	6832.57	19426.9	9830.77	10241.5	11733.4	7278.53	16877.7	25197.5	19245.1	33424.9	20593.3	11650.4	11289.3	16912.0	12425.5	18758.6	10334.0	11054.1	48288.8	11509.9	6877.22	18926.1	18005.3	13083.4	13504.2	12811.1	9539.83	13654.9	12427.6	48021.0	9958.09	11157.4	13450.5	14053.0	12695.1
Q13835	PKP1_HUMAN	PKP1	Plakophilin-1	4672.7	2568.54	7321.36	3044.31				8590.92	4695.12	4104.54	3241.46						2189.1												1830.31	2056.55			3439.47			2909.81	3676.27			3672.45	2743.01	4265.22	4985.45	1314.1				2755.14
Q13867	BLMH_HUMAN	BLMH	Bleomycin hydrolase	20602.5	13944.2	31594.8	12848.7	13693.4	10438.4	19073.0	25268.6	29378.9	28423.7	44148.0	9235.41	46683.6	37299.3	10351.1	39401.1	23784.1	23068.2	37093.7	29190.4	33055.6	32348.8	13486.8	19960.1	30353.9	7105.52	6713.04	22215.0	9945.07	31440.7	24384.3	15062.6	6252.6	12621.6	9628.23	13968.4	29967.3	8534.12	18334.2	22034.3	18691.1	17164.2	41413.6	58402.0	25093.7	21567.6	25624.8	28479.0
Q14005	IL16_HUMAN	IL16	Pro-interleukin-16										1918.96																	1867.68			2686.7				6453.93		1691.73		3389.09	2071.61		2782.51						2216.86	1868.5
Q14012	KCC1A_HUMAN	CAMK1	Calcium/calmodulin-dependent protein kinase type 1	3587.36	2552.54	676.478	2517.19	1459.68				1073.33				2659.41	1234.64					1531.03																							1192.13		924.844				
Q14019	COTL1_HUMAN	COTL1	Coactosin-like protein	11502.5	11929.6	4746.37	11514.4	9802.4	14316.2			3509.79	4179.44									12009.2				2658.65	7129.22	5130.76		7806.06			22089.4				18249.3		1741.73	12943.6	6583.41			7283.66	10791.5		10659.4	8041.38		5162.11	
Q14032	BAAT_HUMAN	BAAT	Bile acid-CoA:amino acid N-acyltransferase																				11466.2					5154.66	1027.76								1582.55										3265.82	2514.0			
Q14103	HNRPD_HUMAN	HNRNPD	Heterogeneous nuclear ribonucleoprotein D0	6161.05	15111.3	3499.93	5079.36	2847.56				1007.59		3567.19								3569.28							2754.21				2360.49				11496.2		1569.89											4231.14	
Q14112	NID2_HUMAN	NID2	Nidogen-2	72388.6	70407.2	107683.0	71256.7	89936.5	146739.0	35652.7	149913.0	101192.0	90283.5	87109.3	40632.5	83633.9	63326.6	68233.4	70507.6	47000.9	55043.7	83989.7	15091.4	37629.6	40797.1	37456.0	24225.4	36749.5	48759.0	29266.1	201231.0	36340.3	63954.9	162329.0	15110.1	32598.2	158874.0	46932.6	47946.5	49508.0	55755.2	100864.0	42509.8	54082.5	78362.5	29055.0	88060.5	77774.9	62409.3	57882.2	63564.5
Q14118	DAG1_HUMAN	DAG1	Dystroglycan 1	12906.2	11477.2	12142.9	11774.7	78413.8	13230.8	19641.0	17807.3	14673.5	10814.1	18579.7	12987.5	23769.2	12428.2	23511.8	16012.7	10496.1	12595.4	13203.5	18101.0	55081.1	22079.1	35743.7	12507.2	13435.7	17605.7	25891.1	11218.7	26076.3	35806.5	25832.4	9679.76	22786.0	72952.6	22966.6	17165.0	37076.5	40338.5	20862.0	26165.3	46165.9	16908.4	8040.44	22995.4	20243.8	25445.2	27469.1	26268.8
Q14126	DSG2_HUMAN	DSG2	Desmoglein-2	48944.2	50026.9	65994.4	47456.5	159288.0	54968.2	73483.9	49561.3	67480.5	32720.0	32743.2	66483.1	98967.2	35328.6	51363.4	54870.4	48261.6	50503.9	35199.7	73114.9	48178.3	42795.3	75300.4	65962.7	60203.4	83489.0	128216.0	34288.3	49054.5	93814.9	39920.1	68064.1	66903.4	68896.5	46510.3	45868.9	57901.8	103434.0	77657.8	40960.1	93229.7	83961.5	57838.4	93263.8	94579.5	52149.7	51545.3	57850.6
Q14165	MLEC_HUMAN	MLEC	Malectin	14247.9	10357.6	13662.0		18575.8	16657.4			7988.34						11126.9		8163.73		22190.4	19519.0				10551.0		9589.68	10440.0		10493.4	16575.9	14991.9	8307.15	10883.7	39275.7		11697.7	26866.1	24198.7	12144.5		23914.6	17878.4	7097.36	19246.4	21709.4	10945.6	6334.97	12299.2
Q14203	DCTN1_HUMAN	DCTN1	Dynactin subunit 1	5973.6	4853.0	3102.36	6323.34	3383.65							2760.37							5639.98							3525.24				5217.19	3386.75		3070.96	7008.96	5157.49	2956.17	7877.58		3946.67	2979.67	2002.75	3325.72		3855.43	2973.37	4085.63		3533.19
Q14213	IL27B_HUMAN	EBI3	Interleukin-27 subunit beta	3389.91	3509.44	6609.65	3779.25	7891.54	3711.09	4348.4	2650.7	8266.36	3516.93	4869.47	6924.04		2664.42	5391.63	5443.19	3326.41	4042.83	5058.48	7238.71	4684.77	7591.97	6819.01	12398.0	20463.8	28721.3	19446.4	6263.94		8896.91	25262.8	12674.8	20636.0	3123.97	8673.85	8068.72	9658.19	12264.8	5306.55	6321.71	5391.43	9491.12	7967.85	10004.3	10140.5	11512.4	10554.0	11620.3
Q14247	SRC8_HUMAN	CTTN	Src substrate cortactin	41196.8	50539.9	9841.82	57148.5	19037.3	100433.0		31306.3	11267.8	2936.29	2943.55		6399.74	17005.8	7768.5		4588.1	3883.85	53843.1					22532.2		14331.0	3623.58	3979.4		59309.4	5021.8		3319.42	8662.97			39755.0	3652.68	8152.64	4637.12	8499.61	77635.5		92558.0	93618.7	13881.7	17901.2	17490.1
Q14315	FLNC_HUMAN	FLNC	Filamin-C	1853.06				5621.5									45507.3			5658.93			3448.71			3688.0			6425.26	2549.11			2007.36	4954.02		2445.57	3018.91	2674.03	3813.21	967.011	1504.29	2002.43	7950.6				70124.4		1908.94	1874.43	2356.49
Q14393	GAS6_HUMAN	GAS6	Growth arrest-specific protein 6	40412.3	35293.5	39117.9	37160.5	104378.0	29939.9	58267.7	26216.1	32636.9	22847.6	40029.2	54502.7	12372.0	18509.0	32699.9	23690.1	21579.5	14695.6	41701.6	37767.3	21301.2	36630.4	49192.6	42984.3	74913.0	108907.0	102325.0	43730.5	52945.3	85480.8	40998.4	43175.3	53566.3	53697.0	42537.3	48665.1	59687.9	99350.6	101786.0	46818.2	110897.0	63913.8	54970.0	80646.9	65900.4	62682.0	66297.9	64501.0
Q14432	PDE3A_HUMAN	PDE3A	cGMP-inhibited 3',5'-cyclic phosphodiesterase 3A	13186.7	11684.2		13343.1				2427.74																		6704.57				9458.41																		
Q14515	SPRL1_HUMAN	SPARCL1	SPARC-like protein 1	296813.0	292659.0	245488.0	330401.0	565246.0	240264.0	290940.0	183607.0	222629.0	220178.0	251813.0	353170.0	189874.0	188600.0	260191.0	212314.0	179563.0	221734.0	305530.0	410345.0	143576.0	215067.0	300021.0	228466.0	195276.0	318923.0	529512.0	339985.0	281262.0	375437.0	493253.0	288069.0	430963.0	613608.0	288363.0	319782.0	519896.0	475873.0	445210.0	296822.0	464568.0	313670.0	311381.0	350307.0	295882.0	347883.0	385170.0	373872.0
Q14517	FAT1_HUMAN	FAT1	Protocadherin Fat 1	6072.0	4594.2	7036.22	5760.51	8150.92	13752.4	11004.6	6155.82	6408.52	12786.6	10832.8	10499.1	7843.9	8670.64	13862.8	10181.2	7829.46	6759.08	6380.15	8471.69	6508.62	8094.64	9246.58	4592.55	15432.5	12385.8	14206.8	5093.3	5752.21	13024.3	7077.4	4552.03	7403.81	6023.38	4859.91	4524.04	5927.59	15547.7	21708.8	2774.3	16079.9	12765.9	5275.72	14047.2	14386.7	7908.4	9646.94	7369.71
Q14520	HABP2_HUMAN	HABP2	Hyaluronan-binding protein 2	2638960.0	2813630.0	1717900.0	2626690.0	1888970.0	1765540.0	1824420.0	1103530.0	1520600.0	1611590.0	2395970.0	2011690.0	886605.0	2008760.0	2247410.0	1977320.0	2332140.0	2215780.0	1901870.0	1613090.0	1462430.0	1734070.0	1151270.0	2350760.0	1674050.0	1916690.0	1436420.0	1647420.0	1950940.0	1270720.0	1796650.0	1798610.0	1448100.0	1039760.0	2424780.0	2765970.0	1300240.0	1924240.0	2286020.0	1983180.0	1855160.0	2123710.0	2275680.0	1681990.0	2134230.0	1713430.0	1676070.0	1731420.0
Q14623	IHH_HUMAN	IHH	Indian hedgehog protein	9856.39	13540.0	7501.69			20655.5		17295.1	15191.5	11756.3	18084.6	15959.1		22713.5		9062.39	14905.2	9586.88					4679.22						2780.16					4536.59										9411.82		8351.9	11654.0	
Q14624	ITIH4_HUMAN	ITIH4	Inter-alpha-trypsin inhibitor heavy chain H4	6636940.0	7169980.0	6986180.0	6677140.0	6000080.0	6899310.0	7128620.0	6705770.0	7134640.0	7796260.0	7616370.0	7102130.0	7045080.0	7842190.0	7443140.0	7054280.0	7558510.0	7752510.0	7005620.0	7240450.0	9198460.0	8908500.0	6284760.0	7573170.0	5707680.0	6526230.0	5636910.0	7440160.0	8311040.0	5947560.0	6950380.0	7936890.0	8089600.0	7863020.0	7774160.0	7808310.0	6463800.0	6456160.0	5862110.0	9302750.0	6162950.0	5794220.0	7197210.0	5857500.0	5946900.0	6809190.0	6635140.0	6630250.0
Q14697	GANAB_HUMAN	GANAB	Neutral alpha-glucosidase AB	16177.9	19416.6	14075.8	17990.5	17856.5	14619.6	12288.8	8931.73	12907.4	14002.2	17110.4	11965.8	14498.4	13449.9	11667.2	10989.5	10718.2	10351.3	14511.8	20925.5	22962.7	11191.2	25310.8	14440.8	13897.1	28911.7	27323.2	9374.59	16726.4	27486.9	23317.5	18189.3	20639.8	57536.1	22737.6	19063.7	21022.2	22336.9	14367.8	13183.6	21060.6	21922.5	16486.5	17666.8	17590.6	18751.3	19675.8	17178.6
Q14766	LTBP1_HUMAN	LTBP1	Latent-transforming growth factor beta-binding protein 1	237250.0	244347.0	419091.0	252515.0	149372.0	423436.0	274546.0	311633.0	392794.0	355776.0	171963.0	251343.0	243550.0	294838.0	344294.0	342370.0	263249.0	288273.0	210887.0	22886.7	39710.6	199592.0	32091.6	47772.6	61032.2	349098.0	174536.0	461678.0	79579.1	176859.0	433861.0	35108.6	158905.0	53451.0	285432.0	284470.0	111199.0	267889.0	467537.0	111328.0	260653.0	122423.0	37319.7	145314.0	140210.0	168929.0	165211.0	163027.0
Q14767	LTBP2_HUMAN	LTBP2	Latent-transforming growth factor beta-binding protein 2	18397.9	14645.8	18841.9	24662.4	93559.4	9585.36	30685.0	9688.76	15778.9	16161.0	50713.5	25113.2	21750.2	24279.2	39037.5	21966.4	12945.9	21487.0	38799.5	55551.3	150330.0	84699.2	52470.8	43583.2	38512.4	53430.9	69777.3	26417.0	51181.9	71157.7	85015.6	18016.3	32982.6	57837.6	21882.6	26558.6	47370.9	43155.8	48030.1	41524.9	42967.9	32894.6	21785.2	58491.5	58593.2	48743.1	53177.2	43388.9
Q14847	LASP1_HUMAN	LASP1	LIM and SH3 domain protein 1	57817.1	53154.7	42031.1	44117.5	43566.3	39082.3		28067.3	21393.3					41076.8		17101.8			118317.0					27371.8	27151.8	37382.3	50712.6			55498.7	46591.1		27741.3	154972.0	23134.6	39934.1	35393.3	22693.6	63326.3	48801.1	28572.8	27259.2	23770.0	37051.3	32772.3	24567.2	37559.3	38259.1
Q14974	IMB1_HUMAN	KPNB1	Importin subunit beta-1	9755.98	8546.66	3429.18	10041.3	7719.59	5379.99	5113.77		3966.18							6941.71	3633.26	7075.79	5777.1						7208.02	4703.43	5027.34			4302.92	9551.67		7699.25	7757.98	5903.81	3899.81	8210.99		8054.06					4378.43	4704.79	5195.53	5488.75	4244.74
Q14C86	GAPD1_HUMAN	GAPVD1	GTPase-activating protein and VPS9 domain-containing protein 1	4412.79	4045.81	4153.99	5160.48		7136.25	4881.2																				3478.32						4096.46			3860.76	12134.8	3223.35		2269.93	2945.71	1643.72						
Q15008	PSMD6_HUMAN	PSMD6	26S proteasome non-ATPase regulatory subunit 6	49430.5	19622.1	44563.9	18617.4	23603.2	14646.8	26397.0	31798.2	46010.4	29327.6	41841.1		26931.2	25436.8	19150.5	41657.1	32703.0	35057.0	50787.5	32865.9	21102.9	30190.0	13257.9	35820.1		21248.4	15344.9		20048.5	38973.9	28513.1			19736.8			45072.4		39931.9	37729.5		35119.7		33742.0	36292.7	43013.1	39618.9	42900.2
Q15019	SEPT2_HUMAN	SEPTIN2	Septin-2	2547.91	2808.5		3291.58	1797.82	1370.47																			1708.32					2510.69												1810.55						
Q15063	POSTN_HUMAN	POSTN	Periostin	71826.7	76847.5	7839.63	77474.0	21824.8	11765.5	6666.46	7888.14	10289.2	15149.4	10705.5	10583.4	21964.5	14772.1	16817.6	31734.6	29164.0	28324.3	11739.5	7102.58	20544.4	90811.3	15455.5	27020.9	2974.72	20809.8	176722.0	80116.1	22231.6	11256.4	16275.1	68843.2	17353.6	119878.0	45361.7	40944.8	30810.3	89328.5	174392.0	85161.5	98835.6	10767.5	55556.6	10914.9	13610.5	46274.3	48914.5	49212.7
Q15080	NCF4_HUMAN	NCF4	Neutrophil cytosol factor 4																																		9532.49								3317.81						
Q15084	PDIA6_HUMAN	PDIA6	Protein disulfide-isomerase A6	11280.8	14233.1	5918.45	14860.6	10127.1	13964.1	7033.22	9595.75	9131.51	7532.86	8326.16	5758.73		7115.03	5773.9	7383.66	5784.44	4218.78	18626.7	18219.2	7459.82	10581.1	9552.15	12912.5	6141.22	12293.6	8477.81	9180.28	9653.55	23157.2	19134.9	5514.6	6629.65	23562.4	4607.49	4155.22	13502.0	7862.46	24887.3	11706.2	6454.91	12811.2	4697.56	15579.4	15403.5	9183.75	11572.3	9621.91
Q15102	PA1B3_HUMAN	PAFAH1B3	Platelet-activating factor acetylhydrolase IB subunit alpha1	4754.38	3986.32	1492.6	5618.36	2033.44	13016.6	6517.07	8164.66	1556.82		5121.32	5376.92					3952.55	8791.65	3021.62				1243.7			3494.91	3382.31			2647.96		1917.82	5730.8	3918.69	2058.48		12783.6	1858.53				1270.75	2457.23	2352.08		1639.27	1658.28	2613.55
Q15113	PCOC1_HUMAN	PCOLCE	Procollagen C-endopeptidase enhancer 1	156429.0	158865.0	136163.0	177889.0	223709.0	180536.0	84319.7	92288.7	163940.0	78350.6	94294.0	85087.7	152296.0	102660.0	108583.0	259385.0	134817.0	123579.0	118006.0	103157.0	107644.0	112418.0	136806.0	109609.0	148523.0	180456.0	189096.0	83383.9	121915.0	169577.0	132111.0	78696.5	174447.0	116148.0	115890.0	117909.0	110977.0	246276.0	88099.0	159242.0	224249.0	136951.0	74521.2	170072.0	152312.0	123898.0	131291.0	126021.0
Q15166	PON3_HUMAN	PON3	Serum paraoxonase/lactonase 3	11560900.0	11530000.0	5626170.0	10495500.0	3679760.0	6817810.0	3493460.0	5250900.0	5448940.0	3635220.0	1259360.0	3914740.0	4662720.0	4090820.0	3359310.0	3901390.0	6620840.0	6836740.0	2588890.0	4516900.0	4800340.0	2743120.0	2979130.0	6140570.0	2986020.0	3499000.0	3159410.0	3092450.0	4039710.0	2645570.0	3224550.0	3499870.0	3036360.0	2285190.0	3287490.0	3680990.0	2677300.0	2689940.0	3307630.0	3185510.0	1311580.0	4369540.0	4630500.0	3716110.0	3756870.0	1938040.0	3046550.0	2785700.0
Q15172	2A5A_HUMAN	PPP2R5A	Serine/threonine-protein phosphatase 2A 56 kDa regulatory subunit alpha isoform	2515.06	2216.33		1793.82																														3559.9					2784.2								920.549	
Q15257	PTPA_HUMAN	PTPA	Serine/threonine-protein phosphatase 2A activator	11342.3	12542.8	2786.09	13624.1	14857.7	9292.32	4805.54	9354.52	5504.2		8286.96	6194.0		2227.98	2761.82		6221.71	9949.23	7356.18	5018.43	3680.75	6875.51	9249.08	4218.66	3261.7	13375.4	14038.8	6210.86	3307.36	6484.09	2838.46		5816.71	17453.2	5554.53	6904.84	19179.7	8332.44	5989.96	3894.46	6448.82	4246.18	5691.13	5362.21	4138.52	7910.52	8127.77	7629.74
Q15262	PTPRK_HUMAN	PTPRK	Receptor-type tyrosine-protein phosphatase kappa	2345.11	3316.54	2029.04	2335.72	1809.04	2301.08			2150.24					2134.46	4128.59	5119.82		3424.44	1871.3	3003.35				1800.37	3357.87	3958.24	2350.55		3373.19	3437.25						3479.12	2922.74				1672.68			2452.56	2116.29			1654.05
Q15293	RCN1_HUMAN	RCN1	Reticulocalbin-1	30689.7	36163.3	30155.6	33329.2	26798.2	23988.2	27141.0	28457.3	27229.7	38479.0	58123.1	21634.7	16889.0	23850.1	34518.7	30279.4	17394.9	21213.9	22467.3	27797.8	17471.0	27049.5	22268.0	31749.5	31549.1	19392.1	18368.9	27009.7	29279.3	22299.6	32821.1	22447.8	23994.4	21236.5	38399.3	40794.2	17070.2	16551.4	11340.6	25495.7	13582.7	23014.1	15777.3	21148.9	16614.0	20916.3	22577.7	22713.6
Q15365	PCBP1_HUMAN	PCBP1	Poly(rC)-binding protein 1	20294.4	21643.9	3909.78	13568.7	5847.92	5499.44	3891.85	3473.56			4038.07	2233.6		2477.91					9498.91	2147.93				2774.26	2752.5	5183.04	2923.1	3117.33		11314.7	6186.19			18443.7			7253.9		4435.35	3966.19	1575.34	8917.54		6413.91	3865.65		3596.23	
Q15366	PCBP2_HUMAN	PCBP2	Poly(rC)-binding protein 2	20075.4	25431.6	4119.38	20044.0	8081.22	10304.0	6678.08	7193.47	5536.57			1691.21		952.487		1212.22			13656.2	988.556				3796.2	2149.45	3845.72	3958.07		890.326	8769.15	2449.29			10891.1			6296.0	727.783				6956.16		6774.05	3771.68	2530.99	3077.29	3322.84
Q15370	ELOB_HUMAN	ELOB	Elongin-B					5902.38														5217.08								4456.28			5410.64				7934.75						3550.23				4300.61				
Q15389	ANGP1_HUMAN	ANGPT1	Angiopoietin-1	8275.14	6302.16	17381.7	8883.64	9552.38	15701.0		8936.57	12704.5	7648.63			9460.81	9413.5	5983.55	7292.22	3831.6	3667.76	8611.42			6622.8			3931.35	13037.4	4173.41	8075.8		12711.3	8086.16		7033.85					9081.53	16638.6	3079.61	9162.55	10290.4		6883.7	5013.55	9080.46	8959.64	5866.91
Q15404	RSU1_HUMAN	RSU1	Ras suppressor protein 1	10389.7	10278.3		12285.0	4636.54	8071.3			3925.23																	8673.43				10136.7							5715.68					5742.51		6919.59				
Q15424	SAFB1_HUMAN	SAFB	Scaffold attachment factor B1	1196.36	5271.53		1199.82	811.955																			1771.83		2652.82	3808.53		4554.0	2979.04	8754.71			17895.1		5218.44		3421.08	8237.48	3681.6								
Q15435	PP1R7_HUMAN	PPP1R7	Protein phosphatase 1 regulatory subunit 7	14002.5	15427.9	6112.97	13806.0	14074.1	11816.4	8337.25	4464.44	5536.05		4820.57	9896.3	2897.58	9057.03	8341.27	3832.81	4799.12		11700.0	17396.6		8644.69	10130.7	13532.1	12137.2	19310.8	20243.6	9680.13	10357.0	13750.5	13082.3	12428.9	12658.9	50881.3	12904.4	13703.0	17987.1	16987.1	30495.3	13434.6	19682.3	8555.17	9157.01	9949.5	9503.39	14721.6	17700.1	16953.5
Q15485	FCN2_HUMAN	FCN2	Ficolin-2	106379.0	125197.0	401704.0	125180.0	226112.0	457114.0	459766.0	297961.0	423177.0	241603.0	573697.0	534828.0	444364.0	274124.0	331337.0	138580.0	366426.0	394052.0	196222.0	360603.0	162165.0	70025.4	220261.0	344555.0	160207.0	218737.0	219685.0	313730.0	174827.0	254841.0	340902.0	371502.0	286972.0	221345.0	262312.0	264831.0	334270.0	216106.0	492950.0	358701.0	260535.0	145856.0	457702.0	152725.0	142409.0	258159.0	276566.0	264017.0
Q15555	MARE2_HUMAN	MAPRE2	Microtubule-associated protein RP/EB family member 2	37991.8	49363.9	6859.46	47196.3	12943.2	10313.6		7733.92	5678.33										16280.3					4159.74		7833.21				14417.5	5002.37			7838.94			10117.5		10409.5	7442.38		10953.8		11029.6	7758.84			
Q15582	BGH3_HUMAN	TGFBI	Transforming growth factor-beta-induced protein ig-h3	108295.0	110104.0	140725.0	114654.0	167731.0	136690.0	103047.0	140574.0	127303.0	139585.0	266524.0	99937.8	176149.0	169609.0	240827.0	96949.0	115110.0	122768.0	110358.0	191754.0	205363.0	153680.0	182647.0	103791.0	158269.0	98926.5	147100.0	118120.0	152926.0	172110.0	200664.0	143488.0	107765.0	126897.0	142554.0	143577.0	94351.2	96963.1	136954.0	184337.0	95402.7	201591.0	138918.0	200945.0	202225.0	118136.0	123642.0	111219.0
Q15691	MARE1_HUMAN	MAPRE1	Microtubule-associated protein RP/EB family member 1	30233.1	36313.0	4849.77	36304.1	11913.2	38545.4	5006.77	8050.46	4432.39										22969.8				6348.54	10555.4		13039.3	6671.48			35821.8	7119.14		3640.22	15876.2		3521.64	19119.3	3186.92	8154.27		5949.88	22497.0		20610.4	21851.3	5253.15	6454.08	7509.88
Q15746	MYLK_HUMAN	MYLK	Myosin light chain kinase, smooth muscle	44947.4	51745.5		41332.9	15197.8	53378.9		12197.8											63824.4					14031.1		19676.6	4666.28		7081.48	48354.2	7736.01		11111.1	21611.3			37605.6	4820.15	12286.9	8717.35	7036.32	33151.9	5802.77	35425.8	41874.9	21923.0	20375.4	24032.7
Q15828	CYTM_HUMAN	CST6	Cystatin-M	3691.44	1783.21	7256.28	2890.19	14207.6	4130.85	11651.0	6978.03	7932.07			8074.54		7943.47	8872.9	9961.93	8132.09	6697.0	10458.8	8708.91	12193.7	13615.7	7714.44	12385.8	11876.1	2222.36	4715.75	5998.02	5851.99	8870.5	30189.1	4811.01	5509.69	11921.0	5660.11	4989.6	12552.1	6404.13	4732.54	12064.4	7947.29	5025.58	4542.05	5799.81	6363.22	14799.4	10817.1	12706.1
Q15848	ADIPO_HUMAN	ADIPOQ	Adiponectin	34943.8	25404.6	38560.8	32490.7	90015.5	18391.8	25703.6	18989.2	33169.6	13787.4	19650.1	19609.9	15852.2	15673.9	18415.6	32757.4	16009.6	18469.6	18903.2	22589.1	43509.0	12392.0	21713.4	31526.1	13812.1	31408.1	23954.5	22436.2	20289.5	61123.9	20719.4	23490.5	13332.0	20202.7	25413.1	26601.0	16213.4	27933.1	18270.7	20825.7	32229.7	27086.5	20614.4	34863.1	33190.2	27279.8	51953.8	36946.3
Q15904	VAS1_HUMAN	ATP6AP1	V-type proton ATPase subunit S1	1865.72				3997.21	2896.08		3057.96	2568.23		5017.79	3721.11	3612.39		3505.16	2836.09	3105.19		4151.7	4084.03	6857.79		7363.31		7221.99		2979.43			3666.02				1701.13					2969.42			2394.33		3561.2	6130.16	5833.32		
Q15907	RB11B_HUMAN	RAB11B	Ras-related protein Rab-11B	21668.4	19936.2	6929.28	22634.6	15116.3	51297.7	12033.2	12114.5	4477.08			7294.53		8818.95	16104.8		7562.52	9886.63	22456.7	5431.47	4571.3	23309.4	12066.0	13241.3	8389.7	17819.4	8537.86	8731.75	10905.8	38184.9	11661.0	5786.35		13353.8	9349.19	8186.4	29720.7	5950.54	16445.7	6258.7	6424.16	34417.4		28926.9	33479.1	6543.19	13778.1	10594.7
Q16134	ETFD_HUMAN	ETFDH	Electron transfer flavoprotein-ubiquinone oxidoreductase, mitochondrial																				72536.0														23783.6														
Q16270	IBP7_HUMAN	IGFBP7	Insulin-like growth factor-binding protein 7	7901.05	7177.99	13953.4	7274.41	28005.0	10877.8	12225.1	14173.0	11983.7	8198.34	14527.2	12372.4	11858.2	11002.4	8960.7	8064.01	8265.69	6771.71	9756.72	15533.6	18156.4	21627.5	30025.1	10309.0	20413.4	12819.1	15919.9	14225.2	11885.6	15053.3	12455.8	10178.3	17438.9	33771.5	10220.3	14489.1	20497.2	39343.0	14513.5	12153.5	34529.2	19548.5	11455.1	22622.3	24607.0	19968.9	18598.3	18459.5
Q16394	EXT1_HUMAN	EXT1	Exostosin-1	28612.5	30140.7	39813.5	32464.3	43058.3	35452.2	14618.7	18289.2	43323.2	14686.4	11095.6	16863.3	27724.9	19828.9	29835.6	18888.1	19416.6	22371.3	12985.5	76682.4	29409.7	17692.4	43642.4	27337.3	26156.1	40488.7	46829.0	10994.4	30269.8	36487.2	36352.9	44411.7	29295.9	31313.6	23901.9	23955.9	44311.6	33363.9	43788.6	39596.7	34781.3	35997.6	44061.9	35380.2	36673.3	27384.7	30129.0	26968.6
Q16539	MK14_HUMAN	MAPK14	Mitogen-activated protein kinase 14	2703.5	4528.32		4829.83																						2411.0	3465.17			2205.34	3717.64			10718.6					5520.72	1260.24	4827.73					510.148		
Q16610	ECM1_HUMAN	ECM1	Extracellular matrix protein 1	94855.9	98068.2	185192.0	100704.0	122034.0	149263.0	83456.2	116257.0	147547.0	95364.4	97019.8	80075.8	153976.0	106479.0	60396.0	153802.0	48606.7	41885.3	79011.8	46881.2	183803.0	83691.2	100077.0	100008.0	51212.8	98504.2	160678.0	122910.0	76719.0	102929.0	104125.0	204861.0	137139.0	106171.0	85171.6	87475.5	85503.1	182544.0	108554.0	98333.4	145337.0	117982.0	142193.0	114507.0	97248.3	89247.5	106026.0	98223.9
Q16643	DREB_HUMAN	DBN1	Drebrin	8041.7	14157.7		2742.93	2355.71	5483.56		1893.02				1102.44	2264.52		1412.71				4251.03							1017.82		797.183		6872.41	891.078						3310.28					3667.26		4252.45	3489.03		1633.34	960.235
Q16706	MA2A1_HUMAN	MAN2A1	Alpha-mannosidase 2	58059.8	56416.9	46432.2	57809.2	62425.4	64822.6	39440.9	49320.5	43455.6	42907.9	55688.4	37226.0	56941.8	42122.6	44796.6	55096.5	55735.5	60037.3	47593.0	87739.9	56864.4	43256.6	67246.2	61602.3	36226.9	83127.5	76418.3	37100.5	46311.8	53904.8	52136.9	82795.8	63841.7	46213.6	54316.4	54548.2	40308.2	51245.4	54260.9	67476.4	48724.4	58433.8	76882.4	57514.9	61569.5	45923.7	45905.3	48158.4
Q16769	QPCT_HUMAN	QPCT	Glutaminyl-peptide cyclotransferase	23873.9	26518.7	15941.7	21147.4	33276.9	29383.7	19177.0	14867.8	20653.2	31787.4	17192.6	15562.7	12130.4	20054.7	12645.9	22544.3	21785.0	19071.7	20735.4	23222.8	14202.2	10039.9	22234.5	16707.9	59034.0	54779.5	26988.1	20963.9	23244.4	27936.2	42032.3	23986.2	12907.6	16493.6	22581.2	22755.3	22588.2	22809.8	23955.4	25682.2	25749.6	26815.4	24515.7	22966.1	28060.7	17876.6	16795.4	19229.3
Q16822	PCKGM_HUMAN	PCK2	Phosphoenolpyruvate carboxykinase [GTP], mitochondrial	2148.7	2962.94	3196.2				6246.0		3230.53			7152.31	6152.22	7031.29	4774.62		9979.36	10086.9	5059.98	33876.5		10038.2			6321.21	9469.74	5007.95	4748.79	4469.35	10056.7	3604.31			10892.2	5924.77	6248.96				8912.78		11478.6		14459.3	12157.5	4141.37	5281.1	6203.23
Q16851	UGPA_HUMAN	UGP2	UTP--glucose-1-phosphate uridylyltransferase	4766.77	7093.43	5914.5	7732.5	4281.07	3781.51	6789.97	6364.92	4097.8			5793.34				2038.13	6034.75	6259.81	7455.15	36181.1		10785.9	5812.9	3507.04	4780.9	16890.3	34559.4	2395.78	9279.82	11721.1	18230.3			8747.91	5303.42	6908.85	5970.44	6676.52	9862.34	40891.7	5152.15	2883.62	2244.81	4596.56	2362.53	5439.04	5887.04	6896.14
Q16853	AOC3_HUMAN	AOC3	Amine oxidase [copper-containing] 3	7805.42	8920.42	8847.94	9978.56	23330.9	8019.9	12273.8	17369.2	13708.2	18013.6	15447.5	17533.7	29291.5	25325.8	6782.92	4829.76	8073.1	5648.67	7911.69	17962.3	37147.6	28288.9	19877.4	20278.4	16364.8	12978.2	8469.14	9539.28	15134.2	6613.56	7727.25	15397.1	18978.1	22011.1	9102.44	7191.8	9253.84	11113.0	5097.77	6633.29	8912.9	10820.3	12750.5	13566.7	12542.3	15677.2	15505.4	13542.3
Q1KMD3	HNRL2_HUMAN	HNRNPUL2	Heterogeneous nuclear ribonucleoprotein U-like protein 2		4012.15					3456.31																2240.08	5234.11	4077.56		4795.02			4538.08	7371.77			19327.4	2552.02		5388.56		4560.96					3706.81		3980.7	4506.04	4283.32
Q2M3T9	HYAL4_HUMAN	HYAL4	Hyaluronidase-4					7126.46																																											
Q32MZ4	LRRF1_HUMAN	LRRFIP1	Leucine-rich repeat flightless-interacting protein 1				5978.66						8703.32									10815.4						6065.06	5242.17	6520.99		6205.31	8325.98	6232.6			23770.8			10500.2		12987.0	6118.65		3058.01						
Q3LXA3	TKFC_HUMAN	TKFC	Triokinase/FMN cyclase	4218.05	5013.72		4609.79		4652.15	11505.9			5250.59	3826.23	6841.25	6818.15	5776.75	7443.65	5268.95	10997.2	14821.9	7016.81	24271.4			4066.95		5663.34	5352.45	5339.49		3197.85	5157.14	6620.99	2965.82		5450.3	5459.18	5308.7			3936.31	6728.12	3061.96	8775.08	3452.73	10160.3	8779.46	6329.77	5508.5	5115.45
Q3SY84	K2C71_HUMAN	KRT71	Keratin, type II cytoskeletal 71	35692.3	16785.8		9644.89	27574.1	13596.1	21092.3	41425.8	66783.2	53650.7	88732.8	12284.4	74553.2	88611.0	27354.2	85621.5	48344.8	19612.8	49645.1	27337.5	36004.5	17144.9		19856.8	73510.6	17208.2	21269.3	21948.3		27879.8	37648.7		9607.87	7807.44		12410.5	30476.2		42417.7	28376.5	33321.4		71203.3	90701.7	112433.0	70787.4	84152.3	89689.6
Q3ZCW2	LEGL_HUMAN	LGALSL	Galectin-related protein	74390.9	77942.3	8357.67	80728.1	19394.4	72123.7	4197.87	24572.8	9569.25				12402.1	12681.8			3886.91		42725.1					11583.9	7198.55	15876.6		10529.7		65861.2	5484.11		6526.13	6677.46			40083.7		15239.8	5155.44	7708.45	49688.0		49772.3	51722.8	11065.6	12961.5	11423.2
Q4G0M1	ERFE_HUMAN	ERFE	Erythroferrone	1723.53																													3453.54				5821.88		2034.33		7064.37	3393.38	4015.64	5158.04							
Q4LDE5	SVEP1_HUMAN	SVEP1	Sushi, von Willebrand factor type A, EGF and pentraxin domain-containing protein 1	12255.8	11366.2	7837.6	13594.7	44205.5	9118.83	8972.18	9011.15	9550.37		6926.2	7934.23	12545.9	15539.6	8834.01	7666.67	8820.99	8481.92	12356.5	44232.9	15521.0	23552.0	37507.6	14814.7	14834.1	27137.5	54075.9	10880.9	29157.2	51732.6	13025.3	32963.4	41681.2	30355.5	12708.8	14466.5	40180.2	46971.9	28334.7	32532.2	39066.8	29750.3	25510.6	27676.9	29250.1	18316.8	18861.8	21466.2
Q53H76	PLA1A_HUMAN	PLA1A	Phospholipase A1 member A	5738.09	4843.44	5206.29	3856.24	3694.44	4984.4	9476.35		5979.54	6964.95	4969.43	10547.4	5683.57	7459.78		1690.24	5228.75		4542.73	4772.92	16158.8		10405.0	8917.72	5340.11	5376.0	10835.0	4453.09	7232.69	5461.26	16810.6	8995.96		4931.21	7259.84	8267.29	7438.17	4243.02	4632.57	4859.67	5471.46	5350.08	10956.4	1499.51	4124.54	3694.54	4335.08	4461.56
Q53RD9	FBLN7_HUMAN	FBLN7	Fibulin-7	4161.33	3634.6	3426.69	3422.69	7882.13	3774.05	4532.18	3658.48	3416.05			4093.09			5885.91	3683.72	1823.67	2644.41	3022.26	3052.48	5741.71	3113.67	5137.77	3108.36	3344.45		3841.28			2913.3		4217.2	2704.24				2978.96				3163.52	4468.41	2767.59	3022.85	4157.46	2154.67	2950.43	2728.11
Q53RT3	APRV1_HUMAN	ASPRV1	Retroviral-like aspartic protease 1	6071.79	3434.06	12683.3	6923.05			4302.65	4475.39		7721.8	8058.29			3193.29		10242.2	7910.03	6105.9	7061.98	12991.5	2027.16			6888.58	6594.64		2112.92			7094.04					1416.42		5472.31			8154.18	5972.53	5229.9	7638.62	18121.0	6257.81	6687.57	7800.35	8287.48
Q562R1	ACTBL_HUMAN	ACTBL2	Beta-actin-like protein 2	1334470.0	1490410.0	652624.0	1325900.0	971347.0	893343.0	538079.0	748752.0	663335.0	489979.0	507617.0	486327.0	204194.0	624729.0	421545.0	254815.0	240630.0	345224.0	1238210.0	592587.0	135551.0	241369.0	490464.0	615759.0	423141.0	966408.0	1222380.0	377894.0	474428.0	1297050.0	764431.0	275031.0	701387.0	1789350.0	481303.0	521547.0	771250.0	566793.0	746648.0	717648.0	575987.0	843626.0	245310.0	769581.0	765739.0	609857.0	563291.0	571975.0
Q5D862	FILA2_HUMAN	FLG2	Filaggrin-2	130668.0	66496.3	161545.0	63836.4	70570.4	38174.1	47379.5	104105.0	130778.0	63421.5	36504.2	17668.3	122345.0	109851.0	53910.9	145977.0	86390.6	67854.6	120472.0	43500.8	39981.2	62950.0	38129.3	76213.6	130001.0	40258.5	33244.6	71132.0	19514.8	114079.0	90691.3	48907.1	68869.7	25158.7	36620.5	42629.9	138590.0	53818.9	78618.1	103079.0	113345.0	67858.2	238118.0	149082.0	121375.0	105083.0	108265.0	92971.7
Q5JRA6	TGO1_HUMAN	MIA3	Transport and Golgi organization protein 1 homolog	93292.1	100190.0	68772.7	99122.2	109656.0	44550.1	80649.7	32055.2	50962.6	55929.3	151571.0	109471.0	24295.2	60240.2	188728.0	52407.6	44661.7	58731.2	300713.0	62614.6	87773.8	84370.5	166157.0	59421.6	138412.0	265334.0	210375.0	135183.0	201179.0	99724.4	607002.0	73921.9	232280.0	266443.0	283642.0	304116.0	64398.6	112181.0	59786.5	232521.0	108635.0	94345.4	80540.5	120772.0	109283.0	177430.0	169472.0	176989.0
Q5SQ64	LY66F_HUMAN	LY6G6F	Lymphocyte antigen 6 complex locus protein G6f	7636.95	6501.39			3893.55	5643.42																								5304.35												3410.32			5486.67			
Q5SSJ5	HP1B3_HUMAN	HP1BP3	Heterochromatin protein 1-binding protein 3	5557.68	6865.52	1980.62	6963.54				3271.8		10141.7									3589.48											4726.88	11367.5			33855.5					13578.1								5444.88	5940.9
Q5SZK8	FREM2_HUMAN	FREM2	FRAS1-related extracellular matrix protein 2	2753.61	2170.0	5069.98	3147.28		3065.74	732.2		5237.16	1699.11						1213.22	2011.77	1642.75	2035.95	717.588				485.263	1867.47	464.8	1497.26					560.91		660.504	772.951			611.598		713.375		527.706		399.44				
Q5T1M5	FKB15_HUMAN	FKBP15	FK506-binding protein 15	8851.15					5642.15	9829.75					9932.1		21486.3					13673.2	19346.7				10750.5		7972.87				8741.15	20383.0			27925.4		6682.72	14039.4		11910.7	7774.94						13310.5	10834.6	9909.29
Q5T5C0	STXB5_HUMAN	STXBP5	Syntaxin-binding protein 5										6577040.0					8819330.0										4220570.0																							
Q5VTT5	MYOM3_HUMAN	MYOM3	Myomesin-3					5215.84															6021.43						3242.21					6177.77		6458.89		10962.8	11897.6				18019.9							3287.81	5801.29
Q68BL8	OLM2B_HUMAN	OLFML2B	Olfactomedin-like protein 2B		1106.3																	3516.96		12800.9					3237.98	4532.77		5292.05	2274.34	16381.9			11075.3	3753.66											2531.52	2413.88	
Q6E0U4	DMKN_HUMAN	DMKN	Dermokine	9286.98	7914.89	8006.95	7274.89	32415.8	6323.72	13429.9	7854.7	10249.7	9931.28	16403.9	13143.2		4307.37	16354.8	10557.7	7588.22	15840.2	12174.6	21716.5	9884.31		7285.43	7487.84	12989.7	11417.1	10400.7	8627.45	8847.54	8965.26	7997.91	8023.1	10061.4	30984.8	7406.56	6424.66	6991.96	7440.87	12271.4	12740.5	7444.61	6026.7	6704.64	5367.56	10301.0	11557.9	10943.6	11967.3
Q6EMK4	VASN_HUMAN	VASN	Vasorin	86816.6	91626.5	92883.8	94628.3	200559.0	94313.9	93378.0	83688.3	96168.9	83100.0	80932.2	111062.0	150903.0	73441.3	116154.0	89538.5	74762.6	70113.9	50740.0	150149.0	165393.0	158318.0	125669.0	117852.0	137899.0	114148.0	165212.0	87446.4	114564.0	134916.0	60586.3	114249.0	128426.0	156551.0	90697.0	88680.7	130394.0	134046.0	109872.0	91952.3	130176.0	119330.0	93158.2	117494.0	123626.0	98865.3	83616.3	92330.5
Q6IBS0	TWF2_HUMAN	TWF2	Twinfilin-2	11578.8			14300.3	8997.8	10768.5												2194.75	17012.8				4337.3			6422.1	5675.38			16897.4				11679.2			7748.9	6575.5	7950.1			9393.08		10720.0	12215.6			
Q6ISS4;Q6GTX8	LAIR1_HUMAN;LAIR2_HUMAN	LAIR1;LAIR2	Leukocyte-associated immunoglobulin-like receptor 1																															94451.4																	
Q6JBY9	CPZIP_HUMAN	RCSD1	CapZ-interacting protein	1864.82		1146.67	1610.2						1535.73	1900.27					483.644			1265.33					566.959	3635.56		1732.05		1016.2	2534.06	1897.52			11129.3			2389.06	1468.95	4853.72	2115.35	2350.87	1981.04		1844.95	2388.33	2379.84	2040.83	2232.71
Q6KB66	K2C80_HUMAN	KRT80	Keratin, type II cytoskeletal 80	5751.43	2056.52	7836.03	2222.54	2141.46		2081.05	5208.03	5226.48	4946.62	9746.51	1831.31	5223.13	7537.75	2164.5	7708.08	3162.93	3324.27	4528.59	4010.29	4897.14	3548.89	1640.01	3793.11	4832.31	2514.71		4162.74	2660.66	4447.68	5983.25	2269.75	4411.63	2129.06	3259.38	2186.13	7478.85	3541.08	5831.8	5035.13	5063.74	4653.85	8624.85	4647.33	4669.86	4056.0	3760.45	4231.35
Q6P179	ERAP2_HUMAN	ERAP2	Endoplasmic reticulum aminopeptidase 2	4006.65	4004.87	4346.7	3470.91	8685.3	5371.09	4799.7	2228.09	5507.45	13187.1	13336.3	5498.85	14217.5	7689.12	7720.31		13112.2	14043.4		9918.85		7406.61	5920.53	9105.28	21549.6	16121.7	16795.7	16950.7	5861.51	5193.06	13669.3	6480.58	8368.23	14053.4	3054.22	4848.74	7786.6	9633.44	4039.12	3837.88	10240.5	11200.3	4520.09	11931.3	12091.5	6986.88	7555.95	5900.54
Q6P4E1	GOLM2_HUMAN	GOLM2	Protein GOLM2	4464.2	4155.5		4027.29	14219.6	10412.4	14825.7	5174.78	7458.78	12221.1	24618.6	22771.1	7191.57	7642.79	10121.2	4340.04	6388.51	5969.28	27692.9	5901.51	9536.3	28623.4	21374.9	8140.37	22179.4	14078.9	18168.2	8869.27	18870.3	9768.89	11631.7	11640.8	15089.1	7411.26	7652.9	5358.64	10767.2	9001.82	13876.8	16309.7	6308.71	5093.98	9643.26	10666.5	12995.3	9123.9	9736.15	11591.9
Q6P988	NOTUM_HUMAN	NOTUM	Palmitoleoyl-protein carboxylesterase NOTUM	1830.77	2027.41		2608.08																				963.965		2655.25	985.276					1817.02													848.45			
Q6PCB0	VWA1_HUMAN	VWA1	von Willebrand factor A domain-containing protein 1				1574.17	2606.16														2151.59		4895.56		4561.03	1176.3					3722.03		2569.01		2562.01					1387.85		2015.3				1764.88	1559.78	2252.96		2615.38
Q6Q788	APOA5_HUMAN	APOA5	Apolipoprotein A-V	33170.1	36734.6	34702.5	32973.2	12168.5	36463.2	129790.0	27306.9	33569.0	18248.6	125387.0	113796.0	33562.8	21664.1	23949.4	18016.7	77224.0	83723.7	63063.4	43652.9	54149.7	35463.8	85826.1	45649.0	19018.7	39793.4	44940.5	28436.8	38843.8	11207.8	40665.3	89092.7	19120.3	23567.6	23306.4	26613.7	127666.0	35593.0	39106.5	12321.4	36532.2	14248.7	89279.0	17234.2	15000.8	34319.9	33478.6	35765.0
Q6UVK1	CSPG4_HUMAN	CSPG4	Chondroitin sulfate proteoglycan 4	43739.7	47056.4	20637.1	41859.7	88682.9	20441.9	28709.4	18496.4	19348.0		17220.2	24802.7	19996.1	29418.6	23390.7	18502.8	12724.4	17972.3	30876.5	64004.5	55752.5		88465.1	42041.8	25163.9	78663.8	113890.0	21079.9	50642.2	48024.6	64219.7	31711.9	22767.8	81142.4	26535.3	28796.7	25232.9	32704.0	26273.2	54652.3	33679.1	29323.1	28792.8	35034.0	28241.7	32508.3	32587.6	27301.4
Q6UWP8	SBSN_HUMAN	SBSN	Suprabasin										10319.6				12550.5	6241.11	7693.41	7795.61	5999.34	5404.19					3345.45									7656.64							16755.4	5461.83		6582.11	3634.05	16218.9	11253.6	13270.7	13716.7
Q6UWV6	ENPP7_HUMAN	ENPP7	Ectonucleotide pyrophosphatase/phosphodiesterase family member 7		1420.83	807.076			1608.26			1149.68				1215.51		1149.33	740.066		1161.85	747.874	1207.16		1521.31			1284.76		963.759	889.846	830.479	6916.69					2507.6	1844.55						5259.77		3262.28	3117.79	1644.88		551.345
Q6UX06	OLFM4_HUMAN	OLFM4	Olfactomedin-4	2330.05			1280.41					2081.07	9003.45				9438.33					9967.95						86194.7	3261.96	7314.44		2459.78	7130.75	26356.0			29863.0	3418.34	2004.73	5601.89		4469.67	5069.67		4274.29		3678.27	4600.98	6481.89	5671.89	5122.94
Q6UX71	PXDC2_HUMAN	PLXDC2	Plexin domain-containing protein 2	112670.0	115437.0	116200.0	111353.0	289633.0	94065.9	149234.0	77208.7	97306.3	105441.0	80405.0	128430.0	127653.0	121290.0	107029.0	83095.5	69728.5	62179.4	60157.4	171928.0	222867.0	140128.0	126721.0	121886.0	115027.0	278684.0	248416.0	80930.9	139918.0	247315.0	85993.6	105750.0	155164.0	190344.0	92439.8	92549.9	199661.0	135627.0	240607.0	107247.0	141960.0	178417.0	107480.0	176914.0	159028.0	100860.0	113080.0	102051.0
Q6UXB8	PI16_HUMAN	PI16	Peptidase inhibitor 16	36273.1	34096.3	17123.8	39737.1	87961.2	28089.0	19204.9	24683.7	17449.2	32222.5	16554.3	15004.6	84682.1	19726.9	20039.2	36569.3	10599.4	13230.1	8092.41	7775.52	92270.9	12034.6	30938.9	17794.6	7091.16	8540.97	25932.3	13113.6	15695.1	16961.5	9419.71	21027.7	17831.9	26332.0	21320.7	18569.2	24384.2	21153.3	14659.9	22319.5	20829.1	22924.3	23466.3	19875.0	21190.1	12689.3	18057.2	18780.9
Q6UXH0	ANGL8_HUMAN	ANGPTL8	Angiopoietin-like protein 8	11178.7		15838.7	8838.46	17394.4	21172.1			16920.1						9870.89	10495.7	6771.58	14007.4	11458.8	25910.1		5660.43	48833.4	13783.3		36372.8	104931.0	12942.8	18942.3	24814.4	18256.0	12468.8	42491.2	13547.6	11928.2					15762.8		14741.3	15270.1	8782.25		11775.8	20551.5	22395.4
Q6UY14	ATL4_HUMAN	ADAMTSL4	ADAMTS-like protein 4	94625.9	102948.0	56249.8	84687.0	164142.0	60572.0	84222.8	47543.6	57266.6	42878.3	64847.4	88779.6	44389.9	38349.5	82782.4	59717.1	53662.6	49036.4	35749.9	115952.0	102254.0	36996.8	81086.2	73995.4	25933.3	71682.4	96134.0	54157.4	70001.1	105362.0	45388.5	75354.9	68392.5	86372.0	42633.5	42587.2	107475.0	60059.0	85768.5	32098.2	55773.2	136704.0	77704.6	129223.0	126340.0	52537.5	54841.0	49409.9
Q6V0I7	FAT4_HUMAN	FAT4	Protocadherin Fat 4	1193.35	3992.63	1676.3	2097.67	3374.33	2530.89								3365.45	4546.59			3269.71	2946.45	3689.03	6018.47	5627.55			1856.34	5048.39	2697.61		3316.84	5368.4			3144.16	1973.34	2588.41	2704.92		2319.2	2536.43		2450.24	3733.46		5251.48	3800.79		2746.29	1974.59
Q6WN34	CRDL2_HUMAN	CHRDL2	Chordin-like protein 2	8144.09	8914.12	9560.96	10679.0	18148.0	10128.6	12381.6	10701.0	7230.76	10267.5	18737.0	5672.53	10788.1	12490.9	21212.1	6756.96	7379.66	6042.05	18754.8	10287.0	27516.1	36517.3	24711.3	11040.2	13205.2	11628.6	27164.5	5098.86	16798.7	19465.9	9091.58	11834.8	7889.71	13274.6	3452.64	5959.96	18766.0	8053.72	34083.6	7516.4	5482.55	25628.0	4582.09	37207.2	31583.9	16549.8	17964.3	18561.1
Q6XQN6	PNCB_HUMAN	NAPRT	Nicotinate phosphoribosyltransferase	2943.23	2602.57		4096.38		7000.76	4111.11					10739.0								6211.83						4411.71				7261.76	7318.89			14677.0		9399.31								3277.76				
Q6YHK3	CD109_HUMAN	CD109	CD109 antigen	23600.1	24462.5	21374.3	20988.3	25047.4	17220.2	24360.4	25817.7	20956.2	16425.6	21076.2	20381.6	21778.4	32292.2	15314.7	23152.0	10669.8	12244.9	15786.4	20931.0	25292.2	11150.7	26560.0	20686.4	17019.1	22897.5	27533.6	12021.8	16651.4	35574.3	15160.5	21077.3	15292.3	13765.2	12062.7	9494.37	21654.3	21712.4	17666.0	16793.2	18529.2	25491.6	16714.5	25746.9	28710.4	15680.4	15211.4	15995.6
Q6ZRP7	QSOX2_HUMAN	QSOX2	Sulfhydryl oxidase 2	6571.6	7263.23		6965.07									13937.4													6407.93				8323.6				4932.95		10796.0		9566.14		3782.4	8339.66	8054.38						
Q6ZVX7	FBX50_HUMAN	NCCRP1	F-box only protein 50	6657.02	4930.03	8165.84	3410.36	4025.65	2744.54	6037.99	6531.79	7409.31	4104.46	9935.34	2697.9	7539.58	7578.21		10579.5	4956.12	6227.13	7160.2	7040.41	4826.11	5608.81	2016.92	5709.57	8267.24	2565.57		5185.14	3412.14	7209.98	11604.4	4530.61	5417.95	2775.12		5047.04	9823.81	3438.91	6693.33	6967.85	5646.53	4647.52	13855.9	9590.42	5920.16	7503.39	5959.05	7494.01
Q71U36;Q9BQE3	TBA1A_HUMAN;TBA1C_HUMAN	TUBA1A;TUBA1C	Tubulin alpha-1A chain	175383.0	208389.0	106532.0	192150.0	73619.0	124642.0	81020.3	113848.0	98496.4	81321.9	96221.4	53538.1	34519.2	67160.7	46384.1	42845.2	36803.8	34526.5	118482.0	20356.7	9186.92	37098.7	17940.9	74271.6	60895.7	91211.8	81829.6	41462.1	26982.3	146492.0	74061.1	12968.2	61477.5	187862.0	52135.9	52750.9	132925.0	31276.8	109613.0	53158.8	39503.9	74688.1	14940.2	74147.6	66594.5	59167.8	60072.0	60765.5
Q76LX8	ATS13_HUMAN	ADAMTS13	A disintegrin and metalloproteinase with thrombospondin motifs 13	60123.5	58868.1	87140.6	57205.9	59557.3	86228.6	60631.3	63665.1	87465.7	76296.1	49945.4	58208.5	71792.4	51513.6	40080.5	50628.0	53276.6	59241.3	36918.0	57656.8	48185.0	19134.3	42627.2	54534.7	47424.7	30753.7	39264.8	52026.7	37392.1	28537.7	44665.5	72773.1	30994.5	27777.2	32548.9	25215.2	35166.7	55847.8	23767.4	29407.8	48694.6	34855.8	58733.0	43620.1	45323.1	34089.9	32365.8	31111.9
Q7KZF4	SND1_HUMAN	SND1	Staphylococcal nuclease domain-containing protein 1	9111.39	6737.84	1300.64	2962.7		1774.08		2014.13	2585.3					4485.6					2941.66		3040.03			3967.67	3900.02	1822.24	1970.97			1660.72	2791.86			4254.97					2638.47	1269.14			1020.39	1910.66	1956.26	2116.2		1324.96
Q7L591	DOK3_HUMAN	DOK3	Docking protein 3	1282.17	2473.96			926.671	602.876																																										
Q7L9L4;Q9H8S9	MOB1A_HUMAN;MOB1B_HUMAN	MOB1A;MOB1B	MOB kinase activator 1B	7616.3	7462.17		6019.0	2884.76	5627.18			1740.53	1388.14				3135.73					4736.51					1426.95						6637.46				2534.26			4326.79				1442.94	2784.68	1119.97	3753.19	3796.55	1451.61		
Q7LFX5	CHSTF_HUMAN	CHST15	Carbohydrate sulfotransferase 15	2350.65	3405.32	2216.46	3256.31	19867.4	5974.49	5020.19		2713.02								2928.22		2826.3	6031.57			14768.4	5244.04	5698.09	12631.7	8476.99		4445.38	4770.75	9621.67			9628.86		5039.88	14160.3	15797.3	11056.6	4062.02	10198.1	6698.09	8373.92	4586.62		3888.38		4480.23
Q7LGC8	CHST3_HUMAN	CHST3	Carbohydrate sulfotransferase 3	1245.74	1207.25		1893.59	3734.73	774.768	1709.5		1393.59			3381.09		1221.59		2145.1			2477.77	6919.42			2937.05	6354.13		3656.41	4550.36	1451.87	1782.05	2403.06	3392.42			2863.3		1256.34		4532.38	3871.44		2727.93	2266.34		2988.8		1627.21		
Q7Z304	MAMC2_HUMAN	MAMDC2	MAM domain-containing protein 2	5553.6	4800.87		4710.84	6973.88		2722.18		5945.42					5580.56			11324.1		5090.38	7276.89			7714.16			7053.54	22243.4		4190.15	4886.07	9378.9	2850.5	7416.19	13621.5	5345.52	5363.27		7337.77		9550.75	6250.59	5403.45	5942.1	3837.51	5102.14	5355.41	6913.69	6102.68
Q7Z4R8	CF120_HUMAN	C6orf120	UPF0669 protein C6orf120	3373.36	5496.6	4500.08		6188.88	7430.06	5429.54	2574.51	4526.86			2063.37						5112.39	5286.85	10783.2			8321.99	10020.4	14631.0	7666.45		8194.58	9387.45	6276.1	8916.34	10951.0	9474.8	7119.98			9560.79	5584.17		6216.94	1597.46		6889.69	8146.6	10547.8	10562.2	9292.47	8870.81
Q7Z4W1	DCXR_HUMAN	DCXR	L-xylulose reductase	5690.89	4930.91	5998.18	3742.86	2430.38		7006.18					5118.11			1767.24		4172.86	8003.51	5921.74	27903.9				1342.0	5502.45	5008.1	3931.72	7846.17	2532.61	6061.14	5010.29		1902.95	1991.66	6471.42	5445.15	3295.97			7337.89		8031.91	5325.17	6669.21	4161.08	3990.18	2664.27	3840.01
Q7Z5N4	SDK1_HUMAN	SDK1	Protein sidekick-1	2663.16	3351.87			4450.23	1505.99						4124.08							1748.31	3974.2			2689.99	2263.88		7080.45	6793.8		4002.78	3071.61			5313.89	5215.4	1624.33	2323.22	4586.47	4688.56	7863.21	3375.53	8208.87	7205.75	3854.05	2500.6		3652.58	3154.9	2212.8
Q7Z794	K2C1B_HUMAN	KRT77	Keratin, type II cytoskeletal 1b	32248.6	19870.1	34658.3	10531.9	14055.1	8426.57	20538.5	16567.0	25937.1	13732.0	34816.3	4064.17	19016.2	39032.6	6304.36	41466.7	25192.1	19891.0	57778.9	17623.8	17868.9	24719.1	9439.5	16940.8	28779.6	6824.59	6048.9	14874.8	8158.91	28616.1	23715.2	11334.4	10662.0	8709.54	8729.88	17235.0	36106.2	11440.2	34243.8	32487.2	36910.3	27217.7	51896.5	38421.4	23514.8	29686.1	31098.9	30721.4
Q7Z7G0	TARSH_HUMAN	ABI3BP	Target of Nesh-SH3	26601.6	25318.4	36073.8	23662.1	34759.1	24286.9	53914.3	31707.2	28664.7	26126.2	34377.5	62017.5	27499.9	26061.9	31384.6	22529.1	21572.0	21840.3	29380.9	76715.4	56847.4	25221.6	29807.2	33517.3	36719.8	44343.2	39965.6	24634.5	41360.3	28572.2	17425.9	43001.1	24383.8	48224.9	22209.4	22132.9	43066.7	22283.0	51760.2	22256.2	21107.7	43695.9	38212.5	46088.4	41578.2	34479.2	27709.6	29871.4
Q7Z7M0	MEGF8_HUMAN	MEGF8	Multiple epidermal growth factor-like domains protein 8	8437.1	7663.95	6655.64	8504.95	8239.09	7054.83	8611.02	12166.3	6441.14	5728.41	8993.58	7618.42	11473.1	10078.2	5583.39	5825.21	8804.83	7859.88	7753.39	7682.97	11341.7	7414.34	4729.48	6898.05	9454.52	3863.96	8044.12	8255.48	8035.1	7145.8	5513.75	4382.73	7349.47	2982.56	5100.18	9948.82	4645.37	8186.08	4947.63	6002.8	8103.24	9120.71	4922.54	5287.87	4544.42	3656.38	5771.29	5763.84
Q7Z7M8	B3GN8_HUMAN	B3GNT8	UDP-GlcNAc:betaGal beta-1,3-N-acetylglucosaminyltransferase 8	20275.7	20212.5	15211.0	17618.4	7663.47	15767.8	15272.1	9312.42	15855.1	7353.11	6103.76	15547.8	9238.86	5020.89	10863.4	7525.12	7241.63	9933.82	9127.64	11186.8	16417.5	7113.72	13728.6	9283.59	17133.4	17062.4	19678.1	5635.81	12933.4	13162.4	3971.67	15616.9	9172.33	14138.7	9187.56	9590.12	11345.7	18396.4	17903.7	6373.97	16074.7	22075.2	15048.6	16939.3	15204.0	8904.57	9659.32	8826.26
Q86SF2	GALT7_HUMAN	GALNT7	N-acetylgalactosaminyltransferase 7	2711.56	3125.91	2431.89	3323.97	2549.11	3818.46	1908.86		1901.35						1750.99			2412.7	2602.53	5328.44			3718.49	1968.14		3849.55	5818.06		1745.66	3441.55	2882.26	3275.94	2141.81	2679.85	2932.76	2936.58	2642.27	3410.31	4067.64	3761.97	2975.7	5392.96	3005.2	4405.07	3412.87	2082.28	2868.84	
Q86SQ4	AGRG6_HUMAN	ADGRG6	Adhesion G-protein coupled receptor G6	21652.6	24077.6	26775.8	19558.2	22886.3	22655.7	30065.9	32321.2	29147.1	29831.5	19061.7	30370.3	50611.9	21411.1	31908.8	21132.6	48300.6	40483.3	36313.4	27686.5	23601.5	57290.3	30312.3	18519.4	31522.4	23906.7	21286.2	21654.6	28871.8	31539.0	27050.1	17643.3	27991.8	15287.7	34418.3	31923.6	17694.0	10894.9	27255.0	32048.1	9402.93	28298.5	14749.3	36473.8	35480.6	25697.3	28744.4	23761.0
Q86TH1	ATL2_HUMAN	ADAMTSL2	ADAMTS-like protein 2	6939.06	6756.28	6058.85	5811.29	14650.7	14319.8	12182.1	5865.0	5869.01	10080.0	20829.0	11094.6	8486.29	13900.0	12287.8	8791.39	7547.14	7285.64	9785.65	38029.2	11911.0	15654.0	22242.1	13237.3	14947.4	15841.6	19109.9	9606.35	13563.9	17404.6	9988.84	14820.1	17953.4	8387.37	6190.16	7238.08	12075.7	13629.4	11294.9	15638.0	11931.5	15362.0	12139.0	15197.1	14900.7	12861.9	11478.3	13635.7
Q86TP1	PRUN1_HUMAN	PRUNE1	Exopolyphosphatase PRUNE1	12246.8	12259.0		12435.9																																	5406.94		1193.83									
Q86U17	SPA11_HUMAN	SERPINA11	Serpin A11	19193.9	16822.6	12063.1	17123.2	17522.5	17834.1	7353.61	4072.57	14823.2	3820.85		13680.0		13148.0	20572.6	9304.81	11421.8	14221.3	11825.2	16551.8	23605.6	3864.32	26982.0	22901.9	6334.7	21084.6	17184.4	19135.5	23307.7	15327.8	11560.5	28381.9	14287.9	11857.8	14196.6	12888.5	22785.1	11604.9	27949.8	31086.0	14738.3	11785.8	27492.4	15621.1	15592.1	17506.8	16465.1	18027.3
Q86UD1	OAF_HUMAN	OAF	Out at first protein homolog	65351.2	63705.4	33873.9	63361.3	65179.5	60114.9	54271.3	28484.5	40107.0	16301.5	65365.8	52444.2	26563.0	24759.5	61707.2	37611.7	34371.6	50832.2	73442.1	92132.8	37295.6	109660.0	90828.4	75531.5	46108.7	100460.0	82183.7	53135.1	132252.0	103100.0	105672.0	67344.1	117011.0	65396.4	91025.4	108405.0	68393.2	75489.5	84299.2	79693.9	73056.9	63925.4	67547.0	69855.6	61859.5	57310.6	54472.0	60692.6
Q86UN3	R4RL2_HUMAN	RTN4RL2	Reticulon-4 receptor-like 2			2141.11		4363.11	4123.75	4282.66	5506.17	3924.92	5359.66	6450.44	3155.73	12367.9	4216.55	6968.17	5452.33	2614.34	5890.37	8349.87	5693.29		10457.1	6095.68	3043.67	8802.46	3158.41		5871.73	6304.49	4729.45	6039.58	5433.68	3955.78	2449.38	4038.32	6783.3	8333.08	2815.74	2563.04	3309.54		6429.82	4318.51	7157.8	7424.77	4294.63	5336.9	
Q86UX2	ITIH5_HUMAN	ITIH5	Inter-alpha-trypsin inhibitor heavy chain H5	5308.12	4730.04	2041.45	5032.28	6879.31		4007.91	5668.21	1677.8	4356.33		6108.53		4442.59	3542.5		5512.74	4849.39	7168.11	3728.4		2172.62	7429.43	2966.13	3813.87	5415.2	5940.48		3707.61	4807.79	10815.6			4652.26	2858.31		3289.53	3824.52	2976.41	2634.4	3554.08		3947.17	5314.3	4459.12	3452.49		3326.3
Q86UX7	URP2_HUMAN	FERMT3	Fermitin family homolog 3	199176.0	199768.0	57768.3	192560.0	106728.0	120115.0	27882.7	112251.0	69067.7	19631.8	44120.6	35336.4	39763.1	58012.8	28256.2	20056.2	18226.8	23079.3	155051.0	9186.72		17215.5		41087.4	37827.9	109764.0	30722.6	38106.2	19708.0	141556.0	35562.6	9731.38	19339.5	61141.6	28956.3	22516.4	86665.0	27789.6	51763.2	35131.6	25718.1	89437.0		114281.0	108562.0	43467.1	39316.6	41845.9
Q86VB7	C163A_HUMAN	CD163	Scavenger receptor cysteine-rich type 1 protein M130	7091.0	7756.73	14374.5	7705.87	11237.0	15425.3	36260.7	9808.55	13927.2	13196.5	8764.61	34753.7	19772.2	18489.6	27474.4	14827.4	28148.7	23037.6	19447.2	16765.3	21647.8	61851.0	15236.9	14685.2	110898.0	16350.2	38188.1	20876.5	24649.9	43502.2	22422.8	11358.9	35602.5	42058.3	23119.4	25034.5	39242.5	45205.2	20192.9	12798.2	49894.7	24606.8	10120.1	31210.8	27598.7	29767.8	32641.2	32985.0
Q86VP6	CAND1_HUMAN	CAND1	Cullin-associated NEDD8-dissociated protein 1	11380.0	11076.3	4017.6	12183.1	7448.86	10913.8	8457.65	7016.63	4855.53	3340.48	5933.5	9294.26		4399.46	4438.4	7975.75	5933.42	5918.92	9076.66	16963.4		4601.07	7527.47	4310.41	5964.17	13443.2	19996.2	5016.17	5654.22	9018.39	9166.05	6499.78	7852.07	26989.7	7505.02	11258.9	23264.5	10097.8	11008.8	8952.29	8939.84	4470.72	6926.15	6347.32	5644.81	9720.99	8141.9	7694.44
Q86WI1	PKHL1_HUMAN	PKHD1L1	Fibrocystin-L	5271.68	3726.71	5100.42			4649.76	1291.57	2687.05	6321.13			2046.47	4047.73		3608.21	3557.89				3613.04					2621.5	2996.04	4520.58			3965.17							3182.85					5094.16		3638.5				
Q86X29	LSR_HUMAN	LSR	Lipolysis-stimulated lipoprotein receptor	1561.49			3910.6	5259.61	5335.22	3555.8		3946.53	5699.94	11101.7		13924.0	4012.09	11355.4	5989.02	8377.03	4388.25	7419.13	5389.47	17693.8	15578.4	9634.22	3518.84	6437.65	8691.67	11626.3	3952.48	10195.1	8501.3	6211.4	3408.45		10908.2	9037.22	9359.69	4858.69	6320.86	10058.9	10461.4	4639.05	5363.49	3012.08	6027.39	6708.61	7787.47	7235.44	5354.0
Q86YB7	ECHD2_HUMAN	ECHDC2	Enoyl-CoA hydratase domain-containing protein 2, mitochondrial												1835.24					4519.5	3590.67	2285.68	28426.2		7476.84			4376.88	6775.84			1893.61				1731.22	17581.6						892.733		8596.95		8102.71	7761.83	2461.22	526.315	2834.94
Q86YT9	JAML_HUMAN	JAML	Junctional adhesion molecule-like	4929.58	3598.48	3897.19	4888.17	9668.51	3842.87			5075.57	5668.08	7927.67	6459.83	3064.93		7428.99		6071.41		4728.58		4572.2	14510.7		8246.25	12090.8	7539.02	18421.5		5741.96	10271.2	3061.67		8385.44	9986.45	7788.12	7096.48	12714.6	15456.9	10992.6	5920.74	13132.2	7689.99		7158.15	9088.51	6210.77	8109.65	8333.36
Q86YZ3	HORN_HUMAN	HRNR	Hornerin	20350.4	7290.56	21105.7	4159.52	7891.93		3349.8	4543.53	5520.8							6363.98	4369.17	6502.12	2937.34	9330.28				28643.5	7935.0	5268.0	4855.87		2564.67	7588.15	14633.6	2640.06	3353.13	4780.51	4009.43	3331.5	17597.7	3642.21	8186.35	3369.59	9394.7	6075.27	13330.5	4161.89	5161.53	5124.61	3411.52	3277.1
Q8IUK5	PLDX1_HUMAN	PLXDC1	Plexin domain-containing protein 1	6820.56	8582.14	10338.8	7138.93	9052.08	7058.59	14367.9	10558.6	9710.4	10257.6	9819.04	17067.8	14546.6	13946.2	9040.69	7325.27	10142.4	9728.14	7392.1	5307.18	16021.5	7407.86	6568.82	14404.3	9316.84	8262.8	6748.07	7029.38				6849.24	6055.83	4708.25		2943.24	6470.38	5576.98		4007.51	5638.9	6235.95		11308.2	7269.86	6875.05	6845.25	6728.29
Q8IUX7	AEBP1_HUMAN	AEBP1	Adipocyte enhancer-binding protein 1	15329.5	17506.0	18075.5	16645.8	57529.5	20039.1	15967.9	12980.9	15129.1	19769.2	23869.8	15933.5	17810.9	13578.7	18318.5	14820.2	10763.4	11980.7	18137.4	26179.7	19224.9	18240.0	30091.2	20842.2	46435.1	46519.8	41278.7	20847.1	29314.6	42889.3	25103.0	14089.7	18844.2	75813.4	21943.9	21552.2	21287.3	30808.0	26881.8	24946.6	34627.2	29194.0	19742.7	37264.2	39841.5	31231.0	33724.5	30709.8
Q8IW45	NNRD_HUMAN	NAXD	ATP-dependent (S)-NAD(P)H-hydrate dehydratase	4861.96			4814.8																				11415.4		9976.74	4012.3								14641.9													
Q8IW75	SPA12_HUMAN	SERPINA12	Serpin A12		1260.45	3087.32						2846.67					3347.51					1669.21	1294.3				2472.2			1057.47													2124.59		1567.67	3580.2	2736.08	3063.82	1512.6		
Q8IWL1;Q8IWL2	SFPA2_HUMAN;SFTA1_HUMAN	SFTPA1;SFTPA2	Pulmonary surfactant-associated protein A2	5178.66	3582.59	7729.83	4722.3	9638.07	5321.32	9300.56	3702.76	5734.33			6325.91		6988.39				4963.29		14041.7						5266.88	13752.1		6464.17	3290.24	4114.25		5411.8	18652.1			3098.48	6717.3		6793.24	6327.93	4829.33		3564.56			4831.96	
Q8IWV2	CNTN4_HUMAN	CNTN4	Contactin-4	6217.35	7341.98	8340.36	9257.04	20970.7	9059.45	4551.16	3230.11	6427.81	3327.09		5541.44	4457.02		8257.38	1835.73	4023.28	6940.86	3776.05	11375.7	5072.81		5257.12	8868.5	6169.63	5871.31	10902.5		5927.13	10165.0	2755.03	6313.26	4765.7	4846.91		2912.62	3947.29	2827.02	5515.99	4607.39	4611.71	9208.79	5381.88	11234.5	5053.17		4753.99	3951.71
Q8IXL6	FA20C_HUMAN	FAM20C	Extracellular serine/threonine protein kinase FAM20C	31281.2	36709.3	27319.8	35405.9	38678.0	33318.9	32712.9	20175.5	26341.3	34350.3	36071.0	30396.0	31075.4	26956.1	35747.1	25660.0	33792.1	45117.4	30487.7	46171.5	35300.3	28058.4	35385.6	46756.1	30390.2	45262.5	47344.0	26708.9	37288.6	33105.0	35545.7	48349.3	37352.3	33078.3	38169.3	37185.4	29753.4	29434.7	37957.5	25290.8	27039.1	31329.5	45875.3	35609.6	35206.4	31764.5	27749.2	28300.0
Q8IY45	AMN1_HUMAN	AMN1	Protein AMN1 homolog					4617.78		5466.61		6853.06			4668.27		3953.68	3605.66		4865.09	5404.56	5338.85											3256.07	6076.5							4875.37										
Q8IYS5	OSCAR_HUMAN	OSCAR	Osteoclast-associated immunoglobulin-like receptor	3757.89	3509.44		2626.65							2702.81			2298.32				2171.89		4023.35				7359.47	10160.3	7583.49	9784.09	4364.23	7922.66	8110.75	3779.97		7458.11	6104.33	7666.69	6100.03	5138.19	5638.18	10290.7	6117.43	7451.47	4495.96	3413.99	3370.27	2855.95	3829.29	4259.14	3901.18
Q8IZ83	A16A1_HUMAN	ALDH16A1	Aldehyde dehydrogenase family 16 member A1					5063.41		5257.12							3076.28													12365.0			4824.43			3400.17	7296.37						4084.64								
Q8IZF2	AGRF5_HUMAN	ADGRF5	Adhesion G protein-coupled receptor F5	34290.4	32469.6	41109.1	32447.3	11866.1	34055.9	52245.4	31074.3	38883.6	21848.3	49411.2	65079.6		45709.0	16469.2	40184.0	20479.0	16710.1	26853.8	27531.1	15786.3	15713.6	8181.81	52280.2	65033.0	35757.7	69556.5	17631.5	13904.1	40682.5	36082.8		15674.4	29858.1	27052.8	23374.0	34365.3	27487.7	27446.2	13681.5	29067.3	61068.2	8834.84	58627.2	49178.0	26213.2	23278.5	19168.0
Q8IZP0	ABI1_HUMAN	ABI1	Abl interactor 1	3537.77	5057.68	4419.16	4600.23					2518.12																	5769.12	5077.03			6317.23	3783.52			19982.9	2417.36		8568.48		5417.53							3508.17		
Q8N128	F177A_HUMAN	FAM177A1	Protein FAM177A1	10977.3	10461.9	8800.93	9886.01	13901.3	10394.3	15196.6	13472.5	5735.01	10679.1	11787.1	18225.7			9600.83	11882.3	13212.8	13788.1	12340.0	12929.0			15031.0	10083.4		5918.66	18144.5	8337.87	8192.23		10128.2	8476.58	10945.4	16083.1	8792.16	13712.8	10515.4	10659.4	8299.24	7892.25	9600.94	7241.59	9985.26	8531.48	9612.39	9855.47	8692.08	10961.7
Q8N149	LIRA2_HUMAN	LILRA2	Leukocyte immunoglobulin-like receptor subfamily A member 2		2319.46			3188.57	2340.65	5779.88	3058.45		2903.08	7341.4			2406.64	5693.65	5842.74	3015.71	4568.4		1360.35		4171.31	3221.32	3760.87	14962.1	1623.7		3267.59	2693.17		4886.37		2060.87	2791.13		2032.01	2740.42					3604.02	1892.66	5445.92	5347.49		3387.59	1366.85
Q8N1N4	K2C78_HUMAN	KRT78	Keratin, type II cytoskeletal 78	32493.1	13131.1	41196.6	12069.1	17354.5	8812.61	20050.1	40138.9	32507.6	25242.0	51240.8	20129.2	20931.2	33212.6	20696.3	45132.0	21588.8	23844.5	36536.3	24958.7	23439.3	21973.6	7141.63	24095.0	27195.8	7931.96	7978.92	15788.3	9882.91	26175.2	24358.6	15353.2	17055.9	11049.9	8968.88	16061.3	41634.4	11142.5	29505.6	27167.7	21387.2	22857.4	51629.3	34993.8	26169.5	27428.8	26660.3	29102.1
Q8N2S1	LTBP4_HUMAN	LTBP4	Latent-transforming growth factor beta-binding protein 4	11324.7	12933.8	15187.7	14652.1	14100.6	8293.06	9038.59	12659.5	7099.4	7416.06	9204.98				7946.2	8420.84	5326.07	8381.74	13062.7	7451.49	19400.9		16722.0	12577.6	15147.4	56863.7	32488.3	17812.4	24728.5	43947.2	33540.6	7746.12	15524.2	23260.3	22275.1	19568.2	24387.5	32830.2	25297.7	16974.4	32405.9	40040.3	17706.9	19512.8	19182.7	14155.7	16600.9	17482.3
Q8N474	SFRP1_HUMAN	SFRP1	Secreted frizzled-related protein 1					12039.6																										4655.02			13772.0														
Q8N4A0	GALT4_HUMAN	GALNT4	Polypeptide N-acetylgalactosaminyltransferase 4		3586.81																				2493.01					2950.68			3155.66	3217.98								3701.89									
Q8N6C8	LIRA3_HUMAN	LILRA3	Leukocyte immunoglobulin-like receptor subfamily A member 3	2719.21		15941.4		22699.9	13536.5	12856.1		12500.3			21566.3									39628.1			151116.0					15299.3		38668.9	61946.7											66022.5			14567.4	8630.67	10836.6
Q8N6Q3	CD177_HUMAN	CD177	CD177 antigen																								17101.8	27117.9	19913.5			5260.87		10900.7				5380.27	7758.75	11079.0					3313.56				7161.96	8282.67	10299.6
Q8N8K9	K1958_HUMAN	KIAA1958	Uncharacterized protein KIAA1958	4620.32	7755.98	25153.0	6476.71			7700.72	61971.4	15149.0		38191.8	13778.9	76083.7		72032.7			23531.6	31793.7		16514.1	26284.9	26005.2	23724.7	83651.5	23169.6	10557.6	46332.4	22367.8	42342.6	13873.4	57305.8	28050.5	65739.8	15677.9	16000.9	65611.0	28088.3		29773.2	36363.4	527693.0	49593.8	461608.0	495958.0	108099.0	112192.0	110625.0
Q8NBJ4	GOLM1_HUMAN	GOLM1	Golgi membrane protein 1	44074.0	43320.9	43207.7	45984.4	136522.0	118119.0	137043.0	31109.1	39968.3	157303.0	421233.0	164882.0	161955.0	161322.0	301034.0	55343.8	46305.0	52487.2	185446.0	252980.0	333857.0	827777.0	500115.0	145056.0	167269.0	129838.0	235002.0	201598.0	516452.0	349991.0	308245.0	168752.0	210765.0	222492.0	190068.0	204299.0	723112.0	321387.0	794498.0	254001.0	320574.0	294684.0	186595.0	327924.0	306084.0	286304.0	269764.0	284474.0
Q8NBP7	PCSK9_HUMAN	PCSK9	Proprotein convertase subtilisin/kexin type 9	468159.0	491967.0	361057.0	467622.0	356723.0	385037.0	152016.0	119220.0	326017.0	201977.0	392933.0	146248.0	122414.0	265379.0	396843.0	279340.0	548633.0	576455.0	600768.0	580264.0	341550.0	367418.0	320896.0	287555.0	463425.0	825954.0	716291.0	247015.0	577152.0	177319.0	665834.0	274198.0	772820.0	593454.0	473887.0	460827.0	352830.0	369576.0	261068.0	549271.0	348671.0	290420.0	282242.0	298732.0	289251.0	353773.0	363212.0	354323.0
Q8NBS9	TXND5_HUMAN	TXNDC5	Thioredoxin domain-containing protein 5	5780.44	3726.57	4796.18	4423.85	10001.7	3524.74	3572.61	4572.95	4559.06	5265.12		5201.69	5380.95	6612.77	5130.37	2374.15	2334.95	4555.19	4220.44	4598.86	10245.0		4381.95	4009.68	4514.36	6002.33	7057.65	4195.52	3728.55	7711.17	3304.66	3240.26	5884.14	19577.7	4524.17	6181.7	21901.1	11032.3	7804.58	6683.23	10413.6	6358.03	5110.79	6669.75	5688.25	5682.62	4042.96	4963.19
Q8NI99	ANGL6_HUMAN	ANGPTL6	Angiopoietin-related protein 6	16128.8	13786.2	16263.8	15332.6	20281.2	20453.6	10887.5	12540.5	21304.7		17427.2	10865.5		20682.7	20946.7	18174.2	21445.2	24003.4	14483.6	21491.4	37330.2	13391.7	14123.2	9746.12	11337.2	39762.2	96824.1	10245.1	22641.7	21035.1	20166.4	25864.9	31292.4	14153.5	12178.6	15078.7	11701.4	28278.2	28771.6	23046.7	25896.6	5899.16	24094.7	6130.17	6726.58	16042.1	15445.7	18082.9
Q8TCT1	PHOP1_HUMAN	PHOSPHO1	Phosphoethanolamine/phosphocholine phosphatase																			8275.16	9533.74		14201.3	5839.91		13340.9			12857.0	10380.6	5497.48										5417.84				13135.6	10504.8	12388.2	11065.8	12145.5
Q8TDL5	BPIB1_HUMAN	BPIFB1	BPI fold-containing family B member 1	274721.0	264108.0	165057.0	254781.0	115146.0	142834.0	150088.0	230061.0	162393.0	304272.0	131136.0	271810.0	153005.0	146234.0	176944.0	144373.0	239880.0	220911.0	236696.0	32331.7	103061.0	147673.0	80665.3	125614.0	30491.3	41606.5	162943.0	141646.0	116901.0	73436.2	132102.0	64176.0	110047.0	276190.0	166633.0	197628.0	55867.4	178178.0	115171.0	142817.0	184863.0	25730.0	69338.9	31978.9	26895.4	114537.0	117059.0	118084.0
Q8TER0	SNED1_HUMAN	SNED1	Sushi, nidogen and EGF-like domain-containing protein 1	17215.8	18734.6	17026.3	17566.1	26660.8	23887.6	16828.3	15089.3	15171.5	11858.6	14325.6	19501.2	10757.9	11936.8	16648.4	12203.5	16532.7	18624.0	9757.46	41574.8	9517.8	14534.9	17238.5	15116.1	25674.2	21202.1	33089.1	12278.2	18252.6	37674.3	14453.0	26662.7	14912.0	30729.6	15280.8	13220.6	31209.5	34706.0	26208.3	15795.4	33825.9	23116.5	24573.5	22275.9	20607.3	13207.7	15147.3	18043.6
Q8WUA8	TSK_HUMAN	TSKU	Tsukushi	15637.9	12802.0	8277.9	13273.3	13322.7	8041.69	13275.9	13801.4	9679.24		18402.0	11129.9	14071.2	24337.0	25119.7	47578.9	8394.8	6229.23	22353.6	89178.3	50693.3	52010.5	492179.0	19946.0	21936.2	25142.9	43916.0	7242.96	47494.2	38872.1	131641.0	173263.0	82165.2	278950.0	39185.5	40927.2	40120.2	35887.6	9364.36	40781.6	37267.7	13241.9	190100.0	14682.6	14007.9	79392.6	71459.8	70186.1
Q8WUJ3	CEMIP_HUMAN	CEMIP	Cell migration-inducing and hyaluronan-binding protein	10670.1	8641.13	10763.6	8498.94	19965.4	10406.5	9984.97	5201.04	7431.09			12494.6		5756.62	11202.5	5994.91	8233.72	9576.35	15310.6	21083.6	7363.53		9185.21	3812.93	15550.9	20340.9	19635.5	3526.33	9910.75	30645.1	9710.52	9362.35	6151.7	20541.3	14403.6	11404.2	31696.0	16632.5	27473.5	5526.96	14001.8	22428.0	8456.02	24844.1	22130.5	12883.5	13771.6	15159.1
Q8WUM4	PDC6I_HUMAN	PDCD6IP	Programmed cell death 6-interacting protein	4357.18	3468.79		3872.9	2576.75	3421.34		2638.04																		3080.62	2994.08		1924.32		3800.65			5457.72	3371.81		5759.72	2241.64							2559.37		2375.29	2218.92
Q8WVN6	SCTM1_HUMAN	SECTM1	Secreted and transmembrane protein 1	9310.58	8983.69	7779.64	10130.0	45505.5	6873.18	4700.27	5364.19	5682.95			6990.65			6328.81	3031.78	3335.03		4306.55	5432.25	5592.43	5253.9	3580.67	5178.19	9283.28	18393.8	18141.7		9009.58	35495.2	26496.9		11638.6	63081.5	3605.97	8837.57	40733.4	62752.8	13497.7	18723.6	51863.9	6599.14		7230.64	9010.93	13815.7	15590.7	14959.6
Q8WVQ1	CANT1_HUMAN	CANT1	Soluble calcium-activated nucleotidase 1		5457.18	6567.72	5192.53		5937.85											3925.4									6347.17	5452.45		8391.44															7229.78				
Q8WVV4	POF1B_HUMAN	POF1B	Protein POF1B	5162.45	3115.14	6578.37		3279.72	1906.96	4698.39	4531.26		3416.27	7045.02	1548.59		4380.35		3755.96	2086.84	2592.79	4209.95	6364.87	2784.66	3493.9		2635.31	2810.84		2915.56		2965.62	5696.19	5535.31		4636.07		3361.27	2438.42	6886.07	3816.77		4595.32	3682.6	4168.23	3377.34	9622.76	5056.62	2848.87	2586.02	3720.57
Q8WWA0	ITLN1_HUMAN	ITLN1	Intelectin-1	127171.0	125557.0	50637.8	124756.0	33172.8	24060.1	29057.6	31722.1	41000.4	34934.9	17536.5	28116.7	53995.2	50963.4	33783.9	55006.9	66390.3	48041.3	11395.8	34651.5	24460.2	10306.4	58066.9	34574.3	11863.0	16132.4	72319.3	6060.06	20597.9	24223.7	20452.0	21333.8	28887.6	14173.6	22564.1	29113.8		59492.8	26728.8	75367.3	67986.1	98662.1	21510.2	75497.5	66555.4	33242.5	26795.6	27554.2
Q8WWV6	FCAMR_HUMAN	FCAMR	High affinity immunoglobulin alpha and immunoglobulin mu Fc receptor	8026.67	8819.15	10866.5	6573.65	8859.79	22193.0	17637.5		15004.1	8955.43	20560.7	17219.5	17937.6	10004.9	22443.0	10915.1	8750.83	15214.8	11857.8	42279.7	21036.0	30663.6			57471.1	10970.3	7442.21		18822.7	12360.9	43472.7		11995.4	11374.4	22252.5	22527.2	39770.7		26077.6	9433.89		51703.4		42516.1	35846.4	15828.7	19395.4	20894.4
Q8WWZ8	OIT3_HUMAN	OIT3	Oncoprotein-induced transcript 3 protein	33424.8	33946.9	30166.4	35061.4	35180.1	42584.6	43559.2	19481.2	37064.0	22196.1	32790.3	40512.9	23177.3	32581.4	35338.5	34312.2	28210.2	29194.1	45743.3	43237.9	12243.5	59867.3	34163.6	46984.8	41920.8	53119.6	43250.3	33020.7	39093.1	65774.4	36441.3	93388.5	22703.3	39056.3	53325.8	53545.0	52677.8	38691.7	50439.7	36982.3	30477.7	44004.7	80863.6	39086.4	39919.5	34694.9	33323.0	32806.4
Q8WZ42	TITIN_HUMAN	TTN	Titin					16515.3															26058.9						2555.37	1922.24				13867.8		24245.4	8347.81	16903.8	13966.7				21780.6						8849.83	6430.49	6526.01
Q8WZ75	ROBO4_HUMAN	ROBO4	Roundabout homolog 4	55410.5	54575.4	87567.4	43549.8	241874.0	91107.9	70563.0	46235.6	97271.2	17620.1	67086.1	68595.9	88526.2	80760.5	48858.3	82037.8	29284.9	43821.0	53929.7	106570.0	101332.0	94271.5	129371.0	109431.0	165645.0	109170.0	152915.0	46099.6	84774.9	141273.0	82257.7	71286.4	58130.2	129587.0	44566.3	38490.8	107356.0	192070.0	132077.0	69797.1	181750.0	147346.0	64679.5	164937.0	155461.0	101178.0	98206.5	102099.0
Q8WZA1	PMGT1_HUMAN	POMGNT1	Protein O-linked-mannose beta-1,2-N-acetylglucosaminyltransferase 1	4104.6	4708.82	6502.11	5405.67	3876.54	4880.25			6441.04	4065.46			3286.19				4576.94			5785.43						7950.86	7332.55		5939.16		5393.57		3135.18	4048.39		5641.03		4849.42			6042.78	8503.82	4249.74			4655.03	5023.23	3284.76
Q92187	SIA8D_HUMAN	ST8SIA4	CMP-N-acetylneuraminate-poly-alpha-2,8-sialyltransferase	32697.6	32150.6	34724.2	33264.5	25692.0	30569.8	36568.6	35107.2	34668.1	27524.5	30636.2	42879.1	27524.2	44827.3	44121.7	27867.3	38260.2	29699.0	39462.1	7856.04		35846.2	18588.8	40061.2	85155.3	82489.6	32220.1	32550.6	25087.8	16884.7	42481.5	18217.3	17501.4	41077.1	48069.6	47655.2	32216.3	22718.1	43393.2	19203.1	21215.6	34916.7	18575.6	41161.5	39456.6	30792.5	32864.5	30500.2
Q92484	ASM3A_HUMAN	SMPDL3A	Cyclic GMP-AMP phosphodiesterase SMPDL3A						3965.08	11392.1		3965.55			8794.57				5394.89		3558.27	5500.43	7450.92	12369.5			12793.7			3915.14			3226.89		10404.4		1915.59				3285.91	3608.18	3493.39		5293.46	9463.98	6390.27		6158.29	4533.91	
Q92496	FHR4_HUMAN	CFHR4	Complement factor H-related protein 4	27025.2	34450.7	27261.1	30475.6	102060.0	46442.8	189080.0	55085.1	42868.7	105088.0	112466.0	238108.0	117809.0	38528.4	50104.5	16437.9	156676.0	241109.0	31425.0	60897.5	208016.0	91341.7	134237.0	106725.0	33546.2	80595.3	31946.1	126161.0	173575.0	18616.4	61628.1	143774.0	118400.0	281887.0	51544.4	56730.2	81558.6	111484.0	127064.0	72934.5	105192.0	51119.7	168090.0	50776.5	60126.8	109966.0	116400.0	105820.0
Q92520	FAM3C_HUMAN	FAM3C	Protein FAM3C	29359.9	28283.9	25034.0	30912.4	73022.2	21516.0	14490.6	13776.2	18677.7	16425.7	7794.03	15618.0	8334.01	10366.9	15832.5	12726.2	9451.22	9381.9	10431.2	13570.1	23301.8	10341.9	25257.5	13840.6	8799.42	25586.3	31875.0	18548.0	28088.7	37798.9	43723.8	10787.5	16433.3	70937.5	22301.8	21567.3	53361.4	70185.9	31538.9	38458.1	73395.5	24395.2	13657.0	27769.6	23950.8	21741.4	27335.6	24207.9
Q92614	MY18A_HUMAN	MYO18A	Unconventional myosin-XVIIIa						1236.18				2353.73	3505.49																				2431.58			9237.67			4033.39		1981.99									
Q92619	HMHA1_HUMAN	ARHGAP45	Rho GTPase-activating protein 45	7831.46	6547.37		3688.42											7496.65				6514.24					6101.04	6169.76		2326.7			6792.75	10035.4		5582.26	12998.7			5965.75		6210.87		3862.34	3147.53		3756.88	5112.43	5371.21	4650.68	6995.19
Q92626	PXDN_HUMAN	PXDN	Peroxidasin homolog	6570.94	9345.73	3293.06	7263.31	6210.6	9598.66	11783.9	3961.2	4577.26		9913.57	8828.82		13295.4	7630.31		7914.13	7064.87	8682.74	31756.5	12549.8	10327.0	10455.9	14418.4	14851.7	12438.9	10342.6	9656.24	12088.1	7445.69	11320.4	15969.1		12963.4	7417.14	10068.7	12558.2	5228.42	8819.87	3948.14		6229.95	10808.2	7699.05	8956.56	7618.43	7548.06	7674.99
Q92673	SORL_HUMAN	SORL1	Sortilin-related receptor	3213.01	3708.18	3320.43	4103.1	3518.0	4414.58	6444.66		4422.71		5048.37	5638.16		4862.05	5212.65		3166.85	3058.27	9098.0	5809.05	2457.63		3911.86	8673.51	11101.2	5867.69	5115.99		7102.53	13709.3	5937.98	4113.21	5950.08	5322.56	6747.37	5939.27	5230.2	3513.95	3988.69	4116.74	4132.69	7016.8	1519.52	10889.7	9225.18	4077.72	4717.52	4791.7
Q92688	AN32B_HUMAN	ANP32B	Acidic leucine-rich nuclear phosphoprotein 32 family member B	9358.52	9036.88	3201.86	10964.9	9781.2	7460.6	7053.14	3614.3	5100.08	7465.54	5206.73			2912.28	4955.58			2688.57	13878.8					6892.99	14032.9	5883.5	4076.55		2392.41	9102.81	20081.4		5844.88	62190.7	5680.41	4997.65	10075.0	3047.48	14386.8	6409.07	4171.87	4562.39		3696.4		2475.45	12983.8	14653.9
Q92692	NECT2_HUMAN	NECTIN2	Nectin-2	653.169				6440.68																	3748.83	3595.67		3159.18	1973.84			3625.53	4748.66				8308.92	1837.83		3634.35	6392.67	5002.76		4011.63			3892.33	6377.04	3909.19	3498.0	4519.23
Q92743	HTRA1_HUMAN	HTRA1	Serine protease HTRA1	8811.07	10386.9	16622.8	12803.1	26819.4	13590.0	32572.7	13102.8	20001.1	21046.6	51740.4	38576.0	17738.9	18784.5	40316.6	19697.2	25279.4	29940.4	34378.4	33230.0	80298.6	31698.7	66692.3	26900.2	34599.4	32540.5	30748.2	19439.2	51955.8	32610.4	54604.2	58054.1	32745.0	38497.3	48664.5	42073.8	33395.5	21726.9	55068.2	38361.5	22536.3	26360.9	55734.2	33213.6	32403.6	35392.6	35384.0	43409.8
Q92820	GGH_HUMAN	GGH	Gamma-glutamyl hydrolase	22467.6	19030.7	32622.7	20393.8	50487.6	26761.0	157739.0	35647.5	30293.6	50835.4	59107.6	136699.0	44982.6	48124.0	73488.2	42522.0	44984.8	49313.1	56192.5	96164.4	77001.5	44476.4	100756.0	69864.5	35179.8	52818.3	40650.5	72938.3	64664.5	25658.2	65582.1	107644.0	24646.8	43601.0	56363.0	60401.6	39576.9	35285.9	55831.4	18602.3	35091.9	67742.1	101971.0	73128.9	71270.6	54023.6	48049.5	52411.1
Q92823	NRCAM_HUMAN	NRCAM	Neuronal cell adhesion molecule	1458.69	1652.12	2882.54	1730.5	4688.97	4206.25	3890.44		3256.97		2313.56	2805.83	5092.46	4063.53	2587.69	2818.05	2660.45	1553.52		8329.15	3508.08	4258.54	2791.08	2283.01	6276.0	2696.75	2760.7	2217.96		2401.11	1250.87	2231.04	1619.71	3069.82		2403.19	2131.88	3511.26		788.834	3047.44	4176.86		2974.88	3403.19	2545.0		2893.17
Q92859	NEO1_HUMAN	NEO1	Neogenin	21439.9	20565.4	23327.5	22124.6	27771.0	24214.2	35634.9	26444.9	28024.7	16696.3	16199.2	34819.7	31552.6	23912.6	23544.1	23419.2	17678.0	18665.0	13434.8	44254.1	42078.3	15171.5	30948.3	28559.4	41171.6	30311.3	43023.2	12678.8	24854.3	40399.3	17583.6	23891.9	21965.1	26209.8	16264.4	12312.3	26236.1	35567.3	23105.7	18572.0	26811.3	32080.7	22244.9	42927.1	36364.3	25431.4	22010.5	19332.6
Q92882	OSTF1_HUMAN	OSTF1	Osteoclast-stimulating factor 1	6691.64	4946.9		11385.1		8576.74	2627.95	6342.23	6456.32	6205.84					10759.9				7023.19						5727.32					7040.81	4844.9			15652.4						3659.79				6504.67	6480.36	6723.58	3930.02	4891.22
Q92896	GSLG1_HUMAN	GLG1	Golgi apparatus protein 1	22911.8	25397.2	29069.0	20624.2	15774.9	21051.2	32008.3	22919.3	26585.1	26751.4	13958.6	28317.3	10979.9	18892.1	21663.6	15388.4	6351.56	6808.71	30871.2			15732.3		2881.5	4573.17	26198.7	9904.99	46045.6	8395.45	20433.6	50228.0		13766.5	1730.69	24591.1	32114.4	14651.9	26056.0	51277.6	14022.4	24456.3	20571.0		20684.2	15445.2	13828.6	14565.4	11183.3
Q92928	RAB1C_HUMAN	RAB1C	Putative Ras-related protein Rab-1C	24459.6	24254.2	9989.09	21376.3	14224.5	22196.4	4335.72	8611.17			5286.37						6917.54		25714.3				6860.52	10088.7		24766.4	21858.8		4950.41	38601.9	14328.2			31243.6	5966.91	9092.61	21017.2	9259.69	12262.7	6868.67	7705.27	32340.9		29475.5	20701.1	11375.9		7008.02
Q92930	RAB8B_HUMAN	RAB8B	Ras-related protein Rab-8B	4007.8	4142.15	2397.69	4470.79		4342.94		3661.65						4885.58					5832.16					3410.19		2981.88	4894.93			7302.7	3946.71		3664.64	8137.77							5396.56	7061.46		7852.61	6216.34		5247.88	
Q92954	PRG4_HUMAN	PRG4	Proteoglycan 4	230022.0	237359.0	237879.0	220657.0	110371.0	303607.0	204421.0	185417.0	224555.0	260738.0	255068.0	236226.0	257942.0	306975.0	193720.0	287634.0	391302.0	369935.0	261202.0	320444.0	277889.0	369207.0	342768.0	302648.0	163469.0	175588.0	169294.0	181215.0	293998.0	94204.7	301444.0	346227.0	185536.0	136305.0	290750.0	285506.0	99967.9	132840.0	241554.0	273519.0	116921.0	201158.0	306431.0	206548.0	218811.0	203350.0	200618.0	213717.0
Q92973	TNPO1_HUMAN	TNPO1	Transportin-1	3325.39	4081.91	1317.78	3065.96	682.213	1094.03		991.931											1601.78							2009.34	2182.02			2384.82	1950.26		1353.26	4584.89	1403.19	2048.75	4715.15	849.698		738.761	812.441							
Q93063	EXT2_HUMAN	EXT2	Exostosin-2	13324.2	15615.2	17735.9	15364.3	19535.1	19475.7	7240.71	8124.43	15866.6	11776.7	7748.0	7121.33	16920.4	15813.4	18553.8	12094.6	11559.0	12506.8	7382.85	38394.9	18939.3	10334.5	25787.9	15186.2	16146.1	16793.6	25707.6	5425.34	15141.0	18710.4	19176.0	19629.0	17339.9	17935.6	10401.5	10558.8	25686.9	16643.7	20092.5	16650.9	16702.6	15120.2	21726.3	19870.0	15946.9	12997.7	14200.8	14689.3
Q93070	NAR4_HUMAN	ART4	Ecto-ADP-ribosyltransferase 4	4862.66	4395.21	5628.11	4175.8	5464.29	3755.13	3143.66	2587.15	3880.9	5854.12	8331.55	3965.68	4963.36		7176.14	5000.75	3711.69	3927.04	3817.93	8704.1	4057.48	9193.11	8519.53	4775.19	8532.22	7257.35	5827.37			8867.23		4439.51	6178.72	4142.36	6672.24	2582.08	4802.43	11114.9	4719.03	2234.58	8166.06	12723.9		8737.01	8898.59	7556.91	5571.2	5878.5
Q969P5	FBX32_HUMAN	FBXO32	F-box only protein 32															73369.4																																	
Q969X6	UTP4_HUMAN	UTP4	U3 small nucleolar RNA-associated protein 4 homolog																				6236.27																												
Q96BP2	CHCH1_HUMAN	CHCHD1	Small ribosomal subunit protein mS37	56193.4	57009.2			66142.6																107354.0		77115.1		52860.4	30340.6			79745.6		52985.3				72840.7	76395.9												
Q96C19	EFHD2_HUMAN	EFHD2	EF-hand domain-containing protein D2				1838.18	1603.52					2666.13					1465.21				3103.39	1601.86		1817.57	1329.12	1356.75	3350.79	1613.43	2271.45	2136.58		3075.93				6713.95			3736.26	2992.93	5138.21		1346.66	1926.09		1364.53			1976.57	
Q96CX2	KCD12_HUMAN	KCTD12	BTB/POZ domain-containing protein KCTD12				3406.81	4475.84	3504.82	2723.4					4617.89	5343.64		4963.21			2184.36		8222.76			15232.2			5162.97	5259.39			3034.81	5611.62	3769.88	4612.41	9714.54				2786.81		5342.11			6174.88	2381.8			5917.74	6406.92
Q96DA0	PAUF_HUMAN	ZG16B	Pancreatic adenocarcinoma up-regulated factor	13049.1	4131.13	16064.4	4807.06	8761.69	4467.15	13055.9	11066.4	18843.2	21214.9	14528.3	8677.93	24651.6	30573.4	6355.2	41080.6	11191.1	26466.6	14066.6	9166.38	26743.5	5456.62	11356.5	8875.28	20790.2	4877.45	10793.8	12449.6	10362.7	27739.7	14070.6	9742.63	6289.28	10815.2	5187.65		10169.5	18734.5	8017.33	28646.2	25257.4	6553.55	27424.8	9285.77	34542.8	21412.2	22125.7	18522.8
Q96DC8	ECHD3_HUMAN	ECHDC3	Enoyl-CoA hydratase domain-containing protein 3, mitochondrial																				21211.3	9141.34	10273.7							2241.03					8368.61										7552.72				
Q96F07	CYFP2_HUMAN	CYFIP2	Cytoplasmic FMR1-interacting protein 2	3029.7	2201.93	2593.4					2646.28	1756.45					2218.6												3152.94				2322.0	2616.09			7121.82											2506.38			
Q96FQ6	S10AG_HUMAN	S100A16	Protein S100-A16	2877.0		6074.59	1913.87		930.918		3215.09	4429.46		6217.62			3403.37		6800.99	2816.65	3849.04	4645.01	4171.62	1989.27	4073.39	1205.15	3363.32	2775.36		1966.34	4424.45		7057.32	8226.33	2733.18					4673.37		5010.84	6080.63	3901.1		5860.66	2029.05		3160.13	3096.39	
Q96G03	PGM2_HUMAN	PGM2	Phosphopentomutase		3146.77		5079.88	23911.7			25649.5							9838.34				1619.41	11193.1			9514.56		3133.75		8169.18	13645.3						9926.05														
Q96I15	SCLY_HUMAN	SCLY	Selenocysteine lyase																				6390.61							1460.55									1418.59									2078.85			
Q96IU4	ABHEB_HUMAN	ABHD14B	Putative protein-lysine deacylase ABHD14B	9834.95	7554.01	1896.4	8146.78	6531.02	13647.0	4011.23	3127.34	1943.13	2014.37	1399.89	3159.84		615.719	2098.18	2031.51	2041.81	2477.87	5751.21	2934.72		1500.28	1931.14	1553.2	2322.53	3580.63	3632.18		1170.94	9644.15	3285.64		1858.47	8384.86	3907.28	2029.27	6005.66	2687.65	2124.28	3070.45	2134.33	5862.86	3259.93	6117.33	5654.67	2280.09	3228.49	3742.23
Q96IY4	CBPB2_HUMAN	CPB2	Carboxypeptidase B2	814432.0	884285.0	858640.0	782157.0	584108.0	934279.0	516967.0	751011.0	883005.0	731286.0	557126.0	535683.0	684402.0	618463.0	866716.0	817107.0	827299.0	847311.0	481395.0	756834.0	603928.0	681601.0	953882.0	741205.0	638187.0	472691.0	715474.0	555605.0	766561.0	442890.0	721546.0	854339.0	562086.0	811084.0	763918.0	783996.0	590714.0	686845.0	415719.0	847428.0	648539.0	569797.0	787783.0	608637.0	598803.0	656013.0	620443.0	613638.0
Q96JQ0	PCD16_HUMAN	DCHS1	Protocadherin-16			3788.73		4637.92	3637.09	2627.17				3457.9	3025.71		2697.13			2291.84	3156.43		5395.35		6070.87		5503.7	3555.59	5408.7	4283.58	3362.97	4534.15	4843.79			2371.31	2539.79	1924.46	1416.83		2471.02	3032.31	1560.46	2561.52	3150.91	2825.15	2872.4	2697.23	2899.06	1488.76	
Q96K62	ZBT45_HUMAN	ZBTB45	Zinc finger and BTB domain-containing protein 45		1560.84	3841.48		3544.85	10025.7	8341.6			4490.2	26093.1	9200.21	24906.7	2533.03	20705.0	12727.8			11885.5	14550.9	26536.6		30204.7		10798.3	1895.09	4333.17	12996.1	9343.87	14983.1		18647.0			24811.3	23014.3	11325.7		21342.9	10704.8	5765.02	9318.89	17689.1	11962.4	12605.6	12814.1	13522.2	12845.3
Q96KN2	CNDP1_HUMAN	CNDP1	Beta-Ala-His dipeptidase	585304.0	655764.0	332606.0	608004.0	213121.0	263257.0	273221.0	373302.0	371821.0	590724.0	312339.0	252916.0	216152.0	304576.0	110026.0	456802.0	628069.0	614659.0	217842.0	262782.0	232996.0	167607.0	347171.0	435055.0	326936.0	117283.0	127862.0	343998.0	192530.0	167991.0	278532.0	367419.0	206086.0	164299.0	411413.0	386755.0	94496.0	193348.0	48436.4	393411.0	195997.0	174164.0	325527.0	169875.0	167933.0	213543.0	219061.0	213941.0
Q96KP4	CNDP2_HUMAN	CNDP2	Cytosolic non-specific dipeptidase	11388.8	9954.14		8295.86	2161.12							2860.17								8957.33			4938.6	2421.66		2698.33	4072.82			5201.32				5494.41			6162.18		4045.3	3408.55					3222.41			3722.76
Q96NU7	HUTI_HUMAN	AMDHD1	Probable imidazolonepropionase																				2722.21											2005.42			3627.05	1019.14					5512.66								
Q96NZ9	PRAP1_HUMAN	PRAP1	Proline-rich acidic protein 1					5477.17			1636.39			4878.12	2697.39		5759.16	3837.52	2010.99	2673.19	3048.45	3039.0		35100.1	3810.48	5690.52		3031.57				5191.11									2925.96		3537.94	4744.56		1810.01		3217.27	6037.96	6211.23	6622.97
Q96P63	SPB12_HUMAN	SERPINB12	Serpin B12	48208.9	22460.8	51660.5	18223.6	19720.0	14778.8	27923.8	44551.8	49827.5	42036.3	60029.0	25563.8	50314.0	45936.1	13804.2	43980.8	33744.6	30888.1	51304.2	32770.6	34996.0	29423.4	11643.2	33753.4	46254.3	16545.3	17091.6	35834.1	17806.2	42539.0	39692.8	24495.8	36851.1	21559.8	21493.5	24300.5	59041.3	19917.5	36594.7	49051.3	33527.8	33438.6	70329.3	39075.8	41154.8	34832.3	33121.5	29197.9
Q96PD5	PGRP2_HUMAN	PGLYRP2	N-acetylmuramoyl-L-alanine amidase	1125550.0	1078450.0	1655250.0	1201450.0	1926120.0	1678500.0	887482.0	1536680.0	1818050.0	1276760.0	1124400.0	993828.0	2847350.0	1679090.0	1578210.0	1717190.0	1514890.0	1494990.0	892927.0	663469.0	1676320.0	867297.0	962537.0	1192040.0	989328.0	651086.0	445484.0	1043280.0	675159.0	574645.0	551220.0	1293460.0	1481180.0	349296.0	999760.0	937543.0	910542.0	920309.0	789440.0	849738.0	931250.0	1004890.0	1212490.0	971151.0	1031440.0	819117.0	806954.0	830664.0
Q96PL1	SG3A2_HUMAN	SCGB3A2	Secretoglobin family 3A member 2			641.198		1618.51		7215.33			1852.25		11116.1	2908.93																								4658.02			2640.1				644.945				980.358
Q96QA5	GSDMA_HUMAN	GSDMA	Gasdermin-A	6108.57	5256.92	4548.59	3568.13	2118.28	1185.27	2096.68	3146.15		2338.98						1851.93			3679.37							1969.78	1901.4	1622.08	2063.66	4854.23		2127.34	2977.8				5206.75		1907.32	3334.92		3605.15	6142.74	3562.1	3231.82			
Q96QR1	SG3A1_HUMAN	SCGB3A1	Secretoglobin family 3A member 1	22665.6	30149.2	15434.1	28394.2	19320.4	27024.1	113357.0	48988.2	17628.4	34985.5	30637.7	115845.0	12951.4	26308.0	33027.6	32901.9	20647.8	19938.3	3633.09	11899.6	60830.3	19928.5	42379.8	29973.7		8596.25	44760.3	38686.8	43230.6	4554.09	14345.2	46621.3	26454.5	32758.2	13513.6	16981.4	28153.0	21233.8	34770.1	40316.9	21367.0	13083.1	33077.0	11067.8	12894.4	24939.7	24961.3	26683.8
Q96RD9	FCRL5_HUMAN	FCRL5	Fc receptor-like protein 5	2654.83	2556.03	3383.81	3251.01	5194.5	7040.59	5866.52	4113.36	2920.96	7287.42	9591.1	8352.77		8603.21	9545.12	7134.61	9703.33	6877.69	7147.01	6514.06			4978.2	3451.91	23963.4	16049.4	18697.5	11478.6		8715.19	11770.9	7478.26	9022.03	7931.72	12348.5	11355.0	16229.4	5736.42	7681.24	5852.01	5847.15	6522.63	6150.32	7665.39	8427.78	6632.21	8940.13	8406.23
Q96RW7	HMCN1_HUMAN	HMCN1	Hemicentin-1	921.313				1094.18				895.557					1044.01		1421.3					5247.19	2016.94	3635.41	2036.28			1867.79												926.705	1069.24	1105.71		988.067		2722.55		1409.41	2041.47
Q96S96	PEBP4_HUMAN	PEBP4	Phosphatidylethanolamine-binding protein 4	10679.0	11653.8	7933.67	9978.08	47153.3	11088.9	7972.75	17048.3	6392.32	4211.45	10122.6	9850.11	17171.1	9676.06	22927.7	17891.8	4469.18	7076.54	8155.83	9337.19	29868.8	11623.4	10491.9	12797.1		8787.18	4067.84	13319.1	16879.0	15785.7	7025.47		9862.1	22099.4	5990.08	7102.28	16479.5	28602.2	3646.36	7718.33	26933.3	14685.8		13107.7	11556.4	8450.93	8660.27	9775.5
Q96TA1	NIBA2_HUMAN	NIBAN2	Protein Niban 2																							123264.0																									
Q99436	PSB7_HUMAN	PSMB7	Proteasome subunit beta type-7	37703.0	41889.5	18507.6	38501.2	51660.6	33434.8	30966.2	24209.4	26433.6	14868.2	42450.8	28092.9	16333.4	23193.3	19215.6	28365.1		13049.8	42653.6	116571.0	17540.5	68633.4	51007.1	15459.7		93534.5	118022.0		36025.3	90302.8	230085.0	24645.8	28247.6	99663.2	33752.2	22661.2	82620.0	62332.4	56874.1	118398.0	65545.6	18804.3	14804.0	22707.1	22355.0	36481.5	32215.2	
Q99439	CNN2_HUMAN	CNN2	Calponin-2	6706.05	6314.64		6632.25	5134.44	9174.31													8030.01					8095.17		5924.44				14787.7	5070.65			12000.4			6338.65		3360.14			6079.72		7526.61	6596.98			
Q99497	PARK7_HUMAN	PARK7	Parkinson disease protein 7	21302.6	24132.2		26108.0	15187.5	18100.7	13709.8	12097.9	11404.8		16036.5	6119.5						9478.21	23303.7							15699.7	10571.9			20356.4	6391.3				15136.2		24570.4				9274.47	12745.6	8160.6	12646.8	11765.4	10989.8		14641.3
Q99536	VAT1_HUMAN	VAT1	Synaptic vesicle membrane protein VAT-1 homolog	9134.94	9874.67	9476.94	9135.8	9657.55	14199.0	13773.4	13988.6	13873.2	27121.2	25890.0	15369.0	25940.2	33832.9	14546.6	16934.0	12824.2	13204.7	19420.2	21004.7	15198.9	18568.4	23793.4	14028.1	24124.7	15608.8	35777.0		9441.77	22729.6	20390.3	7557.95	15272.5	59134.4			9073.35	17576.4	17429.4	16655.0	24803.9	10639.8	3442.35	12876.7	22359.8	17107.8	16349.0	17884.7
Q99542	MMP19_HUMAN	MMP19	Matrix metalloproteinase-19	27082.9	28724.7	22286.7	26682.9	37207.3	26273.4	45058.4	24817.5	21085.0	27120.3	40704.3	42346.5	31152.5	37182.7	26569.8	30720.7	23194.1	21164.7	38502.4	63108.4	45926.1	35859.8	39617.4	40069.1	96160.5	65495.9	65653.2	29994.6	36195.0	59255.2	52991.3	67191.6	91674.9	55949.2	56058.8	62891.9	110597.0	82930.6	61688.2	27871.6	83981.1	38029.6	66293.3	42170.8	44041.3	55405.7	51495.6	56301.2
Q99574	NEUS_HUMAN	SERPINI1	Neuroserpin	2660.71	2103.35	1359.49	1655.48	1490.31	2559.6	2468.23	1459.15	2468.83	1565.29		2845.04		737.842			1074.58		3107.36	1290.28		2879.43			951.715	1455.8	1352.12	3160.58		2125.43	2482.98		2618.41		2575.64	3748.05	1122.07	1952.96	2738.03	1495.07		1642.51		2144.15	1800.06	1103.35	2313.57	2254.98
Q99650	OSMR_HUMAN	OSMR	Oncostatin-M-specific receptor subunit beta	9494.74	8558.01	12448.5	11134.8	13789.6	2892.29	2746.77		9359.06					2378.83		5703.77				2488.53	8545.71			6762.91		3651.24	12867.6			12393.0	1859.57		3371.27	7698.36			3105.47	14132.0	3036.62	2563.93	16748.8	14334.0	3732.52	18434.4	16040.1			1731.58
Q99715	COCA1_HUMAN	COL12A1	Collagen alpha-1(XII) chain	19494.8	19330.6	9920.44	18553.1	42666.4	10656.2	12606.3	6584.91	11530.5		10373.5	10159.8	12343.8	10426.7	13285.8	10313.1	8153.16	8704.18	19267.9	29139.9	23504.4	16234.9	39202.5	15134.2	10812.6	59326.2	46726.1	10889.9	22403.4	38066.0	50527.8	18227.3	9699.5	55580.9	14877.0	17788.5	23852.5	18312.5	18100.0	25522.4	19892.1	18148.1	20824.8	17427.8	16723.5	18817.9	21112.0	20745.6
Q99731	CCL19_HUMAN	CCL19	C-C motif chemokine 19																											19430.8																					
Q99733	NP1L4_HUMAN	NAP1L4	Nucleosome assembly protein 1-like 4	6783.23	4235.39	3203.64	7067.36	3786.71		7428.63					4931.17							5394.25	2534.55						7273.5	5597.03			3584.86	3640.25	3510.83	5839.68	9447.48	5127.26	4254.74	26471.7	4996.43	5987.71		3895.48		2593.53		2418.35	3225.89	4391.37	4985.24
Q99784	NOE1_HUMAN	OLFM1	Noelin	11382.3	12943.8	6668.22	11866.0	19513.5	9776.09	14964.9	9199.72	12941.6	13620.5	16883.8	8096.03	18543.3	29332.9		15571.8	5660.63	9297.24	11344.7	12375.2	43332.8	23484.3	11920.9	10809.5	26326.0	7905.66	6369.22	24866.9	13442.4	12071.7	10456.1	8429.91	7634.81	12361.9	11572.1	14387.5	8384.05	23877.5	9101.89	16343.6	21770.1	12039.0	5423.58	9075.48	11990.0	15565.3	14853.2	13165.1
Q99798	ACON_HUMAN	ACO2	Aconitate hydratase, mitochondrial																				8826.37																												
Q99832	TCPH_HUMAN	CCT7	T-complex protein 1 subunit eta	2894.99	3905.11		3046.39		1929.89																		2213.73		2856.81	3561.1			2645.49				7154.67	2250.01		8827.72					1353.78		1679.81				
Q99941	ATF6B_HUMAN	ATF6B	Cyclic AMP-dependent transcription factor ATF-6 beta	3784.19	3805.74	3941.87	3742.7	5055.0	6027.31	7708.81	2960.7	3559.05		5891.65	4414.21				2353.23	3963.06	4894.54	5645.63	4791.86	8392.64	9608.06	4152.55	4179.24	4580.87	5030.05	6486.93	5328.96	6598.33	4302.61	7882.79	4239.38	5548.3	10455.7	5333.67	6141.37	5306.02	4595.99	6032.45	5995.48	5833.99	4952.58	2567.31	4131.7	4382.96	5687.9	5955.48	5821.4
Q99969	RARR2_HUMAN	RARRES2	Retinoic acid receptor responder protein 2	41103.9	47844.4	55205.8	46625.1	171679.0	70940.8	70345.4	54766.8	54539.0	75179.0	69336.5	54618.2	78444.6	69686.2	73757.1	77323.4	83970.3	92315.8	59681.7	77124.6	188237.0	124375.0	111539.0	41853.3	34619.8	49066.9	37646.7	89342.1	154217.0	41382.2	95984.9	80822.0	90373.9	121372.0	116056.0	98621.3	149842.0	105955.0	140466.0	142182.0	90709.3	53527.3	75629.1	61191.4	53724.5	74250.5	87614.2	84571.9
Q99972	MYOC_HUMAN	MYOC	Myocilin					4336.06															3772.36						7086.71	5657.66			5349.98	2891.98		3518.11								2221.69							
Q99983	OMD_HUMAN	OMD	Osteomodulin	50811.7	49080.9	36913.0	46763.0	61256.4	14692.5	40596.3	13615.4	29214.7	16342.0	13661.9	43490.5		9467.07	32669.5	11816.5	41193.2	35024.6	21577.7	14396.3	14210.2	6808.93	71904.1	30135.5	11514.1	44857.8	98736.6	13302.8	32448.7	31683.1	64158.0	28695.5	4980.63	49831.3	31129.1	34103.1	48996.3	32051.1	21191.8	26903.5	31115.8	61066.3	41944.5	47374.9	49000.5	22046.5	21482.0	19313.3
Q9BQ51	PD1L2_HUMAN	PDCD1LG2	Programmed cell death 1 ligand 2					5723.53								4665.45	6975.15		5529.35											2899.88							4885.9				5049.02	4993.28		7693.66				7263.3		3666.21	
Q9BRK5	CAB45_HUMAN	SDF4	45 kDa calcium-binding protein	19623.5	19249.3	11684.1	15969.2	10967.4	12163.2	13918.2	7825.84	14970.2	7814.54	17441.1	19903.0		9139.21	15437.5	8524.37	11153.4	12341.9	26201.2	19756.5	28889.6	26210.6	37122.9	15702.1	25644.3	31626.5	37466.7	11944.1	32601.0	35196.3	52548.6	23429.1	28659.2	24659.9	32810.4	33584.1	22585.3	22047.1	19503.4	19569.9	21058.9	21862.7	19407.1	23701.8	21626.1	25296.3	25423.3	24532.5
Q9BRX8	PXL2A_HUMAN	PRXL2A	Peroxiredoxin-like 2A					3931.7															7239.45							2297.95																		5835.93			
Q9BS26	ERP44_HUMAN	ERP44	Endoplasmic reticulum resident protein 44	8489.28	9034.46	14223.4	6229.03	10050.3	17482.8	10824.2	8239.09	13854.6	8831.1	7681.79	9746.83	18115.1	8815.26	10384.3	11345.6	18445.5	19325.6	11092.0	10235.1	7677.84		9313.72	18527.0	11154.8	11716.2	10705.0	7824.37	7992.16	12940.8	11034.6		6990.49	10748.0	7637.86	9815.52	11896.7	5646.88	13409.1	23029.5	6023.81	6097.8	12362.1	8798.57	5682.07	12761.1	7733.5	9223.1
Q9BTT0	AN32E_HUMAN	ANP32E	Acidic leucine-rich nuclear phosphoprotein 32 family member E	4280.44	5618.39		4609.83		3835.36		2113.01		2379.35									4533.07					4524.51	7019.36	1291.94	2280.87			5833.02	9765.92			37798.7			2997.94		5457.46	3876.98		2651.89		4811.27	2597.89	5784.64	7359.98	6031.96
Q9BTY2	FUCO2_HUMAN	FUCA2	Plasma alpha-L-fucosidase	21602.9	24054.6	38537.7	21044.3	25974.3	45199.9	55129.3	23971.7	37032.4	29411.9	44806.2	53836.4	26419.9	30845.7	61514.7	40739.1	21860.9	24364.0	26552.7	30891.6	34844.6	34092.8	57607.5	48675.9	67655.1	27481.5	74792.4	31451.9	32832.6	43770.0	21542.9	63213.1	21149.7	83246.4	94244.6	90898.8	32921.2	42154.1	49950.9	17348.2	37754.5	55910.4	59176.4	58329.1	59803.4	43120.0	43080.5	43113.1
Q9BUD6	SPON2_HUMAN	SPON2	Spondin-2	13235.3	10368.2	14787.5	11833.3	56933.3	11821.1	10719.7	2384.44	7921.95		11043.4	9882.37	9774.8		24772.1		9114.13	10165.4	9003.5	22752.5	23331.8	26386.7	31347.0		20534.3	37009.9	44974.5		27342.1	51005.7	26488.8	17899.3	32481.2	46929.1	24674.5	20618.5	38553.1	38642.5	30662.2	21040.1	34579.2	25435.3	17773.0	36033.8	36453.8	23489.9	18863.0	21190.8
Q9BUN1	MENT_HUMAN	MENT	Protein MENT	53875.7	57950.6	56231.5	59401.9	86935.5	45986.7	62601.5	96234.6	58366.8	60662.5	45522.6	63467.3	59296.1	29879.4	46855.7	64213.8	87315.0	70293.6	57464.2	48145.1	19950.9	22720.5	100313.0	43618.4	44158.3	40375.8	32000.0	48271.4	52573.9	29238.8	47055.7	46000.9	38862.1	26349.2	71175.7	66122.0	51485.3	43996.3	53570.1	61359.2	44084.1	26033.2	56801.9	25764.3	31820.1	54310.4	54051.5	50938.2
Q9BWD1	THIC_HUMAN	ACAT2	Acetyl-CoA acetyltransferase, cytosolic	5266.13	6757.21	3383.25	3537.57	2478.46	3227.7	6042.15	2387.3		3355.73	4832.19	5263.34	4492.14	4284.35	3246.14	3161.35	2144.83	8492.99	9536.28	36240.4		8830.01	1985.72	5004.58	5062.35	9836.56	11835.8	6738.15	8667.53	10015.1	7073.4	4810.64	5008.4	26258.1	10433.8	7694.47	8886.14	3668.97	3593.94	14665.7	4719.58	7354.9	3834.25	7941.89	6748.27	5849.88	6814.01	6327.85
Q9BWP8	COL11_HUMAN	COLEC11	Collectin-11	230121.0	226139.0	147312.0	223791.0	236927.0	180854.0	117754.0	115152.0	145517.0	116063.0	150524.0	102765.0	100285.0	183393.0	114983.0	94982.9	156157.0	187267.0	103611.0	343711.0	203436.0	109244.0	158776.0	207929.0	273991.0	326757.0	373713.0	99971.9	194434.0	254163.0	112055.0	156993.0	117127.0	170831.0	84735.5	80582.2	163798.0	275228.0	183533.0	122496.0	258329.0	149479.0	146556.0	152495.0	142402.0	132665.0	123466.0	134846.0
Q9BXD5	NPL_HUMAN	NPL	N-acetylneuraminate lyase	2031.19	2626.1	2196.29			2627.15	1797.82													13733.3		14910.1	6518.37	3399.63	4182.3	6628.27	22724.3		10106.8	5109.78	4778.64		1918.89	17494.8				5341.61	4819.98	3658.76		2742.88	3621.66	5453.7	7051.03	5491.35		4077.22
Q9BXN1	ASPN_HUMAN	ASPN	Asporin	70606.9	75638.1	60191.2	80717.5	90652.3	70222.2	56151.0	41657.9	56850.8	33833.9	34445.2	64748.4	34231.6	38233.0	59421.6	49484.3	40000.9	39939.9	41128.1	71424.9	24279.2	28293.4	51654.1	48833.1	88529.8	50803.6	106220.0	52540.9	54615.5	89716.5	63140.7	44006.8	46300.8	113691.0	53939.6	59362.3	42095.2	70849.2	71721.7	58030.1	80547.5	70223.4	52738.6	80531.7	75272.0	50054.0	66455.4	68036.2
Q9BXP8	PAPP2_HUMAN	PAPPA2	Pappalysin-2																					8401.21						5236.66		3569.93	2654.83		2697.83		1639.83	3632.85	4067.23				2324.18						2240.14	1478.0	
Q9BXR6	FHR5_HUMAN	CFHR5	Complement factor H-related protein 5	79045.4	91795.7	84716.5	86357.5	100070.0	82419.7	194429.0	137237.0	86416.5	112355.0	265939.0	159396.0	105510.0	68033.8	120928.0	179995.0	160112.0	195397.0	201263.0	128721.0	128848.0	233602.0	172164.0	244958.0	50791.6	128245.0	120534.0	262203.0	357303.0	109297.0	182892.0	251473.0	181276.0	335898.0	340850.0	359096.0	316880.0	181009.0	245897.0	160007.0	162357.0	95035.6	259189.0	97644.1	70677.8	174661.0	202306.0	168500.0
Q9BXX0	EMIL2_HUMAN	EMILIN2	EMILIN-2		4353.0	3830.26	3257.4	4472.18	3060.13	3547.06					5957.41			5310.71				12167.4	9559.87		8095.75	9171.03		20673.7	24286.3	37065.5	15758.6	10471.1	25331.6	16771.6	5791.81	10124.3	10188.4	6593.44		20207.8	11042.6	24489.6	7593.52	10165.2	19266.1	5280.17	20761.3	20597.2		8853.59	6509.11
Q9BY43	CHM4A_HUMAN	CHMP4A	Charged multivesicular body protein 4a	9122.54	7062.84		9534.17	6904.5	10185.1	5854.42		3411.54					4267.88			4201.53									6905.52	5918.39			3522.8			3185.97	25735.3	3256.61	6600.78	21733.3	5823.82	4627.55	5218.98	5210.74		2450.48			7636.11	7749.99	6049.61
Q9BYE9	CDHR2_HUMAN	CDHR2	Cadherin-related family member 2	11990.1	9354.22	115023.0	9473.29	3492.51	35515.5	373124.0	33115.4	83123.7	52081.5	75403.5	331540.0	174912.0	62723.7	272058.0	141374.0	46770.4	54803.2	184793.0	238703.0	79191.8	1035990.0	33581.8	31878.6	548828.0	140949.0	113649.0	177622.0	525511.0	1036760.0	456566.0	103665.0	223906.0	226820.0	108637.0	101767.0	88761.4	43165.8	1429290.0	50207.3	46501.2	2058760.0	95631.8	1632340.0	1631080.0	430035.0	509431.0	438467.0
Q9BYF1	ACE2_HUMAN	ACE2	Angiotensin-converting enzyme 2																			2272.14	1758.23					1929.47					10095.6						2193.88						3775.36		2434.68	4619.78			
Q9BYJ0	FGFP2_HUMAN	FGFBP2	Fibroblast growth factor-binding protein 2	9465.23	12219.6	7110.96	13832.6	26045.9	10526.7	11905.2	10138.5		8148.23	11053.7				26579.2	6457.8	13872.1	12840.5	7320.46	14305.0		21029.8	13859.8			7993.43	30745.6	20876.2	12007.1	4972.1		7126.66		12470.1	10144.1	8986.2	8492.7	14475.6	12364.1	6329.36	12803.4	12849.2	7578.39		13307.6		13359.2	14333.9
Q9BYZ8	REG4_HUMAN	REG4	Regenerating islet-derived protein 4	3838.42	4333.29		4876.11		2566.16															15107.8		14836.7			2367.59	3686.21		7834.6		5521.7			5870.09					3129.63		22412.0	4104.94		3390.68	5634.27	3380.48		2784.71
Q9BZQ8	NIBA1_HUMAN	NIBAN1	Protein Niban 1	5900.73	5120.96	2139.22	3956.13	3661.62	4707.03	3367.04			5823.19	6271.48	4350.76			7448.16				5844.85	5094.55		11459.1	2874.6	14168.3	9241.94	4435.12	8794.99		3215.78	6950.07	8370.05		8112.12	34485.4	6267.38	6025.2	8575.67	17750.5	8564.29	3857.38	17941.3	4123.28		4550.66	3486.06	6889.3	7334.1	7532.36
Q9C0C9	UBE2O_HUMAN	UBE2O	(E3-independent) E2 ubiquitin-conjugating enzyme	10944.8	10362.1	3103.27	10905.6		5702.64	5185.23	6562.89			8208.8						7814.93									6704.21	4635.51			2239.12			2743.87	4925.36	8398.32	3934.01	15206.4				2190.77	1795.31	4682.04			5873.09		2596.25
Q9GZN8	ADSSP_HUMAN	ADISSP	Adipose-secreted signaling protein	5674.97	3926.37		3903.88		8784.34		2044.4													6693.97					3975.91				4338.79	2044.24			10371.6			11482.3			2468.34						2144.3	3302.48	
Q9GZP0	PDGFD_HUMAN	PDGFD	Platelet-derived growth factor D	15455.7	12856.4	11080.6	13107.6		18961.1	8346.92	13777.6	20597.5	8835.05		10156.5			10598.6	10168.2	12969.8						6320.89			9315.35	18450.5	13593.4		6977.43	8315.91		8133.67		5262.49	9807.58			10258.8		7840.28	6701.35		8273.17	8171.25	10556.4	9249.47	9558.98
Q9GZP4	PITH1_HUMAN	PITHD1	PITH domain-containing protein 1	33424.9	28728.3	8927.25	24541.0	30024.8	25255.5	20440.8	30244.7			25707.0	21599.5			14855.1	17528.4	24234.0	26715.7	21786.6	13779.1			9590.85	13046.0	8140.36	24037.8	26141.6			24703.5		12975.3	14545.7	81433.8	16755.1	18199.6	127348.0	23540.7	17657.6	17114.9	27827.8	16536.5	17397.9	12335.2	12794.7	21750.0	29312.8	19750.8
Q9GZZ8	LACRT_HUMAN	LACRT	Extracellular glycoprotein lacritin	2812.59	1785.44	6324.8		2007.16				13265.5	32316.4	19304.2			17316.7	4913.58	9549.03	9251.97		9457.16		10912.0			5445.65	5124.51			8832.5		8157.68	5774.01								2866.22				8009.02	3741.84	8494.77			8025.09
Q9H082	RB33B_HUMAN	RAB33B	Ras-related protein Rab-33B						54191.8		35115.3		12480.6		16509.3	4700.31					12816.9	55425.2			9519.97	19932.0	22887.6	21514.4																						34168.9	
Q9H159	CAD19_HUMAN	CDH19	Cadherin-19	7192.94	6193.49	7584.07	4927.04	8801.64	6328.89	4845.62	4348.71	5255.26			6503.39				4883.35		6140.4	3582.43	6434.23	2736.62		3277.37	4225.02		7075.5	15049.5		4853.9	3553.64	4038.4	6292.62	5624.63	4907.93	1483.54	3097.0	4629.59	4568.21	6649.67	2591.89	5075.93	6167.9	5119.44	6447.44	4427.64	3631.48	4541.37	4525.1
Q9H173	SIL1_HUMAN	SIL1	Nucleotide exchange factor SIL1	3811.36	2947.53	3384.24	3341.25	2073.15	3074.21	2527.68	1300.38		1720.8	3590.13		3637.29	4258.14	2583.95		2485.26	3609.29	2000.14	6971.86	9700.35	2807.06	6717.16		3861.11	14804.8	7812.44	2327.48	8581.72	6911.47	12299.7	5489.73	6882.82	5165.33	6313.23	5426.33	6341.74	2899.29	4893.06	9017.05	3032.6	3496.1	5044.65	2121.25	3195.68	3100.45	2067.31	3003.69
Q9H1B5	XYLT2_HUMAN	XYLT2	Xylosyltransferase 2	39180.1	35591.8	33518.6	39170.1	13920.6	27476.6	20989.9	33690.6	28022.2	21673.7	12920.1	25488.9	14348.7	22158.9	30329.6	16424.8	16685.3	17079.6	24799.8	2712.75		10416.8	2904.49	4645.78	6628.19	24858.4	15476.2	34222.4	8288.8	16990.6	36145.3	5517.74	15956.9	8165.89	21279.8	22378.9	12170.9	19103.2	51656.9	11574.2	19511.2	13920.8	5178.24	16952.9	15427.9	18427.1	16941.0	16676.5
Q9H1R3;Q32MK0;Q86YV6	MYLK2_HUMAN;MYLK3_HUMAN;MYLK4_HUMAN	MYLK2;MYLK3;MYLK4	Myosin light chain kinase 3	5326.65	4480.14		4684.98	1098.75																									3819.76							4500.84					529.313		1961.21				
Q9H299	SH3L3_HUMAN	SH3BGRL3	SH3 domain-binding glutamic acid-rich-like protein 3	253970.0	318581.0		297198.0	123971.0	234212.0	38959.6	127078.0						139011.0	66934.9				222995.0		28747.4			65368.0	71887.0	83242.9	48561.0			144565.0	73150.7			209233.0			133771.0	98014.1		86675.4	102569.0	165401.0		176128.0	165775.0	105483.0	130709.0	83061.0
Q9H3R1;O95803	NDST3_HUMAN;NDST4_HUMAN	NDST3;NDST4	Bifunctional heparan sulfate N-deacetylase/N-sulfotransferase 3			11183.3		13893.3				12735.8			25087.1	42513.0			73821.1	32992.4	29611.6	84481.7	22394.7		21549.9	25648.6		38132.7	13712.9				34091.4	21526.5													62114.8	58074.6	34663.8		
Q9H3S1	SEM4A_HUMAN	SEMA4A	Semaphorin-4A	2379.0	2133.24									2762.74						2567.69	2460.15	1883.12					3815.88	7705.55	5039.18	3029.3			6674.35	4776.45			3176.16	3574.58	3455.08	6070.21		5150.51	2883.45	3349.72			3214.62	1605.45	3069.24	2483.86	3436.53
Q9H4A4	AMPB_HUMAN	RNPEP	Aminopeptidase B	6354.45	8173.87	7823.87	6929.86	4706.49	5433.39	7500.32	6882.42	5331.68			7300.23		14797.1	9072.85			5761.74	8804.4	15247.3			11125.4	4114.52	7415.65	9913.99	27546.0		6388.84	12275.1	9726.6	5011.4	7676.98	22824.0	9924.75	9720.97	9114.04	11585.2	13850.5	9054.11	12182.4	9515.19	5523.02	9772.01	8083.42	8486.54	8122.77	9094.15
Q9H4B7	TBB1_HUMAN	TUBB1	Tubulin beta-1 chain	111480.0	123969.0	57177.3	108242.0	42960.5	108493.0	37738.8	95472.7	69984.5	40424.0	50287.4	21926.4	48302.0	60506.7	39038.8	25247.1	24740.0	26442.4	98984.6	7526.1		23151.9		59247.2	41021.2	85363.1	40522.4	35224.5	7559.4	113961.0	41770.8	5346.74	43075.4	104832.0	23312.9	20802.6	83714.9	22260.0	50525.1	32080.0	23573.7	40864.1	4924.13	49174.1	45447.4	40496.8	40120.8	41203.8
Q9H4G4	GAPR1_HUMAN	GLIPR2	Golgi-associated plant pathogenesis-related protein 1	39209.1	37396.7	36365.3	37028.2	12532.0	59101.4	27862.1	15534.7	34756.3	12418.2	12153.5	16319.2	31522.5	29012.0	22098.8	13927.0	11572.8	23933.7	25093.6	46359.7	15903.7	16961.5	14428.3	36851.7	26007.8	19547.9	61982.5	12568.3	15694.2	23732.5	14379.0	20547.6	10584.6	51104.3	15561.6	14211.6	20686.5	35236.8	16043.2	28018.0	27625.8	27145.7	14837.1	30701.5	27616.0	17665.1	16493.7	17752.5
Q9H4M9	EHD1_HUMAN	EHD1	EH domain-containing protein 1	23907.0	22967.4	10356.9	20381.7	11622.8	12598.6	3833.78	13560.5	10903.4	4436.71		6162.12	7012.83	9355.37	7812.86	4527.76	3715.38	3923.83	18821.5	4366.92		5226.8	3362.77	10056.9	7190.51	21773.2	16128.2	7048.77	4085.88	24015.3	11619.7	3436.05	7067.25	24715.0	5870.97	8670.39	13457.6	12618.3	13547.0	5973.38	13472.1	13064.9	2219.26	15671.9	12647.6	8243.17	8919.24	7868.2
Q9H6X2	ANTR1_HUMAN	ANTXR1	Anthrax toxin receptor 1	5939.02	7241.86	3708.4	7306.58	21140.3	3619.25	3156.54	6768.31	5273.12	4761.21		3221.13		3167.64	5851.13	4057.0	2798.63	2680.09	2511.7	4511.58	6616.75		8075.42	3051.18	4050.03	6128.04	9640.95	1383.24	3943.75	7913.77	1132.92		4990.62	4113.7	2507.05	1962.28	4617.82	5453.28	5448.75	5382.82	7950.71	3952.63	3326.84	6211.7	8665.4	4203.42	3826.42	5546.49
Q9H8L6	MMRN2_HUMAN	MMRN2	Multimerin-2	33349.3	31059.0	36027.9	36419.9	30269.1	28513.0	27732.5	26034.6	36177.0	16895.6	20594.3	32784.2	33692.9	22115.8	24954.8	35698.2	24715.1	26026.9	15495.2	20161.3	16047.8	25939.9	26009.4	27874.0	28497.3	23019.1	43208.7	21849.8	23026.5	24607.6	12691.4	18615.6	17408.4	26526.9	22094.5	24943.7	19589.0	36819.8	23945.1	27300.9	39057.8	35063.1	16364.6	34116.3	38904.3	27588.1	25643.4	27041.0
Q9HAV7	GRPE1_HUMAN	GRPEL1	GrpE protein homolog 1, mitochondrial			2413.8		3418.79			2206.48												6528.56																												
Q9HBB8	CDHR5_HUMAN	CDHR5	Cadherin-related family member 5	4113.19		8188.34		6449.5	6959.79	7966.68	7467.28	6849.36	4266.4	5621.6	9947.0	8987.04		7424.97	9531.04	8768.96	4048.13	5664.29	6655.1	6892.9	13139.0	7728.57	3779.13	6061.61		8573.42		6018.03		3929.1	7572.86	4806.92	5230.1					5711.47	3635.43		15841.4		5311.44	9836.36	3697.16	5200.1	3837.32
Q9HBI1	PARVB_HUMAN	PARVB	Beta-parvin	66858.8	72065.0	16836.1	65010.6	35070.0	63358.3	9060.61	34736.0	16380.5	5819.38	5321.44	10466.5	15596.1	18544.4	7214.54	7828.47	9292.0	8162.88	61735.2					17643.9	7344.16	30889.8	7257.59	17897.3		51652.8	7850.76		5242.14	11218.8			37694.8	8179.24	13377.6	11578.2	4184.39	49793.8		75845.0	57660.9	15406.5	22104.1	17926.9
Q9HC38	GLOD4_HUMAN	GLOD4	Glyoxalase domain-containing protein 4	7720.53	7073.21	1900.75	6402.67	3804.22	3171.69		2156.81									2052.75	1844.01					1659.83			4053.5	3428.44			3964.2	1313.1			8002.61	2432.05	1806.06	8697.74	1670.24	6738.25		2098.65	3904.73	1904.83	2168.04	2704.32		1746.19	
Q9HCB6	SPON1_HUMAN	SPON1	Spondin-1	9847.57	11132.4	8212.1	10609.3	44386.7	14168.7	7061.94	9269.15	10365.5		7524.35	9524.76	17796.8		12059.0	7442.27		6936.33	9499.26	22986.7	12282.3	8235.15	19857.7	9821.83	8206.92	23659.7	24268.2	6156.84	7702.39	13967.5	8847.19	12844.4	8706.55	29328.0	5441.07	8360.81	18900.9	21516.8	10573.0	10651.4	21797.0	13375.3	12358.6	15028.2	15345.4	13402.5	13983.2	15266.8
Q9HCL0	PCD18_HUMAN	PCDH18	Protocadherin-18	108912.0	129096.0	103919.0	112366.0	135453.0	110462.0	102530.0	60267.5	95322.3	72924.3	60929.6	122276.0	120742.0	75239.9	94777.6	78190.8	84522.1	79631.1	68945.2	158882.0	90835.4	69114.5	120766.0	120040.0	99550.0	166634.0	137370.0	89699.6	116489.0	119750.0	74237.6	140950.0	94540.3	164160.0	99443.6	94071.8	118726.0	152199.0	122026.0	57986.1	138376.0	108369.0	169828.0	116074.0	99190.6	75836.6	86507.6	87212.3
Q9HCN6	GPVI_HUMAN	GP6	Platelet glycoprotein VI	304621.0	373127.0	24331.2	359584.0	64836.4	89968.1	34274.7	66447.6	26423.5	22976.0	4738.13	32709.1	32747.4	88857.0	19066.8	12494.1	7218.27	7494.35	74155.1	3150.22		14428.7	10029.2	13611.8	22078.7	83174.1	11401.3	24735.4	8676.92	50593.2	21148.8			14879.9	20270.1	14921.9	109484.0	15420.5	27054.4	25586.6	11938.3	118382.0		130035.0	137086.0	27961.8	34634.9	37508.4
Q9HCU0	CD248_HUMAN	CD248	Endosialin	138456.0	117822.0	77681.8	123405.0	324261.0	85534.0	82362.3	57480.1	87098.0	82503.7	65940.1	67519.9	95679.9	74846.8	161116.0	121253.0	33002.3	52727.9	91350.3	218429.0	178436.0	127355.0	207564.0	232945.0	134427.0	313837.0	387917.0	43711.2	100248.0	310688.0	202196.0	77844.3	110084.0	198516.0	69698.9	111881.0	146048.0	195308.0	108056.0	124958.0	239836.0	195384.0	106230.0	220946.0	177860.0	105819.0	98149.1	92213.1
Q9HCY8	S10AE_HUMAN	S100A14	Protein S100-A14	7715.3	5448.82	11918.1	5653.52	4422.14	2176.23	6640.49	7557.8	10600.3	3144.51	8894.34		7098.95	7368.26	3246.78	9670.51	3381.02	5032.44	7173.51	7256.62	5449.99	4248.36	4179.64	5779.32	7551.26	4355.8	2862.19	7969.21	4104.87	9081.53	15410.0	5936.23	7720.13	3812.76	2832.19	4346.29	14171.0	4823.91	5192.07	6971.39	7164.51	6876.6	8459.09	5202.6	6508.88	5570.83	7307.04	5647.75
Q9HD89	RETN_HUMAN	RETN	Resistin		1364.68									2062.16								6347.08	2098.46				14894.8	5675.8	5606.07	3437.02		1835.09	8717.42	3115.39			6580.68			13458.1	7492.86	22628.9	5573.96	4222.0			3780.72	2660.22	4480.18	5848.2	5765.85
Q9HDC9	APMAP_HUMAN	APMAP	Adipocyte plasma membrane-associated protein	161199.0	181268.0	156765.0	179471.0	230063.0	141381.0	208229.0	162418.0	129142.0	217484.0	158797.0	186652.0	133127.0	185950.0	135614.0	162475.0	260739.0	269324.0	207081.0	125608.0	124530.0	150178.0	198794.0	208524.0	118658.0	222318.0	172731.0	222357.0	162373.0	144386.0	270099.0	243543.0	217898.0	311991.0	195545.0	192062.0	163608.0	90613.6	157441.0	144575.0	93062.2	99129.7	275351.0	99359.9	95318.5	150895.0	152226.0	152673.0
Q9NP55	BPIA1_HUMAN	BPIFA1	BPI fold-containing family A member 1	5937.66	4234.7	5793.42	5419.84	5274.74	4008.08	5456.9	6746.5	6006.44	6610.04	5819.94	2903.79	4732.94	3534.9	3163.48	15712.5	23770.3	22143.5	3722.81		2492.72		3149.94	2735.43	3807.34	2243.18	5201.58	2332.57	3552.92	3053.15	5983.66	1382.23	6287.57	7157.85	3284.65	3976.6	5578.56	4314.4	3475.57	8205.14	4425.6	2200.46	2366.67	1532.95	2428.69	4186.35	4483.03	6209.32
Q9NPG4	PCD12_HUMAN	PCDH12	Protocadherin-12	28390.6	29393.1	22955.3	29108.2	21891.8	30806.4	19621.1	25012.5	20528.0	10132.7	24224.0	19965.0	14074.1	15094.2	21376.9	12167.4	13678.8	13708.1	13588.6	20912.4	19964.5	13916.3	8445.43	29755.2	36766.3	22863.7	26194.2	10856.8	17610.9	15982.0	12627.4	24328.7	10973.6	19854.5	20875.4	18593.5	17368.0	29326.9	41606.3	6961.22	29960.2	21879.9	25480.5	20990.9	20209.8	17964.5	19857.1	19695.5
Q9NPH3	IL1AP_HUMAN	IL1RAP	Interleukin-1 receptor accessory protein	136366.0	128522.0	149876.0	124991.0	182769.0	146489.0	97451.1	123288.0	141906.0	102322.0	70048.2	96800.4	132444.0	79887.6	81464.4	95545.2	181641.0	198261.0	63333.5	185274.0	141537.0	82374.2	149978.0	98307.2	71174.6	68059.9	132312.0	85529.8	102993.0	72038.5	80103.6	125846.0	111080.0	123712.0	84972.1	75842.2	114066.0	76408.3	83300.8	126376.0	75747.9	69533.6	118808.0	77483.7	84052.1	79733.6	84861.4	85119.4
Q9NPR2	SEM4B_HUMAN	SEMA4B	Semaphorin-4B	19230.9	21055.3	23473.3	21761.7	22675.4	17478.4	30206.3	19529.3	23722.0	16476.1	12803.8	24570.6	26912.2	22599.4	44875.2	19983.1	24436.1	32425.5	21618.1	28794.1	39310.1	36562.9	26472.0	27572.8	37435.9	37163.0	57925.3	20354.3	37042.0	42082.3	32864.2	26150.8	35819.2	40905.8	34789.8	38382.3	26743.3	45596.4	29164.5	19463.6	40845.6	37527.0	28469.7	39874.9	35335.3	28888.3	31941.7	29670.1
Q9NPY3	C1QR1_HUMAN	CD93	Complement component C1q receptor	23866.3	17449.4	26349.5	15690.4	96679.0	28418.0	44320.3	31272.8	31521.5	18466.1	29447.5	43456.5	51708.5	31398.5	21243.7	41281.8	20312.0	11767.7	24104.8	65760.6	51033.8	64545.1	83996.8	54807.8	85899.8	33415.3	41674.8	26462.6	32709.3	54634.5	25655.6	39085.4	39942.4	89158.8	36322.8	32337.2	102157.0	72741.2	63244.1	29877.5	62183.8	34911.7	31287.6	48288.1	49089.4	47733.7	46357.7	47500.7
Q9NQ30	ESM1_HUMAN	ESM1	Endothelial cell-specific molecule 1	9143.93	10390.6	13036.3	8012.87	32461.3	4596.52	6104.3	7177.49	10850.0		3307.89	4702.79		5931.8	19168.8	5566.54	9239.4	4171.42	20269.1		6368.04		12213.4	4885.31	7002.31	38609.3	24251.8	13233.0	15825.4	26170.1	64797.1	6747.16	4376.76	23975.0	12877.6	11867.9	2963.79	12819.2	6843.01	12083.2	22659.2	8561.64	10706.7	13774.2	11287.4	10855.5	16548.2	11926.7
Q9NQ79	CRAC1_HUMAN	CRTAC1	Cartilage acidic protein 1	168054.0	186630.0	155211.0	189213.0	129547.0	111710.0	157281.0	105402.0	145180.0	71446.9	99423.4	145914.0	77165.8	87222.5	124338.0	93554.4	115712.0	132646.0	67011.7	175994.0	76828.0	84127.8	138833.0	176655.0	54283.0	123427.0	114268.0	87912.9	95404.3	125619.0	48670.6	97414.9	79520.9	84045.0	49999.1	52746.9	93142.6	84908.2	115753.0	113193.0	84383.1	119497.0	93088.3	121659.0	110964.0	71521.5	73981.1	74837.0
Q9NQC3	RTN4_HUMAN	RTN4	Reticulon-4	2509.94				3498.46																					2707.62	2725.05			3087.57	10855.0			74468.0		3118.03	5532.16	6127.53	6030.8									
Q9NQR4	NIT2_HUMAN	NIT2	Omega-amidase NIT2	1383.86			1638.37	918.922		818.795	806.589		820.79								663.636		2130.89						1031.8	923.164			1322.83	816.309			1549.11				345.908	778.896	1010.07		1216.85		998.068	1110.71	753.439		734.524
Q9NR12	PDLI7_HUMAN	PDLIM7	PDZ and LIM domain protein 7	5980.02	3656.52		4137.02	3255.57	17048.7		5859.57	1505.51										9873.5							6033.39				11601.7				5086.12			8246.52	1634.36		1890.65	1896.81	9868.34		8819.54	8172.6	2732.07	1889.4	3434.03
Q9NR31	SAR1A_HUMAN	SAR1A	Small COPII coat GTPase SAR1A	12867.7	14800.2	2907.6	14282.8	6877.31	22389.8	1587.82	8054.52	1845.52					6175.74			4350.12		25928.4	6080.83	3157.38	1147.57		9165.19	3823.81	11149.3	3208.85	5286.79	2380.42	21831.5	3444.44			10795.5		4563.71	10850.7		3479.23	4415.21		21320.2	1847.66	20000.6	18877.2	5330.16	5810.22	7565.61
Q9NR34	MA1C1_HUMAN	MAN1C1	Mannosyl-oligosaccharide 1,2-alpha-mannosidase IC		56661.6	22020.0		18534.9	85424.8	25321.8	68244.7		58905.5	19205.1	61043.2	25007.3		22364.1	17078.6	111995.0		53495.8	5369.7	61328.8	6308.4	29631.1			46769.7		20722.2	34341.0			57067.2	39754.0			38063.9			16800.6	43480.7	28347.5			50310.1	48306.4			35772.9
Q9NR99	MXRA5_HUMAN	MXRA5	Matrix-remodeling-associated protein 5	7093.03	6687.47	5192.85	9568.09	16653.9	4766.16	8039.44	7570.71	4664.52		2524.51	7023.33		7324.47	4600.48			7032.18	12076.6	9268.35	13264.6	8065.48	13427.5	5897.4	7795.84	24593.4	15855.0	8676.97	9650.16	10116.3	21323.8	9084.01	6769.5	20788.1	9162.72	8310.41	9060.95	13830.4	8810.36	6665.61	15651.2	13208.4	8332.02	8961.13	10122.5	9404.16	8438.51	8724.61
Q9NRB3	CHSTC_HUMAN	CHST12	Carbohydrate sulfotransferase 12	2151.17	2416.23	2965.66	2525.95		3208.11	4872.96		2630.93			2705.13								1893.79					3742.64	4910.96	7203.1			5785.71	2228.66			5000.92	3740.8	4667.34	3671.89	5708.11	4953.87	2049.5	4628.28	4957.41		4169.09	5206.47	1655.56	1243.07	2049.4
Q9NRN5	OLFL3_HUMAN	OLFML3	Olfactomedin-like protein 3	9593.83	10029.4	8285.73	8152.5	16487.8	13298.1	8431.46	6118.13	13063.1	7946.02	9538.06	5815.14	7752.1	11615.8	7796.05	9142.02	7965.08	6288.66	5847.29	13764.5	18977.1	9682.93	27609.5	5110.18	7570.1	11316.8	26542.2	3646.83	12794.5	13270.9	11173.4	10208.9	2817.76	13320.5	8500.54	8905.98	6937.43	21519.6	6072.61	14422.7	14926.7	13506.0	12121.6	11469.1	14839.8	8814.82	10141.6	9431.55
Q9NRR5;Q9UMX0;Q9UHD9	UBQL1_HUMAN;UBQL2_HUMAN;UBQL4_HUMAN	UBQLN1;UBQLN2;UBQLN4	Ubiquilin-4	8590.7	12736.2												671.011																																		
Q9NRW1	RAB6B_HUMAN	RAB6B	Ras-related protein Rab-6B					28807.9				19395.4					22071.6														14158.9	11567.4	60500.9			16599.3	40090.7						16225.3				57651.9	48445.5	32684.1		34100.8
Q9NS98	SEM3G_HUMAN	SEMA3G	Semaphorin-3G			2328.26		3442.47	2929.12		2579.15	1953.93		2657.23	3673.98					5634.39	3036.86		6416.79					2002.0	1549.85	3748.61			7122.8		2026.73	2898.14									3827.24		6435.53	6531.76	3124.36	2240.91	2221.95
Q9NSB2	KRT84_HUMAN	KRT84	Keratin, type II cuticular Hb4																			15132.0								10649.3											20013.8									2382.25	
Q9NT62	ATG3_HUMAN	ATG3	Ubiquitin-like-conjugating enzyme ATG3	6936.93	7524.36	1011.73	7932.29	3724.52	3966.45	2471.79	1956.48	1349.81		3790.51						2949.77		4410.84	1370.24			1025.61	2927.2	3679.45	6202.86	5440.12	1951.7		5405.11	4545.42	2031.2		12736.6	3940.62		10884.9	3633.0	5577.71	2513.31	3822.29	2020.5	3232.96	3021.44	2700.04	2973.86	3242.95	3024.18
Q9NTK5	OLA1_HUMAN	OLA1	Obg-like ATPase 1	12572.0	10500.7	3341.18	10575.5	6096.62	7496.25	4942.16	7873.94	1927.64			4664.36		3285.9		3824.43	4980.76	5224.61	6763.67	7648.45		2555.2		3069.72	3534.99	12984.2	9683.08			6601.39		7691.26	3768.75	11121.0	4911.92		9469.17	4123.82			3600.14	4619.15	5849.08	3696.09	3192.49	3794.13		5245.04
Q9NUJ3	T11L1_HUMAN	TCP11L1	T-complex protein 11-like protein 1												12482.7																					1709.59															
Q9NUQ9	CYRIB_HUMAN	CYRIB	CYFIP-related Rac1 interactor B	15879.4	20307.2	15305.5	12281.7	26806.3	18824.1	2706.28	12889.7	15054.2	7740.83	9514.62	14130.2	15307.1		16469.9	15052.9	12718.3	13446.5	19674.3	13131.0	15096.1	23406.8	26722.4	14599.1	20183.5	27088.1	26612.6		14120.7	27615.7	32860.4		17621.8	100335.0		10068.1	26118.4	39073.5	34889.1	15053.0	41956.6	17602.3		18197.6	18058.8	19845.5	21695.6	23306.5
Q9NY15	STAB1_HUMAN	STAB1	Stabilin-1	3765.58	5161.13	6987.31	4163.59	10920.1	4693.75	10185.8	7872.8	8114.58	9636.22	1433.05	10479.4	5879.92		4988.57	4276.01	4146.81	5845.19	5512.32	5214.88			3528.78	6457.15	7516.9	5734.29	3088.89		3159.35	8744.61	4604.01	4426.91	6156.49	4281.09	2839.44		7370.62	8896.85	7599.41	4691.77	9473.54	5517.55	3566.27	5589.44	5396.86	3839.61	2317.88	3815.54
Q9NY97	B3GN2_HUMAN	B3GNT2	N-acetyllactosaminide beta-1,3-N-acetylglucosaminyltransferase 2	38015.2	44606.4	32843.6	45820.4	32920.3	42822.8	35923.7	33019.7	37224.1	38803.4	43722.1	42710.0	50706.8	35369.1	27263.0	32692.5	32260.3	29908.5	22892.1	32161.3	42420.5	39252.0	38755.5	27220.3	48223.1	32616.3	43215.9	22839.5	33030.4	38104.3	20615.7	20457.6	24767.7	34899.1	36165.9	38076.6	28612.1	37522.4	36198.6	22078.8	34527.1	47734.2	30509.0	38440.9	42230.7	28656.8	29410.9	31418.6
Q9NYU2	UGGG1_HUMAN	UGGT1	UDP-glucose:glycoprotein glucosyltransferase 1	4749.7	3691.38	3422.12	4348.45	2842.02	4292.88		2999.94	2271.43	3644.96		3272.27					4611.82	3479.32	4230.41	5190.08	12570.6	1892.95	6319.39		2113.92	4343.03	4021.06	6578.01	9841.67	6445.92	7500.41	4409.31	5683.14	5336.8	5700.91	4492.41	3898.02	4435.68		7596.52		3945.53	5485.88	2983.74	2801.86	5492.42	3563.76	4445.51
Q9NZ08	ERAP1_HUMAN	ERAP1	Endoplasmic reticulum aminopeptidase 1	26258.0	27907.3	14140.5	28042.1	25592.3	41393.5	48870.0	14314.8	9317.42	41059.7	21811.6	42562.8	40313.7	28329.9	18816.4	68292.7	51963.1	55209.9	44695.9	23860.6	85267.4	36470.8	53065.5	15100.9	45552.9	59506.3	71973.2	21405.2	84535.2	38020.0	34847.5	41017.0	14778.7	20950.5	65624.1	76001.2	31145.7	22757.2	47116.1	55998.2	25172.6	42649.1	38404.6	46343.9	42258.6	41552.8	42020.1	41546.1
Q9NZK5	ADA2_HUMAN	ADA2	Adenosine deaminase 2	4982.07	5885.3	10838.6	4844.08	10830.7	7801.08	22089.7	7066.36	12432.4	6915.62	10287.9	24177.0	7484.46	10216.9	11999.5	8723.64	7961.82	7282.8	7485.89	5858.84	18309.3	15324.1		8750.01	26183.0	34731.6	31674.2	9589.61	15381.6	15183.9	6983.69	8287.35	27302.3	30251.0	18211.1	15765.0	12688.7	53897.3	10967.6		54515.9	23067.3	8532.98	17964.0	19509.5	18138.1	13823.4	17658.9
Q9NZL9	MAT2B_HUMAN	MAT2B	Methionine adenosyltransferase 2 subunit beta	1144.03	2046.72	1554.07	1696.91		1677.62											1872.48			4833.97			5147.83	1428.14	1469.59	4847.27	7870.21	1630.62	3886.15	4792.41	2281.1	2591.83	1244.93	11471.2	2577.59	2655.94	2793.16	2357.03	6744.14	5000.88	3157.68	2717.22	1549.16	2187.23	1383.21	2641.2	1595.19	1905.32
Q9NZN3	EHD3_HUMAN	EHD3	EH domain-containing protein 3	6795.61	7560.67	1750.03	6301.25	3328.96	2034.26		3034.72	2869.38					2059.99					1321.0							5211.0				5672.73							4930.43					3354.06			3371.25			
Q9NZN4	EHD2_HUMAN	EHD2	EH domain-containing protein 2			2188.33	1841.6	6470.33		348.444			3903.6		3573.54								2754.89			6873.82	3402.16	2566.71	3183.28	2828.18		3591.46	6418.44	8161.97		4589.41	20655.7	2571.59		8096.74	7200.38	2519.51	3456.67	6855.02		2056.67	3096.1		7731.41	6124.91	5897.19
Q9NZP8	C1RL_HUMAN	C1RL	Complement C1r subcomponent-like protein	406527.0	416066.0	376471.0	398543.0	431003.0	624650.0	443106.0	467069.0	639130.0	715173.0	389353.0	491066.0	728691.0	632768.0	446910.0	578623.0	598845.0	623365.0	375181.0	309292.0	609410.0	501887.0	509516.0	411013.0	473014.0	284496.0	353113.0	389461.0	425807.0	296120.0	278218.0	471867.0	603476.0	306521.0	408822.0	450963.0	337922.0	522379.0	285965.0	410271.0	484474.0	365361.0	452992.0	392813.0	424967.0	299394.0	323655.0	320721.0
Q9NZT1	CALL5_HUMAN	CALML5	Calmodulin-like protein 5	6660.89	5276.17	12950.0	12094.5	17780.1	10705.0	13359.1	9811.85	20579.7	14323.4	27681.3	14466.1	23363.8	19349.3		11540.0	14884.3	27844.1	19255.6	14945.8	32940.4	14584.8	8361.79	6569.5	14180.8	5601.1	6376.85	18748.9	15290.5	6088.76	17902.3	25021.8	12890.7		16346.6	12159.6	20194.3		16553.7	16703.7	11386.6		38004.1	9356.99	39039.6		15500.4	8680.88
Q9P0Z9	SOX_HUMAN	PIPOX	Peroxisomal sarcosine oxidase																				5364.28										829.566									1249.43			1822.06		3042.17	2035.07			
Q9P232	CNTN3_HUMAN	CNTN3	Contactin-3	16264.6	10763.5	22403.0	17476.3	13403.4	33047.5	30296.7	36798.6	29954.5	23390.7	22981.5	37290.9	29248.7	28432.0	28937.6	19172.9	14128.1	22714.5	30132.3	17948.3	26053.8	14206.4	14814.2	23103.9	25488.0		18186.1	22173.9	32172.1	15622.5	11939.6		12164.4	11921.3			16857.2	23081.7	7384.92	17058.1	16147.6	10899.8	7943.69	15813.9	14679.6	13398.0	12490.9	12577.5
Q9UBG0	MRC2_HUMAN	MRC2	C-type mannose receptor 2	6146.83	5707.4	5975.86	5363.33	11781.6	8889.79	10340.3	7310.13	5556.98	2089.04	4032.34	9261.37	8015.22	10821.8	7634.94	5519.45	4497.07	3332.52		14006.5	11762.5	7454.1	7795.36	5347.46	6781.93	7621.42	8324.88	6164.79	5879.94	9213.73	721.222	8190.08	6190.49	9123.94	3366.2			7570.81	8585.57	3674.01	8591.66	6171.86	6383.0	6237.34	9969.2	5776.72		4206.17
Q9UBI6	GBG12_HUMAN	GNG12	Guanine nucleotide-binding protein G(I)/G(S)/G(O) subunit gamma-12	3568.86	2561.74	3026.09	4737.69	1976.78	2231.84	3369.56	3213.11		2582.14	3536.66	2948.81	1686.28	1444.47			3325.51	2632.86	2761.76	8390.16		5089.05	5541.94	3409.14	3987.62	2145.4	4800.82		3330.96	2306.01		2946.98		6138.49	2753.35	1721.62		3019.98		1967.66		2918.62	2612.71	2278.78	2451.97	2909.91	3384.5	2685.85
Q9UBP4	DKK3_HUMAN	DKK3	Dickkopf-related protein 3	16788.5	17914.2	34680.9	18026.0	37850.6	28956.9	40594.0	34022.8	45072.0	23944.6	24741.7	26874.5	33784.5	24588.7	40950.1	36011.2	19588.4	18619.6	32984.2	53620.3	38598.5	55269.0	116882.0	50710.2	39044.3	45964.2	63624.3	24021.4	33911.6	33825.5	37046.7	31505.8	87477.5	23555.3	37936.5	34992.2	18680.4	43957.4	18344.7	36666.3	33481.8	30603.7	21301.6	46524.2	44730.3	36137.5	33747.6	33793.9
Q9UBQ0	VPS29_HUMAN	VPS29	Vacuolar protein sorting-associated protein 29	1714.09	1663.19		2804.98		2277.85		1034.45	1032.8										2468.44	1925.54			729.032	1779.61		717.613	2108.95			2649.86	1770.64		1772.31	7216.83			1983.28	2922.38	2025.31	1494.74	1914.24	2658.01		2513.37	2000.78	780.461		2048.62
Q9UBQ6	EXTL2_HUMAN	EXTL2	Exostosin-like 2	19803.5	22407.7	17661.3	19413.3	19377.8	22329.6	16540.1	17230.2	17472.9	18816.8	19020.2	15955.7	25203.7	14130.6	11948.9	16992.6	14332.7	19625.5	10701.1	24456.3	27055.1	5875.79	22600.0	14946.9	7222.99	14369.3	32042.2		19987.7	16963.0	16273.0	20459.2	23446.7	15762.3	18242.5	16354.0	9409.93	15912.7	11559.8	17132.7	17014.3	23655.0	19254.8	28377.4	21288.4	11965.3	12416.2	11471.1
Q9UBQ7	GRHPR_HUMAN	GRHPR	Glyoxylate reductase/hydroxypyruvate reductase	3237.14	4462.22		3916.99			3818.3										7560.86	1947.4		9584.29						2355.62	1971.03	3178.13	3010.71	4606.92				3417.2	5326.15	4248.56				3586.4		2758.02						
Q9UBR1	BUP1_HUMAN	UPB1	Beta-ureidopropionase																	4649.93	2530.97		14311.8							1749.72																					
Q9UBR2	CATZ_HUMAN	CTSZ	Cathepsin Z		54920.0	86218.7	87646.7	128467.0	108681.0	98213.2		102234.0	43567.5	74144.5	122763.0			118612.0		62781.3	72752.2	110114.0	118501.0		133161.0	131435.0	105916.0	109671.0	93826.5	121188.0	123299.0	268677.0	185888.0	162552.0	181397.0	75776.7	193469.0	136736.0	134953.0	112912.0	109423.0	85495.8	102245.0	129116.0	135083.0	123703.0	139692.0	100959.0	117298.0	162084.0	108893.0
Q9UBS4	DJB11_HUMAN	DNAJB11	DnaJ homolog subfamily B member 11	15079.5	15361.8	11745.1	14734.1	2901.59	6960.76	6182.83		7676.82	5987.26							5849.39		5190.88	4584.22						17182.0	9441.23	6747.23	4135.9	13212.2	14025.3			6739.39	10625.7	12583.1	4214.32	7565.93	18352.7	9258.64	8046.59	8250.5						
Q9UBW5	BIN2_HUMAN	BIN2	Bridging integrator 2	29452.7	31808.8	3138.65	26757.8	9863.97	13125.4			7851.28					5024.34	8824.83			4787.75	19073.8					12708.0	9702.75	9588.91	4498.4			17296.4	15532.7		6028.8	19385.7		4082.3	15463.2	5369.01	24314.7	8244.3		12788.2		12758.4	15037.0	8241.37	5457.06	9960.32
Q9UBX1	CATF_HUMAN	CTSF	Cathepsin F	8880.73	9577.93	6894.41	6481.7	5666.38	7206.65	3755.62	4852.7	4008.78	4272.54		5609.39	7605.04	4687.67	5515.75	6256.66	5298.93	3091.79	3091.86	2734.73	3879.05	4714.19	11427.4	11049.3	3280.99	6141.47	5165.27	5758.36	4749.72	5039.09	4115.59	7381.09		4213.28	7599.58	4058.11		1874.76		1990.93		11423.1	5987.24	9269.83	8993.41	4094.1	4928.59	3548.07
Q9UBX5	FBLN5_HUMAN	FBLN5	Fibulin-5	181784.0	172711.0	164963.0	190420.0	206632.0	163332.0	122052.0	69836.4	153874.0	88187.4	130153.0	107214.0	111138.0	143486.0	88713.6	125645.0	78346.1	95780.5	326179.0	514047.0	72058.1	70464.2	185855.0	323102.0	305629.0	418140.0	293932.0	194303.0	136807.0	366636.0	177538.0	221703.0	228702.0	164728.0	124421.0	131512.0	266626.0	589896.0	313226.0	345100.0	600896.0	348243.0	231422.0	338468.0	329624.0	236746.0	257483.0	214176.0
Q9UEW3	MARCO_HUMAN	MARCO	Macrophage receptor MARCO	103198.0	94934.4	82707.5	102733.0	28214.5	171285.0	61233.8	67693.8	77372.2	43458.0	21653.3	59901.9	70707.7	68867.5	104969.0	144578.0	47850.1	61706.1	46171.2	55080.0	24776.4	139102.0	26223.6	79578.4	211786.0	78805.6	217440.0	73243.2	56516.1	111720.0	26665.7	22252.7	57080.1	86704.1	33957.2	32718.6	73360.3	207823.0	71589.3	86098.5	194248.0	202897.0	20413.2	203421.0	221089.0	91325.3	91554.7	94507.5
Q9UGM3	DMBT1_HUMAN	DMBT1	Scavenger receptor cysteine-rich domain-containing protein DMBT1	27153.6	18368.3	9056.82	7075.3	11259.5	3934.48	59370.4	5073.94	21133.1	32604.2	14259.8	58071.4	15812.4	16814.1	8360.97	15388.2			13782.3	115758.0	35034.3	15489.3	28401.7	50418.3	54259.2	17800.0	26124.7	7439.43	24659.5	23291.6	15224.1	12487.3	21595.4	348662.0	14739.9	12590.6	12937.7	54508.8	43280.4	23434.7	58296.4	12106.7	18043.8	10058.5	9105.12	48862.3	47450.0	51405.4
Q9UGM5	FETUB_HUMAN	FETUB	Fetuin-B	853580.0	970323.0	608776.0	853928.0	179084.0	617061.0	550053.0	275705.0	438110.0	420688.0	362604.0	564983.0	624764.0	595183.0	506520.0	735791.0	485379.0	410515.0	422568.0	294253.0	718958.0	880856.0	472231.0	407739.0	421056.0	289603.0	74754.4	397753.0	742081.0	306342.0	509271.0	417180.0	325416.0	170598.0	793100.0	930144.0	225658.0	457193.0	311527.0	585249.0	461834.0	616265.0	501285.0	447412.0	405815.0	430800.0	429149.0	401921.0
Q9UGT4	SUSD2_HUMAN	SUSD2	Sushi domain-containing protein 2	3358.74	3199.99	1503.06		2625.24																						2738.22		3685.78	1906.35								3312.99			4296.72	3085.49	1857.22					
Q9UHG3	PCYOX_HUMAN	PCYOX1	Prenylcysteine oxidase 1	189749.0	210731.0	127157.0	209270.0	163184.0	152533.0	113922.0	197938.0	103621.0	168159.0	110668.0	106472.0	134629.0	152142.0	108345.0	124593.0	183062.0	229770.0	83825.6	138762.0	149801.0	75636.8	148157.0	155466.0	154672.0	57668.4	135406.0	83604.6	155510.0	136804.0	95980.9	103650.0	61819.4	95385.3	116169.0	117031.0	64892.9	100353.0	50690.9	104336.0	91549.2	97492.1	101559.0	107936.0	100727.0	82565.4	76755.7	87235.1
Q9UHK6	AMACR_HUMAN	AMACR	Alpha-methylacyl-CoA racemase																	2417.95	1981.47		9942.22																												541.685
Q9UHY7	ENOPH_HUMAN	ENOPH1	Enolase-phosphatase E1	4956.71	6893.12		4686.13	5075.77	2313.97													2104.46				4322.02			6210.82	3317.96			4613.88				9727.61		3649.46	7893.12											
Q9UI17	M2GD_HUMAN	DMGDH	Dimethylglycine dehydrogenase, mitochondrial																				20773.6		1251.11								2475.85				2565.51								3279.84		2245.26	2887.49			
Q9UI42	CBPA4_HUMAN	CPA4	Carboxypeptidase A4	7808.67		10545.4	4388.55	4273.78	2803.9		5705.72	10329.9	6485.26	11661.3		8663.1	9635.85	8981.65	10592.8	5395.2	6790.04	4495.62					8627.71	11318.9					10673.5	6278.35	4763.16					9181.49		7511.94	4716.34	7321.87	3883.05	12693.5	7369.48	8193.3	4789.45	7084.2	7053.25
Q9UIB8	SLAF5_HUMAN	CD84	SLAM family member 5	29495.8	28839.6	15465.4	23974.6	19315.9	34051.1	10712.0	12881.3	15993.1	12052.1	11824.6	10298.1	22572.2	15608.7	12374.5	9933.93	8612.55	9792.69	19624.8	11309.3	8925.68	12388.9	9432.62	9822.25	11394.3	14104.8	15484.5	9259.31	8394.75	34136.5	15455.2	5493.65	7443.29	11355.1	7399.26	8448.26	11372.4	15325.8	14989.3	14260.4	16806.6	26169.2	4702.14	32635.7	30932.4	12521.5	14064.6	15402.4
Q9UIW2	PLXA1_HUMAN	PLXNA1	Plexin-A1	4339.39	5357.35	3563.75	2572.73	6975.96	3454.39			3964.39			3876.58			4574.47				1836.03	6703.7		3202.64	3103.31	4442.48	3369.11	5511.05	10765.7			6654.21			5793.95	6064.38			3722.9	7903.4	6210.46			5925.82	5318.27	5362.75	3316.92	3544.18	4405.43	2900.92
Q9UJ70	NAGK_HUMAN	NAGK	N-acetyl-D-glucosamine kinase	3929.88	3291.99	3000.94	3001.33		1462.68	1223.78		3088.23		3936.48								2425.4	1769.11				1603.77		2459.51	5327.34			3389.62				8392.27		3567.11		3171.69	4359.13	2918.11	3797.7	5198.63	2264.04	3423.29	2911.16	2802.8	2245.33	
Q9UJC5	SH3L2_HUMAN	SH3BGRL2	SH3 domain-binding glutamic acid-rich-like protein 2	8679.63	8546.32	924.099	7984.72	2485.3	7833.3	1588.06												6097.84					1616.87		2055.96				5184.17							3382.77			666.579		6705.15		6585.31	6630.77			
Q9UJJ9	GNPTG_HUMAN	GNPTG	N-acetylglucosamine-1-phosphotransferase subunit gamma	20870.4	18644.9	19930.9	19124.4	34230.0	32677.3	27528.1	21362.9	23592.1	21247.7	23748.6	31071.9	26353.7	20096.1	28913.2	23057.6	18016.7	19053.9	22280.2	29785.5	40626.6	23082.2	42369.9	26132.2	27393.5	30803.9	29427.1	20575.9	35147.1	25671.2	23538.6	23661.0	21134.1	31926.6	27242.5	24517.1	20431.0	24867.8	19263.0	22068.2	19477.0	32009.1	23562.7	31922.2	30107.1	22845.9	20188.2	22309.5
Q9UJM8	HAOX1_HUMAN	HAO1	2-Hydroxyacid oxidase 1								4135.38									5090.83	4633.45		43150.0						5867.42	2924.66	15437.5		2270.77				7430.03					14875.0	10560.8		6986.56		6814.67	4621.72			
Q9UJU6	DBNL_HUMAN	DBNL	Drebrin-like protein	14210.0	12080.7	4219.17	12076.7	5410.01	16306.6	3908.0	6475.04											14480.3					9669.65	6665.23	3635.45	7018.1			18772.6	10560.1		43649.2	27941.7		6703.38	16259.5	2977.13	12188.9	5092.32		8290.39		16713.8	9084.82	9143.12	11123.5	13511.3
Q9UK05	GDF2_HUMAN	GDF2	Growth/differentiation factor 2	8269.92	8142.75	7760.27	11370.1	25755.4	9692.56						5176.82								10745.2			17013.9			21345.2	20210.5		19775.7	15018.6	11369.7	16956.3		29215.1	20717.3	21582.8	27433.8	17396.3		10521.1	30999.9		18981.2		10745.0	8081.54	7966.11	5359.92
Q9UK55	ZPI_HUMAN	SERPINA10	Protein Z-dependent protease inhibitor	652338.0	705480.0	361179.0	654215.0	491093.0	816364.0	811180.0	392880.0	470413.0	780775.0	941712.0	779738.0	611169.0	691517.0	644307.0	737970.0	1195150.0	1222910.0	631042.0	987927.0	890745.0	818650.0	898130.0	1142540.0	806351.0	942712.0	912390.0	798240.0	783234.0	512989.0	773119.0	976464.0	858903.0	600489.0	957115.0	922312.0	608486.0	255093.0	839248.0	1030400.0	295459.0	668356.0	940658.0	680636.0	683238.0	727372.0	761937.0	779396.0
Q9UKU6	TRHDE_HUMAN	TRHDE	Thyrotropin-releasing hormone-degrading ectoenzyme	3200.54		5567.25	2069.7	979.895	6032.63	2255.0	4813.74	3013.03	5270.95	2860.74	2816.47	15198.1	2717.73		3327.38	5798.11	4150.19	2924.16	3104.22	3530.31	2275.96	2511.25	1681.92	1980.14		1780.47		1686.78	1478.59	2308.15		2383.44	2248.14		1292.47		1406.06				683.76	2530.84	1592.74	1586.53	1448.39	1389.12	2055.42
Q9UKU9	ANGL2_HUMAN	ANGPTL2	Angiopoietin-related protein 2	2773.89	3113.71	6046.46	3253.54	5933.31																			3171.16		4432.97	5118.95		4618.93	7149.49	4415.89			10791.8	3289.36		5124.17	9101.8		4863.04	8754.6	3992.12		4796.01	4973.34			
Q9UKV3	ACINU_HUMAN	ACIN1	Apoptotic chromatin condensation inducer in the nucleus																										681.624								3551.32				957.18	1743.94								1427.18	
Q9UKX2	MYH2_HUMAN	MYH2	Myosin-2					59303.0															27107.5						10859.2	6223.9			7516.26	75698.0		23683.9		36450.1	40106.5		6013.72		28371.1						17857.6	15087.7	14465.8
Q9UKY3	CES1P_HUMAN	CES1P1	Putative inactive carboxylesterase 4							27499.4			4789.73		31903.2	10018.0				14856.1				12324.9				13515.6				9497.54					7517.66			6679.29		5629.92		2002.53		12417.1			11048.8		10077.0
Q9UL46	PSME2_HUMAN	PSME2	Proteasome activator complex subunit 2	18567.3	29018.4		23181.7			27929.1										15707.9			29854.9					9156.22	12122.8	20100.6		29573.8	17558.6	52978.5			22391.8	13911.7	17590.3	16086.1		21916.9	10608.4	11698.5	11249.4		23288.5	13542.5		21713.2	
Q9ULI3	HEG1_HUMAN	HEG1	Protein HEG homolog 1	28005.1	26583.1	27181.6	31186.2	45190.8	15836.8	11113.7	17601.8	29103.6	20646.4	22360.8	15595.8	27447.1	15531.1	37311.0	12799.8			10260.2	13259.2	17753.3	39856.3	18627.5	32836.4	8855.14	12098.0	14279.1	9887.04	18725.6		14974.3	13713.8	41151.5	15305.3	10913.6	12852.2	15728.7	33903.1	2070.79	20214.0	34675.5	15553.8	15187.2	19039.4	19908.1	19332.2	18907.5	21658.8
Q9ULV4	COR1C_HUMAN	CORO1C	Coronin-1C	9925.21	10612.6	5057.26	8645.73	8728.09	9542.55	2839.51	7485.68	5608.04			2891.12		5241.71		2826.65	2283.36		13780.1	2183.47				4692.92	5712.69	10164.2	2489.14	5159.86		14467.2	3092.69			5957.33			9894.99	4504.31	4205.73	3543.57		10837.4		11266.8	10591.4	3056.94	5472.75	3679.35
Q9UNF0	PACN2_HUMAN	PACSIN2	Protein kinase C and casein kinase substrate in neurons protein 2	32279.5	31780.3		27680.5	10139.8	30717.9			8291.05										49879.5				4953.4	9490.64	6730.3	10724.9		11919.9		37108.9	8203.79			13601.7			19685.8			6285.21		23365.2		29702.6	33142.8	10464.0		
Q9UNN8	EPCR_HUMAN	PROCR	Endothelial protein C receptor	96593.5	84149.6	45819.8	101473.0	62761.4	42205.3	53595.7	78611.7	54072.1	38125.5	46807.2	58571.0	69098.1	55556.1	52057.1	46300.6	31391.5	31881.9	40118.8	54867.8	68387.0	47522.2	79589.6	60511.8	52813.2	40987.6	45773.3	49979.0	63433.7	43011.2	42756.2	41068.0	35008.9	59668.7	46101.4	39653.4	58037.7	81720.8	49080.4	38277.3	84014.9	104997.0	38994.2	97525.9	106267.0	55035.1	58415.2	51539.8
Q9UNW1	MINP1_HUMAN	MINPP1	Multiple inositol polyphosphate phosphatase 1	25395.6	27952.2	23576.2	25216.1	31169.5	33588.3	30236.9	22481.5	24735.3	24900.3	33360.4	35796.9	25703.5	21490.2	25743.8	20392.9	28119.6	31995.0	31785.4	23114.5	13652.7	31468.7	36206.4	23194.9	23368.8	17652.6	32069.8	20576.7	21121.2	19199.6	20071.7	23928.3	22729.6	27321.5	41613.4	37598.0	15963.8	32918.5	32227.4	29454.5	35626.2	37923.4	21389.7	37887.9	38743.7	26916.1	25274.2	26366.5
Q9UNZ2	NSF1C_HUMAN	NSFL1C	NSFL1 cofactor p47	4299.1	2046.72		2724.46		5336.31	2591.31	2260.11			2460.21					2672.35	2243.75	1178.65		1362.14				516.91		3658.82	2496.69			3093.42	1085.97	1076.9	1732.96	4158.05			8122.09	1576.1				1928.58		1365.47	1790.96	1409.55	1579.71	2221.05
Q9UP52	TFR2_HUMAN	TFR2	Transferrin receptor protein 2	3654.14	4714.77	1251.87	4700.25	2259.34		1454.84													5961.26						1601.91	4613.33			4700.01							2197.17					5287.82		5205.76				
Q9Y240	CLC11_HUMAN	CLEC11A	C-type lectin domain family 11 member A	126016.0	124671.0	117869.0	122239.0	105550.0	100677.0	134859.0	64230.5	106400.0	83024.8	94912.9	151438.0	83715.0	107699.0	161272.0	77636.1	70153.3	67265.3	134535.0	59989.8	96623.8	80069.8	76640.6	75453.3	144121.0	248234.0	226401.0	127564.0	108407.0	211679.0	289424.0	49584.1	118279.0	187416.0	125733.0	126764.0	137822.0	176323.0	203738.0	179272.0	164810.0	198413.0	48164.9	242822.0	238372.0	181723.0	172973.0	161375.0
Q9Y251	HPSE_HUMAN	HPSE	Heparanase	25128.9	28879.7	27623.3	24912.5	27490.8	40048.5	32016.5	21446.4	30840.0	22919.1	6796.82	25699.5	21055.9	32097.8	16887.5	10713.6	9156.64	7609.54	43985.4			19843.1		4884.32	9790.07	54664.4	18154.1	34514.7	8237.65	67644.0	31007.3		14767.4	5212.06	30133.6	31837.1	9884.25	13554.3	76140.4	14530.4	17499.2	26399.0		34566.4	36411.4	18722.6	16747.7	22089.5
Q9Y266	NUDC_HUMAN	NUDC	Nuclear migration protein nudC	11390.5	5335.37		8982.56	11583.6	18772.8													8598.3	9567.94				11159.3	19640.8	5428.06	6720.15			16888.9				9149.48			9560.53		10581.9	5370.78		5509.19		10828.1	11028.5	7726.51	5448.79	7241.03
Q9Y274	SIA10_HUMAN	ST3GAL6	Type 2 lactosamine alpha-2,3-sialyltransferase	14570.6	14649.1	20719.5	15322.7	10881.3	14068.8	13227.4	18977.4	14703.8	11996.1	14946.3	9459.32	22447.2	13983.8	12555.9	12332.6	10385.1	12293.1	10451.3	6481.22	5915.31	7441.93	14524.9	9254.08	6595.66	11016.7	9214.05	11498.0	5835.66	8677.03	12452.0	9440.78	11259.0	6020.6	9384.58	10923.2	9808.16	6711.58	10241.4	12464.3	6645.62	3423.62	8530.52	6104.56	7088.12	7320.39	5383.84	6639.25
Q9Y279	VSIG4_HUMAN	VSIG4	V-set and immunoglobulin domain-containing protein 4	12794.3	12633.4	6109.9	15148.9	91341.8	6815.21	23851.2	2997.0	9140.0	6338.91	23990.1	24344.0	10161.6	7217.79	17480.6	8340.65	11476.1	12152.3	47380.6	224138.0	80898.3	61860.7	65428.8	31852.8	134153.0	96968.6	254957.0	26106.7	117925.0	175904.0	201926.0	98162.6	126096.0	517602.0	52364.2	47070.6	501001.0	191058.0	212669.0	57750.5	193941.0	28661.8	96890.7	33284.6	31246.5	124534.0	129955.0	127582.0
Q9Y287	ITM2B_HUMAN	ITM2B	Integral membrane protein 2B	17522.5	16785.2	19428.6	13904.0	26698.2	18692.7	26454.5	12629.2	19632.9	14058.0	22536.1	18806.1	15593.4	25200.4	29780.8	18675.5	20709.9	24958.6	29807.1	26383.4	25395.0	26284.1	36027.4	34903.3	50064.5	52121.8	60457.2	15369.2	18795.7	50457.4	24716.6	28703.6	23042.6	31249.8	19073.6	17560.1	41979.4	25488.7	28406.5	23266.0	25913.2	30926.5	19314.8	24192.0	30172.3	19333.1	18054.4	20898.3
Q9Y2B0	CNPY2_HUMAN	CNPY2	Protein canopy homolog 2		5091.0		4134.85	6255.31			5243.25											10907.1			4751.04	6373.38	4243.68		3640.27	2197.9			10636.9	6937.35			15843.8			12853.9	5737.86	9525.56	4012.25	4989.77	4473.82		7681.57	7990.81		5771.75	6644.8
Q9Y2E5	MA2B2_HUMAN	MAN2B2	Epididymis-specific alpha-mannosidase	43428.2	49534.4			19017.1	23965.5	14481.3	13884.8		18390.4	28066.0	40932.9			25445.2	31286.2	33676.3	27120.0	31862.7	47004.1			34877.4	48280.1						24269.1				38340.0						34623.0				27473.7	29524.2	27508.8	26102.8	27301.7
Q9Y2S2	CRYL1_HUMAN	CRYL1	Lambda-crystallin homolog																		5763.11		9359.03		11820.6							9221.95												2779.99							
Q9Y2Y8	PRG3_HUMAN	PRG3	Proteoglycan 3	4221.5	5170.59	8245.46	7239.44	3493.87		3578.9		8753.95		9361.95				7055.99		6031.7		6365.98			11299.6			8755.6	5352.38	3059.26				10656.6			20032.5		4203.42	6021.28	9934.35	5642.23	13328.8	7019.02	9936.92		13606.0	8718.66	14013.5	9884.54	13391.8
Q9Y376	CAB39_HUMAN	CAB39	Calcium-binding protein 39	6230.53	5366.4		6849.81										13915.6									1562.97			3048.19					2991.25			6551.44			3420.91								4128.65			
Q9Y3I1	FBX7_HUMAN	FBXO7	F-box only protein 7	34364.6	105157.0	8727.71	21522.1		10470.8	2415.62	6201.23		5956.48	1908.34	7246.53								1614.66			3597.97																									1800.82
Q9Y490	TLN1_HUMAN	TLN1	Talin-1	136570.0	138924.0	38287.5	132254.0	79671.8	76228.9	19300.3	77552.6	41512.4	16675.1	16700.8	19515.7	33824.6	51462.8	24095.7	17710.0	16626.2	17597.7	98732.8	5469.51		12557.4	6402.76	42655.2	18698.2	73810.5	19751.6	38407.4	7860.68	106086.0	25863.2	4924.42	26084.1	49279.4	12949.6	11647.4	72193.8	17097.8	44229.5	22224.7	16607.4	65608.0	5606.48	75118.1	69417.2	30953.5	31048.4	31386.1
Q9Y4E8	UBP15_HUMAN	USP15	Ubiquitin carboxyl-terminal hydrolase 15	3229.54	3324.23		3922.08	1608.46	5451.02																					2620.37						1782.37	1735.16														
Q9Y4L1	HYOU1_HUMAN	HYOU1	Hypoxia up-regulated protein 1	16930.6	15843.0	11799.8	16590.6	12007.3	10529.8	11349.6	11591.0	12560.1	18178.1	16110.6	10967.5	24443.6	14440.3	15055.0	22408.1	8674.34	11930.3	14534.6	21376.5	28452.5	25204.4	24716.0	32504.1	10275.6	14350.7	17454.7	9457.65	11720.2	16558.6	29804.9	15343.0	19567.4	18728.5	11846.1	9681.1	13314.5	10166.8	10518.0	19462.4	9970.88	10288.1	13673.6	13115.1	12564.3	13879.8	13366.0	10718.7
Q9Y5C1	ANGL3_HUMAN	ANGPTL3	Angiopoietin-related protein 3	81008.2	86875.8	72878.9	87440.3	104283.0	72196.4	69788.8	28465.4	63026.3	45556.7	38959.6	59140.6	61846.6	36634.3	69807.8	57324.4	62461.5	74995.0	46837.4	85692.2	83309.3	35685.6	123084.0	53004.7	53318.7	71491.0	48933.0	40264.1	96328.2	85826.8	64676.2	161240.0	68073.2	88089.7	88901.2	86381.8	67850.9	89063.8	65249.2	137833.0	85494.2	68056.9	144593.0	64854.6	62281.8	63703.0	72435.3	63238.7
Q9Y5Y6	ST14_HUMAN	ST14	Suppressor of tumorigenicity 14 protein	1360.21					1653.88	2062.8												1221.0	3213.86						2236.68	4310.54			17240.4	3271.66			5995.83	2779.89	2671.74			4861.97			11522.5		10638.2	7348.83	2700.45		3173.76
Q9Y5Y7	LYVE1_HUMAN	LYVE1	Lymphatic vessel endothelial hyaluronic acid receptor 1	2501.67		7986.6	3618.57	13675.7		7879.28	11331.4	5742.34	12918.2	12583.8	14735.8	22291.5	15129.9	9700.67	4457.73		5186.59	2872.53	11008.4	52919.6	34616.4	11307.5	15042.1	20543.8	5791.22	6442.78	9821.47	10617.8	13607.9	13571.7	4539.92	13287.4	15026.8			26470.1	18941.6	20873.4		15441.0	2785.34	9064.47	5483.66	5112.89	18556.7	14971.9	18475.2
Q9Y617	SERC_HUMAN	PSAT1	Phosphoserine aminotransferase					3907.36		4961.78				2620.59	3746.48					3404.3	3397.27		10480.2					2388.48	3387.07	4066.46		2332.11					5654.9	4266.99			3933.34		4695.28	2794.66	2583.32		2796.82	2920.64		3068.77	2048.56
Q9Y625	GPC6_HUMAN	GPC6	Glypican-6		2323.15	3326.15		9143.22	2358.06	9291.61				10311.0	9006.73		4286.23	11982.8		4518.56		13937.6	3992.78	4905.68	9894.51		3380.49	22142.8	7138.23		2354.82	7521.86	4006.07	28955.4		4227.09					3568.54		4817.17				7370.46	7403.09	5724.95	7621.75	6328.7
Q9Y646	CBPQ_HUMAN	CPQ	Carboxypeptidase Q	26871.1	28537.6	15982.1	27364.0	15365.7	21377.4	19729.2	20850.7	15883.4	10697.4		25753.3	10989.9	8649.43	19684.7	15767.2	26286.4	23872.1	11830.4	10028.4	16907.1	11607.2	18264.1	27580.7	8032.93	13044.5	18429.4	29500.1	12601.9	9878.93	17523.6	18564.2	11343.1	18241.4	15422.5	11098.3	9036.98	23303.7	14419.0	13302.9	24608.9	24522.8	17449.1	25392.0	22045.1	17295.9	16259.1	14211.1
Q9Y6C2	EMIL1_HUMAN	EMILIN1	EMILIN-1	4689.91	6363.15	15325.3	4624.88	8103.09	12236.0	7406.22	10225.8	12995.0	8348.99		6450.13	13371.2	9539.26	7703.37		4989.43	5879.72	12598.9	2600.19	5521.05	5827.98	7486.19	3826.07	8207.92	19226.2	12995.6	23115.7	6089.12	13726.8	7324.81		7896.67	7422.8	9758.84	8092.25	9953.0	17265.6	29310.1	7376.68	18603.6	8391.93		8345.16	9142.31	8360.49	9221.19	9555.56
Q9Y6E0	STK24_HUMAN	STK24	Serine/threonine-protein kinase 24	15364.1	15091.4	2906.79	14254.9	6380.8	5754.92	4617.31	7241.24	3538.36		4096.77				5177.23			3287.39	8843.85			3996.34		3246.99		5337.26	2055.19		2928.86	7285.68	4556.32		3647.75	5207.76			10887.6		5344.44			5640.58		5972.95	6327.59			
Q9Y6N7	ROBO1_HUMAN	ROBO1	Roundabout homolog 1	2661.22	2613.89		1996.92	3501.7		3268.93	2914.49										1414.91		4943.2				3050.6	8764.17	2120.94	4088.6		2406.17	3069.22		2247.2	4093.88		1715.13				3391.93	1259.81	2522.66	1251.54	1925.38	3490.54	4024.54	3175.67	3183.65	1976.5
Q9Y6R7	FCGBP_HUMAN	FCGBP	IgGFc-binding protein	43275.4	46105.4	59278.6	42549.2	42611.7	24334.2	49629.7	32685.6	57970.8	42209.1	55045.9	70268.6	40729.7	99813.2	47566.1	40511.1	49182.6	48308.5	135191.0	77068.5	335726.0	84881.1	40418.1	265234.0	110298.0	166086.0	270763.0	131543.0	83488.1	105583.0	10520.3	181270.0	89767.6	69238.8	37243.7	35878.4	123456.0	205529.0	244285.0	76492.5	205450.0	53781.5	160261.0	48746.9	50336.4	90775.4	97317.9	92404.3
Q9Y6Y9	LY96_HUMAN	LY96	Lymphocyte antigen 96	1617.55		943.813	930.064	2585.98			1122.05						1773.78					1805.07				2240.27	1444.83	7441.07	6050.48	1562.95	3005.19	2094.57	4651.89	3558.93	2748.88		8982.89	2706.48	1804.33	5834.1	3358.8	7127.15	2372.09	3849.44	1413.1	2533.21	2454.97		2653.15	2452.69	3946.37
Q9Y6Z7	COL10_HUMAN	COLEC10	Collectin-10	158220.0	160138.0	92127.8	143499.0	179609.0	98352.0	64126.1	75019.7	85987.3	60766.1	80820.8	73322.6	55478.9	77778.5	84147.5	53932.4	93219.5	95788.2	63170.9	144778.0	129278.0	67438.2	107728.0	115532.0	118713.0	184495.0	241581.0	54792.5	112239.0	162886.0	46028.0	79469.4	65776.8	80748.6	56391.2	58936.5	91270.3	169641.0	77591.3	75055.8	150558.0	91087.4	78534.5	93206.1	88447.7	62650.2	64997.2	70453.5
