comparison	metabolite	vip	p_value	fold_change	log2_fold_change	regulation
CRKP_vs_Con	2-Methyllactic acid	0.07993196243640127	0.9978388137351832	1.000432826037403	0.0006243008806348293	insig
CRKP_vs_Con	(R)-2-Hydroxybutyric acid	0.07993196243640127	0.9978388137351832	1.000432826037403	0.0006243008806348293	insig
CRKP_vs_Con	2-Methylhexanoic acid	2.214811069164727	2.491527542600886e-05	0.4113682246884257	-1.281497734799127	down
CRKP_vs_Con	2,2-Dimethylpentanoic acid	2.214811069164727	2.491527542600886e-05	0.4113682246884257	-1.281497734799127	down
CRKP_vs_Con	4-Methylhexanoic acid	2.214811069164727	2.491527542600886e-05	0.4113682246884257	-1.281497734799127	down
CRKP_vs_Con	2-amino-4-oxovaleric acid	0.5331586592660993	0.6693913458534664	1.077071213627082	0.1071136409221408	insig
CRKP_vs_Con	N-Acetyl-L-alanine	0.5331586592660993	0.6693913458534664	1.077071213627082	0.1071136409221408	insig
CRKP_vs_Con	N-acetyl-beta-alanine	0.5331586592660993	0.6693913458534664	1.077071213627082	0.1071136409221408	insig
CRKP_vs_Con	Xylose	0.8073743165528859	0.8891450179227387	1.072427835840693	0.1008805713821475	insig
CRKP_vs_Con	L-lyxose	0.8073743165528859	0.8891450179227387	1.072427835840693	0.1008805713821475	insig
CRKP_vs_Con	Arabinose	0.8073743165528859	0.8891450179227387	1.072427835840693	0.1008805713821475	insig
CRKP_vs_Con	3-Amino-4-Hydroxybenzoic Acid	1.320276082487702	0.001343125505022301	0.5929235191227596	-0.7540820705516111	down
CRKP_vs_Con	3-Amino-5-hydroxybenzoic acid	1.320276082487702	0.001343125505022301	0.5929235191227596	-0.7540820705516111	down
CRKP_vs_Con	3-Hydroxyanthranilic Acid	1.320276082487702	0.001343125505022301	0.5929235191227596	-0.7540820705516111	down
CRKP_vs_Con	Protocatechuic Acid	1.572781009569226	0.001243074161916995	1.124014699062774	0.1686609022192556	up
CRKP_vs_Con	2,5-Dihydroxybenzoic acid	1.572781009569226	0.001243074161916995	1.124014699062774	0.1686609022192556	up
CRKP_vs_Con	2,3-Dihydroxybenzoic acid	1.572781009569226	0.001243074161916995	1.124014699062774	0.1686609022192556	up
CRKP_vs_Con	3,5-Dihydroxybenzoic acid	1.572781009569226	0.001243074161916995	1.124014699062774	0.1686609022192556	up
CRKP_vs_Con	4-hydroxyphenylglyoxylate	0.370853827747808	0.5951937009810926	1.310808569870136	0.3904570101482769	insig
CRKP_vs_Con	Phthalic Acid	0.370853827747808	0.5951937009810926	1.310808569870136	0.3904570101482769	insig
CRKP_vs_Con	Pyridine-3,4-dicarboxylic acid	2.147606634596381	0.01276235366707918	8.298090004704715	3.0527793053943	up
CRKP_vs_Con	2,4-Pyridinedicarboxylic acid	2.147606634596381	0.01276235366707918	8.298090004704715	3.0527793053943	up
CRKP_vs_Con	2-Methylhippuric acid	2.053484106105033	0.0003850830975596536	6.501998034658603	2.700883119948799	up
CRKP_vs_Con	N-Phenylacetylglycine	2.053484106105033	0.0003850830975596536	6.501998034658603	2.700883119948799	up
CRKP_vs_Con	4-tert-Octylphenol	1.685884706967962	0.0003494045871620778	0.7814647529623459	-0.3557472912378458	down
CRKP_vs_Con	2,4-Di-tert-butylphenol	1.685884706967962	0.0003494045871620778	0.7814647529623459	-0.3557472912378458	down
CRKP_vs_Con	Phenylhydroxylamine	1.198055682560752	0.02021977162089852	0.8286148196328909	-0.2712264719879498	down
CRKP_vs_Con	4-Aminophenol	1.198055682560752	0.02021977162089852	0.8286148196328909	-0.2712264719879498	down
CRKP_vs_Con	L-Valine	0.4704892899480062	0.4526542198502443	0.9127327291286604	-0.1317356298699521	insig
CRKP_vs_Con	L-Norvaline	0.4704892899480062	0.4526542198502443	0.9127327291286604	-0.1317356298699521	insig
CRKP_vs_Con	1-Hydroxylamino-2-phenylethane	1.189169190282408	0.03850100664719192	1.449032732787067	0.5350901848853169	up
CRKP_vs_Con	(R)-(-)-2-Phenylglycinol	1.189169190282408	0.03850100664719192	1.449032732787067	0.5350901848853169	up
CRKP_vs_Con	L-Norleucine	1.152648855684762	0.04006246978282883	0.8021366657562569	-0.3180800350008314	down
CRKP_vs_Con	6-Aminocaproic Acid	1.152648855684762	0.04006246978282883	0.8021366657562569	-0.3180800350008314	down
CRKP_vs_Con	Mannose	1.613972748009521	0.001490433400170926	0.7970189879534693	-0.3273139999062542	down
CRKP_vs_Con	Fructose	1.613972748009521	0.001490433400170926	0.7970189879534693	-0.3273139999062542	down
CRKP_vs_Con	Gly-Glu	0.5672827245967389	0.4493630832304168	0.919414963208915	-0.1212119491028514	insig
CRKP_vs_Con	Glu-Gly	0.5672827245967389	0.4493630832304168	0.919414963208915	-0.1212119491028514	insig
CRKP_vs_Con	Val-Leu	1.300893403283812	0.01159165211720442	0.4922439048461962	-1.022554752656131	down
CRKP_vs_Con	Val-Ile	1.300893403283812	0.01159165211720442	0.4922439048461962	-1.022554752656131	down
CRKP_vs_Con	Ile-Asp	0.7078225875838576	0.0518715603772014	0.2514522593292771	-1.991643578621191	insig
CRKP_vs_Con	Asp-Leu	0.7078225875838576	0.0518715603772014	0.2514522593292771	-1.991643578621191	insig
CRKP_vs_Con	2,4-diacetamino-2,4,6-triphenoxy-D-mannopyranose	0.7078225875838576	0.0518715603772014	0.2514522593292771	-1.991643578621191	insig
CRKP_vs_Con	Asp-Ile	0.7078225875838576	0.0518715603772014	0.2514522593292771	-1.991643578621191	insig
CRKP_vs_Con	Leu-Glu	1.229506678706985	0.02090354010617861	0.5852212545602488	-0.7729459274413408	down
CRKP_vs_Con	Ile-Glu	1.229506678706985	0.02090354010617861	0.5852212545602488	-0.7729459274413408	down
CRKP_vs_Con	Thr-Phe	1.158212413303272	0.3443088319623305	0.6995846192066927	-0.5154295238069787	insig
CRKP_vs_Con	Phe-Thr	1.158212413303272	0.3443088319623305	0.6995846192066927	-0.5154295238069787	insig
CRKP_vs_Con	1-Methyladenosine	0.6359192307753965	0.4957973389377753	1.105872289671126	0.1451847872936853	insig
CRKP_vs_Con	N6-methyladenosine	0.6359192307753965	0.4957973389377753	1.105872289671126	0.1451847872936853	insig
CRKP_vs_Con	4-Hydroxybenzoic Acid	1.931227015576445	0.03442590834278032	5.250701077992684	2.392510065486578	up
CRKP_vs_Con	Salicylic acid	1.931227015576445	0.03442590834278032	5.250701077992684	2.392510065486578	up
CRKP_vs_Con	Tyrosol	1.931227015576445	0.03442590834278032	5.250701077992684	2.392510065486578	up
CRKP_vs_Con	Xanthine	1.15117143411322	0.03499519084204947	0.7088146621879046	-0.4965196478130032	down
CRKP_vs_Con	4-acetoxyphenol	1.15117143411322	0.03499519084204947	0.7088146621879046	-0.4965196478130032	down
CRKP_vs_Con	Ethylsalicylate	1.664241926179363	0.001448765537180029	1.227652523133621	0.2959022756184294	up
CRKP_vs_Con	Ethionamide	1.664241926179363	0.001448765537180029	1.227652523133621	0.2959022756184294	up
CRKP_vs_Con	Val-Ala	1.50576363248771	0.01447820269429215	0.3377205102342007	-1.566098296013902	down
CRKP_vs_Con	Sedoheptulose 7-Phosphate	1.422813629471725	0.001108230811447841	0.5979609720568803	-0.7418767697573544	down
CRKP_vs_Con	Argininosuccinic acid	1.422813629471725	0.001108230811447841	0.5979609720568803	-0.7418767697573544	down
CRKP_vs_Con	9,10-Epoxy-18-hydroxyoctadecanoic acid	1.314628512668195	0.02067679088171337	1.966421923194507	0.9755729051944924	up
CRKP_vs_Con	12,13-DiHOME	1.314628512668195	0.02067679088171337	1.966421923194507	0.9755729051944924	up
CRKP_vs_Con	9,10-DiHOME	1.314628512668195	0.02067679088171337	1.966421923194507	0.9755729051944924	up
CRKP_vs_Con	DHA	0.4533324119437333	0.9111225205302336	0.9761239273306376	-0.03486377292354662	insig
CRKP_vs_Con	FFA(22:6)	0.4533324119437333	0.9111225205302336	0.9761239273306376	-0.03486377292354662	insig
CRKP_vs_Con	LPA(0:0/16:0)	2.147346978389275	3.089682689842762e-05	0.3942481077076255	-1.342824264430553	down
CRKP_vs_Con	LPA(16:0/0:0)	2.147346978389275	3.089682689842762e-05	0.3942481077076255	-1.342824264430553	down
CRKP_vs_Con	LPE(0:0/16:0)	0.7765862673691287	0.1976396304449015	0.8575617344333184	-0.2216875626632057	insig
CRKP_vs_Con	LPE(16:0/0:0)	0.7765862673691287	0.1976396304449015	0.8575617344333184	-0.2216875626632057	insig
CRKP_vs_Con	LPE(18:2/0:0)	0.8944980519302449	0.07665873940646165	0.7748219782282193	-0.3680632175709375	insig
CRKP_vs_Con	LPE(0:0/18:2)	0.8944980519302449	0.07665873940646165	0.7748219782282193	-0.3680632175709375	insig
CRKP_vs_Con	LPE(0:0/20:4)	1.482820412855019	0.002340222288492158	0.6539658711160223	-0.6127127479353159	down
CRKP_vs_Con	LPE(20:4/0:0)	1.482820412855019	0.002340222288492158	0.6539658711160223	-0.6127127479353159	down
CRKP_vs_Con	LPE(0:0/22:6)	0.9731609400081276	0.1191021832047343	0.7777071947471701	-0.3627010093391563	insig
CRKP_vs_Con	LPE(22:6/0:0)	0.9731609400081276	0.1191021832047343	0.7777071947471701	-0.3627010093391563	insig
CRKP_vs_Con	Pyrrolidine	0.5712358580432709	0.2769763573185149	0.8791074550698231	-0.1858885752280529	insig
CRKP_vs_Con	Acrylamide	0.5712358580432709	0.2769763573185149	0.8791074550698231	-0.1858885752280529	insig
CRKP_vs_Con	Oxypurinol	1.243286104546274	0.03626662918152308	0.4676839946345653	-1.096394038070749	down
CRKP_vs_Con	8-Azaguanine	1.243286104546274	0.03626662918152308	0.4676839946345653	-1.096394038070749	down
CRKP_vs_Con	(1R,6S)-6-amino-5-oxocyclohexyl-2-ene-1-carboxylic-acid-ester	1.205888957806377	0.01768735389585079	0.8253480752788637	-0.2769254172573046	down
CRKP_vs_Con	N-Alpha-Acetyl-L-Asparagine	2.163334174496761	0.0001261648252586867	3.074866134546932	1.620523603548087	up
CRKP_vs_Con	L-Theanine	2.163334174496761	0.0001261648252586867	3.074866134546932	1.620523603548087	up
CRKP_vs_Con	Pro-Ser	1.334245177382332	0.01292875398646805	1.818574200524874	0.8628077910920531	up
CRKP_vs_Con	N,N-Dimethylarginine	1.334245177382332	0.01292875398646805	1.818574200524874	0.8628077910920531	up
CRKP_vs_Con	SDMA	1.334245177382332	0.01292875398646805	1.818574200524874	0.8628077910920531	up
CRKP_vs_Con	Phe-Gly	1.199779984519834	0.1588752959626413	0.6868717722193401	-0.5418872983910514	insig
CRKP_vs_Con	Gly-Phe	1.199779984519834	0.1588752959626413	0.6868717722193401	-0.5418872983910514	insig
CRKP_vs_Con	His-Leu	1.206747685882721	0.04841615527796896	0.6848998938435387	-0.5460349582149395	down
CRKP_vs_Con	Ile-His	1.206747685882721	0.04841615527796896	0.6848998938435387	-0.5460349582149395	down
CRKP_vs_Con	Carnitine C16-OH	0.6206748287402327	0.4061466844937521	0.8724426710778344	-0.1968677611227327	insig
CRKP_vs_Con	Carnitine C15:DC	0.6206748287402327	0.4061466844937521	0.8724426710778344	-0.1968677611227327	insig
CRKP_vs_Con	Carnitine ph-C14	1.858635131894803	0.0009533896613780368	0.2838354470368636	-1.816873322011524	down
CRKP_vs_Con	2,22-Dideoxy-3-dehydroecdysone	1.858635131894803	0.0009533896613780368	0.2838354470368636	-1.816873322011524	down
CRKP_vs_Con	LPC(15:0/0:0)	1.385222081298609	0.01003073171196832	0.5250950372408171	-0.9293495343038544	down
CRKP_vs_Con	2-Hexadecanoylthio-1-ethylphosphorylcholine	1.385222081298609	0.01003073171196832	0.5250950372408171	-0.9293495343038544	down
CRKP_vs_Con	LPC(0:0/15:0)	1.385222081298609	0.01003073171196832	0.5250950372408171	-0.9293495343038544	down
CRKP_vs_Con	LPC(16:2/0:0)	1.116518841503784	0.04152154725065594	0.631799283853753	-0.6624617931004946	down
CRKP_vs_Con	LPC(0:0/16:2)	1.116518841503784	0.04152154725065594	0.631799283853753	-0.6624617931004946	down
CRKP_vs_Con	LPC(0:0/16:0)	2.104143566349503	2.526748073122953e-06	0.4858888181125093	-1.041301863171523	down
CRKP_vs_Con	LPC(16:0/0:0)	2.104143566349503	2.526748073122953e-06	0.4858888181125093	-1.041301863171523	down
CRKP_vs_Con	PC(O-1:0/O-16:0)	2.104143566349503	2.526748073122953e-06	0.4858888181125093	-1.041301863171523	down
CRKP_vs_Con	LPC(17:0/0:0)	1.035074188568577	0.002767286211946133	0.4735492505120946	-1.078413616871532	down
CRKP_vs_Con	LPC(0:0/17:0)	1.035074188568577	0.002767286211946133	0.4735492505120946	-1.078413616871532	down
CRKP_vs_Con	LPC(18:2/0:0)	1.573612479002462	0.001792455985659236	0.6465574833965295	-0.6291494536616867	down
CRKP_vs_Con	LPC(0:0/18:2)	1.573612479002462	0.001792455985659236	0.6465574833965295	-0.6291494536616867	down
CRKP_vs_Con	LPC(18:1/0:0)	0.9069371415170532	0.06362002662597503	0.7571287657960392	-0.4013894129360092	insig
CRKP_vs_Con	LPC(0:0/18:1)	0.9069371415170532	0.06362002662597503	0.7571287657960392	-0.4013894129360092	insig
CRKP_vs_Con	2-Thio-PAF	0.9069371415170532	0.06362002662597503	0.7571287657960392	-0.4013894129360092	insig
CRKP_vs_Con	LPC(0:0/20:4)	1.970943556916401	2.408434239400989e-05	0.4821364961184159	-1.05248645383567	down
CRKP_vs_Con	LPC(20:4/0:0)	1.970943556916401	2.408434239400989e-05	0.4821364961184159	-1.05248645383567	down
CRKP_vs_Con	LPC(20:2/0:0)	1.95211529340066	8.004316986834272e-05	0.2408342000214985	-2.053887816170421	down
CRKP_vs_Con	LPC(0:0/20:2)	1.95211529340066	8.004316986834272e-05	0.2408342000214985	-2.053887816170421	down
CRKP_vs_Con	LPC(0:0/22:6)	1.71361207330635	0.0005934603621536293	0.5150008968234431	-0.9573531502777056	down
CRKP_vs_Con	LPC(22:6/0:0)	1.71361207330635	0.0005934603621536293	0.5150008968234431	-0.9573531502777056	down
CRKP_vs_Con	LPC(22:5/0:0)	1.756986665326445	0.0004533197357415656	0.5451100446348196	-0.8753805900934869	down
CRKP_vs_Con	LPC(0:0/22:5)	1.756986665326445	0.0004533197357415656	0.5451100446348196	-0.8753805900934869	down
CRKP_vs_Con	Aspartic Acid	1.278642699049798	0.04935427515531252	0.7097891430047342	-0.4945375879061185	down
CRKP_vs_Con	L-Citrulline	1.128594346283454	0.0358053535751371	0.7272311027403021	-0.4595141918217555	down
CRKP_vs_Con	Histidine	1.225816841640282	0.02078322994805369	0.8065090829010924	-0.3102373137909146	down
CRKP_vs_Con	L-Serine	1.413232020405641	0.003969056419212782	0.7474638115947133	-0.4199243618597873	down
CRKP_vs_Con	L-Tryptophan	1.005984495487838	0.06678379654491241	0.8234091519501794	-0.2803186110086493	insig
CRKP_vs_Con	3-Hydroxy-3-Methylpentane-1,5-Dioic Acid	0.3178130848426545	0.3982708281941524	1.093448071236209	0.1288847072182721	insig
CRKP_vs_Con	L-Asparagine Anhydrous	0.930144460990316	0.08612361013812722	0.8083726381081784	-0.3069076048541621	insig
CRKP_vs_Con	L-Glutamine	0.567294377124583	0.4139882525639439	0.911616895403101	-0.1335004319247944	insig
CRKP_vs_Con	N-Propionylglycine	0.5755905622423313	0.3110571639931438	0.8887541223426291	-0.1701437484315682	insig
CRKP_vs_Con	O-Phospho-L-Serine	0.7043622886785721	0.2135035517619936	0.8767703694327145	-0.1897290518293519	insig
CRKP_vs_Con	S-(5-Adenosy)-L-Homocysteine	0.7811575133844283	0.1822612125186241	2.306824923011178	1.205908514515818	insig
CRKP_vs_Con	4-Hydroxy-3-methoxybenzaldehyde	1.280923462895499	0.01015999675042717	0.8150409966475368	-0.2950554660067722	down
CRKP_vs_Con	5-Methylcytosine	1.677886713980821	0.001029708007698044	0.4725550078728824	-1.081445818535022	down
CRKP_vs_Con	Hypoxanthine	1.315011351080653	0.02868907896962839	0.2679670848101393	-1.899872293821931	down
CRKP_vs_Con	Succinic Acid	1.275877400316019	0.0111730612636656	0.7462576482703789	-0.4222542824928968	down
CRKP_vs_Con	Pyruvic Acid	1.519673657270703	0.006178012705936199	1.371938465154925	0.4562157745087474	up
CRKP_vs_Con	Melatonin	1.31955580851811	0.01000417879457319	0.6464383117069196	-0.6294153917362768	down
CRKP_vs_Con	Glucoronic Acid	0.5371858727870082	0.1805336012811637	2.973015924867169	1.57192719101729	insig
CRKP_vs_Con	2-Aminoethanesulfinic Acid	1.599875142701397	0.02474705317222904	0.3766383680582509	-1.408748120458715	down
CRKP_vs_Con	Taurine	1.703875758242646	0.001257698101467163	0.4407278886801524	-1.18203990354199	down
CRKP_vs_Con	3-Hydroxy-3-Methyl Butyric Acid	1.337362731170233	0.02464458590305111	1.757851601070151	0.8138132824057174	up
CRKP_vs_Con	4-Hydroxy-2-Oxoglutaric Acid	0.9782547825301572	0.04708344954937218	1.409631988586893	0.4953185686246791	insig
CRKP_vs_Con	Dodecanedioic Acid	1.018400061015358	0.2133817943891751	0.8644204063989774	-0.2101949645419708	insig
CRKP_vs_Con	Tartaric acid	2.041032563612724	0.5309859498844354	1.646651412026338	0.7195351759698339	insig
CRKP_vs_Con	Methylmalonic Acid	1.446865462296525	0.003700499130895005	0.6631220036080187	-0.5926537678263972	down
CRKP_vs_Con	N-γ-Acetyl-N-2-Formyl-5-Methoxykynurenamine	0.7229903565996538	0.2406015379499817	10.67096100044917	3.415618202460307	insig
CRKP_vs_Con	Sebacate	1.473785262619324	0.02146539848963349	0.4713650003350973	-1.085083454919496	down
CRKP_vs_Con	FFA(20:2)	0.378520353016759	0.03593739256543452	1.900397589643927	0.9263012820303278	insig
CRKP_vs_Con	Β-Pseudouridine	1.18074280459347	0.3889419360640024	1.296953177451124	0.3751263964142806	insig
CRKP_vs_Con	N-Acetylthreonine	1.050728321864236	0.1560613961810317	1.484169337143504	0.5696557064599032	insig
CRKP_vs_Con	Dl-3,4-Dihydroxymandelic Acid	0.9460366201095556	0.1298285592944621	1.355341442674867	0.4386563464869307	insig
CRKP_vs_Con	8,15-DiHETE	0.7916165932860803	0.3363204524543865	0.7590825344703173	-0.3976713375766783	insig
CRKP_vs_Con	2-Deoxyribose 1-Phosphate	1.279285703717468	0.006778045846703047	0.8396045136055192	-0.2522181724940793	down
CRKP_vs_Con	N-Acetylglucosamine 1-Phosphate	0.4602417681898143	0.7574611503909872	0.9164434529421176	-0.1258822295906039	insig
CRKP_vs_Con	DL-3,4-Dihydroxyphenyl glycol	1.573840537718665	0.00916333550132091	0.3505722666508468	-1.512216224140312	down
CRKP_vs_Con	Marmesin	1.402877930111017	0.03784693056127043	0.5954710845547792	-0.7478966408403833	down
CRKP_vs_Con	Indole 3-carbinol	1.67402405569457	0.1838640266426777	2.257717970992993	1.174865279174636	insig
CRKP_vs_Con	N-lactoyl-phenylalanine	1.950370155465609	0.01433420205272145	3.705873182903696	1.88981351236184	up
CRKP_vs_Con	Indoxylsulfuric acid	0.2412379380507332	0.6582591232678745	1.277831688430041	0.3536978219981653	insig
CRKP_vs_Con	Porphobilinogen	1.654647366639574	0.0007395708077597035	1.35912379825084	0.4426768725792679	up
CRKP_vs_Con	Succinic anhydride	0.3097140924925412	0.7408316133962728	1.04463379665154	0.06299728455786295	insig
CRKP_vs_Con	Indoleacetaldehyde	0.782825885292746	0.1847685422058344	0.8852877937522066	-0.1757815649749153	insig
CRKP_vs_Con	Methylstearate	1.705372561647886	0.001278623241903712	1.402950558241097	0.4884641674487342	up
CRKP_vs_Con	Oxaloacetic acid	1.309231965242984	0.06520960170260247	1.758775829310492	0.814571610978242	insig
CRKP_vs_Con	12,13-EpOME	2.005092383128049	0.00213912973200353	6.561341280359509	2.713990763124712	up
CRKP_vs_Con	5-F2t-IsoP	0.6236088587500065	0.1616918441454977	12.91174244880606	3.690611801390161	insig
CRKP_vs_Con	PGF3α	0.7121662041609068	0.2172529668530265	1.070779057746638	0.098660828196181	insig
CRKP_vs_Con	FFA(14:0)	0.2399343262122368	0.2227585474217857	1.410566864483985	0.4962750549862822	insig
CRKP_vs_Con	FFA(9:0)	1.300694101546005	0.002010550522525389	0.6198838974533674	-0.6899300668934621	down
CRKP_vs_Con	D-Glucuronolactone	1.373341018967037	0.1573468585908991	6.103577927856867	2.609655200959919	insig
CRKP_vs_Con	3-Ureidopropionate	1.021738611999687	0.1726146560118941	1.243240383355067	0.3141052717281572	insig
CRKP_vs_Con	13(R)-HODE	0.3524119110806564	0.8586890992112344	1.049136818266108	0.06920283250317355	insig
CRKP_vs_Con	Iminodiacetic acid	1.267788080005931	0.02259225797719817	0.6915371795235525	-0.5321212769572603	down
CRKP_vs_Con	FFA(17:1)	0.4039001909807639	0.7715927282148441	0.9346918226668632	-0.09743732261190728	insig
CRKP_vs_Con	Flavanone	1.86870860772871	0.0001395598213299	1.278019215133284	0.353909527497036	up
CRKP_vs_Con	1,6-anhydro-β-D-glucose	1.411317373809192	0.005170809166258259	1.750402075130213	0.8076863535826256	up
CRKP_vs_Con	12-Hydroxydodecanoic acid	1.47068037160944	0.002499153616858174	0.5617459654363405	-0.8320102371481988	down
CRKP_vs_Con	Heparin	1.802493384814976	0.0001404216553287137	0.5793906864703718	-0.7873916009780478	down
CRKP_vs_Con	9(S)-HODE	0.06922703865227509	0.7021744250863649	1.069944616185047	0.0975361199692872	insig
CRKP_vs_Con	Ketoleucine	1.300633384268863	0.008360957844309623	0.6570737685333277	-0.6058727463749495	down
CRKP_vs_Con	FFA(15:1)	0.7503316237679589	0.1812051692372479	0.7553295757193682	-0.4048218166649131	insig
CRKP_vs_Con	5-nitrobenzimidazole	0.0934853519467652	0.6543905599663489	1.431650860529488	0.5176797026600892	insig
CRKP_vs_Con	Multifidol	1.540965212861327	0.002959423985866148	0.4529377070022332	-1.142615446334662	down
CRKP_vs_Con	Furfural diacetal	1.248831017354284	0.04962026276073842	0.73002189627527	-0.4539883580536234	down
CRKP_vs_Con	3-(pyrazol-1-yl)-L-alanine	1.396375373659358	0.005896866178709821	0.7763183406023404	-0.365279723105632	down
CRKP_vs_Con	2-Hydroxy-2-Methyl Butyric acid	1.127162040884611	0.02921362775094969	1.855877574850826	0.8921015445274415	up
CRKP_vs_Con	2-Hydroxy-4-methylpentanoic acid	0.9682766565635812	0.1289859491316764	0.74479859921463	-0.4250777353472709	insig
CRKP_vs_Con	4-Methoxysalicylic Acid	0.1763606097415406	0.8322406652644259	0.9887723557342064	-0.0162896861947123	insig
CRKP_vs_Con	Tridecanedioic acid	1.922837116160366	4.594998077327531e-05	0.8944963370548888	-0.160852520406229	down
CRKP_vs_Con	12-HHT	1.368271990930792	0.2696741518555428	0.5176787699827629	-0.9498709404293254	insig
CRKP_vs_Con	9(S)-HOTrE	0.9315930666498998	0.1165374918745817	0.879044557293495	-0.1859917998746047	insig
CRKP_vs_Con	3-(4-Hydroxyphenyl)-1-propanol	2.04130634685134	0.1436641977783807	3.628029060953435	1.859186012075225	insig
CRKP_vs_Con	3-Hydroxycinnamic acid	1.26901615420731	0.008702697144925546	0.5911859656215764	-0.75831607365851	down
CRKP_vs_Con	5,6-Dihydrouridine	1.036026312895706	0.2316443732508219	1.33770349948696	0.4197583796396662	insig
CRKP_vs_Con	5-Hydroxy-2'-deoxyuridine	1.062105921614355	0.5845572439152058	1.184662033198127	0.2444755379652237	insig
CRKP_vs_Con	Acetylvaline	0.1546516019852829	0.9032522621768456	0.9810943030637216	-0.02753627951975656	insig
CRKP_vs_Con	Aleuritic Acid	0.2545028214661186	0.6226815085769268	1.019648362516221	0.0280717079623752	insig
CRKP_vs_Con	Antineoplaston A10	1.097909565176818	0.1445841294201755	4.582209577566123	2.196043445024244	insig
CRKP_vs_Con	Galacturonic acid	1.308939796914788	0.1420382096120545	2.900897011868107	1.536499077643947	insig
CRKP_vs_Con	Hydroumbellic acid	1.798312659186024	0.0001651258785712119	0.4276118846136133	-1.225626144460266	down
CRKP_vs_Con	Imidazoleacetic acid	1.729783647346753	0.0006150429354068166	0.4788756496653846	-1.062277017008465	down
CRKP_vs_Con	L-Ascorbyl 6-palmitate	0.8594372980523828	0.05937470713188658	0.7883084298959201	-0.3431678925896603	insig
CRKP_vs_Con	Rhapontigenin	1.414118906736666	0.2758301561537608	0.6496925821574129	-0.622170861529735	insig
CRKP_vs_Con	Tert-Butylhydroquinone	1.70518575783828	0.0004436278909596728	1.308316659218497	0.3877117666720949	up
CRKP_vs_Con	Acetanilide	0.5433647351999968	0.6005371320116276	1.4557614692348	0.5417739851082894	insig
CRKP_vs_Con	2,4-Quinolinediol	0.7902206564349198	0.3963076862823505	1.780442400842545	0.8322357637756972	insig
CRKP_vs_Con	Hydroxypiperazic acid	0.4785326398236601	0.4192083390077591	0.92370238735134	-0.1144999980669142	insig
CRKP_vs_Con	N-Acetyl-D-Tryptophan	0.5301879912940023	0.7608619297416175	1.407333081462225	0.49296381976408	insig
CRKP_vs_Con	3-(2-Naphthyl)-L-alanine	1.721991734526712	0.0008541667719482806	0.5018614562395668	-0.9946389458158991	down
CRKP_vs_Con	3-Hydroxypyruvic acid	0.4636078803884144	0.5042112553032123	1.5066197134422	0.5913153115832799	insig
CRKP_vs_Con	Piperonylic acid	1.610915918783834	0.001825369586258044	1.246317946661198	0.3176721594993077	up
CRKP_vs_Con	3-Methoxysalicylic Acid	0.1100271026896262	0.9980658893318972	1.001962624336604	0.002828693473316582	insig
CRKP_vs_Con	3-Methoxycatechol	0.8121547671678515	0.3125154191039744	0.02500171200241815	-5.321829302374038	insig
CRKP_vs_Con	2-(10-Heptadecenyl)-6-hydroxybenzoic acid	0.7196087048676683	0.09407958080454797	1.854730190997808	0.8912093321719671	insig
CRKP_vs_Con	3,4-Dimethoxycinnamic acid	1.416127238123652	0.005442834070999858	0.2561067155346269	-1.965183011645544	down
CRKP_vs_Con	Zereno	1.528840717563529	0.001124280744850507	1.30953353219727	0.3890530021209907	up
CRKP_vs_Con	LY223982	1.179010236355122	0.05473172140291997	0.6760104370732547	-0.5648825741231169	insig
CRKP_vs_Con	2,6-Di-tert-butyl-4-(hydroxymethyl)phenol	1.464145212876288	0.004864537451526923	0.8879580203291142	-0.1714366224725785	down
CRKP_vs_Con	CAY-10550	1.627138869536227	0.002415791650117455	0.4252400828308901	-1.233650504189831	down
CRKP_vs_Con	(R)-3-Hydroxy-tetradecanoic acid	0.7360462242895841	0.6134983576258565	0.8948389763847171	-0.1602999978418044	insig
CRKP_vs_Con	N-Myristoylglycine	1.221011176548928	0.009391743402887048	1.668879754215744	0.7388800096758354	up
CRKP_vs_Con	4-Methoxysalicylaldehyde	1.079537933380439	0.02189654203365116	1.165550417479442	0.2210114115661976	up
CRKP_vs_Con	Cys-Pro	0.700695441049031	0.2053221767268462	0.9624519690428441	-0.05521354977970352	insig
CRKP_vs_Con	Ribonic acid	0.1407509876199444	0.9123291620834796	1.045842697716436	0.0646658761640021	insig
CRKP_vs_Con	D-Glucaro-1,4-lactone	0.5838076909336477	0.4017062618807978	1.121338768953966	0.1652221982642235	insig
CRKP_vs_Con	Ile-Ala	0.8701584361798069	0.1263388437438405	0.5914124232181872	-0.7577635458372673	insig
CRKP_vs_Con	cyclo(glu-glu)	1.291760754370556	0.02095812730604472	0.8198916361129276	-0.2864948514656527	down
CRKP_vs_Con	2-Hydroxy-3-Methyl Butanoic Acid	1.089064825427622	0.0339926540022534	1.822005795960452	0.865527548486891	up
CRKP_vs_Con	Trp-Leu	1.215890264271024	0.01643840169358441	0.6327613186371397	-0.6602666858416074	down
CRKP_vs_Con	(±)-Camphoric acid	1.23789034641469	0.04662228916731861	0.5753232394157992	-0.7975553477440036	down
CRKP_vs_Con	5-chloroindole-2-carboxylic acid	1.191698451064987	0.01361505665717838	1.161807444653083	0.2163709795310113	up
CRKP_vs_Con	Rhamnonic acid	0.6062105961074965	0.6094613234829493	1.235950416176275	0.3056208664045182	insig
CRKP_vs_Con	3-phenylphenol	1.952096806963421	0.005552772722083674	13.61899221388536	3.767548044799546	up
CRKP_vs_Con	Salidroside	0.2637951848722641	0.7690690345645196	0.9460572164643704	-0.08000065612902099	insig
CRKP_vs_Con	Norethindrone acetate	1.789741295006364	0.0002114853501873633	0.5407494322893975	-0.8869678493255374	down
CRKP_vs_Con	Arachidonoyl LPA	1.140852841068943	0.04968280842045907	1.506666092572959	0.5913597222009643	up
CRKP_vs_Con	5-Acetylamino-6-formylamino-3-methyluracil	1.094523193878934	0.02445054644245246	0.7995491498492899	-0.3227413731713082	down
CRKP_vs_Con	5-Hydroxyisourate	0.7572985539422209	0.1613580877262979	0.8783390955406568	-0.1871500742507023	insig
CRKP_vs_Con	Propofol Glucuronide	0.8412592833969303	0.1633066116487512	13.37377437905129	3.741334778678961	insig
CRKP_vs_Con	3-Oxocholic acid	1.430798182897925	0.3676930508906088	0.4949971494605939	-1.014507877717148	insig
CRKP_vs_Con	FFA(15:0)	0.4583933963782075	0.1448336855818105	1.313663087537156	0.3935953180775318	insig
CRKP_vs_Con	LPG(16:0)	1.435888086068253	0.003556229408381895	0.6307869785706932	-0.6647752162196009	down
CRKP_vs_Con	LPS(18:0)	0.9425143398157224	0.1059143978897759	0.7756969999771416	-0.366434872881707	insig
CRKP_vs_Con	LPS(20:0)	1.373295948526513	0.03248921475749856	0.6276494102990348	-0.6719691651634487	down
CRKP_vs_Con	LPA(0:0/18:2)	1.052227034226704	0.06121347946126746	0.7027032781018222	-0.5090124661559613	insig
CRKP_vs_Con	LPA(20:4)	1.400139113395449	0.003557957851401549	0.5565221584856899	-0.8454889638322706	down
CRKP_vs_Con	FFA(16:4)	0.7983605673816818	0.3212177513223086	1.487031746119064	0.5724354473093993	insig
CRKP_vs_Con	Lysine	1.045634531034062	0.07257238747375558	0.8445688830850906	-0.2437130007742091	insig
CRKP_vs_Con	L-Methionine	0.529214981130135	0.6040504365732362	0.9364220263831085	-0.0947692251747869	insig
CRKP_vs_Con	L-Homocystine	0.7157638211583577	0.2833009387229798	0.7847008066697498	-0.3497854116000804	insig
CRKP_vs_Con	Phe-Phe	1.37412937923558	0.05416855966430754	0.6333586650074791	-0.6589053792968006	insig
CRKP_vs_Con	N-Acetylhistamine	1.441450675702113	0.01302813648802204	0.4100653019244371	-1.286074421106085	down
CRKP_vs_Con	1,4-Dihydro-1-Methyl-4-Oxo-3-Pyridinecarboxamide	1.509454592262087	0.01101730459674966	0.3858738891493347	-1.373798670259927	down
CRKP_vs_Con	Biotin	0.9399532581088698	0.1398114200633055	0.7761959986577225	-0.3655070989342409	insig
CRKP_vs_Con	5,6-Dihydro-5-Methyluracil	0.9922179060058276	0.1119174739033423	0.8039719662971183	-0.3147828979473866	insig
CRKP_vs_Con	Uracil	1.120124799060404	0.03192805580615352	0.6945184574084199	-0.5259150593448331	down
CRKP_vs_Con	3,3',5-Triiodo-L-Thyronine	1.565789893405863	0.0002370075725266017	0.5327143415072496	-0.9085659738477404	down
CRKP_vs_Con	L-Thyroxine	1.505545443045714	0.0038271696957199	0.7338036390167121	-0.4465340357923939	down
CRKP_vs_Con	Nicotinamide	1.901481540942326	0.001058310417094785	0.3048494815769024	-1.713831002319479	down
CRKP_vs_Con	5-Hydroxytryptophol	0.6991535127201695	0.5302227139523727	0.5761413669966426	-0.7955052477309581	insig
CRKP_vs_Con	1,3,7-Trimethyluric Acid	1.047043990919895	0.1806097757624102	143.0957578694297	7.160837093205818	insig
CRKP_vs_Con	5-Aminovaleric Acid	0.3700146993148051	0.5200563830107675	0.9318968548295391	-0.101757813034436	insig
CRKP_vs_Con	Azelaic Acid	1.60930355978378	0.006970993812526661	0.3386460523099296	-1.562149916924278	down
CRKP_vs_Con	Guanidineacetic Acid	0.5258201356115371	0.3702205960434293	0.8982614787488054	-0.1547926285584304	insig
CRKP_vs_Con	Subericacid	1.544857666063576	0.007503480939507838	0.3775030183364446	-1.405439915293058	down
CRKP_vs_Con	Isoxanthopterin	1.305076788115487	0.01921245019449407	1.981071558113067	0.9862809926303956	up
CRKP_vs_Con	5'-Deoxy-5'-(Methylthio) Adenosine	1.043757950800578	0.1607129762511013	43.73342726320825	5.450664507607565	insig
CRKP_vs_Con	Ergothioneine	0.2596132177277151	0.3084990148012808	1.776321015935229	0.8288923284487902	insig
CRKP_vs_Con	Sn-Glycero-3-Phosphocholine	1.536936593370207	0.00205662481055454	0.5843136072729325	-0.7751852082800971	down
CRKP_vs_Con	Indole	0.7307297833987484	0.3242590344158538	0.9023331761040132	-0.1482678645542939	insig
CRKP_vs_Con	Piperidine	1.095450573892308	0.05585336589239739	0.8058558189189919	-0.3114063553123137	insig
CRKP_vs_Con	Carnitine C2:0	0.2515797059753812	0.9880542092732651	1.00209928232275	0.003025449669879586	insig
CRKP_vs_Con	Hexadecanamide	1.765738534927394	0.02223828258511914	0.267349698989654	-1.903200042487386	down
CRKP_vs_Con	Triethyl-phosphate	1.16317375234987	0.05332475504945322	1.835679583987932	0.8763142597685953	insig
CRKP_vs_Con	Oxindole	0.4809587553512269	0.3342819433946572	2.167342455061917	1.115927127213402	insig
CRKP_vs_Con	Benzylcinnamate	0.9920821127495808	0.07819227028948182	0.8317508433344136	-0.2657766709914126	insig
CRKP_vs_Con	2-Acetyl-5-methylfuran	1.3966140602414	0.01384380786825693	0.3875241256519448	-1.367641965468335	down
CRKP_vs_Con	2-Pentadecanone	1.197791050512201	0.02302269134062684	0.939330148722724	-0.0902957802337077	down
CRKP_vs_Con	DL-Leucine	0.9123591712276532	0.1302665464578531	0.8321007141096032	-0.2651699379718723	insig
CRKP_vs_Con	18β-Glycyrrhetinic acid	1.791615976898751	0.00634934640318303	0.2933976919056193	-1.769070573192401	down
CRKP_vs_Con	2-Undecanone	1.560546773141293	0.01028227268503542	0.3488346382681175	-1.51938479222523	down
CRKP_vs_Con	2,6,6-Trimethyl-2-cyclohexene-1,4-dione	1.097634399923887	0.0318969607233122	0.7534450841314703	-0.4084257320203376	down
CRKP_vs_Con	Dibutyl-phthalate	1.100711648116982	0.01816690755834993	0.6056151606483088	-0.7235267734501758	down
CRKP_vs_Con	SPH(d18:0)	1.270672587512974	0.0158106227867732	0.8598261785658285	-0.2178830591042395	down
CRKP_vs_Con	Hypaphorine	1.708866761779934	0.0007599035794907304	0.2582119229386022	-1.95337247624359	down
CRKP_vs_Con	N-Amidino-L-Aspartate	0.004579521404455759	0.3704928833565122	0.4502024944896162	-1.151354044363999	insig
CRKP_vs_Con	L-Tryptophanamide	1.048092304455858	0.04597441624145096	0.7549147497052704	-0.4056143605445309	down
CRKP_vs_Con	Dethiobiotin	1.330080622690734	0.01939029620646588	1.111527582752593	0.1525437495404627	up
CRKP_vs_Con	Benzaldehyde	1.095388138363528	0.04695732549250447	1.3754499332227	0.4599036260911104	up
CRKP_vs_Con	Hydroxyquinoline	0.8442007244255517	0.1472766696908966	0.8691184243947424	-0.2023753256191234	insig
CRKP_vs_Con	Carnitine C12:0	0.3429651071154466	0.8705349586940768	0.9671296272056158	-0.0482188235996937	insig
CRKP_vs_Con	2-Aminomethylpyrimidine	1.26857851343852	0.0211849603238318	0.8267450938449677	-0.2744855158335808	down
CRKP_vs_Con	1-acetylindole	1.036107747596321	0.04475754450937059	0.8362112930067579	-0.2580605678233794	down
CRKP_vs_Con	L-Isoleucine	1.259903985252494	0.02877974523957125	0.759222733738622	-0.3974049026324947	down
CRKP_vs_Con	N-Acetylcadaverine	0.5024345532942078	0.1281892714963207	1.41776707723168	0.5036205338999148	insig
CRKP_vs_Con	3-methyl-4-pentenoic acid	1.203599313555919	0.02431746185839839	0.6570677249480235	-0.6058860159514614	down
CRKP_vs_Con	1-Deoxyvaleric acid	1.358256441449204	0.007315730358548495	0.7370316923026402	-0.4402014384641529	down
CRKP_vs_Con	2-Mercaptobenzothiazole	0.2091924412878315	0.2693520464788709	1.298510949060202	0.3768581788898349	insig
CRKP_vs_Con	20,26-dihydroxyecdysone	2.00372305627072	1.035825454868176e-05	0.5169559243910754	-0.951886813134544	down
CRKP_vs_Con	10-deoxyformamycin	0.8591806892946053	0.0466872979295118	0.6223065709044597	-0.6843026152357061	insig
CRKP_vs_Con	S-Adenosyl-L-Methionine	1.359432040884412	0.1608889435379574	84.6028540626905	6.402634428121912	insig
CRKP_vs_Con	LPC(18:0/0:0)	1.539128385714681	0.003320889952151402	0.6441013227221611	-0.6346404402576074	down
CRKP_vs_Con	Carnitine C20:1	1.719676249133421	0.002318011874000224	0.5311863228722251	-0.9127100946227876	down
CRKP_vs_Con	Carnitine C20:2	1.975394147290928	5.196629668627892e-05	0.3773626226379764	-1.405976562265137	down
CRKP_vs_Con	Carnitine C17:1:DC	0.7374760228838922	0.3328447214672818	0.8329496049925734	-0.2636988824017476	insig
CRKP_vs_Con	Carnitine C18:2-OH	0.5708495981300631	0.5647995777551471	0.8808365663365183	-0.1830537338672917	insig
CRKP_vs_Con	Carnitine C18:0	2.084325278776757	5.343337266927112e-05	0.3934986720314157	-1.345569327914255	down
CRKP_vs_Con	Carnitine C18:1	2.068068723874125	9.626789797059358e-06	0.5276406994955212	-0.9223722439147842	down
CRKP_vs_Con	Carnitine C18:2	1.967377714512238	0.000163842580868541	0.423682023325908	-1.238946177912629	down
CRKP_vs_Con	Carnitine C18:3	1.547292797187009	0.00256457704952335	0.5420014616548369	-0.8836313526821246	down
CRKP_vs_Con	Carnitine C18:4	0.7237727813765514	0.3020337376595277	0.8340383282404843	-0.2618144106276273	insig
CRKP_vs_Con	Carnitine C17:0	1.232982642642545	0.01827035554615677	0.724402980139845	-0.4651356134472498	down
CRKP_vs_Con	Carnitine C16:0	2.119700559694849	3.57562425098289e-06	0.5701945967080874	-0.8104737268485744	down
CRKP_vs_Con	Carnitine C16:1	0.9396858738031482	0.1591559304312193	0.8255053497235937	-0.2766505302701008	insig
CRKP_vs_Con	Carnitine C16:2	0.4887979956547859	0.9468278689483554	0.9879837418953298	-0.01744079364418147	insig
CRKP_vs_Con	Carnitine C14-OH	0.04286352259705405	0.7187872724609716	1.058358827788811	0.08182884418552246	insig
CRKP_vs_Con	Carnitine C15:1	0.3739335048789013	0.6365171887066463	0.917809681012288	-0.1237330705791489	insig
CRKP_vs_Con	Carnitine C14:0	0.8167691284524499	0.3474798552092675	0.8847950669585032	-0.1765847528210076	insig
CRKP_vs_Con	Carnitine C14:1	0.0898357882186707	0.8639111541881129	1.031450952420313	0.04467521978730356	insig
CRKP_vs_Con	Carnitine C13:1	0.4068429461919218	0.6942076312469629	0.910139046298934	-0.1358411253103942	insig
CRKP_vs_Con	Carnitine C8:1	0.8429418960174986	0.07980749275015067	0.6067051096162813	-0.7209326332165027	insig
CRKP_vs_Con	Carnitine C4:DC	1.172148951040064	0.02132710763629529	1.632603786912892	0.7071747088345386	up
CRKP_vs_Con	N'-Methyl-2-pyridone-5-carboxamide	1.445859099080709	0.01602346650774172	0.3935599116806914	-1.345344820767461	down
CRKP_vs_Con	1-Methyl-hydantoin	0.2206353932956681	0.3596246922262953	0.5628471561669471	-0.8291848901256158	insig
CRKP_vs_Con	Menadiol-Diacetate	0.2166272241975785	0.8404601898151608	1.015810703881127	0.02263158122806783	insig
CRKP_vs_Con	Phe-Val	1.138998600407196	0.02803456170165448	0.5579500501110977	-0.8417921228016697	down
CRKP_vs_Con	Carnitine C10:1	1.075548409075612	0.04575159594887996	0.636154834376246	-0.6525501476161473	down
CRKP_vs_Con	Carnitine C15	0.4956302841073556	0.7289103081577435	1.113337529445032	0.1548910394315816	insig
CRKP_vs_Con	Carnitine C18:1-OH	0.4757711568695059	0.6530374942148682	0.9208011923885768	-0.1190383932026523	insig
CRKP_vs_Con	Carnitine C14:2:DC	1.118753717033368	0.08764495905955445	0.7823700684407238	-0.3540769175140667	insig
CRKP_vs_Con	Carnitine C18-OH	1.204674641904629	0.08957247216665383	0.6922348663341129	-0.5306664862061481	insig
CRKP_vs_Con	LPC(O-16:0)	1.797683267503454	0.0002270908595314119	0.484500008834592	-1.045431402940253	down
CRKP_vs_Con	LPC(O-16:1)	2.017415931988292	7.176651475492444e-05	0.3607191673148372	-1.471052010116827	down
CRKP_vs_Con	Methyldopa	0.7520411395703734	0.1799519927832884	1.404054318431327	0.4895987500410763	insig
CRKP_vs_Con	3-Amino-4-methylpentanoic acid	0.7338272322590721	0.1690226221932236	0.9066929552434496	-0.1413140192644378	insig
CRKP_vs_Con	Agmatine	1.883311776243048	0.0001789745220217443	0.7939322521495632	-0.3329121903628218	down
CRKP_vs_Con	Ala-Phe	1.015050858808693	0.1115100366156046	0.8296733788161118	-0.2693845987924677	insig
CRKP_vs_Con	Canrenone	1.082494092498817	0.0392399359132073	0.1716695469936397	-2.542293957107346	down
CRKP_vs_Con	Hexylresorcinol	1.324349025505346	0.008599913836990441	0.7394770510472859	-0.4354227195089441	down
CRKP_vs_Con	Leu-Ala	0.9817433273689464	0.09505657533159427	0.5768363138487039	-0.7937661047879162	insig
CRKP_vs_Con	Leu-Phe	0.3531471171523674	0.4907158639651336	1.291543801661542	0.3690965721189537	insig
CRKP_vs_Con	N1,N8-diacetylspermidine	1.824759546148912	0.00155735529158594	2.051207520339968	1.036473456430294	up
CRKP_vs_Con	Palmitoylethanolamide（PEA）	1.841365726283892	0.001367446153297267	0.3525466733194074	-1.504113827704948	down
CRKP_vs_Con	TriacetonaMine	1.009544204343693	0.08795061622270922	0.8438257848824944	-0.2449829220566442	insig
CRKP_vs_Con	Urolithin A	1.189690688117102	0.04523885727299587	0.7089912388776258	-0.4961602949344137	down
CRKP_vs_Con	CAP-palmitate	1.541064589820256	0.005648062449479483	0.5828746359863016	-0.7787424713059736	down
CRKP_vs_Con	Eicosanoyl-EA	1.758745197585668	0.0003922428091441682	0.7661973924546721	-0.3842119789390838	down
CRKP_vs_Con	Gly-His	1.169152238095963	0.01779512184542813	0.73165847830037	-0.450757706812304	down
CRKP_vs_Con	Gly-Phe-Phe	0.1143149667267097	0.7544974031838428	1.089417195800006	0.123556544550586	insig
CRKP_vs_Con	Phe-Trp	1.187996994090136	0.2326357293461364	0.6896577056753103	-0.5360476009003918	insig
CRKP_vs_Con	Cyclo(Pro-Val)	1.039842880942929	0.03612948668812362	0.3845819664686837	-1.378636980405528	down
CRKP_vs_Con	5-Aminoimidazole ribonucleotide	1.451233591702707	0.01064687782995602	0.4952303798992492	-1.013828275517698	down
CRKP_vs_Con	N6-(2-Hydroxyethyl)adenosine	0.938573598255162	0.5066969682828453	1.267295683169667	0.341753170788245	insig
CRKP_vs_Con	N-(3-Indolylacetyl)-L-alanine	1.717787122943125	0.1434284692213408	82.8269579442863	6.372028497426977	insig
CRKP_vs_Con	2-Methyl-1-Pyrroline	1.040951186726443	0.09075509113387482	0.8411998439277428	-0.2494795124884883	insig
CRKP_vs_Con	O-Desmethylnaproxen	1.416182132600231	0.1648881065483911	10.65240686449654	3.413107532771355	insig
CRKP_vs_Con	Androstenediol	1.481699897390652	0.003501744933408601	0.8672782335081999	-0.2054331928963085	down
CRKP_vs_Con	Geranic acid	1.240803296697344	0.01449089075460573	0.9144216506385112	-0.1290685324340166	down
CRKP_vs_Con	4-Methyl-3-nitroaniline	1.088434669408101	0.0373243699074113	0.712061940843611	-0.489925351081794	down
CRKP_vs_Con	3-Aminoquinoline	0.9659428433685996	0.1015844720872302	0.8797718074722756	-0.184798724454992	insig
CRKP_vs_Con	3-(4-Fluorobenzoyl)propionic acid	1.193083352339431	0.02266692449120241	1.754948184548043	0.8114284350887326	up
CRKP_vs_Con	11-Carbonyl-beta-acetyl-boswellic acid	2.229589115783274	0.001577295856819797	0.1480072144753531	-2.756260594478144	down
CRKP_vs_Con	2,6-Pyridinedicarboxylic acid	1.09016933629923	0.03859384413720015	1.457882744170054	0.5438746900303879	up
CRKP_vs_Con	N,N-Bis(2-hydroxyethyl)dodecanamide	2.429978191241239	3.194361997702701e-06	0.4148972363497268	-1.269174047506247	down
CRKP_vs_Con	Vanillylamine	1.279671669585548	0.01678022764671418	0.4556480193182539	-1.134008298715508	down
CRKP_vs_Con	Meestrol	1.464630706447143	0.005127202014677863	0.6220310517816962	-0.6849414934168846	down
CRKP_vs_Con	5-Hydroxyindole	1.573899410478343	0.006544878969021956	4.870184410439854	2.28397640125834	up
CRKP_vs_Con	Meleagrin	1.227176029522539	0.01536233226510156	0.8763415056798265	-0.1904349048107093	down
CRKP_vs_Con	S-methyl-L-thiocitrulline	1.632095325786867	0.001205207280743136	0.9054858817521309	-0.1432359478974262	down
CRKP_vs_Con	N(6),N(6)-Dimethyl-L-lysine	0.1021444050778444	0.5636394516267231	0.7395154844195101	-0.4353477392312279	insig
CRKP_vs_Con	Cyclocreatine	2.077065467137595	7.015739661723919e-06	0.7976721221845661	-0.3261322367887008	down
CRKP_vs_Con	Val-Arg	0.0976118203709402	0.4360791524926295	0.8172578383380277	-0.2911367859083763	insig
CRKP_vs_Con	Asn-Trp	0.9603157517353534	0.1112755573457507	0.7681434205445271	-0.3805523922862392	insig
CRKP_vs_Con	4-Aminomethylpyrimidine	1.061885049689909	0.06245027985256432	0.8173547116206262	-0.2909657868486093	insig
CRKP_vs_Con	3-Guanidinopropionic acid	1.156925721888934	0.0810969798948348	1.99919784924127	0.9994212544711164	insig
CRKP_vs_Con	3-(imidazol-4-yl)propionic acid	1.159692509392384	0.0626420283137105	1.434308874084059	0.5203557375163752	insig
CRKP_vs_Con	Ser-Val	0.3125850545845573	0.8186037061141955	0.9687236177221992	-0.0458429795224221	insig
CRKP_vs_Con	O-Phospho-L-tyrosine	0.6198268023390449	0.807149990978096	1.089235260256316	0.123315590554897	insig
CRKP_vs_Con	Tyr-Ser	1.070026870972472	0.03868511258222476	0.4495037907496833	-1.153594812578765	down
CRKP_vs_Con	Ile-Ser	1.159651054321091	0.01941891731167037	1.606488347891173	0.6839105167566732	up
CRKP_vs_Con	His-Phe-Ala	1.716999435666435	0.001310567291293896	0.4820366407673295	-1.052785281535431	down
CRKP_vs_Con	N-(2-hydroxyethyl)-3-pyridinecarboxamide	1.207344938253266	0.03184817658380613	1.509318219187863	0.5938970105326321	up
CRKP_vs_Con	Proline-Hydroxyproline	1.0559179180399	0.1448426778264355	1.668063655126948	0.7381743446480995	insig
CRKP_vs_Con	Cyclo(Ala-Pro)	0.8379099013961233	0.04752951672985546	0.4464578433899221	-1.163404139033857	insig
CRKP_vs_Con	Triethylene glycol-monomethyl ether	1.293610351793704	0.0167426823315618	0.6586763071448788	-0.6023584381583942	down
CRKP_vs_Con	Trp-Ile	1.33311221034385	0.01205324572083756	0.6653401655306395	-0.5878359653266989	down
CRKP_vs_Con	Cys-Arg	1.483644358985797	0.008718369233737044	2.733482859061521	1.450740328811879	up
CRKP_vs_Con	2-pyrimidin-2-yl-propionic acid	0.7908762337170577	0.07928321037806911	1.189305923595071	0.2501198653645776	insig
CRKP_vs_Con	Thr-Arg	1.733795313944857	0.000822979508580484	0.8829462004441311	-0.1796025604304508	down
CRKP_vs_Con	4-Amino-3-hydroxybutyric acid	0.1982604328791557	0.6426851490930316	0.9104937212853452	-0.1352790263966471	insig
CRKP_vs_Con	D-Alloisoleucine	1.223551720995696	0.04072439174007449	0.7768962259666647	-0.3642061915978453	down
CRKP_vs_Con	Pro-Asn	0.9474844830815766	0.1943515937465917	1.589598938145864	0.6686628139783994	insig
CRKP_vs_Con	Pro-Asp	1.160133589092559	0.03773015044435438	1.588381301633947	0.6675572827222127	up
CRKP_vs_Con	Losartan carboxylic acid	1.85232815964786	0.05373681921349678	0.104033188371339	-3.264884248631075	insig
CRKP_vs_Con	Methyltrienolone	0.4795961561758947	0.4460178591040114	0.8110783243270446	-0.3020868553375102	insig
CRKP_vs_Con	(2E,4E)-6-(2-aminophenyl)-2-hydroxy-6-oxohexa-2,4-dienoic acid	0.2937274080375564	0.7831347177408973	1.372313827094177	0.4566104414372971	insig
CRKP_vs_Con	LPC(O-18:3)	1.532530980893372	0.004734313894325267	0.4847508643453478	-1.044684624124897	down
CRKP_vs_Con	1-desoxymethylsphinganine	1.356407019329094	0.01009430666858432	0.7259769462565618	-0.462004359406574	down
CRKP_vs_Con	N-(2-Hydroxyethyl)pentadecanamide	1.841030404919325	0.0001364194549031254	0.7638018080312475	-0.3887297598514871	down
CRKP_vs_Con	Cortisone	0.2636003046374386	0.7728867447069866	1.047059039924663	0.06634279298990403	insig
CRKP_vs_Con	gamma-Glu-Phe	1.503708709825811	0.02853047527483819	2.354232799255565	1.235256988908743	up
CRKP_vs_Con	Linoleamide	1.568440112034768	0.0361452801014983	0.3408663212882919	-1.552722031374942	down
CRKP_vs_Con	Carnitine C16:1-2OH	1.090020864176657	0.01243413588527206	3.640981459266877	1.86432739425899	up
CRKP_vs_Con	SPH(d16:1)	1.367244642123272	0.01021719811934479	0.7312001690565275	-0.451661690934233	down
CRKP_vs_Con	S1P(d16:1)	2.044314328255596	5.716117392671006e-06	0.4489767884467483	-1.155287233569885	down
CRKP_vs_Con	S1P(d18:2)	1.977805823108129	2.993763918123548e-05	0.4693788657906372	-1.091175210217279	down
CRKP_vs_Con	LPC(17:1/0:0)	1.42293072827375	0.004185063147786199	0.6228640806739691	-0.6830107174023519	down
CRKP_vs_Con	LPC(O-14:0)	1.751244544950292	0.0009648304939082424	0.3546977986365454	-1.495337718394905	down
CRKP_vs_Con	LPC(O-18:0)	1.003214261052306	0.01478127534800013	0.4182810456765184	-1.257455470866816	down
CRKP_vs_Con	LPC(O-18:2)	1.57739790267098	0.00427941462053867	0.5453466075375856	-0.8747546355791964	down
CRKP_vs_Con	LPC(O-20:2)	1.946686375955244	0.0001375884689813877	0.444886523117335	-1.16849069906253	down
CRKP_vs_Con	LPC(O-20:3)	1.721370256531391	0.003728137942997106	0.3451679219567216	-1.534629700429431	down
CRKP_vs_Con	LPE(P-16:0)	1.543880264508728	0.005297458573132061	0.4457010660911466	-1.165851683089654	down
CRKP_vs_Con	Carnitine C17:1	1.710062437167963	0.0006874491414743522	0.5936078738298337	-0.7524178663721854	down
CRKP_vs_Con	Carnitine C20:3	1.880495246332488	0.0003327763954793253	0.3916322852048718	-1.352428392803176	down
CRKP_vs_Con	Carnitine C22:3	1.566664383619646	0.001405715317275337	0.5836700552934229	-0.7767750410373635	down
CRKP_vs_Con	Carnitine C20:4	1.806580554393567	0.0006488859867599117	0.3283496986724661	-1.60669496361244	down
CRKP_vs_Con	Carnitine C22:4	1.753066834018487	0.0002067188166685133	0.3724084770274236	-1.425042181963177	down
CRKP_vs_Con	Ochratoxin A	1.08356983467897	0.04362191472215029	0.8320093948110615	-0.2653282759310848	down
CRKP_vs_KP	2-Methyllactic acid	1.614385097024269	0.03614603013973489	1.394961195860877	0.4802249906439144	up
CRKP_vs_KP	(R)-2-Hydroxybutyric acid	1.614385097024269	0.03614603013973489	1.394961195860877	0.4802249906439144	up
CRKP_vs_KP	2-Methylhexanoic acid	1.222451466823755	0.04913168523618221	1.26858282953495	0.3432177203147771	up
CRKP_vs_KP	2,2-Dimethylpentanoic acid	1.222451466823755	0.04913168523618221	1.26858282953495	0.3432177203147771	up
CRKP_vs_KP	4-Methylhexanoic acid	1.222451466823755	0.04913168523618221	1.26858282953495	0.3432177203147771	up
CRKP_vs_KP	2-amino-4-oxovaleric acid	1.517248157306366	0.03534967311579055	0.616338898915486	-0.6982042482859407	down
CRKP_vs_KP	N-Acetyl-L-alanine	1.517248157306366	0.03534967311579055	0.616338898915486	-0.6982042482859407	down
CRKP_vs_KP	N-acetyl-beta-alanine	1.517248157306366	0.03534967311579055	0.616338898915486	-0.6982042482859407	down
CRKP_vs_KP	Xylose	1.05458521757331	0.060474802573034	0.3117683328862955	-1.68145369766643	insig
CRKP_vs_KP	L-lyxose	1.05458521757331	0.060474802573034	0.3117683328862955	-1.68145369766643	insig
CRKP_vs_KP	Arabinose	1.05458521757331	0.060474802573034	0.3117683328862955	-1.68145369766643	insig
CRKP_vs_KP	3-Amino-4-Hydroxybenzoic Acid	0.04439526428301849	0.4567541440031829	0.6785841663647965	-0.5594003273399291	insig
CRKP_vs_KP	3-Amino-5-hydroxybenzoic acid	0.04439526428301849	0.4567541440031829	0.6785841663647965	-0.5594003273399291	insig
CRKP_vs_KP	3-Hydroxyanthranilic Acid	0.04439526428301849	0.4567541440031829	0.6785841663647965	-0.5594003273399291	insig
CRKP_vs_KP	Protocatechuic Acid	1.55272849711394	0.01609692383042587	1.109368392408326	0.149738526586932	up
CRKP_vs_KP	2,5-Dihydroxybenzoic acid	1.55272849711394	0.01609692383042587	1.109368392408326	0.149738526586932	up
CRKP_vs_KP	2,3-Dihydroxybenzoic acid	1.55272849711394	0.01609692383042587	1.109368392408326	0.149738526586932	up
CRKP_vs_KP	3,5-Dihydroxybenzoic acid	1.55272849711394	0.01609692383042587	1.109368392408326	0.149738526586932	up
CRKP_vs_KP	4-hydroxyphenylglyoxylate	1.903633308920619	0.09824659319066806	0.3283760045569702	-1.606579386076937	insig
CRKP_vs_KP	Phthalic Acid	1.903633308920619	0.09824659319066806	0.3283760045569702	-1.606579386076937	insig
CRKP_vs_KP	Pyridine-3,4-dicarboxylic acid	1.028591346330242	0.1587355514055902	0.241098986676306	-2.052302507489604	insig
CRKP_vs_KP	2,4-Pyridinedicarboxylic acid	1.028591346330242	0.1587355514055902	0.241098986676306	-2.052302507489604	insig
CRKP_vs_KP	2-Methylhippuric acid	1.212967424279682	0.08630016240980479	0.6748840271450383	-0.5672884858166013	insig
CRKP_vs_KP	N-Phenylacetylglycine	1.212967424279682	0.08630016240980479	0.6748840271450383	-0.5672884858166013	insig
CRKP_vs_KP	4-tert-Octylphenol	0.5852653847641133	0.2881974702887223	0.9100951671724364	-0.1359106814122852	insig
CRKP_vs_KP	2,4-Di-tert-butylphenol	0.5852653847641133	0.2881974702887223	0.9100951671724364	-0.1359106814122852	insig
CRKP_vs_KP	Phenylhydroxylamine	1.390290115933834	0.0439008617409273	1.219770125923998	0.2866092875936831	up
CRKP_vs_KP	4-Aminophenol	1.390290115933834	0.0439008617409273	1.219770125923998	0.2866092875936831	up
CRKP_vs_KP	L-Valine	1.724210232879345	0.01129404843772793	1.384239917670415	0.4690940138098904	up
CRKP_vs_KP	L-Norvaline	1.724210232879345	0.01129404843772793	1.384239917670415	0.4690940138098904	up
CRKP_vs_KP	1-Hydroxylamino-2-phenylethane	1.164355441754143	0.09132160699378318	1.328460977547502	0.4097558504663266	insig
CRKP_vs_KP	(R)-(-)-2-Phenylglycinol	1.164355441754143	0.09132160699378318	1.328460977547502	0.4097558504663266	insig
CRKP_vs_KP	L-Norleucine	1.764233459876333	0.004848845994813587	1.410742770694097	0.4964549565569245	up
CRKP_vs_KP	6-Aminocaproic Acid	1.764233459876333	0.004848845994813587	1.410742770694097	0.4964549565569245	up
CRKP_vs_KP	Mannose	0.3662893688974632	0.5086459213311091	0.9599143134528328	-0.05902246517225759	insig
CRKP_vs_KP	Fructose	0.3662893688974632	0.5086459213311091	0.9599143134528328	-0.05902246517225759	insig
CRKP_vs_KP	Gly-Glu	1.207955831199622	0.08761924784605167	1.270569858605584	0.3454756999824625	insig
CRKP_vs_KP	Glu-Gly	1.207955831199622	0.08761924784605167	1.270569858605584	0.3454756999824625	insig
CRKP_vs_KP	Val-Leu	0.3032880362356516	0.9472351750938957	0.9864410246945008	-0.01969529424174473	insig
CRKP_vs_KP	Val-Ile	0.3032880362356516	0.9472351750938957	0.9864410246945008	-0.01969529424174473	insig
CRKP_vs_KP	Ile-Asp	1.721172158273276	0.003761688974027513	0.289996240739167	-1.785893896378579	down
CRKP_vs_KP	Asp-Leu	1.721172158273276	0.003761688974027513	0.289996240739167	-1.785893896378579	down
CRKP_vs_KP	2,4-diacetamino-2,4,6-triphenoxy-D-mannopyranose	1.721172158273276	0.003761688974027513	0.289996240739167	-1.785893896378579	down
CRKP_vs_KP	Asp-Ile	1.721172158273276	0.003761688974027513	0.289996240739167	-1.785893896378579	down
CRKP_vs_KP	Leu-Glu	0.2512182750751704	0.6882533212364915	0.9203957503734256	-0.1196737724828329	insig
CRKP_vs_KP	Ile-Glu	0.2512182750751704	0.6882533212364915	0.9203957503734256	-0.1196737724828329	insig
CRKP_vs_KP	Thr-Phe	0.6602797822159481	0.1645379894938468	2.28860126057964	1.194466126286032	insig
CRKP_vs_KP	Phe-Thr	0.6602797822159481	0.1645379894938468	2.28860126057964	1.194466126286032	insig
CRKP_vs_KP	1-Methyladenosine	1.318484471522065	0.09071177036135727	0.7148046696880175	-0.4843790356146465	insig
CRKP_vs_KP	N6-methyladenosine	1.318484471522065	0.09071177036135727	0.7148046696880175	-0.4843790356146465	insig
CRKP_vs_KP	4-Hydroxybenzoic Acid	0.1072000257771891	0.3488410798619572	1.509645841047077	0.5942101367732889	insig
CRKP_vs_KP	Salicylic acid	0.1072000257771891	0.3488410798619572	1.509645841047077	0.5942101367732889	insig
CRKP_vs_KP	Tyrosol	0.1072000257771891	0.3488410798619572	1.509645841047077	0.5942101367732889	insig
CRKP_vs_KP	Xanthine	0.2886223044197501	0.5411214531292572	0.6713801533280812	-0.5747982047365534	insig
CRKP_vs_KP	4-acetoxyphenol	0.2886223044197501	0.5411214531292572	0.6713801533280812	-0.5747982047365534	insig
CRKP_vs_KP	Ethylsalicylate	2.11609310205709	0.002766203976730956	0.8059298907403825	-0.3112737532563152	down
CRKP_vs_KP	Ethionamide	2.11609310205709	0.002766203976730956	0.8059298907403825	-0.3112737532563152	down
CRKP_vs_KP	Val-Ala	0.3778031224820457	0.5026111948638834	1.307193059213341	0.3864722283567326	insig
CRKP_vs_KP	Sedoheptulose 7-Phosphate	0.8222620307611395	0.2560279134154664	0.8957830429500664	-0.1587787384541834	insig
CRKP_vs_KP	Argininosuccinic acid	0.8222620307611395	0.2560279134154664	0.8957830429500664	-0.1587787384541834	insig
CRKP_vs_KP	9,10-Epoxy-18-hydroxyoctadecanoic acid	1.145423835850703	0.05870072854779448	1.624534170529715	0.700026089703282	insig
CRKP_vs_KP	12,13-DiHOME	1.145423835850703	0.05870072854779448	1.624534170529715	0.700026089703282	insig
CRKP_vs_KP	9,10-DiHOME	1.145423835850703	0.05870072854779448	1.624534170529715	0.700026089703282	insig
CRKP_vs_KP	DHA	0.9569529259252954	0.1283435719687696	1.508524710769601	0.5931383291082613	insig
CRKP_vs_KP	FFA(22:6)	0.9569529259252954	0.1283435719687696	1.508524710769601	0.5931383291082613	insig
CRKP_vs_KP	LPA(0:0/16:0)	1.260681378271288	0.08258011937049606	1.451886437674351	0.5379286143451942	insig
CRKP_vs_KP	LPA(16:0/0:0)	1.260681378271288	0.08258011937049606	1.451886437674351	0.5379286143451942	insig
CRKP_vs_KP	LPE(0:0/16:0)	1.696539633388077	0.03170724994761602	1.510870022253101	0.5953795530794497	up
CRKP_vs_KP	LPE(16:0/0:0)	1.696539633388077	0.03170724994761602	1.510870022253101	0.5953795530794497	up
CRKP_vs_KP	LPE(18:2/0:0)	1.020232982976432	0.2676466883896786	1.254893481655264	0.3275649099851183	insig
CRKP_vs_KP	LPE(0:0/18:2)	1.020232982976432	0.2676466883896786	1.254893481655264	0.3275649099851183	insig
CRKP_vs_KP	LPE(0:0/20:4)	0.6177769843491017	0.2474774002686696	1.201015072840982	0.264254257102234	insig
CRKP_vs_KP	LPE(20:4/0:0)	0.6177769843491017	0.2474774002686696	1.201015072840982	0.264254257102234	insig
CRKP_vs_KP	LPE(0:0/22:6)	0.4711299023603893	0.1848050545109629	1.307939787777801	0.3872961265593454	insig
CRKP_vs_KP	LPE(22:6/0:0)	0.4711299023603893	0.1848050545109629	1.307939787777801	0.3872961265593454	insig
CRKP_vs_KP	Pyrrolidine	1.433401288756079	0.02230732092061117	1.295555777459944	0.3735711290900631	up
CRKP_vs_KP	Acrylamide	1.433401288756079	0.02230732092061117	1.295555777459944	0.3735711290900631	up
CRKP_vs_KP	Oxypurinol	1.367557125312528	0.07009172542589759	0.4424323773714697	-1.176471128473734	insig
CRKP_vs_KP	8-Azaguanine	1.367557125312528	0.07009172542589759	0.4424323773714697	-1.176471128473734	insig
CRKP_vs_KP	(1R,6S)-6-amino-5-oxocyclohexyl-2-ene-1-carboxylic-acid-ester	1.506001844231126	0.03293386898326647	1.22988695794603	0.2985257198692033	up
CRKP_vs_KP	N-Alpha-Acetyl-L-Asparagine	0.7186823461141109	0.3339502433105799	1.107080193327304	0.1467597300916821	insig
CRKP_vs_KP	L-Theanine	0.7186823461141109	0.3339502433105799	1.107080193327304	0.1467597300916821	insig
CRKP_vs_KP	Pro-Ser	0.8102267430464088	0.1772626821884099	0.5475818357098651	-0.8688535043286879	insig
CRKP_vs_KP	N,N-Dimethylarginine	0.8102267430464088	0.1772626821884099	0.5475818357098651	-0.8688535043286879	insig
CRKP_vs_KP	SDMA	0.8102267430464088	0.1772626821884099	0.5475818357098651	-0.8688535043286879	insig
CRKP_vs_KP	Phe-Gly	1.078613454428231	0.3183270655741546	1.451953668618114	0.5379954181261375	insig
CRKP_vs_KP	Gly-Phe	1.078613454428231	0.3183270655741546	1.451953668618114	0.5379954181261375	insig
CRKP_vs_KP	His-Leu	0.4756239254656568	0.7435859664056991	1.063824472730178	0.08926013090321648	insig
CRKP_vs_KP	Ile-His	0.4756239254656568	0.7435859664056991	1.063824472730178	0.08926013090321648	insig
CRKP_vs_KP	Carnitine C16-OH	2.656751917389683	0.001259448564312885	2.146754151831854	1.10215698195515	up
CRKP_vs_KP	Carnitine C15:DC	2.656751917389683	0.001259448564312885	2.146754151831854	1.10215698195515	up
CRKP_vs_KP	Carnitine ph-C14	1.125849700225891	0.1088837411789353	0.6644108863399142	-0.5898523829056485	insig
CRKP_vs_KP	2,22-Dideoxy-3-dehydroecdysone	1.125849700225891	0.1088837411789353	0.6644108863399142	-0.5898523829056485	insig
CRKP_vs_KP	LPC(15:0/0:0)	0.6960686654228109	0.9240860678382872	1.023652001372555	0.03372534304950889	insig
CRKP_vs_KP	2-Hexadecanoylthio-1-ethylphosphorylcholine	0.6960686654228109	0.9240860678382872	1.023652001372555	0.03372534304950889	insig
CRKP_vs_KP	LPC(0:0/15:0)	0.6960686654228109	0.9240860678382872	1.023652001372555	0.03372534304950889	insig
CRKP_vs_KP	LPC(16:2/0:0)	0.100585288911789	0.4832110412291906	0.8195294717954478	-0.2871322626479219	insig
CRKP_vs_KP	LPC(0:0/16:2)	0.100585288911789	0.4832110412291906	0.8195294717954478	-0.2871322626479219	insig
CRKP_vs_KP	LPC(0:0/16:0)	0.5843627792231606	0.4082364365049361	1.150101746428069	0.2017614981905139	insig
CRKP_vs_KP	LPC(16:0/0:0)	0.5843627792231606	0.4082364365049361	1.150101746428069	0.2017614981905139	insig
CRKP_vs_KP	PC(O-1:0/O-16:0)	0.5843627792231606	0.4082364365049361	1.150101746428069	0.2017614981905139	insig
CRKP_vs_KP	LPC(17:0/0:0)	0.5663131797725356	0.4869798997796647	1.175371619026685	0.233116967992815	insig
CRKP_vs_KP	LPC(0:0/17:0)	0.5663131797725356	0.4869798997796647	1.175371619026685	0.233116967992815	insig
CRKP_vs_KP	LPC(18:2/0:0)	0.8719234198764497	0.2238445291699251	1.212273939859411	0.2777157442068551	insig
CRKP_vs_KP	LPC(0:0/18:2)	0.8719234198764497	0.2238445291699251	1.212273939859411	0.2777157442068551	insig
CRKP_vs_KP	LPC(18:1/0:0)	0.6492796133046685	0.5404861071049816	1.107439462485158	0.1472278368755319	insig
CRKP_vs_KP	LPC(0:0/18:1)	0.6492796133046685	0.5404861071049816	1.107439462485158	0.1472278368755319	insig
CRKP_vs_KP	2-Thio-PAF	0.6492796133046685	0.5404861071049816	1.107439462485158	0.1472278368755319	insig
CRKP_vs_KP	LPC(0:0/20:4)	0.0522785509238639	0.6623669484669956	1.066348536827809	0.09267906114448564	insig
CRKP_vs_KP	LPC(20:4/0:0)	0.0522785509238639	0.6623669484669956	1.066348536827809	0.09267906114448564	insig
CRKP_vs_KP	LPC(20:2/0:0)	0.4574555996206458	0.3179106886847016	0.5701310134188602	-0.8106346129943067	insig
CRKP_vs_KP	LPC(0:0/20:2)	0.4574555996206458	0.3179106886847016	0.5701310134188602	-0.8106346129943067	insig
CRKP_vs_KP	LPC(0:0/22:6)	0.7746781064230502	0.09161171577438136	1.42832008107239	0.5143193180438035	insig
CRKP_vs_KP	LPC(22:6/0:0)	0.7746781064230502	0.09161171577438136	1.42832008107239	0.5143193180438035	insig
CRKP_vs_KP	LPC(22:5/0:0)	1.119555533640435	0.1198698099435001	1.269778941782338	0.3445773573490829	insig
CRKP_vs_KP	LPC(0:0/22:5)	1.119555533640435	0.1198698099435001	1.269778941782338	0.3445773573490829	insig
CRKP_vs_KP	Aspartic Acid	0.5531548101479908	0.4928403111179507	1.19166976647331	0.2529844939557634	insig
CRKP_vs_KP	L-Citrulline	1.384257411544835	0.04846348293751798	0.6730290908766888	-0.5712592299381214	down
CRKP_vs_KP	Histidine	1.170840344239604	0.08038478099153537	1.228017027977302	0.2963305656006726	insig
CRKP_vs_KP	L-Serine	1.529458194782595	0.06650773509164769	1.332702882475064	0.4143551767069975	insig
CRKP_vs_KP	L-Tryptophan	0.5025399852399758	0.206097982301457	1.178868470619724	0.2374027621089499	insig
CRKP_vs_KP	3-Hydroxy-3-Methylpentane-1,5-Dioic Acid	1.613807657926999	0.02215640991200297	1.305437658184845	0.3845335626870625	up
CRKP_vs_KP	L-Asparagine Anhydrous	0.4759848479323254	0.5094300228296862	1.111181076186797	0.1520939350259523	insig
CRKP_vs_KP	L-Glutamine	1.470413428231439	0.03990393531367658	1.303541742691555	0.3824367823440179	up
CRKP_vs_KP	N-Propionylglycine	1.905123079021762	0.003620853173620181	1.45537197914635	0.5413879393069561	up
CRKP_vs_KP	O-Phospho-L-Serine	1.27762258734686	0.04737478336013633	1.253908885357075	0.3264325192569525	up
CRKP_vs_KP	S-(5-Adenosy)-L-Homocysteine	0.6616542955115676	0.8610881145433837	1.083752207756434	0.1160349324238257	insig
CRKP_vs_KP	4-Hydroxy-3-methoxybenzaldehyde	0.8840647526269542	0.1079001360721147	1.152356361539799	0.20458693338015	insig
CRKP_vs_KP	5-Methylcytosine	0.1412858265225269	0.7926722489026624	0.9498498094449884	-0.07422868281081954	insig
CRKP_vs_KP	Hypoxanthine	0.5222067984979073	0.07530795054144224	1.547353987702986	0.6298032794522741	insig
CRKP_vs_KP	Succinic Acid	0.2759004251267406	0.8522266752679464	0.9875865975830262	-0.01802083691183552	insig
CRKP_vs_KP	Pyruvic Acid	0.6715715985530865	0.4540812956508545	1.089513672486588	0.1236843011851905	insig
CRKP_vs_KP	Melatonin	0.352500789236442	0.3819887114386167	1.280299065714329	0.3564808494647166	insig
CRKP_vs_KP	Glucoronic Acid	1.173640525581755	0.8258020856519408	0.8949586673043836	-0.1601070402780164	insig
CRKP_vs_KP	2-Aminoethanesulfinic Acid	2.073255066016728	0.115153773430785	0.5408274366347434	-0.8867597522672019	insig
CRKP_vs_KP	Taurine	0.7613719573878309	0.5363441340289916	0.8722217568402293	-0.1972331172011371	insig
CRKP_vs_KP	3-Hydroxy-3-Methyl Butyric Acid	0.3186348954307548	0.9617072755025201	1.010927880699476	0.01568007946798781	insig
CRKP_vs_KP	4-Hydroxy-2-Oxoglutaric Acid	0.5631488792690215	0.338350455800837	0.8024820422390596	-0.3174589865932675	insig
CRKP_vs_KP	Dodecanedioic Acid	0.08948667247289299	0.6105811400771077	1.063874534533499	0.08932802012547607	insig
CRKP_vs_KP	Tartaric acid	1.033628562133589	0.06330437226910178	0.2969575837998341	-1.751671217772933	insig
CRKP_vs_KP	Methylmalonic Acid	0.6709138050993168	0.5500156658574278	0.9507139331548002	-0.0729167909244054	insig
CRKP_vs_KP	N-γ-Acetyl-N-2-Formyl-5-Methoxykynurenamine	2.814465929419216	0.002090016055687699	0.1023111865526925	-3.288964199053714	down
CRKP_vs_KP	Sebacate	0.0540283019894982	0.9087658282678972	1.033060589024611	0.04692487077794473	insig
CRKP_vs_KP	FFA(20:2)	2.648907725384351	0.001908664315856037	5.175195143267629	2.371613263948481	up
CRKP_vs_KP	Β-Pseudouridine	1.309579559906615	0.04356591429479696	0.5141945260998627	-0.9596138429628124	down
CRKP_vs_KP	N-Acetylthreonine	1.528539373262551	0.01838955041564114	0.4722756804542963	-1.08229884818001	down
CRKP_vs_KP	Dl-3,4-Dihydroxymandelic Acid	0.9758618405161832	0.5017147182591227	0.9049302353463924	-0.1441215214753967	insig
CRKP_vs_KP	8,15-DiHETE	0.04038907371110034	0.1583224055220769	1.496297638622276	0.5813971799407283	insig
CRKP_vs_KP	2-Deoxyribose 1-Phosphate	1.449265573265328	0.02296791509202197	0.8505870847639011	-0.2334691455062511	down
CRKP_vs_KP	N-Acetylglucosamine 1-Phosphate	1.889854143896955	0.02219043652475	0.316322214437445	-1.660533218977148	down
CRKP_vs_KP	DL-3,4-Dihydroxyphenyl glycol	0.4371102535950358	0.5630505853712768	1.254423770122657	0.3270248025067401	insig
CRKP_vs_KP	Marmesin	0.1167031254082693	0.822421600252056	1.08247021480192	0.1143273283711693	insig
CRKP_vs_KP	Indole 3-carbinol	1.083710127768828	0.03309494393958238	0.3626205345036764	-1.463467470445664	down
CRKP_vs_KP	N-lactoyl-phenylalanine	0.1770724136291921	0.7920731104844434	0.9107791765087548	-0.1348267879220287	insig
CRKP_vs_KP	Indoxylsulfuric acid	2.159748287823269	0.01490768063674498	0.1190452252478234	-3.070418337777053	down
CRKP_vs_KP	Porphobilinogen	1.514947138965895	0.02803461450173717	0.8306760451232262	-0.2676421440249033	down
CRKP_vs_KP	Succinic anhydride	1.366377148604044	0.03796522851816002	0.6645253768455873	-0.5896038008031836	down
CRKP_vs_KP	Indoleacetaldehyde	0.2320460115035294	0.4561329688763393	1.085808179707656	0.1187692572605698	insig
CRKP_vs_KP	Methylstearate	1.805187680333958	0.01568083926120309	0.810814092835558	-0.3025569302472306	down
CRKP_vs_KP	Oxaloacetic acid	0.4977188006718187	0.3829570895949005	1.245077606607992	0.3162356693448095	insig
CRKP_vs_KP	12,13-EpOME	0.3439731850753629	0.720364726667982	0.9032864241993621	-0.1467445686979213	insig
CRKP_vs_KP	5-F2t-IsoP	1.731958816579271	0.09024098205406617	0.0131585188045016	-6.24785908927809	insig
CRKP_vs_KP	PGF3α	0.902717198034987	0.1639997236784715	0.9065292704586764	-0.1415744917256236	insig
CRKP_vs_KP	FFA(14:0)	1.454152368393362	0.0189455706672703	2.245476485015425	1.167021614066154	up
CRKP_vs_KP	FFA(9:0)	0.187603515866085	0.666514894694717	1.084560515937766	0.117110554261942	insig
CRKP_vs_KP	D-Glucuronolactone	0.9707658594594764	0.8760809274519579	1.103739514044554	0.1423997317738253	insig
CRKP_vs_KP	3-Ureidopropionate	1.104557958937639	0.06220093840024675	0.7140561978943775	-0.4858904726876219	insig
CRKP_vs_KP	13(R)-HODE	0.9317553142210938	0.1747824580348853	1.565902854606954	0.6469947135714518	insig
CRKP_vs_KP	Iminodiacetic acid	0.4990353629027962	0.4856166114228391	1.153097920631593	0.205515031299442	insig
CRKP_vs_KP	FFA(17:1)	1.090656555302581	0.03946870931046007	1.727529954685325	0.7887107265911304	up
CRKP_vs_KP	Flavanone	1.501496586534199	0.04251720877608441	0.8931847606850634	-0.1629694584511608	down
CRKP_vs_KP	1,6-anhydro-β-D-glucose	0.9933775693818788	0.3013281014369419	1.228273433381236	0.2966317635346111	insig
CRKP_vs_KP	12-Hydroxydodecanoic acid	0.1555242853152959	0.8549745884116309	1.053678634760862	0.07543492130906168	insig
CRKP_vs_KP	Heparin	0.5682958227373575	0.2543538280332768	1.222855333159021	0.2902537395324792	insig
CRKP_vs_KP	9(S)-HODE	1.023553032266519	0.1026211010585318	1.377496471443046	0.4620486232333556	insig
CRKP_vs_KP	Ketoleucine	0.4195226534246412	0.8810579703966039	0.9680359412736004	-0.04686748195919973	insig
CRKP_vs_KP	FFA(15:1)	1.449793575734058	0.04012177823289011	0.693081333980011	-0.5289034304839768	down
CRKP_vs_KP	5-nitrobenzimidazole	2.486999869074357	0.007804399087268566	0.2608217479332471	-1.93886392498355	down
CRKP_vs_KP	Multifidol	0.6595933493306411	0.4405799924413633	1.320886482037568	0.4015064856319886	insig
CRKP_vs_KP	Furfural diacetal	0.1949017884275734	0.6682917351522475	1.107462029853345	0.1472572357723065	insig
CRKP_vs_KP	3-(pyrazol-1-yl)-L-alanine	0.8202776642881103	0.1947880375304117	1.156340539407117	0.2095663305066431	insig
CRKP_vs_KP	2-Hydroxy-2-Methyl Butyric acid	1.502762380889191	0.04881491338652671	1.731444822012463	0.7919764122088895	up
CRKP_vs_KP	2-Hydroxy-4-methylpentanoic acid	0.702773506740236	0.2752862652740468	1.256505973800268	0.329417530232921	insig
CRKP_vs_KP	4-Methoxysalicylic Acid	1.93737967633808	0.005276190023889521	0.8751536038296611	-0.1923918390456525	down
CRKP_vs_KP	Tridecanedioic acid	1.212256289408883	0.1008919996723004	0.9708809221179692	-0.04263373395412661	insig
CRKP_vs_KP	12-HHT	0.1774677766627023	0.4083760016411798	2.192897724431866	1.13283852706131	insig
CRKP_vs_KP	9(S)-HOTrE	1.937370689434692	0.005844343792269963	1.305803239046524	0.3849375251864195	up
CRKP_vs_KP	3-(4-Hydroxyphenyl)-1-propanol	0.2067845314356105	0.2730684070776029	0.5578828011037708	-0.8419660194733568	insig
CRKP_vs_KP	3-Hydroxycinnamic acid	0.2998425961916307	0.3924229566147074	1.201206311592227	0.264483960492951	insig
CRKP_vs_KP	5,6-Dihydrouridine	1.527789817579905	0.03598279842139026	0.5009692819370124	-0.9972059508596978	down
CRKP_vs_KP	5-Hydroxy-2'-deoxyuridine	1.613098247762885	0.02870234105471707	0.4935472034939074	-1.018740022384269	down
CRKP_vs_KP	Acetylvaline	1.385259864387705	0.04667401573504578	0.6879146584261259	-0.5396984972597613	down
CRKP_vs_KP	Aleuritic Acid	1.446584450925576	0.04936410412408039	1.091587862786261	0.1264282586882143	up
CRKP_vs_KP	Antineoplaston A10	1.280964593508982	0.2621478795341918	0.5699382468123821	-0.8111224841080473	insig
CRKP_vs_KP	Galacturonic acid	0.5047096215090316	0.8689025031888773	0.9296967777408918	-0.1051678395059175	insig
CRKP_vs_KP	Hydroumbellic acid	1.321661881635305	0.2035895520734392	0.3725984842090561	-1.42430628971282	insig
CRKP_vs_KP	Imidazoleacetic acid	1.067895672295609	0.2529838202580509	0.8035339511698484	-0.3155691124934353	insig
CRKP_vs_KP	L-Ascorbyl 6-palmitate	1.201736643132765	0.06495985856119472	1.290813692568912	0.3682807866998829	insig
CRKP_vs_KP	Rhapontigenin	1.221526933657662	0.1295896790335514	2.711840944247967	1.439272563550218	insig
CRKP_vs_KP	Tert-Butylhydroquinone	1.805936845063234	0.01020325116600891	0.8562974046154476	-0.2238161421335037	down
CRKP_vs_KP	Acetanilide	1.787469803692813	0.01419736228200478	0.2518809004767576	-1.989186364764972	down
CRKP_vs_KP	2,4-Quinolinediol	1.836246705306845	0.01751924690038861	0.2594955819601025	-1.946218118687672	down
CRKP_vs_KP	Hydroxypiperazic acid	1.683764233965476	0.01323779490651068	1.329670626072058	0.4110689186723468	up
CRKP_vs_KP	N-Acetyl-D-Tryptophan	1.88081050478965	0.02304366215775175	0.0814310963665974	-3.618276363257672	down
CRKP_vs_KP	3-(2-Naphthyl)-L-alanine	1.774476874990676	0.03948982803151177	1.52483048942268	0.6086488717497445	up
CRKP_vs_KP	3-Hydroxypyruvic acid	2.856874100450866	0.04249531670810157	21.96849653579171	4.457364233898558	up
CRKP_vs_KP	Piperonylic acid	1.984689964432655	0.005171873908584454	0.8008817589389345	-0.3203388340066012	down
CRKP_vs_KP	3-Methoxysalicylic Acid	1.87174885867849	0.02122580969605972	0.20477055865615	-2.287919791336967	down
CRKP_vs_KP	3-Methoxycatechol	2.708922327650263	0.02559362674928255	0.180268766616432	-2.471778637944782	down
CRKP_vs_KP	2-(10-Heptadecenyl)-6-hydroxybenzoic acid	0.666621689044332	0.8306255367963711	1.059525960594946	0.08341893717940134	insig
CRKP_vs_KP	3,4-Dimethoxycinnamic acid	2.375830843797031	0.008771710962362164	0.2333187080126509	-2.099626104431988	down
CRKP_vs_KP	Zereno	0.4490611780984496	0.4712513388256917	0.94669677887648	-0.07902568150719727	insig
CRKP_vs_KP	LY223982	0.2854904653798275	0.7507766702168371	1.089668228191382	0.1238889438074079	insig
CRKP_vs_KP	2,6-Di-tert-butyl-4-(hydroxymethyl)phenol	0.3469970051498841	0.9404082011599106	0.9971093411838116	-0.004176378293714532	insig
CRKP_vs_KP	CAY-10550	0.1414405603741677	0.3785659377068347	1.361286439301173	0.4449706679287568	insig
CRKP_vs_KP	(R)-3-Hydroxy-tetradecanoic acid	1.334314506240779	0.08164665335421523	1.660572140872536	0.7316803997561807	insig
CRKP_vs_KP	N-Myristoylglycine	0.5850189831344753	0.4207354789642444	0.8367818603612581	-0.2570765175024469	insig
CRKP_vs_KP	4-Methoxysalicylaldehyde	2.449151689812222	2.264660634730656e-05	0.7695115205836399	-0.377985169159779	down
CRKP_vs_KP	Cys-Pro	1.16812438961133	0.0954097941598053	1.045860634139211	0.0646906184759699	insig
CRKP_vs_KP	Ribonic acid	1.616375240895665	0.04846305342568	0.4118325799868286	-1.279870129108106	down
CRKP_vs_KP	D-Glucaro-1,4-lactone	1.265236110240639	0.1028021577668229	0.6383029280536857	-0.6476868290788704	insig
CRKP_vs_KP	Ile-Ala	0.9459904433770101	0.05184762300719613	2.184186193624594	1.127095845804045	insig
CRKP_vs_KP	cyclo(glu-glu)	0.1282235424572962	0.642752843095649	0.8913137781549513	-0.1659946872738359	insig
CRKP_vs_KP	2-Hydroxy-3-Methyl Butanoic Acid	1.412933530048612	0.05753865384333959	1.687830407004514	0.7551699495039845	insig
CRKP_vs_KP	Trp-Leu	0.817118409309372	0.5307425899701492	0.8957447187159046	-0.1588404625131265	insig
CRKP_vs_KP	(±)-Camphoric acid	1.049812088907665	0.04836706098792745	1.921683778325072	0.9423709537099983	up
CRKP_vs_KP	5-chloroindole-2-carboxylic acid	2.611036621346353	2.735658084664323e-05	0.7950058043071998	-0.3309627013901879	down
CRKP_vs_KP	Rhamnonic acid	1.731581678269858	0.04344091186850099	0.2248504247828861	-2.152962485367494	down
CRKP_vs_KP	3-phenylphenol	0.3414569417402927	0.335363186476707	0.6703112736521974	-0.5770968968246639	insig
CRKP_vs_KP	Salidroside	1.94111262047794	0.008026437648121445	1.883927930577574	0.9137437758917428	up
CRKP_vs_KP	Norethindrone acetate	0.5830841495207777	0.2815847129131531	1.185886370458372	0.2459657800105359	insig
CRKP_vs_KP	Arachidonoyl LPA	0.3661574763686876	0.5204156884678733	1.109933854565178	0.1504737031211479	insig
CRKP_vs_KP	5-Acetylamino-6-formylamino-3-methyluracil	0.3395647013483989	0.3656820982600789	1.113773173716894	0.1554554494878324	insig
CRKP_vs_KP	5-Hydroxyisourate	1.305860895202658	0.04012872895977632	1.243994474499342	0.3149800774057324	up
CRKP_vs_KP	Propofol Glucuronide	1.344818140360228	0.07926397241576985	0.0182326567181425	-5.777331395000499	insig
CRKP_vs_KP	3-Oxocholic acid	0.5313585060318191	0.2670398322614915	13.93306076984743	3.800440314235357	insig
CRKP_vs_KP	FFA(15:0)	2.160032875494468	0.001648859175866678	2.176788776527565	1.122201423217242	up
CRKP_vs_KP	LPG(16:0)	0.9709251833937688	0.1767540571255911	1.276786086809626	0.3525168356514984	insig
CRKP_vs_KP	LPS(18:0)	0.4278493472484349	0.2358279527016998	1.246336501384137	0.3176936376522791	insig
CRKP_vs_KP	LPS(20:0)	0.04648616960769992	0.3002839385948837	1.297612214440315	0.3758593048385481	insig
CRKP_vs_KP	LPA(0:0/18:2)	0.700271094056688	0.1315812550882677	1.33436491180423	0.4161532575705793	insig
CRKP_vs_KP	LPA(20:4)	0.2474954636030376	0.6951964540711664	1.067522725587846	0.09426678248642803	insig
CRKP_vs_KP	FFA(16:4)	2.054671278635834	0.0421972174618838	2.723895439530069	1.445671324581014	up
CRKP_vs_KP	Lysine	2.107075910541128	0.0009968114444448986	1.416387136032293	0.502215645998559	up
CRKP_vs_KP	L-Methionine	1.280348795514883	0.0606217487389925	1.335912911111406	0.4178259608037619	insig
CRKP_vs_KP	L-Homocystine	0.8710850237655128	0.1508589792383607	1.281606339356833	0.3579531890453143	insig
CRKP_vs_KP	Phe-Phe	0.177404442176579	0.6999452635684409	1.124160651244555	0.1688482225625116	insig
CRKP_vs_KP	N-Acetylhistamine	1.396646177996001	0.06208100379869651	0.3787374933748721	-1.400729846021795	insig
CRKP_vs_KP	1,4-Dihydro-1-Methyl-4-Oxo-3-Pyridinecarboxamide	1.139440058229783	0.0918584776452475	0.4022851916855796	-1.313709462255614	insig
CRKP_vs_KP	Biotin	0.2308175803959496	0.396411796391924	1.173998443675313	0.2314304959237779	insig
CRKP_vs_KP	5,6-Dihydro-5-Methyluracil	1.570672943474092	0.03670587142963899	0.6055371910132884	-0.7237125244926188	down
CRKP_vs_KP	Uracil	0.4428759503883734	0.8147530705043788	0.9703386408857926	-0.0434397699942419	insig
CRKP_vs_KP	3,3',5-Triiodo-L-Thyronine	0.338304370018441	0.7299075646934369	1.084415203915488	0.1169172455657519	insig
CRKP_vs_KP	L-Thyroxine	0.7486383502714996	0.228652066384589	1.176448274573248	0.2344378903393864	insig
CRKP_vs_KP	Nicotinamide	0.99640273100478	0.1943440875179283	0.7220027055820668	-0.4699238515110422	insig
CRKP_vs_KP	5-Hydroxytryptophol	1.629927042154899	0.004567519691586296	0.3191130005632049	-1.647860710130978	down
CRKP_vs_KP	1,3,7-Trimethyluric Acid	1.703896240137253	0.5887861982375617	0.6706125203627512	-0.5764486763297312	insig
CRKP_vs_KP	5-Aminovaleric Acid	1.723199235840401	0.006731109136882948	1.360469649983545	0.4441047726062435	up
CRKP_vs_KP	Azelaic Acid	0.4822058435411229	0.5705966595958896	1.239605232283011	0.3098807495598552	insig
CRKP_vs_KP	Guanidineacetic Acid	1.486150121359975	0.02782338741760446	1.323824833245179	0.4047122392697199	up
CRKP_vs_KP	Subericacid	0.699416884623026	0.5040693053738756	1.195669218801314	0.2578183239844313	insig
CRKP_vs_KP	Isoxanthopterin	0.5320974093976621	0.1598450313363474	0.5326384828712194	-0.9087714285584992	insig
CRKP_vs_KP	5'-Deoxy-5'-(Methylthio) Adenosine	0.1629651630494072	0.18015074995235	14.44823095200621	3.852820954187197	insig
CRKP_vs_KP	Ergothioneine	1.646719204986966	0.08161154089333797	4.322821349522806	2.111973214794253	insig
CRKP_vs_KP	Sn-Glycero-3-Phosphocholine	0.1132367226170543	0.9894041564655	0.9968696585418492	-0.004523211395426854	insig
CRKP_vs_KP	Indole	0.4689608607400413	0.2232881517143285	1.168329854342746	0.2244476475404709	insig
CRKP_vs_KP	Piperidine	1.492262635574005	0.01671390553633102	1.38554567189044	0.4704542673143531	up
CRKP_vs_KP	Carnitine C2:0	1.256979829491902	0.04487055428627205	1.355341174169299	0.4386560606757861	up
CRKP_vs_KP	Hexadecanamide	1.391827105466702	0.04071261286568936	0.6542459309932628	-0.6120950482607408	down
CRKP_vs_KP	Triethyl-phosphate	1.080905035336612	0.08242604606922617	0.4395994823201496	-1.185738407541512	insig
CRKP_vs_KP	Oxindole	3.173634503064066	0.003827030687150658	0.07503297243475962	-3.736331477970178	down
CRKP_vs_KP	Benzylcinnamate	1.568466818058804	0.02261234489740188	0.7498683512038947	-0.4152907602608699	down
CRKP_vs_KP	2-Acetyl-5-methylfuran	0.6200441981056163	0.7978256326969002	1.094966058114496	0.1308861496905201	insig
CRKP_vs_KP	2-Pentadecanone	0.06414804787017075	0.8168638048586366	1.0071683851046	0.01030490285517071	insig
CRKP_vs_KP	DL-Leucine	1.62185875448147	0.00997072659982826	1.422516137899082	0.5084450194456794	up
CRKP_vs_KP	18β-Glycyrrhetinic acid	1.469244961627044	0.07792701970029238	0.7226252431032607	-0.4686804422983015	insig
CRKP_vs_KP	2-Undecanone	0.5208564013174009	0.605970935593135	1.212189294329676	0.2776150062915014	insig
CRKP_vs_KP	2,6,6-Trimethyl-2-cyclohexene-1,4-dione	0.2292989269063246	0.2788028106317336	1.211579921733866	0.2768895751450657	insig
CRKP_vs_KP	Dibutyl-phthalate	0.5898551975122897	0.6029923155547212	1.141879517581438	0.1914104365523331	insig
CRKP_vs_KP	SPH(d18:0)	0.5872712341489977	0.3821741381240986	1.054107390932679	0.07602185414173322	insig
CRKP_vs_KP	Hypaphorine	0.1243122424203255	0.1808074134296055	0.3794017741417116	-1.398201669855779	insig
CRKP_vs_KP	N-Amidino-L-Aspartate	1.166022910234854	0.04362361192636603	0.331040732237068	-1.594919353440932	down
CRKP_vs_KP	L-Tryptophanamide	0.05531554321534739	0.4970656127702029	1.120554873102091	0.1642132987491457	insig
CRKP_vs_KP	Dethiobiotin	1.506306565558898	0.05057310918395613	1.106236347792394	0.1456596508171079	insig
CRKP_vs_KP	Benzaldehyde	1.075799496006254	0.1065558443339284	1.276187485576716	0.3518402919885667	insig
CRKP_vs_KP	Hydroxyquinoline	0.5861140620001749	0.2003676691623832	1.174655696836244	0.2322379506139172	insig
CRKP_vs_KP	Carnitine C12:0	1.424859469820319	0.1145208851867481	1.487289464674199	0.5726854601735247	insig
CRKP_vs_KP	2-Aminomethylpyrimidine	1.577385246778859	0.02119096873754748	1.296865285529458	0.3750286245452148	up
CRKP_vs_KP	1-acetylindole	0.2078034151529475	0.5687686220579121	1.066609281456159	0.09303178727990964	insig
CRKP_vs_KP	L-Isoleucine	1.234365608777905	0.06915204718516661	1.290614000953176	0.3680575814518505	insig
CRKP_vs_KP	N-Acetylcadaverine	1.22710212566107	0.07532012767638045	0.4417918219115565	-1.178561381936236	insig
CRKP_vs_KP	3-methyl-4-pentenoic acid	0.7096494488386954	0.3219081296348762	1.373594570990242	0.4579562423407653	insig
CRKP_vs_KP	1-Deoxyvaleric acid	1.860195805518682	0.007593725651165529	0.8469433138934674	-0.239662682002289	down
CRKP_vs_KP	2-Mercaptobenzothiazole	1.645219371052677	0.01913671155340145	2.077794403100548	1.055052907224956	up
CRKP_vs_KP	20,26-dihydroxyecdysone	0.598872492582267	0.4422519825589129	1.154887412438574	0.2077522131705664	insig
CRKP_vs_KP	10-deoxyformamycin	1.061254863318411	0.276587857671113	1.287223544121908	0.3642626192079296	insig
CRKP_vs_KP	S-Adenosyl-L-Methionine	0.2417388881249531	0.1779421720346838	18.82825692130524	4.234827539481598	insig
CRKP_vs_KP	LPC(18:0/0:0)	0.0606154885143449	0.8550987899832535	1.031841917466462	0.04522196072575455	insig
CRKP_vs_KP	Carnitine C20:1	1.337258686104222	0.02056609744922597	1.49638947814307	0.5814857267323434	up
CRKP_vs_KP	Carnitine C20:2	0.2927603132310067	0.7074512232182676	0.9259256866343544	-0.1110316852315369	insig
CRKP_vs_KP	Carnitine C17:1:DC	2.022250093447409	0.01310009916102575	1.884551189310266	0.9142209828829124	up
CRKP_vs_KP	Carnitine C18:2-OH	1.523864477716275	0.0625710798333498	1.749573148746124	0.8070029841703003	insig
CRKP_vs_KP	Carnitine C18:0	0.939810475887802	0.08733117871227601	1.366518055682171	0.4505045221889916	insig
CRKP_vs_KP	Carnitine C18:1	0.5123581104635491	0.3353561053122615	1.125737876715242	0.1708709411068269	insig
CRKP_vs_KP	Carnitine C18:2	0.9068038463298116	0.182856492713462	0.7631179422175292	-0.3900220476536356	insig
CRKP_vs_KP	Carnitine C18:3	0.5816172487803475	0.1996629027719906	0.7441565151075801	-0.4263220060517193	insig
CRKP_vs_KP	Carnitine C18:4	0.09546080371663716	0.2311678640731032	1.271793715061019	0.3468646844642171	insig
CRKP_vs_KP	Carnitine C17:0	2.352151068355535	0.001125158073900054	1.807921489520757	0.85433202889338	up
CRKP_vs_KP	Carnitine C16:0	1.445764735355423	0.03889463923819308	1.326816835675129	0.4079692233818651	up
CRKP_vs_KP	Carnitine C16:1	1.428232251554554	0.04282208114003857	1.361354288164116	0.4450425725448382	up
CRKP_vs_KP	Carnitine C16:2	1.223663038337594	0.07512620188049042	1.487253015537334	0.5726501034829725	insig
CRKP_vs_KP	Carnitine C14-OH	2.179971993700893	0.007333420162544769	1.774807991811674	0.8276629546202845	up
CRKP_vs_KP	Carnitine C15:1	1.966030438428799	0.005904149514688858	1.768524812156242	0.8225464599908558	up
CRKP_vs_KP	Carnitine C14:0	1.873018836619476	0.01515637402807098	1.512476665168993	0.5969128843345592	up
CRKP_vs_KP	Carnitine C14:1	1.698968052150675	0.0414074845076876	1.608507391386794	0.6857225654544823	up
CRKP_vs_KP	Carnitine C13:1	1.633603625063568	0.1068221160964724	1.557504143917031	0.63923600170873	insig
CRKP_vs_KP	Carnitine C8:1	1.016444464596641	0.048976971899472	0.4105530062506614	-1.284359595373599	down
CRKP_vs_KP	Carnitine C4:DC	0.4265064895997704	0.2393636758132221	0.7566381557440232	-0.4023245644494484	insig
CRKP_vs_KP	N'-Methyl-2-pyridone-5-carboxamide	0.8890728650368248	0.082960731194343	0.3607537655713323	-1.47091364114737	insig
CRKP_vs_KP	1-Methyl-hydantoin	2.950538778516817	0.006783143238786021	0.216632771427146	-2.206676589710586	down
CRKP_vs_KP	Menadiol-Diacetate	1.362852162769636	0.04911483492246507	1.256200687891855	0.3290669644665291	up
CRKP_vs_KP	Phe-Val	0.9882092950368748	0.442278875747688	1.162661928628611	0.2174316601867445	insig
CRKP_vs_KP	Carnitine C10:1	0.6527270911059629	0.1566083415778762	0.6959033245567487	-0.5230411952357272	insig
CRKP_vs_KP	Carnitine C15	1.71327542912088	0.06685682705337886	2.255494099504799	1.173443511893533	insig
CRKP_vs_KP	Carnitine C18:1-OH	2.382259797535144	0.004237655082755172	2.064947822062767	1.046105327503149	up
CRKP_vs_KP	Carnitine C14:2:DC	1.411730855617101	0.02767115946976224	1.406223994550121	0.4918264166635513	up
CRKP_vs_KP	Carnitine C18-OH	1.971339725225172	0.03458897481693897	1.87344240279873	0.9056916240646944	up
CRKP_vs_KP	LPC(O-16:0)	0.02675407265113755	0.9190677019975388	0.9787867908999958	-0.03093346305696089	insig
CRKP_vs_KP	LPC(O-16:1)	0.2034016976511686	0.7972971505019665	1.061739597787078	0.08642997419554653	insig
CRKP_vs_KP	Methyldopa	1.134487239168022	0.1754813858913314	0.6679934234062177	-0.5820941958795642	insig
CRKP_vs_KP	3-Amino-4-methylpentanoic acid	1.238278637805099	0.07904688039531417	1.148477330938182	0.1997223805592579	insig
CRKP_vs_KP	Agmatine	1.804269235634623	0.01481897826868532	1.12786430690336	0.1735935078667784	up
CRKP_vs_KP	Ala-Phe	0.01978211898963677	0.6511469100676126	1.065210940488766	0.09113915126145694	insig
CRKP_vs_KP	Canrenone	1.122902468107071	0.1623011824093478	0.2416084800134581	-2.049257003392154	insig
CRKP_vs_KP	Hexylresorcinol	1.90411510066579	0.009526407835296992	0.7939478829934641	-0.3328837870337766	down
CRKP_vs_KP	Leu-Ala	1.063730836731621	0.08057091710257233	1.840929294508481	0.8804342174423772	insig
CRKP_vs_KP	Leu-Phe	1.128283111397728	0.06267548946089098	2.598213320044148	1.377519884648648	insig
CRKP_vs_KP	N1,N8-diacetylspermidine	0.4157681858790521	0.9278701499640384	0.976700013759562	-0.03401257785085793	insig
CRKP_vs_KP	Palmitoylethanolamide（PEA）	0.9715732556772524	0.231845487697154	0.8525318263638572	-0.2301744016534943	insig
CRKP_vs_KP	TriacetonaMine	1.642316313323833	0.02193675255371178	1.342608023883415	0.4250381695896102	up
CRKP_vs_KP	Urolithin A	0.3263760091659035	0.4998318652145354	1.194017352813939	0.255823803635128	insig
CRKP_vs_KP	CAP-palmitate	0.8568580496940619	0.3138575295463277	1.197541694229044	0.2600758864502407	insig
CRKP_vs_KP	Eicosanoyl-EA	1.032096925464526	0.1665683806276562	0.8802217737402735	-0.1840610352673931	insig
CRKP_vs_KP	Gly-His	1.340053711850155	0.05564412078838703	1.243225831262554	0.314088384925851	insig
CRKP_vs_KP	Gly-Phe-Phe	1.683615965973805	0.008349956561169394	2.554648222614679	1.353124644419328	up
CRKP_vs_KP	Phe-Trp	0.1608765028191515	0.2992886067927015	1.398454629069022	0.4838334483232699	insig
CRKP_vs_KP	Cyclo(Pro-Val)	2.093338316178639	0.02392133769316988	0.3661379550575559	-1.449540759007701	down
CRKP_vs_KP	5-Aminoimidazole ribonucleotide	0.7328834820739093	0.1707757386839579	1.342926414305098	0.4253802544112012	insig
CRKP_vs_KP	N6-(2-Hydroxyethyl)adenosine	1.213926908098802	0.09735523176898828	0.32632368333555	-1.61562439832233	insig
CRKP_vs_KP	N-(3-Indolylacetyl)-L-alanine	1.764427398292935	0.01930589776165348	0.08525913172425993	-3.552001826749239	down
CRKP_vs_KP	2-Methyl-1-Pyrroline	1.715731971658695	0.00755340454582339	1.364351200887664	0.4482150597294488	up
CRKP_vs_KP	O-Desmethylnaproxen	0.5946604971122755	0.3283217846119335	2.686612087263728	1.425788029508348	insig
CRKP_vs_KP	Androstenediol	0.3943398561447156	0.5974692986992225	1.021148019477965	0.03019200577381883	insig
CRKP_vs_KP	Geranic acid	0.9025595181807782	0.2121351792115337	1.041868412391235	0.05917307725316196	insig
CRKP_vs_KP	4-Methyl-3-nitroaniline	0.8944829837944449	0.4217508687247248	0.8619202630992007	-0.2143736842182679	insig
CRKP_vs_KP	3-Aminoquinoline	0.7638995321282799	0.2275630057743994	1.121416316047047	0.1653219655615237	insig
CRKP_vs_KP	3-(4-Fluorobenzoyl)propionic acid	0.9761028878659478	0.08729860661503082	0.5454663468193393	-0.8744379043412889	insig
CRKP_vs_KP	11-Carbonyl-beta-acetyl-boswellic acid	1.181413070849298	0.1457232497774361	0.6306917656454609	-0.6649929974798112	insig
CRKP_vs_KP	2,6-Pyridinedicarboxylic acid	0.5284302637057814	0.3253831880106283	1.188946779163995	0.2496841371570471	insig
CRKP_vs_KP	N,N-Bis(2-hydroxyethyl)dodecanamide	0.2282746393250566	0.383840799823778	0.8280902338152422	-0.2721401136544141	insig
CRKP_vs_KP	Vanillylamine	0.3370543555613096	0.1470718268327432	0.4662178427761998	-1.10092387550821	insig
CRKP_vs_KP	Meestrol	0.3429985694872137	0.8158729228035588	1.023375571585391	0.03333570112109683	insig
CRKP_vs_KP	5-Hydroxyindole	2.032826165875926	0.006309485200875146	0.1787211669422206	-2.484217583987861	down
CRKP_vs_KP	Meleagrin	0.985714576479882	0.247578641495391	0.9417796157260048	-0.08653859821006743	insig
CRKP_vs_KP	S-methyl-L-thiocitrulline	0.2905940927245539	0.6067717662403096	1.013827045568568	0.01981155590844677	insig
CRKP_vs_KP	N(6),N(6)-Dimethyl-L-lysine	1.651780904803192	0.03935429223818823	0.5143043648003326	-0.9593056972750144	down
CRKP_vs_KP	Cyclocreatine	0.8296458706335491	0.2361851328800631	1.046611729425581	0.06572633250525696	insig
CRKP_vs_KP	Val-Arg	2.17756645858984	0.002508464243214286	2.390792056866392	1.257488654694584	up
CRKP_vs_KP	Asn-Trp	0.1683650491721647	0.3219934184831812	1.194266247392267	0.2561245040838741	insig
CRKP_vs_KP	4-Aminomethylpyrimidine	0.9129992091039972	0.1212575984255908	1.236099330327068	0.3057946798218497	insig
CRKP_vs_KP	3-Guanidinopropionic acid	0.5015385533213933	0.2015288814326963	0.6330800346407873	-0.6595401966864852	insig
CRKP_vs_KP	3-(imidazol-4-yl)propionic acid	0.2053846160944697	0.526522368152647	1.112823615294979	0.1542249408334218	insig
CRKP_vs_KP	Ser-Val	1.246294438240309	0.0618111892136526	1.317719378824925	0.3980431670963083	insig
CRKP_vs_KP	O-Phospho-L-tyrosine	1.451130933822082	0.01460603485716101	0.3848729755329259	-1.377545721305259	down
CRKP_vs_KP	Tyr-Ser	0.8755252198375983	0.05758268942572666	1.872896929497458	0.9052715064178704	insig
CRKP_vs_KP	Ile-Ser	0.2670503776581505	0.7967518858672784	0.9392530026672464	-0.09041427190828888	insig
CRKP_vs_KP	His-Phe-Ala	1.008997677020251	0.8030173868107171	0.9266819588715456	-0.1098538100679408	insig
CRKP_vs_KP	N-(2-hydroxyethyl)-3-pyridinecarboxamide	0.9276116053783036	0.1256175130261523	1.304747519529392	0.3837706592368018	insig
CRKP_vs_KP	Proline-Hydroxyproline	0.5353334277507003	0.2882487001744282	0.6984778006842377	-0.5177138308656537	insig
CRKP_vs_KP	Cyclo(Ala-Pro)	1.616003906905034	0.03634043920803555	0.3803317748208309	-1.394669620916293	down
CRKP_vs_KP	Triethylene glycol-monomethyl ether	0.1599976415492169	0.9554699661619416	0.9882475616836394	-0.01705560441875597	insig
CRKP_vs_KP	Trp-Ile	0.4234991601644146	0.6584135520725425	0.9332238744856816	-0.09970487890525144	insig
CRKP_vs_KP	Cys-Arg	0.03550999021134697	0.6741802537416729	0.8813518127318988	-0.1822100744158231	insig
CRKP_vs_KP	2-pyrimidin-2-yl-propionic acid	2.534834136463795	2.397911897199636e-05	0.6785570609935345	-0.5594579555129121	down
CRKP_vs_KP	Thr-Arg	0.6451998774063282	0.3797555700741565	1.025880158660891	0.03686220793928116	insig
CRKP_vs_KP	4-Amino-3-hydroxybutyric acid	2.014466489304891	0.007315498397767971	1.665948922827438	0.7363441690628977	up
CRKP_vs_KP	D-Alloisoleucine	1.378729485187661	0.03954729328862242	1.301987920419427	0.3807160635328639	up
CRKP_vs_KP	Pro-Asn	0.6508642694917033	0.2668876554268227	0.6977514002504881	-0.5192149803865491	insig
CRKP_vs_KP	Pro-Asp	0.4788453104364212	0.3712842451183321	0.8158721576792616	-0.2935849867243161	insig
CRKP_vs_KP	Losartan carboxylic acid	0.4543504577837394	0.5221678551428777	2.91239234770222	1.542204723653097	insig
CRKP_vs_KP	Methyltrienolone	2.500952748356215	0.005998454726921128	4.308539252225653	2.107198827371523	up
CRKP_vs_KP	(2E,4E)-6-(2-aminophenyl)-2-hydroxy-6-oxohexa-2,4-dienoic acid	2.492919332958151	0.008865638611791285	0.1120168485141812	-3.158212349749757	down
CRKP_vs_KP	LPC(O-18:3)	0.3973281775387363	0.8287094325596871	0.9481166756589441	-0.07686348614684049	insig
CRKP_vs_KP	1-desoxymethylsphinganine	0.07180080511992366	0.7856052037190194	1.052644995627691	0.07401896969584795	insig
CRKP_vs_KP	N-(2-Hydroxyethyl)pentadecanamide	0.7039279029007747	0.4684821764929084	0.9560004508772864	-0.06491679626473612	insig
CRKP_vs_KP	Cortisone	1.249289946027633	0.01723423473854474	1.672738721246156	0.7422121166254976	up
CRKP_vs_KP	gamma-Glu-Phe	0.07767780745514989	0.6628897237177599	1.135840995090801	0.1837608879679259	insig
CRKP_vs_KP	Linoleamide	0.7475831687645714	0.2725342931966807	0.8192937382328326	-0.2875473063720045	insig
CRKP_vs_KP	Carnitine C16:1-2OH	0.02224224624054137	0.7388413358410509	1.126936360634827	0.1724060471970373	insig
CRKP_vs_KP	SPH(d16:1)	0.2137815670636585	0.6885168593978991	1.075684797872991	0.1052553946565318	insig
CRKP_vs_KP	S1P(d16:1)	1.658074742963902	0.01533589640620888	1.6605574123855	0.7316676036789025	up
CRKP_vs_KP	S1P(d18:2)	0.6392003881857962	0.2846641320879022	1.182358494249286	0.2416675308283205	insig
CRKP_vs_KP	LPC(17:1/0:0)	0.6033495557749415	0.9140204344099336	0.9722775755769859	-0.04055984716770848	insig
CRKP_vs_KP	LPC(O-14:0)	0.5943107301850691	0.7026859129447107	1.088148079977335	0.1218748982354515	insig
CRKP_vs_KP	LPC(O-18:0)	0.1663775101512457	0.974832358092957	1.008037840225072	0.01154979645726897	insig
CRKP_vs_KP	LPC(O-18:2)	0.7679238659653351	0.1796172898946513	0.695627638109008	-0.5236128411234158	insig
CRKP_vs_KP	LPC(O-20:2)	0.2422060197486932	0.7166386344967135	1.07762735411892	0.1078583772480843	insig
CRKP_vs_KP	LPC(O-20:3)	0.3501403172143367	0.4929122167399102	0.8400428813725797	-0.2514651203715044	insig
CRKP_vs_KP	LPE(P-16:0)	0.0735652024430574	0.9555345641772144	0.9900062640581258	-0.01449044131430343	insig
CRKP_vs_KP	Carnitine C17:1	0.8083214391733873	0.2015858287688219	1.223031907698799	0.2904620428500413	insig
CRKP_vs_KP	Carnitine C20:3	0.5112536266300699	0.2910152112270716	0.7817990600012291	-0.3551302448884274	insig
CRKP_vs_KP	Carnitine C22:3	0.9541138602472324	0.1878040491388369	1.276555233029043	0.3522559605364188	insig
CRKP_vs_KP	Carnitine C20:4	0.4902109187989505	0.3298430955575403	0.7889226801897903	-0.3420441816864622	insig
CRKP_vs_KP	Carnitine C22:4	0.9970496707922472	0.484628870976256	0.8377525198715274	-0.2554039739760417	insig
CRKP_vs_KP	Ochratoxin A	0.9200341399603221	0.1897387858690024	0.8966633978448804	-0.1573615873313497	insig
CRKP_vs_KP_vs_Con	2-Methyllactic acid	0.7770335835337788	0.1052394224324198			insig
CRKP_vs_KP_vs_Con	(R)-2-Hydroxybutyric acid	0.7770335835337788	0.1052394224324198			insig
CRKP_vs_KP_vs_Con	2-Methylhexanoic acid	2.162385470091897	8.515269295529908e-10			sig
CRKP_vs_KP_vs_Con	2,2-Dimethylpentanoic acid	2.162385470091897	8.515269295529908e-10			sig
CRKP_vs_KP_vs_Con	4-Methylhexanoic acid	2.162385470091897	8.515269295529908e-10			sig
CRKP_vs_KP_vs_Con	2-amino-4-oxovaleric acid	1.183247767517752	0.01505985241922328			sig
CRKP_vs_KP_vs_Con	N-Acetyl-L-alanine	1.183247767517752	0.01505985241922328			sig
CRKP_vs_KP_vs_Con	N-acetyl-beta-alanine	1.183247767517752	0.01505985241922328			sig
CRKP_vs_KP_vs_Con	Xylose	1.031952185928031	0.03341152688816428			sig
CRKP_vs_KP_vs_Con	L-lyxose	1.031952185928031	0.03341152688816428			sig
CRKP_vs_KP_vs_Con	Arabinose	1.031952185928031	0.03341152688816428			sig
CRKP_vs_KP_vs_Con	3-Amino-4-Hydroxybenzoic Acid	0.8981812227730003	0.4054168022261868			insig
CRKP_vs_KP_vs_Con	3-Amino-5-hydroxybenzoic acid	0.8981812227730003	0.4054168022261868			insig
CRKP_vs_KP_vs_Con	3-Hydroxyanthranilic Acid	0.8981812227730003	0.4054168022261868			insig
CRKP_vs_KP_vs_Con	Protocatechuic Acid	0.1227183809413981	0.00759201433680864			insig
CRKP_vs_KP_vs_Con	2,5-Dihydroxybenzoic acid	0.1227183809413981	0.00759201433680864			insig
CRKP_vs_KP_vs_Con	2,3-Dihydroxybenzoic acid	0.1227183809413981	0.00759201433680864			insig
CRKP_vs_KP_vs_Con	3,5-Dihydroxybenzoic acid	0.1227183809413981	0.00759201433680864			insig
CRKP_vs_KP_vs_Con	4-hydroxyphenylglyoxylate	1.345137808866052	0.04884980029844267			sig
CRKP_vs_KP_vs_Con	Phthalic Acid	1.345137808866052	0.04884980029844267			sig
CRKP_vs_KP_vs_Con	Pyridine-3,4-dicarboxylic acid	2.002917624123368	0.06092957575996592			insig
CRKP_vs_KP_vs_Con	2,4-Pyridinedicarboxylic acid	2.002917624123368	0.06092957575996592			insig
CRKP_vs_KP_vs_Con	2-Methylhippuric acid	2.110503132314827	2.626236076053033e-06			sig
CRKP_vs_KP_vs_Con	N-Phenylacetylglycine	2.110503132314827	2.626236076053033e-06			sig
CRKP_vs_KP_vs_Con	4-tert-Octylphenol	0.7825249004017579	0.009022421596137916			insig
CRKP_vs_KP_vs_Con	2,4-Di-tert-butylphenol	0.7825249004017579	0.009022421596137916			insig
CRKP_vs_KP_vs_Con	Phenylhydroxylamine	1.621519230643473	0.0001654457123421574			sig
CRKP_vs_KP_vs_Con	4-Aminophenol	1.621519230643473	0.0001654457123421574			sig
CRKP_vs_KP_vs_Con	L-Valine	1.265307930248531	0.004263085275183771			sig
CRKP_vs_KP_vs_Con	L-Norvaline	1.265307930248531	0.004263085275183771			sig
CRKP_vs_KP_vs_Con	1-Hydroxylamino-2-phenylethane	0.3667364312392927	0.02408843599050604			insig
CRKP_vs_KP_vs_Con	(R)-(-)-2-Phenylglycinol	0.3667364312392927	0.02408843599050604			insig
CRKP_vs_KP_vs_Con	L-Norleucine	1.728489492769493	2.217683353599048e-05			sig
CRKP_vs_KP_vs_Con	6-Aminocaproic Acid	1.728489492769493	2.217683353599048e-05			sig
CRKP_vs_KP_vs_Con	Mannose	1.157147434601342	0.001643521730617595			sig
CRKP_vs_KP_vs_Con	Fructose	1.157147434601342	0.001643521730617595			sig
CRKP_vs_KP_vs_Con	Gly-Glu	1.14896807957055	0.02859383495635053			sig
CRKP_vs_KP_vs_Con	Glu-Gly	1.14896807957055	0.02859383495635053			sig
CRKP_vs_KP_vs_Con	Val-Leu	1.047704682606584	0.002695840811955224			sig
CRKP_vs_KP_vs_Con	Val-Ile	1.047704682606584	0.002695840811955224			sig
CRKP_vs_KP_vs_Con	Ile-Asp	0.2325332320940521	0.05681557901869017			insig
CRKP_vs_KP_vs_Con	Asp-Leu	0.2325332320940521	0.05681557901869017			insig
CRKP_vs_KP_vs_Con	2,4-diacetamino-2,4,6-triphenoxy-D-mannopyranose	0.2325332320940521	0.05681557901869017			insig
CRKP_vs_KP_vs_Con	Asp-Ile	0.2325332320940521	0.05681557901869017			insig
CRKP_vs_KP_vs_Con	Leu-Glu	0.9810591179880128	0.0214863966627694			insig
CRKP_vs_KP_vs_Con	Ile-Glu	0.9810591179880128	0.0214863966627694			insig
CRKP_vs_KP_vs_Con	Thr-Phe	1.337003245602771	0.03581266867244105			sig
CRKP_vs_KP_vs_Con	Phe-Thr	1.337003245602771	0.03581266867244105			sig
CRKP_vs_KP_vs_Con	1-Methyladenosine	1.156648996814099	0.0495132242361919			sig
CRKP_vs_KP_vs_Con	N6-methyladenosine	1.156648996814099	0.0495132242361919			sig
CRKP_vs_KP_vs_Con	4-Hydroxybenzoic Acid	1.741211252240438	0.02970858665579008			sig
CRKP_vs_KP_vs_Con	Salicylic acid	1.741211252240438	0.02970858665579008			sig
CRKP_vs_KP_vs_Con	Tyrosol	1.741211252240438	0.02970858665579008			sig
CRKP_vs_KP_vs_Con	Xanthine	0.9270527424746926	0.7200787541010474			insig
CRKP_vs_KP_vs_Con	4-acetoxyphenol	0.9270527424746926	0.7200787541010474			insig
CRKP_vs_KP_vs_Con	Ethylsalicylate	2.081904069755338	3.226471569838355e-07			sig
CRKP_vs_KP_vs_Con	Ethionamide	2.081904069755338	3.226471569838355e-07			sig
CRKP_vs_KP_vs_Con	Val-Ala	1.489264519047932	0.001656509520865136			sig
CRKP_vs_KP_vs_Con	Sedoheptulose 7-Phosphate	0.9110899927566276	0.0001443010409425817			insig
CRKP_vs_KP_vs_Con	Argininosuccinic acid	0.9110899927566276	0.0001443010409425817			insig
CRKP_vs_KP_vs_Con	9,10-Epoxy-18-hydroxyoctadecanoic acid	0.6167821730452443	0.00895015631730355			insig
CRKP_vs_KP_vs_Con	12,13-DiHOME	0.6167821730452443	0.00895015631730355			insig
CRKP_vs_KP_vs_Con	9,10-DiHOME	0.6167821730452443	0.00895015631730355			insig
CRKP_vs_KP_vs_Con	DHA	0.8792345099457785	0.1370277562785257			insig
CRKP_vs_KP_vs_Con	FFA(22:6)	0.8792345099457785	0.1370277562785257			insig
CRKP_vs_KP_vs_Con	LPA(0:0/16:0)	2.102892023609477	5.891080724929433e-09			sig
CRKP_vs_KP_vs_Con	LPA(16:0/0:0)	2.102892023609477	5.891080724929433e-09			sig
CRKP_vs_KP_vs_Con	LPE(0:0/16:0)	1.562626300777865	0.002405342106158458			sig
CRKP_vs_KP_vs_Con	LPE(16:0/0:0)	1.562626300777865	0.002405342106158458			sig
CRKP_vs_KP_vs_Con	LPE(18:2/0:0)	1.274508640884559	0.02517785647377125			sig
CRKP_vs_KP_vs_Con	LPE(0:0/18:2)	1.274508640884559	0.02517785647377125			sig
CRKP_vs_KP_vs_Con	LPE(0:0/20:4)	1.556295121833005	5.585418032115583e-05			sig
CRKP_vs_KP_vs_Con	LPE(20:4/0:0)	1.556295121833005	5.585418032115583e-05			sig
CRKP_vs_KP_vs_Con	LPE(0:0/22:6)	1.155094507404317	0.01152315200346598			sig
CRKP_vs_KP_vs_Con	LPE(22:6/0:0)	1.155094507404317	0.01152315200346598			sig
CRKP_vs_KP_vs_Con	Pyrrolidine	1.182302665666883	0.006691190914687362			sig
CRKP_vs_KP_vs_Con	Acrylamide	1.182302665666883	0.006691190914687362			sig
CRKP_vs_KP_vs_Con	Oxypurinol	0.1223856229470645	0.1052561155269535			insig
CRKP_vs_KP_vs_Con	8-Azaguanine	0.1223856229470645	0.1052561155269535			insig
CRKP_vs_KP_vs_Con	(1R,6S)-6-amino-5-oxocyclohexyl-2-ene-1-carboxylic-acid-ester	1.658826915112664	0.0001303191932135181			sig
CRKP_vs_KP_vs_Con	N-Alpha-Acetyl-L-Asparagine	1.889588573236897	9.530418421645326e-06			sig
CRKP_vs_KP_vs_Con	L-Theanine	1.889588573236897	9.530418421645326e-06			sig
CRKP_vs_KP_vs_Con	Pro-Ser	1.354799058725561	0.03506937589895748			sig
CRKP_vs_KP_vs_Con	N,N-Dimethylarginine	1.354799058725561	0.03506937589895748			sig
CRKP_vs_KP_vs_Con	SDMA	1.354799058725561	0.03506937589895748			sig
CRKP_vs_KP_vs_Con	Phe-Gly	1.483822591688046	0.03938961204818123			sig
CRKP_vs_KP_vs_Con	Gly-Phe	1.483822591688046	0.03938961204818123			sig
CRKP_vs_KP_vs_Con	His-Leu	1.194862752304582	0.0370036636073565			sig
CRKP_vs_KP_vs_Con	Ile-His	1.194862752304582	0.0370036636073565			sig
CRKP_vs_KP_vs_Con	Carnitine C16-OH	1.919214745489925	6.629463048775251e-05			sig
CRKP_vs_KP_vs_Con	Carnitine C15:DC	1.919214745489925	6.629463048775251e-05			sig
CRKP_vs_KP_vs_Con	Carnitine ph-C14	1.163781273530856	9.010787904395717e-05			sig
CRKP_vs_KP_vs_Con	2,22-Dideoxy-3-dehydroecdysone	1.163781273530856	9.010787904395717e-05			sig
CRKP_vs_KP_vs_Con	LPC(15:0/0:0)	1.355853206745295	0.005652081597170119			sig
CRKP_vs_KP_vs_Con	2-Hexadecanoylthio-1-ethylphosphorylcholine	1.355853206745295	0.005652081597170119			sig
CRKP_vs_KP_vs_Con	LPC(0:0/15:0)	1.355853206745295	0.005652081597170119			sig
CRKP_vs_KP_vs_Con	LPC(16:2/0:0)	0.8033998431891548	0.1793005874967457			insig
CRKP_vs_KP_vs_Con	LPC(0:0/16:2)	0.8033998431891548	0.1793005874967457			insig
CRKP_vs_KP_vs_Con	LPC(0:0/16:0)	1.905684287533129	1.137590304632083e-08			sig
CRKP_vs_KP_vs_Con	LPC(16:0/0:0)	1.905684287533129	1.137590304632083e-08			sig
CRKP_vs_KP_vs_Con	PC(O-1:0/O-16:0)	1.905684287533129	1.137590304632083e-08			sig
CRKP_vs_KP_vs_Con	LPC(17:0/0:0)	1.114271722300088	0.0001488494574223049			sig
CRKP_vs_KP_vs_Con	LPC(0:0/17:0)	1.114271722300088	0.0001488494574223049			sig
CRKP_vs_KP_vs_Con	LPC(18:2/0:0)	1.648596037971814	6.147979263588863e-05			sig
CRKP_vs_KP_vs_Con	LPC(0:0/18:2)	1.648596037971814	6.147979263588863e-05			sig
CRKP_vs_KP_vs_Con	LPC(18:1/0:0)	1.112702081968362	0.04622277912293962			sig
CRKP_vs_KP_vs_Con	LPC(0:0/18:1)	1.112702081968362	0.04622277912293962			sig
CRKP_vs_KP_vs_Con	2-Thio-PAF	1.112702081968362	0.04622277912293962			sig
CRKP_vs_KP_vs_Con	LPC(0:0/20:4)	1.73581540947669	5.28479082215516e-08			sig
CRKP_vs_KP_vs_Con	LPC(20:4/0:0)	1.73581540947669	5.28479082215516e-08			sig
CRKP_vs_KP_vs_Con	LPC(20:2/0:0)	1.355860552123484	0.0003782864059587772			sig
CRKP_vs_KP_vs_Con	LPC(0:0/20:2)	1.355860552123484	0.0003782864059587772			sig
CRKP_vs_KP_vs_Con	LPC(0:0/22:6)	1.843821174387212	7.676592024675205e-07			sig
CRKP_vs_KP_vs_Con	LPC(22:6/0:0)	1.843821174387212	7.676592024675205e-07			sig
CRKP_vs_KP_vs_Con	LPC(22:5/0:0)	1.885089213965254	1.332192933251725e-06			sig
CRKP_vs_KP_vs_Con	LPC(0:0/22:5)	1.885089213965254	1.332192933251725e-06			sig
CRKP_vs_KP_vs_Con	Aspartic Acid	1.350184367106496	0.02174396450310305			sig
CRKP_vs_KP_vs_Con	L-Citrulline	0.001816984636654799	0.0677872671633614			insig
CRKP_vs_KP_vs_Con	Histidine	1.603527610657261	0.0002263899851230177			sig
CRKP_vs_KP_vs_Con	L-Serine	1.733864281988302	6.694930592821448e-05			sig
CRKP_vs_KP_vs_Con	L-Tryptophan	1.197072548532427	0.004670469433080728			sig
CRKP_vs_KP_vs_Con	3-Hydroxy-3-Methylpentane-1,5-Dioic Acid	0.6841104459140833	0.05281129411277642			insig
CRKP_vs_KP_vs_Con	L-Asparagine Anhydrous	1.029649711660438	0.0622592919569391			insig
CRKP_vs_KP_vs_Con	L-Glutamine	1.262012605989995	0.009569738175676357			sig
CRKP_vs_KP_vs_Con	N-Propionylglycine	1.442231210642151	0.0005759298531869348			sig
CRKP_vs_KP_vs_Con	O-Phospho-L-Serine	1.245016487957107	0.005736682589439263			sig
CRKP_vs_KP_vs_Con	S-(5-Adenosy)-L-Homocysteine	0.9867227525501974	0.2518672452422515			insig
CRKP_vs_KP_vs_Con	4-Hydroxy-3-methoxybenzaldehyde	1.45892585006441	0.0001952322465632344			sig
CRKP_vs_KP_vs_Con	5-Methylcytosine	1.349759460347988	0.0001287691887384224			sig
CRKP_vs_KP_vs_Con	Hypoxanthine	1.480774760858896	0.002949365990774646			sig
CRKP_vs_KP_vs_Con	Succinic Acid	1.126266501976671	0.003232051483719077			sig
CRKP_vs_KP_vs_Con	Pyruvic Acid	0.8213848091549544	0.02254937689174755			insig
CRKP_vs_KP_vs_Con	Melatonin	1.31302823725597	0.002512532886924077			sig
CRKP_vs_KP_vs_Con	Glucoronic Acid	1.056837368713714	0.1664705950190014			insig
CRKP_vs_KP_vs_Con	2-Aminoethanesulfinic Acid	0.2607420080396827	0.04457908951048203			insig
CRKP_vs_KP_vs_Con	Taurine	1.173778414376815	0.0002587326981546895			sig
CRKP_vs_KP_vs_Con	3-Hydroxy-3-Methyl Butyric Acid	0.8391807995177258	0.05075199561339085			insig
CRKP_vs_KP_vs_Con	4-Hydroxy-2-Oxoglutaric Acid	1.04290708828484	0.04872723247131915			sig
CRKP_vs_KP_vs_Con	Dodecanedioic Acid	0.8614213372910472	0.1041246930160362			insig
CRKP_vs_KP_vs_Con	Tartaric acid	1.934343145920605	0.02824193360297251			sig
CRKP_vs_KP_vs_Con	Methylmalonic Acid	1.129437181686889	0.0006690640758822545			sig
CRKP_vs_KP_vs_Con	N-γ-Acetyl-N-2-Formyl-5-Methoxykynurenamine	2.049301497806454	1.461198424210414e-05			sig
CRKP_vs_KP_vs_Con	Sebacate	1.175202355935485	0.00776145482521932			sig
CRKP_vs_KP_vs_Con	FFA(20:2)	1.458149314230328	0.0008038013122958705			sig
CRKP_vs_KP_vs_Con	Β-Pseudouridine	1.401111660554596	0.01278570171668251			sig
CRKP_vs_KP_vs_Con	N-Acetylthreonine	1.50582348300387	0.001016454178193495			sig
CRKP_vs_KP_vs_Con	Dl-3,4-Dihydroxymandelic Acid	1.205724534683737	0.05555228627007269			insig
CRKP_vs_KP_vs_Con	8,15-DiHETE	0.6899289591069957	0.07970255774688954			insig
CRKP_vs_KP_vs_Con	2-Deoxyribose 1-Phosphate	0.1008316411167346	0.01511694869537168			insig
CRKP_vs_KP_vs_Con	N-Acetylglucosamine 1-Phosphate	0.9638331637090336	0.005673791983222732			insig
CRKP_vs_KP_vs_Con	DL-3,4-Dihydroxyphenyl glycol	1.536360734744448	0.0009513409689228697			sig
CRKP_vs_KP_vs_Con	Marmesin	1.153634650305606	0.04099486268899868			sig
CRKP_vs_KP_vs_Con	Indole 3-carbinol	1.711879025003325	0.00326981959741656			sig
CRKP_vs_KP_vs_Con	N-lactoyl-phenylalanine	1.501831888438591	0.01691912158761681			sig
CRKP_vs_KP_vs_Con	Indoxylsulfuric acid	1.175534213061467	0.001364873411679455			sig
CRKP_vs_KP_vs_Con	Porphobilinogen	1.888617132056432	6.242453270550743e-06			sig
CRKP_vs_KP_vs_Con	Succinic anhydride	0.9767419178352824	0.0152119553990714			insig
CRKP_vs_KP_vs_Con	Indoleacetaldehyde	0.8459554945355802	0.08874559428945117			insig
CRKP_vs_KP_vs_Con	Methylstearate	2.004038413336412	1.695133041662934e-06			sig
CRKP_vs_KP_vs_Con	Oxaloacetic acid	0.8569375183201544	0.087009921115619			insig
CRKP_vs_KP_vs_Con	12,13-EpOME	1.733983772072076	0.0004767258646157422			sig
CRKP_vs_KP_vs_Con	5-F2t-IsoP	1.43650861384876	0.04458479427853584			sig
CRKP_vs_KP_vs_Con	PGF3α	1.021236216351073	0.04814906047087573			sig
CRKP_vs_KP_vs_Con	FFA(14:0)	0.6018086042950883	0.02405174801557932			insig
CRKP_vs_KP_vs_Con	FFA(9:0)	1.007954457409524	0.0005149710737403773			sig
CRKP_vs_KP_vs_Con	D-Glucuronolactone	1.606690093417179	0.1812975880282201			insig
CRKP_vs_KP_vs_Con	3-Ureidopropionate	1.22415429803355	0.009443297350394793			sig
CRKP_vs_KP_vs_Con	13(R)-HODE	0.8452415074635155	0.2203140731814681			insig
CRKP_vs_KP_vs_Con	Iminodiacetic acid	1.309054608201965	0.006081254623110808			sig
CRKP_vs_KP_vs_Con	FFA(17:1)	0.8823561742291719	0.03947178382450235			insig
CRKP_vs_KP_vs_Con	Flavanone	2.035455558783516	4.888921093004243e-07			sig
CRKP_vs_KP_vs_Con	1,6-anhydro-β-D-glucose	0.5126706159773221	0.03303068168760368			insig
CRKP_vs_KP_vs_Con	12-Hydroxydodecanoic acid	1.138082088052219	0.003011701622481856			sig
CRKP_vs_KP_vs_Con	Heparin	1.763227510910983	3.439997210074557e-07			sig
CRKP_vs_KP_vs_Con	9(S)-HODE	0.6796512669628928	0.1502526382754459			insig
CRKP_vs_KP_vs_Con	Ketoleucine	0.8580083279691441	0.01704168673715864			insig
CRKP_vs_KP_vs_Con	FFA(15:1)	0.224474924597855	0.1735999434128219			insig
CRKP_vs_KP_vs_Con	5-nitrobenzimidazole	1.560783803456949	0.001016278539173496			sig
CRKP_vs_KP_vs_Con	Multifidol	1.58289380912395	0.0003481646659750463			sig
CRKP_vs_KP_vs_Con	Furfural diacetal	1.098558325392468	0.0518997330520042			insig
CRKP_vs_KP_vs_Con	3-(pyrazol-1-yl)-L-alanine	1.556928491035298	0.0002121000784710511			sig
CRKP_vs_KP_vs_Con	2-Hydroxy-2-Methyl Butyric acid	0.1811564731494073	0.02213987748525138			insig
CRKP_vs_KP_vs_Con	2-Hydroxy-4-methylpentanoic acid	1.089482315339124	0.03722500418052215			sig
CRKP_vs_KP_vs_Con	4-Methoxysalicylic Acid	0.99114616884444	0.01227545663592219			insig
CRKP_vs_KP_vs_Con	Tridecanedioic acid	1.295548318168661	8.414538374592074e-06			sig
CRKP_vs_KP_vs_Con	12-HHT	1.170101696048404	0.1119184707998084			insig
CRKP_vs_KP_vs_Con	9(S)-HOTrE	1.696717169304412	6.708719406867139e-05			sig
CRKP_vs_KP_vs_Con	3-(4-Hydroxyphenyl)-1-propanol	1.448412246026968	0.04993463392670598			sig
CRKP_vs_KP_vs_Con	3-Hydroxycinnamic acid	1.142210047421526	0.0009501202833824713			sig
CRKP_vs_KP_vs_Con	5,6-Dihydrouridine	1.467187571088649	0.005240174971219211			sig
CRKP_vs_KP_vs_Con	5-Hydroxy-2'-deoxyuridine	1.483741698279652	0.01163751293464432			sig
CRKP_vs_KP_vs_Con	Acetylvaline	0.916583776127546	0.05825059584164984			insig
CRKP_vs_KP_vs_Con	Aleuritic Acid	0.5943713811961792	0.1331613729468485			insig
CRKP_vs_KP_vs_Con	Antineoplaston A10	1.494932210902655	0.02476871067052801			sig
CRKP_vs_KP_vs_Con	Galacturonic acid	1.291158063052247	0.1258894029958194			insig
CRKP_vs_KP_vs_Con	Hydroumbellic acid	0.5519333944749755	0.2519404449203577			insig
CRKP_vs_KP_vs_Con	Imidazoleacetic acid	1.035303762228818	0.0002796817953067257			sig
CRKP_vs_KP_vs_Con	L-Ascorbyl 6-palmitate	1.289379014653122	0.00184225041645067			sig
CRKP_vs_KP_vs_Con	Rhapontigenin	1.713898241284214	0.0357271219635125			sig
CRKP_vs_KP_vs_Con	Tert-Butylhydroquinone	2.107596321464014	2.20919205710731e-08			sig
CRKP_vs_KP_vs_Con	Acetanilide	1.354610407912199	0.002078378814055449			sig
CRKP_vs_KP_vs_Con	2,4-Quinolinediol	1.468562023190796	0.001665965205749384			sig
CRKP_vs_KP_vs_Con	Hydroxypiperazic acid	1.310690628725124	0.003160713891549728			sig
CRKP_vs_KP_vs_Con	N-Acetyl-D-Tryptophan	1.404504601831155	0.003572450115864435			sig
CRKP_vs_KP_vs_Con	3-(2-Naphthyl)-L-alanine	2.0014592429138	7.564947147200541e-07			sig
CRKP_vs_KP_vs_Con	3-Hydroxypyruvic acid	1.357514725605595	0.06886452171068658			insig
CRKP_vs_KP_vs_Con	Piperonylic acid	2.003523003844153	1.276230207412542e-06			sig
CRKP_vs_KP_vs_Con	3-Methoxysalicylic Acid	1.169465750632406	0.007856436710287925			sig
CRKP_vs_KP_vs_Con	3-Methoxycatechol	0.5652139177857816	0.3828195384923292			insig
CRKP_vs_KP_vs_Con	2-(10-Heptadecenyl)-6-hydroxybenzoic acid	0.9452501558540204	0.08844378697236653			insig
CRKP_vs_KP_vs_Con	3,4-Dimethoxycinnamic acid	0.1442232559441159	0.01190384916697009			insig
CRKP_vs_KP_vs_Con	Zereno	1.4850034914821	0.0004678844966314714			sig
CRKP_vs_KP_vs_Con	LY223982	0.852218588260098	0.05244737133472814			insig
CRKP_vs_KP_vs_Con	2,6-Di-tert-butyl-4-(hydroxymethyl)phenol	1.193793776334622	0.0009716030458484094			sig
CRKP_vs_KP_vs_Con	CAY-10550	1.490039571460084	5.066658353176676e-05			sig
CRKP_vs_KP_vs_Con	(R)-3-Hydroxy-tetradecanoic acid	1.242321715291108	0.03151985484250908			sig
CRKP_vs_KP_vs_Con	N-Myristoylglycine	1.284926527389798	0.01402602408250472			sig
CRKP_vs_KP_vs_Con	4-Methoxysalicylaldehyde	2.079620737175812	4.102826526873425e-10			sig
CRKP_vs_KP_vs_Con	Cys-Pro	1.16025071964797	0.02235038189092304			sig
CRKP_vs_KP_vs_Con	Ribonic acid	0.8888695888813276	0.02572062203967364			insig
CRKP_vs_KP_vs_Con	D-Glucaro-1,4-lactone	1.098353943481032	0.04240457869037376			sig
CRKP_vs_KP_vs_Con	Ile-Ala	1.158076866195016	0.005741880700813281			sig
CRKP_vs_KP_vs_Con	cyclo(glu-glu)	0.8034346080190364	0.5931584290123855			insig
CRKP_vs_KP_vs_Con	2-Hydroxy-3-Methyl Butanoic Acid	0.2051300707782441	0.0278360804428509			insig
CRKP_vs_KP_vs_Con	Trp-Leu	0.6948400014878278	0.01742040927768105			insig
CRKP_vs_KP_vs_Con	(±)-Camphoric acid	1.513665705062715	0.0007305879927117642			sig
CRKP_vs_KP_vs_Con	5-chloroindole-2-carboxylic acid	2.092567517198943	7.792675641412829e-09			sig
CRKP_vs_KP_vs_Con	Rhamnonic acid	1.361969200474912	0.01113600598715625			sig
CRKP_vs_KP_vs_Con	3-phenylphenol	1.682447620805359	0.004723420071550297			sig
CRKP_vs_KP_vs_Con	Salidroside	1.225170539421385	0.006934253027109832			sig
CRKP_vs_KP_vs_Con	Norethindrone acetate	1.790761282718213	1.056089260989801e-06			sig
CRKP_vs_KP_vs_Con	Arachidonoyl LPA	0.9813954590664123	0.09508213252525764			insig
CRKP_vs_KP_vs_Con	5-Acetylamino-6-formylamino-3-methyluracil	1.14837623024531	0.003197673381514118			sig
CRKP_vs_KP_vs_Con	5-Hydroxyisourate	1.333648968721238	0.00227328977297602			sig
CRKP_vs_KP_vs_Con	Propofol Glucuronide	1.322094123278133	0.03472111441988618			sig
CRKP_vs_KP_vs_Con	3-Oxocholic acid	1.56069639732097	0.1134264257449005			insig
CRKP_vs_KP_vs_Con	FFA(15:0)	1.02026961137538	0.001572132329000493			sig
CRKP_vs_KP_vs_Con	LPG(16:0)	1.581165203560258	0.0001073777403774965			sig
CRKP_vs_KP_vs_Con	LPS(18:0)	1.106935714793779	0.01532974376753104			sig
CRKP_vs_KP_vs_Con	LPS(20:0)	1.318299566291627	0.002164027946042351			sig
CRKP_vs_KP_vs_Con	LPA(0:0/18:2)	1.32816312616692	0.00303145623161011			sig
CRKP_vs_KP_vs_Con	LPA(20:4)	1.1972542792489	0.0002291275484473913			sig
CRKP_vs_KP_vs_Con	FFA(16:4)	0.2968467762141288	0.06855577111354634			insig
CRKP_vs_KP_vs_Con	Lysine	1.865544089895783	6.006219108054233e-06			sig
CRKP_vs_KP_vs_Con	L-Methionine	1.172248329508902	0.03309064953234962			sig
CRKP_vs_KP_vs_Con	L-Homocystine	0.9614729632834772	0.07780110061441417			insig
CRKP_vs_KP_vs_Con	Phe-Phe	1.037962297554559	0.0342572118786141			sig
CRKP_vs_KP_vs_Con	N-Acetylhistamine	0.2320750045792439	0.07823480945599648			insig
CRKP_vs_KP_vs_Con	1,4-Dihydro-1-Methyl-4-Oxo-3-Pyridinecarboxamide	0.4480448702890871	0.09105974922948472			insig
CRKP_vs_KP_vs_Con	Biotin	0.9415395979079564	0.05076796531002983			insig
CRKP_vs_KP_vs_Con	5,6-Dihydro-5-Methyluracil	0.359659282005958	0.03536507171003906			insig
CRKP_vs_KP_vs_Con	Uracil	0.8949637017844765	0.02017855996417528			insig
CRKP_vs_KP_vs_Con	3,3',5-Triiodo-L-Thyronine	1.372610036866235	9.650055353118111e-05			sig
CRKP_vs_KP_vs_Con	L-Thyroxine	1.528405565888923	9.248246612279096e-05			sig
CRKP_vs_KP_vs_Con	Nicotinamide	1.21588356614192	0.0001003101864640946			sig
CRKP_vs_KP_vs_Con	5-Hydroxytryptophol	1.277620052678488	0.1374865904543219			insig
CRKP_vs_KP_vs_Con	1,3,7-Trimethyluric Acid	1.732598329482742	0.1316271103060054			insig
CRKP_vs_KP_vs_Con	5-Aminovaleric Acid	1.208685248480973	0.004296697627777017			sig
CRKP_vs_KP_vs_Con	Azelaic Acid	1.579416250313193	0.0005750486803406013			sig
CRKP_vs_KP_vs_Con	Guanidineacetic Acid	1.181150727660837	0.007786156639919418			sig
CRKP_vs_KP_vs_Con	Subericacid	1.580810991361803	0.0004965526696668736			sig
CRKP_vs_KP_vs_Con	Isoxanthopterin	1.15857202725842	0.02580451946799997			sig
CRKP_vs_KP_vs_Con	5'-Deoxy-5'-(Methylthio) Adenosine	0.8874184352593574	0.1358581532043551			insig
CRKP_vs_KP_vs_Con	Ergothioneine	1.26494420849538	0.08743103401316761			insig
CRKP_vs_KP_vs_Con	Sn-Glycero-3-Phosphocholine	1.281998147072189	0.004199241249116315			sig
CRKP_vs_KP_vs_Con	Indole	0.9451585378719528	0.05527621329242761			insig
CRKP_vs_KP_vs_Con	Piperidine	1.594605170736699	0.0001136068854056565			sig
CRKP_vs_KP_vs_Con	Carnitine C2:0	0.8677873824985671	0.05572645012001465			insig
CRKP_vs_KP_vs_Con	Hexadecanamide	1.084862028567274	0.008675730016303982			sig
CRKP_vs_KP_vs_Con	Triethyl-phosphate	1.32635686044028	0.0108174923478924			sig
CRKP_vs_KP_vs_Con	Oxindole	2.123761682980688	6.20282204445017e-05			sig
CRKP_vs_KP_vs_Con	Benzylcinnamate	0.2820623578279338	0.03521774856465307			insig
CRKP_vs_KP_vs_Con	2-Acetyl-5-methylfuran	1.37527841422188	0.003467487046276523			sig
CRKP_vs_KP_vs_Con	2-Pentadecanone	0.9720164855432468	0.03293062607564112			insig
CRKP_vs_KP_vs_Con	DL-Leucine	1.554550270992602	0.0002519244358417182			sig
CRKP_vs_KP_vs_Con	18β-Glycyrrhetinic acid	1.102615925369886	0.0008849186442349145			sig
CRKP_vs_KP_vs_Con	2-Undecanone	1.554678118733007	0.001211781110963369			sig
CRKP_vs_KP_vs_Con	2,6,6-Trimethyl-2-cyclohexene-1,4-dione	1.100943911738428	0.003636376283730499			sig
CRKP_vs_KP_vs_Con	Dibutyl-phthalate	1.162956424311051	0.009896970529789068			sig
CRKP_vs_KP_vs_Con	SPH(d18:0)	1.39853647807513	0.001799057206843954			sig
CRKP_vs_KP_vs_Con	Hypaphorine	1.262261252758005	0.04083617934203849			sig
CRKP_vs_KP_vs_Con	N-Amidino-L-Aspartate	0.5326158366998722	0.3078139665382808			insig
CRKP_vs_KP_vs_Con	L-Tryptophanamide	0.9891113392679904	0.01538133911377838			insig
CRKP_vs_KP_vs_Con	Dethiobiotin	0.01955839761045789	0.03943312030830449			insig
CRKP_vs_KP_vs_Con	Benzaldehyde	0.3500443608555168	0.03441263058391164			insig
CRKP_vs_KP_vs_Con	Hydroxyquinoline	1.11310665368903	0.01679245743964			sig
CRKP_vs_KP_vs_Con	Carnitine C12:0	1.049771528638064	0.1265304393651242			insig
CRKP_vs_KP_vs_Con	2-Aminomethylpyrimidine	1.75918262939449	2.745633979492001e-05			sig
CRKP_vs_KP_vs_Con	1-acetylindole	1.014504544391702	0.02205497381326211			sig
CRKP_vs_KP_vs_Con	L-Isoleucine	1.517024412190833	0.0004886070908163644			sig
CRKP_vs_KP_vs_Con	N-Acetylcadaverine	1.159691140600929	0.01657854479208199			sig
CRKP_vs_KP_vs_Con	3-methyl-4-pentenoic acid	1.268081145203558	0.005803295084924929			sig
CRKP_vs_KP_vs_Con	1-Deoxyvaleric acid	0.5204689212137352	0.0054722574114551			insig
CRKP_vs_KP_vs_Con	2-Mercaptobenzothiazole	0.9817299549473868	0.0354237427223552			insig
CRKP_vs_KP_vs_Con	20,26-dihydroxyecdysone	1.803141829570434	2.71565789928782e-07			sig
CRKP_vs_KP_vs_Con	10-deoxyformamycin	1.285218803845503	0.01047474160452685			sig
CRKP_vs_KP_vs_Con	S-Adenosyl-L-Methionine	1.144644558204025	0.1347272811317886			insig
CRKP_vs_KP_vs_Con	LPC(18:0/0:0)	1.296794153402139	0.00166660018943315			sig
CRKP_vs_KP_vs_Con	Carnitine C20:1	1.973468754617164	3.208861105301249e-06			sig
CRKP_vs_KP_vs_Con	Carnitine C20:2	1.538719413248296	7.465694734789963e-07			sig
CRKP_vs_KP_vs_Con	Carnitine C17:1:DC	1.656051717442298	0.001566846013449971			sig
CRKP_vs_KP_vs_Con	Carnitine C18:2-OH	1.340715795877093	0.02023049751561427			sig
CRKP_vs_KP_vs_Con	Carnitine C18:0	2.080995443044106	8.963189815695014e-09			sig
CRKP_vs_KP_vs_Con	Carnitine C18:1	1.875523497469774	8.936172454126765e-09			sig
CRKP_vs_KP_vs_Con	Carnitine C18:2	1.227271252637455	5.529039736505074e-05			sig
CRKP_vs_KP_vs_Con	Carnitine C18:3	0.8820186306232071	0.01503462665520022			insig
CRKP_vs_KP_vs_Con	Carnitine C18:4	0.7558872904822935	0.0610338226231625			insig
CRKP_vs_KP_vs_Con	Carnitine C17:0	2.018562170763668	1.50308026762182e-06			sig
CRKP_vs_KP_vs_Con	Carnitine C16:0	2.208692346711205	1.071170191562245e-10			sig
CRKP_vs_KP_vs_Con	Carnitine C16:1	1.465592791364715	0.00295003377587718			sig
CRKP_vs_KP_vs_Con	Carnitine C16:2	1.101232909392478	0.05017311419213739			insig
CRKP_vs_KP_vs_Con	Carnitine C14-OH	1.39115103772624	0.004292182889368447			sig
CRKP_vs_KP_vs_Con	Carnitine C15:1	1.373631678882982	0.005388114710436339			sig
CRKP_vs_KP_vs_Con	Carnitine C14:0	1.650416003466305	0.0006897392985473804			sig
CRKP_vs_KP_vs_Con	Carnitine C14:1	1.039118685837343	0.06935227880630578			insig
CRKP_vs_KP_vs_Con	Carnitine C13:1	1.245398744152983	0.1081014383893193			insig
CRKP_vs_KP_vs_Con	Carnitine C8:1	0.05657493858614519	0.07338251140804014			insig
CRKP_vs_KP_vs_Con	Carnitine C4:DC	0.963154455351382	0.01065628283535242			insig
CRKP_vs_KP_vs_Con	N'-Methyl-2-pyridone-5-carboxamide	0.4472662712610569	0.1055449642775878			insig
CRKP_vs_KP_vs_Con	1-Methyl-hydantoin	1.421567934410312	0.006605187791988753			sig
CRKP_vs_KP_vs_Con	Menadiol-Diacetate	0.847048938875757	0.06086971237302641			insig
CRKP_vs_KP_vs_Con	Phe-Val	1.406631934464655	0.006284878723983534			sig
CRKP_vs_KP_vs_Con	Carnitine C10:1	0.3764139622561161	0.1670908927984111			insig
CRKP_vs_KP_vs_Con	Carnitine C15	1.444868028887837	0.05525910782975488			insig
CRKP_vs_KP_vs_Con	Carnitine C18:1-OH	1.708219397134974	0.001231551403242246			sig
CRKP_vs_KP_vs_Con	Carnitine C14:2:DC	1.617854476571614	0.0006008521095617576			sig
CRKP_vs_KP_vs_Con	Carnitine C18-OH	1.907853010925608	0.0005239255955829642			sig
CRKP_vs_KP_vs_Con	LPC(O-16:0)	1.42153693076352	4.406021774128101e-05			sig
CRKP_vs_KP_vs_Con	LPC(O-16:1)	1.74277993638332	4.066565049478979e-07			sig
CRKP_vs_KP_vs_Con	Methyldopa	1.11916170516591	0.0402094630378969			sig
CRKP_vs_KP_vs_Con	3-Amino-4-methylpentanoic acid	1.274837571023374	0.009020904874130741			sig
CRKP_vs_KP_vs_Con	Agmatine	2.145355074040058	6.244547846669013e-08			sig
CRKP_vs_KP_vs_Con	Ala-Phe	0.8334374982181071	0.0748189878575379			insig
CRKP_vs_KP_vs_Con	Canrenone	0.3380587376990803	0.1487345696373875			insig
CRKP_vs_KP_vs_Con	Hexylresorcinol	0.2347251894867941	0.006681280711455221			insig
CRKP_vs_KP_vs_Con	Leu-Ala	1.283684366544622	0.00557921461264503			sig
CRKP_vs_KP_vs_Con	Leu-Phe	0.8795266629352465	0.07545786238234828			insig
CRKP_vs_KP_vs_Con	N1,N8-diacetylspermidine	1.050423257396229	0.0265174804784022			sig
CRKP_vs_KP_vs_Con	Palmitoylethanolamide（PEA）	1.344156584119843	3.227521859891449e-05			sig
CRKP_vs_KP_vs_Con	TriacetonaMine	1.611053323968907	0.0003666114945486599			sig
CRKP_vs_KP_vs_Con	Urolithin A	1.138772629080252	0.02924258147074384			sig
CRKP_vs_KP_vs_Con	CAP-palmitate	1.603491527268809	0.000355973324390698			sig
CRKP_vs_KP_vs_Con	Eicosanoyl-EA	0.8343329676558047	0.006079565103693521			insig
CRKP_vs_KP_vs_Con	Gly-His	1.576474583525447	0.0003817467428434403			sig
CRKP_vs_KP_vs_Con	Gly-Phe-Phe	0.7153394105680274	0.01538763308590201			insig
CRKP_vs_KP_vs_Con	Phe-Trp	0.998298097331542	0.06500903186987927			insig
CRKP_vs_KP_vs_Con	Cyclo(Pro-Val)	0.2280348323811774	0.06303070104052735			insig
CRKP_vs_KP_vs_Con	5-Aminoimidazole ribonucleotide	1.561620708424822	0.000365953635500201			sig
CRKP_vs_KP_vs_Con	N6-(2-Hydroxyethyl)adenosine	1.200875674934918	0.04577593636283369			sig
CRKP_vs_KP_vs_Con	N-(3-Indolylacetyl)-L-alanine	1.899694752737447	0.001531811763286669			sig
CRKP_vs_KP_vs_Con	2-Methyl-1-Pyrroline	1.734645030195232	5.849272857250413e-05			sig
CRKP_vs_KP_vs_Con	O-Desmethylnaproxen	1.569961088230507	0.2006747639638423			insig
CRKP_vs_KP_vs_Con	Androstenediol	1.421575349386455	0.0004827171694972905			sig
CRKP_vs_KP_vs_Con	Geranic acid	1.444823441282616	0.0007709145932685244			sig
CRKP_vs_KP_vs_Con	4-Methyl-3-nitroaniline	0.3605127863596557	0.08612941505418699			insig
CRKP_vs_KP_vs_Con	3-Aminoquinoline	1.224507726573075	0.0131451903008421			sig
CRKP_vs_KP_vs_Con	3-(4-Fluorobenzoyl)propionic acid	1.311264194316778	0.006617153022008619			sig
CRKP_vs_KP_vs_Con	11-Carbonyl-beta-acetyl-boswellic acid	1.528224652888438	4.040969028143338e-05			sig
CRKP_vs_KP_vs_Con	2,6-Pyridinedicarboxylic acid	0.5904699232313861	0.06911198488254128			insig
CRKP_vs_KP_vs_Con	N,N-Bis(2-hydroxyethyl)dodecanamide	1.727853236158096	1.560978373619808e-06			sig
CRKP_vs_KP_vs_Con	Vanillylamine	0.6458128915506133	0.1640392151501575			insig
CRKP_vs_KP_vs_Con	Meestrol	1.379022787553461	0.0005034217895878627			sig
CRKP_vs_KP_vs_Con	5-Hydroxyindole	2.011447693115632	7.019844423985148e-05			sig
CRKP_vs_KP_vs_Con	Meleagrin	0.5332983566856689	0.01010581710839299			insig
CRKP_vs_KP_vs_Con	S-methyl-L-thiocitrulline	1.537923008176018	8.232513785597277e-05			sig
CRKP_vs_KP_vs_Con	N(6),N(6)-Dimethyl-L-lysine	0.9387367519587809	0.2768541463328271			insig
CRKP_vs_KP_vs_Con	Cyclocreatine	2.012026316068473	8.133889411438994e-09			sig
CRKP_vs_KP_vs_Con	Val-Arg	1.097199968034387	0.004390684049014181			sig
CRKP_vs_KP_vs_Con	Asn-Trp	0.7727250285197851	0.02036194752847922			insig
CRKP_vs_KP_vs_Con	4-Aminomethylpyrimidine	1.376918662625422	0.002367170118973423			sig
CRKP_vs_KP_vs_Con	3-Guanidinopropionic acid	1.149790162780517	0.02845822411562653			sig
CRKP_vs_KP_vs_Con	3-(imidazol-4-yl)propionic acid	0.8916973128346898	0.08214422046863915			insig
CRKP_vs_KP_vs_Con	Ser-Val	0.8961089422929692	0.06722437197854328			insig
CRKP_vs_KP_vs_Con	O-Phospho-L-tyrosine	1.166296041131675	0.004020435036475116			sig
CRKP_vs_KP_vs_Con	Tyr-Ser	1.382229356715857	0.001796851352338545			sig
CRKP_vs_KP_vs_Con	Ile-Ser	0.5102023485785073	0.07948088674377601			insig
CRKP_vs_KP_vs_Con	His-Phe-Ala	1.000425776706528	0.0008449122569732691			sig
CRKP_vs_KP_vs_Con	N-(2-hydroxyethyl)-3-pyridinecarboxamide	0.5502264892689345	0.02314138168796526			insig
CRKP_vs_KP_vs_Con	Proline-Hydroxyproline	1.005494452232556	0.07107008445444908			insig
CRKP_vs_KP_vs_Con	Cyclo(Ala-Pro)	0.1873818991719209	0.08170400085626896			insig
CRKP_vs_KP_vs_Con	Triethylene glycol-monomethyl ether	0.9833709256358496	0.02144882916772783			insig
CRKP_vs_KP_vs_Con	Trp-Ile	0.926791209909143	0.01415302079579202			insig
CRKP_vs_KP_vs_Con	Cys-Arg	1.226210969643094	0.02494297073735251			sig
CRKP_vs_KP_vs_Con	2-pyrimidin-2-yl-propionic acid	1.941608207628694	2.243139140951983e-08			sig
CRKP_vs_KP_vs_Con	Thr-Arg	1.671183633032643	4.986588382845562e-05			sig
CRKP_vs_KP_vs_Con	4-Amino-3-hydroxybutyric acid	1.282282190224915	0.01975822583309253			sig
CRKP_vs_KP_vs_Con	D-Alloisoleucine	1.58987353246026	0.0003219331704778638			sig
CRKP_vs_KP_vs_Con	Pro-Asn	1.014759546123484	0.07677165957482296			insig
CRKP_vs_KP_vs_Con	Pro-Asp	1.132914150608256	0.0311417607026266			sig
CRKP_vs_KP_vs_Con	Losartan carboxylic acid	1.525736057569672	0.01441859765787776			sig
CRKP_vs_KP_vs_Con	Methyltrienolone	1.775499588840569	0.001360671930809155			sig
CRKP_vs_KP_vs_Con	(2E,4E)-6-(2-aminophenyl)-2-hydroxy-6-oxohexa-2,4-dienoic acid	1.663708829614893	0.0007442015899387786			sig
CRKP_vs_KP_vs_Con	LPC(O-18:3)	1.368997620611439	0.002744231597090281			sig
CRKP_vs_KP_vs_Con	1-desoxymethylsphinganine	1.129947518073663	0.01441144603621611			sig
CRKP_vs_KP_vs_Con	N-(2-Hydroxyethyl)pentadecanamide	1.360077391422832	4.11301382157457e-05			sig
CRKP_vs_KP_vs_Con	Cortisone	0.9838575171549092	0.008824580669227849			insig
CRKP_vs_KP_vs_Con	gamma-Glu-Phe	1.294394715024622	0.03237865120304322			sig
CRKP_vs_KP_vs_Con	Linoleamide	1.148665686243943	0.0154732031499145			sig
CRKP_vs_KP_vs_Con	Carnitine C16:1-2OH	0.9616051268835601	0.02981574508720917			insig
CRKP_vs_KP_vs_Con	SPH(d16:1)	1.195436447807088	0.009706892503113322			sig
CRKP_vs_KP_vs_Con	S1P(d16:1)	2.226584081297886	1.304524590077737e-10			sig
CRKP_vs_KP_vs_Con	S1P(d18:2)	1.876970466138487	3.332437096424092e-08			sig
CRKP_vs_KP_vs_Con	LPC(17:1/0:0)	1.284260062361216	0.0315766883563387			sig
CRKP_vs_KP_vs_Con	LPC(O-14:0)	1.62832853184717	1.340015126093681e-05			sig
CRKP_vs_KP_vs_Con	LPC(O-18:0)	0.8171486378825459	0.003287865314564796			insig
CRKP_vs_KP_vs_Con	LPC(O-18:2)	0.758606410697207	0.0365175199332376			insig
CRKP_vs_KP_vs_Con	LPC(O-20:2)	1.722223101342559	2.742023415197672e-06			sig
CRKP_vs_KP_vs_Con	LPC(O-20:3)	1.407255246730943	0.0006200941877348017			sig
CRKP_vs_KP_vs_Con	LPE(P-16:0)	1.385201424198244	0.0005341298806786437			sig
CRKP_vs_KP_vs_Con	Carnitine C17:1	1.736724869931138	6.572623148362761e-06			sig
CRKP_vs_KP_vs_Con	Carnitine C20:3	1.300397505978949	8.392427630434791e-05			sig
CRKP_vs_KP_vs_Con	Carnitine C22:3	1.742451003395493	3.283710731977114e-05			sig
CRKP_vs_KP_vs_Con	Carnitine C20:4	1.28070064681331	4.549507101618814e-05			sig
CRKP_vs_KP_vs_Con	Carnitine C22:4	1.096955834224555	1.801685502310017e-05			sig
CRKP_vs_KP_vs_Con	Ochratoxin A	0.3516039401848222	0.1072951568522442			insig
KP_vs_Con	2-Methyllactic acid	0.8960958840862326	0.09058436982796042	0.7171760970884947	-0.4796006897632797	insig
KP_vs_Con	(R)-2-Hydroxybutyric acid	0.8960958840862326	0.09058436982796042	0.7171760970884947	-0.4796006897632797	insig
KP_vs_Con	2-Methylhexanoic acid	1.989235221155257	5.896882120045596e-06	0.3242738393670591	-1.624715455113904	down
KP_vs_Con	2,2-Dimethylpentanoic acid	1.989235221155257	5.896882120045596e-06	0.3242738393670591	-1.624715455113904	down
KP_vs_Con	4-Methylhexanoic acid	1.989235221155257	5.896882120045596e-06	0.3242738393670591	-1.624715455113904	down
KP_vs_Con	2-amino-4-oxovaleric acid	1.106984788358688	0.02786024083364709	1.747530807356641	0.8053178892080817	up
KP_vs_Con	N-Acetyl-L-alanine	1.106984788358688	0.02786024083364709	1.747530807356641	0.8053178892080817	up
KP_vs_Con	N-acetyl-beta-alanine	1.106984788358688	0.02786024083364709	1.747530807356641	0.8053178892080817	up
KP_vs_Con	Xylose	0.9579000008807816	0.0619947160591382	3.439822851513969	1.782334269048578	insig
KP_vs_Con	L-lyxose	0.9579000008807816	0.0619947160591382	3.439822851513969	1.782334269048578	insig
KP_vs_Con	Arabinose	0.9579000008807816	0.0619947160591382	3.439822851513969	1.782334269048578	insig
KP_vs_Con	3-Amino-4-Hydroxybenzoic Acid	0.939767386799182	0.7348734613090784	0.8737656263025934	-0.1946817432116821	insig
KP_vs_Con	3-Amino-5-hydroxybenzoic acid	0.939767386799182	0.7348734613090784	0.8737656263025934	-0.1946817432116821	insig
KP_vs_Con	3-Hydroxyanthranilic Acid	0.939767386799182	0.7348734613090784	0.8737656263025934	-0.1946817432116821	insig
KP_vs_Con	Protocatechuic Acid	0.1109214735681657	0.7740887011626302	1.013202383225153	0.01892237563232353	insig
KP_vs_Con	2,5-Dihydroxybenzoic acid	0.1109214735681657	0.7740887011626302	1.013202383225153	0.01892237563232353	insig
KP_vs_Con	2,3-Dihydroxybenzoic acid	0.1109214735681657	0.7740887011626302	1.013202383225153	0.01892237563232353	insig
KP_vs_Con	3,5-Dihydroxybenzoic acid	0.1109214735681657	0.7740887011626302	1.013202383225153	0.01892237563232353	insig
KP_vs_Con	4-hydroxyphenylglyoxylate	1.35811936345951	0.06758100639750966	3.991791579407937	1.997036396225214	insig
KP_vs_Con	Phthalic Acid	1.35811936345951	0.06758100639750966	3.991791579407937	1.997036396225214	insig
KP_vs_Con	Pyridine-3,4-dicarboxylic acid	1.793330296869315	0.07545713073374274	34.417772215051	5.105081812883904	insig
KP_vs_Con	2,4-Pyridinedicarboxylic acid	1.793330296869315	0.07545713073374274	34.417772215051	5.105081812883904	insig
KP_vs_Con	2-Methylhippuric acid	2.003589920718087	8.505073513997948e-06	9.634244956372736	3.2681716057654	up
KP_vs_Con	N-Phenylacetylglycine	2.003589920718087	8.505073513997948e-06	9.634244956372736	3.2681716057654	up
KP_vs_Con	4-tert-Octylphenol	0.6982129953027331	0.08637509111343185	0.8586626774321515	-0.2198366098255607	insig
KP_vs_Con	2,4-Di-tert-butylphenol	0.6982129953027331	0.08637509111343185	0.8586626774321515	-0.2198366098255607	insig
KP_vs_Con	Phenylhydroxylamine	1.538213270891422	4.91689568664372e-05	0.6793204736057952	-0.5578357595816329	down
KP_vs_Con	4-Aminophenol	1.538213270891422	4.91689568664372e-05	0.6793204736057952	-0.5578357595816329	down
KP_vs_Con	L-Valine	1.371114731826455	0.001396835986870013	0.6593746629303465	-0.6008296436798425	down
KP_vs_Con	L-Norvaline	1.371114731826455	0.001396835986870013	0.6593746629303465	-0.6008296436798425	down
KP_vs_Con	1-Hydroxylamino-2-phenylethane	0.5980128590797558	0.1603189435557441	1.090760479440017	0.1253343344189901	insig
KP_vs_Con	(R)-(-)-2-Phenylglycinol	0.5980128590797558	0.1603189435557441	1.090760479440017	0.1253343344189901	insig
KP_vs_Con	L-Norleucine	1.775930197585943	1.089185710139542e-05	0.5685917251673024	-0.8145349915577558	down
KP_vs_Con	6-Aminocaproic Acid	1.775930197585943	1.089185710139542e-05	0.5685917251673024	-0.8145349915577558	down
KP_vs_Con	Mannose	1.088629867574836	0.01062168524277282	0.8303022225875292	-0.2682915347339966	down
KP_vs_Con	Fructose	1.088629867574836	0.01062168524277282	0.8303022225875292	-0.2682915347339966	down
KP_vs_Con	Gly-Glu	1.184661486746313	0.004822569420012106	0.72362409432406	-0.4666876490853138	down
KP_vs_Con	Glu-Gly	1.184661486746313	0.004822569420012106	0.72362409432406	-0.4666876490853138	down
KP_vs_Con	Val-Leu	1.016742816634348	0.01049753381721271	0.4990099686888462	-1.002859458414386	down
KP_vs_Con	Val-Ile	1.016742816634348	0.01049753381721271	0.4990099686888462	-1.002859458414386	down
KP_vs_Con	Ile-Asp	0.3701061164951509	0.7382707098681179	0.8670879963421396	-0.2057496822426128	insig
KP_vs_Con	Asp-Leu	0.3701061164951509	0.7382707098681179	0.8670879963421396	-0.2057496822426128	insig
KP_vs_Con	2,4-diacetamino-2,4,6-triphenoxy-D-mannopyranose	0.3701061164951509	0.7382707098681179	0.8670879963421396	-0.2057496822426128	insig
KP_vs_Con	Asp-Ile	0.3701061164951509	0.7382707098681179	0.8670879963421396	-0.2057496822426128	insig
KP_vs_Con	Leu-Glu	0.9103080195026182	0.04440768979797177	0.6358365456628967	-0.6532721549585081	insig
KP_vs_Con	Ile-Glu	0.9103080195026182	0.04440768979797177	0.6358365456628967	-0.6532721549585081	insig
KP_vs_Con	Thr-Phe	1.526653556701564	0.00107842157166028	0.3056821785676668	-1.709895650093011	down
KP_vs_Con	Phe-Thr	1.526653556701564	0.00107842157166028	0.3056821785676668	-1.709895650093011	down
KP_vs_Con	1-Methyladenosine	1.072358730120109	0.05432787093645784	1.547097181323386	0.6295638229083315	insig
KP_vs_Con	N6-methyladenosine	1.072358730120109	0.05432787093645784	1.547097181323386	0.6295638229083315	insig
KP_vs_Con	4-Hydroxybenzoic Acid	1.64555872815226	0.0005470279117483576	3.478101244163892	1.798299928713289	up
KP_vs_Con	Salicylic acid	1.64555872815226	0.0005470279117483576	3.478101244163892	1.798299928713289	up
KP_vs_Con	Tyrosol	1.64555872815226	0.0005470279117483576	3.478101244163892	1.798299928713289	up
KP_vs_Con	Xanthine	0.8874158589300994	0.920861199160489	1.055757544625437	0.07827855692355035	insig
KP_vs_Con	4-acetoxyphenol	0.8874158589300994	0.920861199160489	1.055757544625437	0.07827855692355035	insig
KP_vs_Con	Ethylsalicylate	1.830311745824304	2.813051550553716e-06	1.523274589066073	0.6071760288747443	up
KP_vs_Con	Ethionamide	1.830311745824304	2.813051550553716e-06	1.523274589066073	0.6071760288747443	up
KP_vs_Con	Val-Ala	1.505269090471244	0.007241032897559413	0.258355495275838	-1.952570524370635	down
KP_vs_Con	Sedoheptulose 7-Phosphate	1.227325583839545	0.0042336275056428	0.6675287914444394	-0.5830980313031711	down
KP_vs_Con	Argininosuccinic acid	1.227325583839545	0.0042336275056428	0.6675287914444394	-0.5830980313031711	down
KP_vs_Con	9,10-Epoxy-18-hydroxyoctadecanoic acid	0.7939319362774646	0.09460738552645266	1.210452792478543	0.2755468154912106	insig
KP_vs_Con	12,13-DiHOME	0.7939319362774646	0.09460738552645266	1.210452792478543	0.2755468154912106	insig
KP_vs_Con	9,10-DiHOME	0.7939319362774646	0.09460738552645266	1.210452792478543	0.2755468154912106	insig
KP_vs_Con	DHA	1.137070188671166	0.02968637958241114	0.6470718844457316	-0.6280021020318078	down
KP_vs_Con	FFA(22:6)	1.137070188671166	0.02968637958241114	0.6470718844457316	-0.6280021020318078	down
KP_vs_Con	LPA(0:0/16:0)	1.853372552806811	2.717746914154999e-06	0.2715419728964042	-1.880752878775747	down
KP_vs_Con	LPA(16:0/0:0)	1.853372552806811	2.717746914154999e-06	0.2715419728964042	-1.880752878775747	down
KP_vs_Con	LPE(0:0/16:0)	1.419326804737457	0.001075483969235914	0.5675946453384988	-0.8170671157426553	down
KP_vs_Con	LPE(16:0/0:0)	1.419326804737457	0.001075483969235914	0.5675946453384988	-0.8170671157426553	down
KP_vs_Con	LPE(18:2/0:0)	1.051976021523238	0.01331829201332579	0.6174404358258301	-0.6956281275560559	down
KP_vs_Con	LPE(0:0/18:2)	1.051976021523238	0.01331829201332579	0.6174404358258301	-0.6956281275560559	down
KP_vs_Con	LPE(0:0/20:4)	1.514406593463416	2.501207724345545e-05	0.5445109606901737	-0.87696700503755	down
KP_vs_Con	LPE(20:4/0:0)	1.514406593463416	2.501207724345545e-05	0.5445109606901737	-0.87696700503755	down
KP_vs_Con	LPE(0:0/22:6)	1.337507580015293	0.001221381116875947	0.594604737935605	-0.7499971358985014	down
KP_vs_Con	LPE(22:6/0:0)	1.337507580015293	0.001221381116875947	0.594604737935605	-0.7499971358985014	down
KP_vs_Con	Pyrrolidine	1.262401514130693	0.003131196493694877	0.6785562384611444	-0.5594597043181159	down
KP_vs_Con	Acrylamide	1.262401514130693	0.003131196493694877	0.6785562384611444	-0.5594597043181159	down
KP_vs_Con	Oxypurinol	0.1700460497411744	0.8667897469259677	1.057074523824675	0.08007709040298508	insig
KP_vs_Con	8-Azaguanine	0.1700460497411744	0.8667897469259677	1.057074523824675	0.08007709040298508	insig
KP_vs_Con	(1R,6S)-6-amino-5-oxocyclohexyl-2-ene-1-carboxylic-acid-ester	1.526664254389318	7.618879410204844e-05	0.671076370024473	-0.5754511371265079	down
KP_vs_Con	N-Alpha-Acetyl-L-Asparagine	1.754494615174226	0.0006553664992670923	2.777455646917042	1.473763873456405	up
KP_vs_Con	L-Theanine	1.754494615174226	0.0006553664992670923	2.777455646917042	1.473763873456405	up
KP_vs_Con	Pro-Ser	1.190195487949995	0.04097628257911701	3.321100303057608	1.731661295420741	up
KP_vs_Con	N,N-Dimethylarginine	1.190195487949995	0.04097628257911701	3.321100303057608	1.731661295420741	up
KP_vs_Con	SDMA	1.190195487949995	0.04097628257911701	3.321100303057608	1.731661295420741	up
KP_vs_Con	Phe-Gly	1.380817086994951	0.005021192832636765	0.4730672796695127	-1.079882716517189	down
KP_vs_Con	Gly-Phe	1.380817086994951	0.005021192832636765	0.4730672796695127	-1.079882716517189	down
KP_vs_Con	His-Leu	1.051568012857458	0.0344951671573668	0.6438091164474018	-0.6352950891181559	down
KP_vs_Con	Ile-His	1.051568012857458	0.0344951671573668	0.6438091164474018	-0.6352950891181559	down
KP_vs_Con	Carnitine C16-OH	1.838629964164975	2.336241785770935e-05	0.406400830916464	-1.299024743077882	down
KP_vs_Con	Carnitine C15:DC	1.838629964164975	2.336241785770935e-05	0.406400830916464	-1.299024743077882	down
KP_vs_Con	Carnitine ph-C14	1.185698508411411	0.006186421907214799	0.4271986700886968	-1.227020939105876	down
KP_vs_Con	2,22-Dideoxy-3-dehydroecdysone	1.185698508411411	0.006186421907214799	0.4271986700886968	-1.227020939105876	down
KP_vs_Con	LPC(15:0/0:0)	1.104266649093029	0.016055692289895	0.512962448700093	-0.9630748773533632	down
KP_vs_Con	2-Hexadecanoylthio-1-ethylphosphorylcholine	1.104266649093029	0.016055692289895	0.512962448700093	-0.9630748773533632	down
KP_vs_Con	LPC(0:0/15:0)	1.104266649093029	0.016055692289895	0.512962448700093	-0.9630748773533632	down
KP_vs_Con	LPC(16:2/0:0)	0.6456635396730865	0.3068379167286878	0.7709293022367941	-0.3753295304525728	insig
KP_vs_Con	LPC(0:0/16:2)	0.6456635396730865	0.3068379167286878	0.7709293022367941	-0.3753295304525728	insig
KP_vs_Con	LPC(0:0/16:0)	1.743746755435616	3.959502616759789e-07	0.4224746372410613	-1.243063361362037	down
KP_vs_Con	LPC(16:0/0:0)	1.743746755435616	3.959502616759789e-07	0.4224746372410613	-1.243063361362037	down
KP_vs_Con	PC(O-1:0/O-16:0)	1.743746755435616	3.959502616759789e-07	0.4224746372410613	-1.243063361362037	down
KP_vs_Con	LPC(17:0/0:0)	0.9649266909684684	0.0009564979707200717	0.4028932150873582	-1.311530584864347	insig
KP_vs_Con	LPC(0:0/17:0)	0.9649266909684684	0.0009564979707200717	0.4028932150873582	-1.311530584864347	insig
KP_vs_Con	LPC(18:2/0:0)	1.433242239615041	8.268063876830531e-05	0.5333427224143015	-0.906865197868542	down
KP_vs_Con	LPC(0:0/18:2)	1.433242239615041	8.268063876830531e-05	0.5333427224143015	-0.906865197868542	down
KP_vs_Con	LPC(18:1/0:0)	0.9498811431718872	0.0336338418117662	0.6836750824257233	-0.5486172498115409	insig
KP_vs_Con	LPC(0:0/18:1)	0.9498811431718872	0.0336338418117662	0.6836750824257233	-0.5486172498115409	insig
KP_vs_Con	2-Thio-PAF	0.9498811431718872	0.0336338418117662	0.6836750824257233	-0.5486172498115409	insig
KP_vs_Con	LPC(0:0/20:4)	1.798382270599446	5.72978899882639e-06	0.452137813732725	-1.145165514980157	down
KP_vs_Con	LPC(20:4/0:0)	1.798382270599446	5.72978899882639e-06	0.452137813732725	-1.145165514980157	down
KP_vs_Con	LPC(20:2/0:0)	1.333961497451359	0.00818995958246088	0.4224190481715893	-1.243253203176114	down
KP_vs_Con	LPC(0:0/20:2)	1.333961497451359	0.00818995958246088	0.4224190481715893	-1.243253203176114	down
KP_vs_Con	LPC(0:0/22:6)	1.896227870756197	6.996766373895762e-06	0.3605640665898765	-1.471672468321509	down
KP_vs_Con	LPC(22:6/0:0)	1.896227870756197	6.996766373895762e-06	0.3605640665898765	-1.471672468321509	down
KP_vs_Con	LPC(22:5/0:0)	1.714283699596037	2.869702273441363e-05	0.4292952313964746	-1.21995794744257	down
KP_vs_Con	LPC(0:0/22:5)	1.714283699596037	2.869702273441363e-05	0.4292952313964746	-1.21995794744257	down
KP_vs_Con	Aspartic Acid	1.363904993748382	0.003834512236434725	0.5956257035078784	-0.7475220818618817	down
KP_vs_Con	L-Citrulline	0.06303841290327948	0.6319900009051245	1.080534426517893	0.1117450381163658	insig
KP_vs_Con	Histidine	1.587189341716329	1.627101477363315e-05	0.6567572472749129	-0.6065678793915871	down
KP_vs_Con	L-Serine	1.585153300958691	4.983811346809176e-05	0.5608630561423722	-0.8342795385667848	down
KP_vs_Con	L-Tryptophan	1.423872024839436	0.0001899834917529323	0.6984741491282045	-0.5177213731175992	down
KP_vs_Con	3-Hydroxy-3-Methylpentane-1,5-Dioic Acid	0.9039501286253464	0.09686581449243303	0.8376103327343887	-0.2556488554687903	insig
KP_vs_Con	L-Asparagine Anhydrous	1.090171457366748	0.02598169892312116	0.7274895653211121	-0.4590015398801146	down
KP_vs_Con	L-Glutamine	1.297763624880092	0.001099270468978842	0.6993384757443922	-0.5159372142688123	down
KP_vs_Con	N-Propionylglycine	1.495187525931628	0.0002588800131191775	0.6106714538120548	-0.7115316877385243	down
KP_vs_Con	O-Phospho-L-Serine	1.281025857557708	0.001214672317968266	0.6992297284686974	-0.5161615710863043	down
KP_vs_Con	S-(5-Adenosy)-L-Homocysteine	1.14601006036041	0.02770950293886024	2.128553839614987	1.089873582091992	up
KP_vs_Con	4-Hydroxy-3-methoxybenzaldehyde	1.485771802331445	5.397087691965277e-05	0.7072820733670132	-0.4996423993869224	down
KP_vs_Con	5-Methylcytosine	1.237729796420584	0.001579660435026332	0.4975049772858337	-1.007217135724202	down
KP_vs_Con	Hypoxanthine	1.403315343918188	0.01505260258533372	0.1731776225347962	-2.529675573274205	down
KP_vs_Con	Succinic Acid	0.9816902750028826	0.01430936849182862	0.7556376829097674	-0.4042334455810613	insig
KP_vs_Con	Pyruvic Acid	0.9206628157961648	0.04649336465856872	1.259220971521874	0.332531473323557	insig
KP_vs_Con	Melatonin	1.496412523776603	0.0007575031244684568	0.5049119608208463	-0.9858962412009932	down
KP_vs_Con	Glucoronic Acid	1.287654239234608	0.008108457012126131	3.321958916630078	1.732034231295306	up
KP_vs_Con	2-Aminoethanesulfinic Acid	0.3886374291949001	0.254701338862663	0.6964113551669157	-0.5219883681915127	insig
KP_vs_Con	Taurine	1.247444677269261	0.003009269285391945	0.5052933903836149	-0.9848067863408524	down
KP_vs_Con	3-Hydroxy-3-Methyl Butyric Acid	0.8439245105954808	0.02788255386868606	1.738849659437494	0.7981332029377295	insig
KP_vs_Con	4-Hydroxy-2-Oxoglutaric Acid	1.162355180134237	0.03056003227561177	1.75659007228845	0.8127775552179466	up
KP_vs_Con	Dodecanedioic Acid	1.351081431573421	0.0009546702648347668	0.8125210053815409	-0.2995229846674469	down
KP_vs_Con	Tartaric acid	1.743094623066281	0.04483731662735743	5.545072770851587	2.471206393742767	up
KP_vs_Con	Methylmalonic Acid	1.123446504528063	0.006860556978528296	0.6974989852179284	-0.5197369769019919	down
KP_vs_Con	N-γ-Acetyl-N-2-Formyl-5-Methoxykynurenamine	1.953493157034293	0.0008776486344290657	104.2990640613223	6.704582401514021	up
KP_vs_Con	Sebacate	1.161193892147556	0.01647003411267222	0.4562801111018549	-1.132008325697441	down
KP_vs_Con	FFA(20:2)	1.663466165510148	0.02620232832089519	0.3672127402028769	-1.445311981918153	down
KP_vs_Con	Β-Pseudouridine	1.277040576041816	0.02159372869154976	2.522300630635731	1.334740239377093	up
KP_vs_Con	N-Acetylthreonine	1.411659665848129	0.003486240889159605	3.142591072476644	1.651954554639914	up
KP_vs_Con	Dl-3,4-Dihydroxymandelic Acid	1.040375670913957	0.009872748020398676	1.497730310841105	0.5827778679623274	up
KP_vs_Con	8,15-DiHETE	1.020808007323022	0.03175758670866186	0.5073071793184452	-0.9790685175174066	down
KP_vs_Con	2-Deoxyribose 1-Phosphate	0.09698539887297636	0.8292104977798709	0.9870882460419319	-0.01874902698782821	insig
KP_vs_Con	N-Acetylglucosamine 1-Phosphate	1.006303155148853	0.02665606662260047	2.89718335012273	1.534650989386544	up
KP_vs_Con	DL-3,4-Dihydroxyphenyl glycol	1.486367136436178	0.004540639592428812	0.2794687688487981	-1.839241026647052	down
KP_vs_Con	Marmesin	1.209548540109121	0.01867139024861852	0.5501038979291855	-0.8622239692115531	down
KP_vs_Con	Indole 3-carbinol	1.586828017752213	0.006926383553206555	6.226117266313014	2.6383327496203	up
KP_vs_Con	N-lactoyl-phenylalanine	1.544806544776473	0.006725662876812874	4.068904163036795	2.024640300283869	up
KP_vs_Con	Indoxylsulfuric acid	1.314750787338243	0.01252791600108369	10.73400202124784	3.424116159775219	up
KP_vs_Con	Porphobilinogen	1.624451863162963	2.021723764871148e-05	1.636165875048463	0.7103190166041713	up
KP_vs_Con	Succinic anhydride	0.9775284100688716	0.02737972808514545	1.571999855912616	0.6526010853610467	insig
KP_vs_Con	Indoleacetaldehyde	1.050465648118863	0.01278455954650121	0.8153261416676397	-0.2945508222354849	down
KP_vs_Con	Methylstearate	1.756792379809357	1.976518953302907e-06	1.730298684541526	0.7910210976959646	up
KP_vs_Con	Oxaloacetic acid	1.021566751836975	0.03748034048681474	1.412583295993883	0.4983359416334326	up
KP_vs_Con	12,13-EpOME	1.707713562648128	0.0001976246522837437	7.263854636335564	2.860735331822633	up
KP_vs_Con	5-F2t-IsoP	1.342452583552702	0.08671122834287072	981.2458864586557	9.93847089066825	insig
KP_vs_Con	PGF3α	0.84843344949487	0.03194634188364943	1.181185310436646	0.2402353199218045	insig
KP_vs_Con	FFA(14:0)	0.8196243545852626	0.03977151775126768	0.6281815346974323	-0.6707465590798718	insig
KP_vs_Con	FFA(9:0)	1.198791594117671	0.0004229197712481323	0.5715530745809828	-0.8070406211554042	down
KP_vs_Con	D-Glucuronolactone	1.773370432444234	0.002449966723870809	5.529907963058113	2.467255469186093	up
KP_vs_Con	3-Ureidopropionate	1.158713088492995	0.01035830517503611	1.741095990793383	0.7999957444157791	up
KP_vs_Con	13(R)-HODE	1.032559209548817	0.0170218656702592	0.669988444800073	-0.5777918810682781	down
KP_vs_Con	Iminodiacetic acid	1.30821292459562	0.001334909773945722	0.5997211226820812	-0.7376363082567023	down
KP_vs_Con	FFA(17:1)	1.107341097468826	0.009431117233117393	0.5410567962262166	-0.8861480492030378	down
KP_vs_Con	Flavanone	1.794686962888757	8.948689415866545e-07	1.430856493961067	0.5168789859481967	up
KP_vs_Con	1,6-anhydro-β-D-glucose	0.4115977379328296	0.1323544699339132	1.425091537078713	0.5110545900480148	insig
KP_vs_Con	12-Hydroxydodecanoic acid	1.382207569261567	0.002970965857190182	0.5331283627705251	-0.9074451584572604	down
KP_vs_Con	Heparin	1.830545555293027	2.284445962356243e-08	0.473801496186489	-1.077645340510527	down
KP_vs_Con	9(S)-HODE	1.002325409854931	0.03082294334652996	0.7767312935939418	-0.3645125032640684	down
KP_vs_Con	Ketoleucine	1.131402924436759	0.01340242082861294	0.6787700130935697	-0.5590052644157497	down
KP_vs_Con	FFA(15:1)	0.2862030901573185	0.6714092505681868	1.089813761657521	0.1240816138190639	insig
KP_vs_Con	5-nitrobenzimidazole	1.599934825786409	0.00226339128316735	5.489001097009344	2.456543627643639	up
KP_vs_Con	Multifidol	1.557531863149054	0.000714206249307877	0.3429043397457912	-1.54412193196665	down
KP_vs_Con	Furfural diacetal	1.196157549638722	0.01749694958779294	0.6591845829440699	-0.6012455938259298	down
KP_vs_Con	3-(pyrazol-1-yl)-L-alanine	1.564711105520624	3.642102197927251e-05	0.6713578864928293	-0.5748460536122751	down
KP_vs_Con	2-Hydroxy-2-Methyl Butyric acid	0.01389897756819257	0.7532579316295851	1.071866426961117	0.100125132318552	insig
KP_vs_Con	2-Hydroxy-4-methylpentanoic acid	1.287784513673327	0.01839063237109494	0.5927537271963834	-0.7544952655801922	down
KP_vs_Con	4-Methoxysalicylic Acid	0.9401004787358568	0.01709527330567683	1.129827211368783	0.1761021528509404	insig
KP_vs_Con	Tridecanedioic acid	1.300141015902034	0.001241287210940219	0.9213244556330884	-0.1182187864521024	down
KP_vs_Con	12-HHT	1.188801160704199	0.02316939885339609	0.2360706403290571	-2.082709467490635	down
KP_vs_Con	9(S)-HOTrE	1.670396290652241	5.868875730287306e-06	0.6731830118106913	-0.5709293250610241	down
KP_vs_Con	3-(4-Hydroxyphenyl)-1-propanol	1.351437920123263	0.01935395949838705	6.503210089601941	2.701152031548581	up
KP_vs_Con	3-Hydroxycinnamic acid	1.246182784150543	0.001158478265124193	0.4921602225332514	-1.022800034151461	down
KP_vs_Con	5,6-Dihydrouridine	1.302825949867252	0.0130197106937267	2.670230586423763	1.416964330499364	up
KP_vs_Con	5-Hydroxy-2'-deoxyuridine	1.342487787358983	0.0236355201654664	2.400301379101525	1.263215560349492	up
KP_vs_Con	Acetylvaline	0.8401147733722344	0.08948525995093724	1.426186069807495	0.5121622177400045	insig
KP_vs_Con	Aleuritic Acid	0.5735477759577221	0.1940797364155115	0.934096463763883	-0.09835655072583922	insig
KP_vs_Con	Antineoplaston A10	1.442228434349849	0.00287951844990812	8.039835198276386	3.007165929132291	up
KP_vs_Con	Galacturonic acid	1.235219991257861	0.006104444331244096	3.120261445798613	1.641666917149864	up
KP_vs_Con	Hydroumbellic acid	0.6226972101401229	0.7917938815532426	1.147647944734232	0.1986801452525539	insig
KP_vs_Con	Imidazoleacetic acid	1.088563883150927	0.00526487303931776	0.595961936602927	-0.7467079045150296	down
KP_vs_Con	L-Ascorbyl 6-palmitate	1.198082192472794	0.0009580844601282977	0.6107065910705273	-0.7114486792895431	down
KP_vs_Con	Rhapontigenin	1.838373071971985	0.009680092540850666	0.2395762124380721	-2.061443425079953	down
KP_vs_Con	Tert-Butylhydroquinone	1.922594515398542	1.188475857368497e-09	1.527876473952465	0.6115279088055985	up
KP_vs_Con	Acetanilide	1.370845178066383	0.007297402228353827	5.779562747629333	2.530960349873261	up
KP_vs_Con	2,4-Quinolinediol	1.448293738313296	0.006378223917339826	6.861166526974969	2.77845388246337	up
KP_vs_Con	Hydroxypiperazic acid	1.284821843654541	0.0009495292932183051	0.6946851116656031	-0.525568916739261	down
KP_vs_Con	N-Acetyl-D-Tryptophan	1.377252521658683	0.02032619823821289	17.28250194651077	4.111240183021752	up
KP_vs_Con	3-(2-Naphthyl)-L-alanine	1.801006666096159	2.142506556708831e-05	0.3291260633367699	-1.603287817565644	down
KP_vs_Con	3-Hydroxypyruvic acid	1.535011981286197	0.02800433894849157	0.0685809204552333	-3.866048922315278	down
KP_vs_Con	Piperonylic acid	1.78702880721816	8.569282660172882e-06	1.556182211357154	0.6380109935059091	up
KP_vs_Con	3-Methoxysalicylic Acid	1.248173742303693	0.02509765189568565	4.893099041738203	2.290748484810284	up
KP_vs_Con	3-Methoxycatechol	0.6675443014277875	0.3707168074320665	0.1386913133744111	-2.850050664429256	insig
KP_vs_Con	2-(10-Heptadecenyl)-6-hydroxybenzoic acid	1.098265565471322	0.001418262032888421	1.750528311695484	0.8077903949925657	up
KP_vs_Con	3,4-Dimethoxycinnamic acid	0.281735558794948	0.7813591036450409	1.097669011268228	0.1344430927864433	insig
KP_vs_Con	Zereno	1.29040821215445	0.0005367977123466558	1.383266069365312	0.468078683628188	up
KP_vs_Con	LY223982	1.153335669627637	0.02009393221233031	0.6203818920143139	-0.6887715179305247	down
KP_vs_Con	2,6-Di-tert-butyl-4-(hydroxymethyl)phenol	1.551859681256115	6.941913554781106e-05	0.8905322452148445	-0.1672602441788639	down
KP_vs_Con	CAY-10550	1.496421783027374	9.6836645330277e-05	0.3123810467466276	-1.678621172118588	down
KP_vs_Con	(R)-3-Hydroxy-tetradecanoic acid	1.483008271415459	0.0006355922698532957	0.5388738943401338	-0.8919803975979852	down
KP_vs_Con	N-Myristoylglycine	1.267467087869192	0.01037200184955028	1.994402404343768	0.9959565271782822	up
KP_vs_Con	4-Methoxysalicylaldehyde	2.086266820285819	1.766904210813529e-11	1.514662726030956	0.5989965807259767	up
KP_vs_Con	Cys-Pro	1.059282286730703	0.01147970754626893	0.920248776582918	-0.1199041682556734	down
KP_vs_Con	Ribonic acid	0.99409398001204	0.03779828535001686	2.539485093068363	1.344536005272108	insig
KP_vs_Con	D-Glucaro-1,4-lactone	0.9659145430660993	0.05596664405523407	1.756750156815282	0.8129090273430938	insig
KP_vs_Con	Ile-Ala	1.262021455685422	0.00420995132312924	0.2707701499736867	-1.884859391641312	down
KP_vs_Con	cyclo(glu-glu)	0.7950487334757363	0.7023787203219036	0.9198686884546204	-0.1205001641918168	insig
KP_vs_Con	2-Hydroxy-3-Methyl Butanoic Acid	0.01614235971319372	0.7239158583976459	1.079495776589347	0.1103575989829066	insig
KP_vs_Con	Trp-Leu	0.8852944484316879	0.03219550917719288	0.7064080930828541	-0.501426223328481	insig
KP_vs_Con	(±)-Camphoric acid	1.622165534395271	0.0007343544624233287	0.2993849695277375	-1.739926301454003	down
KP_vs_Con	5-chloroindole-2-carboxylic acid	1.843159623230449	2.12547666264324e-08	1.461382342567334	0.5473336809211989	up
KP_vs_Con	Rhamnonic acid	1.262958396438083	0.0344998431196058	5.496767094701734	2.458583351772013	up
KP_vs_Con	3-phenylphenol	1.680129885643086	0.004248548971916386	20.3174148327868	4.344644941624209	up
KP_vs_Con	Salidroside	1.324937172090965	0.003256486689664694	0.5021727217422421	-0.993744432020764	down
KP_vs_Con	Norethindrone acetate	1.715408529923225	1.273533625183914e-05	0.4559875598202428	-1.132933629336074	down
KP_vs_Con	Arachidonoyl LPA	0.8221288974877626	0.1210002891700188	1.357437730524224	0.4408860190798166	insig
KP_vs_Con	5-Acetylamino-6-formylamino-3-methyluracil	1.325940727237833	0.0002224900411752942	0.7178743111409542	-0.4781968226591407	down
KP_vs_Con	5-Hydroxyisourate	1.352671538818724	0.0003055564041690439	0.7060635023271735	-0.5021301516564346	down
KP_vs_Con	Propofol Glucuronide	1.205575119126347	0.07472431694694986	733.5066186895099	9.518666173679462	insig
KP_vs_Con	3-Oxocholic acid	1.57267307297844	0.02451856254759812	0.03552680617971742	-4.814948191952506	down
KP_vs_Con	FFA(15:0)	1.274416701802116	0.008083741045880399	0.6034867056015993	-0.7286061051397105	down
KP_vs_Con	LPG(16:0)	1.419249502565355	0.0001378532226349023	0.4940428041057955	-1.0172920518711	down
KP_vs_Con	LPS(18:0)	1.256579240136822	0.002518136294047158	0.6223816755071204	-0.6841285105339858	down
KP_vs_Con	LPS(20:0)	1.608053346404078	0.0003274867106003348	0.4836956706435999	-1.047828470001997	down
KP_vs_Con	LPA(0:0/18:2)	1.319919797587762	0.001240986028809305	0.5266200211692307	-0.9251657237265408	down
KP_vs_Con	LPA(20:4)	1.319163736396829	0.0009451977520452644	0.5213211345727871	-0.9397557463186986	down
KP_vs_Con	FFA(16:4)	0.313348031518703	0.07537309554413651	0.5459210087651561	-0.8732358772716143	insig
KP_vs_Con	Lysine	1.911660904730169	5.337695476911093e-06	0.5962839266183754	-0.7459286467727679	down
KP_vs_Con	L-Methionine	1.230744965400237	0.008426838141102441	0.7009603834160539	-0.5125951859785489	down
KP_vs_Con	L-Homocystine	1.041458784242801	0.04318435522201197	0.6122791239184627	-0.7077386006453946	down
KP_vs_Con	Phe-Phe	1.301916122297619	0.009769931159031731	0.5634058302132255	-0.8277536018593121	down
KP_vs_Con	N-Acetylhistamine	0.2969118109282883	0.8245091426026423	1.082716417301091	0.1146554249157091	insig
KP_vs_Con	1,4-Dihydro-1-Methyl-4-Oxo-3-Pyridinecarboxamide	0.4670623440825282	0.9092502009865276	0.9592048057561322	-0.06008920800431319	insig
KP_vs_Con	Biotin	1.083328322254391	0.01292586183153674	0.6611559008781711	-0.5969375948580187	down
KP_vs_Con	5,6-Dihydro-5-Methyluracil	0.4621124219833024	0.1504644498910895	1.327700392690621	0.4089296265452322	insig
KP_vs_Con	Uracil	0.8094848761216332	0.0296467102396706	0.7157485316408869	-0.4824752893505911	insig
KP_vs_Con	3,3',5-Triiodo-L-Thyronine	1.385164592931288	0.000264108977651571	0.4912457328002992	-1.025483219413492	down
KP_vs_Con	L-Thyroxine	1.558933803192562	6.25597562770076e-06	0.6237449234926171	-0.6809719261317804	down
KP_vs_Con	Nicotinamide	1.245369610042015	0.005087123013293953	0.4222276166280259	-1.243907150808437	down
KP_vs_Con	5-Hydroxytryptophol	1.282395360375002	0.2876019092040721	1.805446239983349	0.8523554624000201	insig
KP_vs_Con	1,3,7-Trimethyluric Acid	1.738183305374065	0.0183053042959239	213.3806833669399	7.73728576953555	up
KP_vs_Con	5-Aminovaleric Acid	1.333063204685166	0.002435056365467416	0.6849817302729321	-0.5458625856406795	down
KP_vs_Con	Azelaic Acid	1.522245346488466	0.003718850385903872	0.2731886277103212	-1.872030666484133	down
KP_vs_Con	Guanidineacetic Acid	1.262064828586935	0.00187095241634452	0.6785349966179721	-0.5595048678281502	down
KP_vs_Con	Subericacid	1.453905166492762	0.00434337103644636	0.3157252962612019	-1.663258239277489	down
KP_vs_Con	Isoxanthopterin	0.9994131834202136	0.03130610915695652	3.719354912987103	1.895052421188894	insig
KP_vs_Con	5'-Deoxy-5'-(Methylthio) Adenosine	1.648267959364473	0.001474633500678637	3.026905328997086	1.597843553420368	up
KP_vs_Con	Ergothioneine	1.702234236543463	0.0002207116241734065	0.4109170544675217	-1.283080886345463	down
KP_vs_Con	Sn-Glycero-3-Phosphocholine	1.230391151663126	0.008751513883346485	0.5861484520730879	-0.7706619968846701	down
KP_vs_Con	Indole	1.194322195031212	0.003589091537828226	0.7723274148563364	-0.3727155120947649	down
KP_vs_Con	Piperidine	1.708691576542014	1.414657049851772e-05	0.5816162074393991	-0.7818606226266668	down
KP_vs_Con	Carnitine C2:0	1.147847544863735	0.01499273323651542	0.7393705005213504	-0.4356306110059064	down
KP_vs_Con	Hexadecanamide	0.9840200805884732	0.05969422360985052	0.4086379239436295	-1.291104994226645	insig
KP_vs_Con	Triethyl-phosphate	1.227847730310984	0.01960581542965019	4.175800149489374	2.062052667310107	up
KP_vs_Con	Oxindole	2.025443742081459	0.002774596746589229	28.88520052895943	4.85225860518358	up
KP_vs_Con	Benzylcinnamate	0.3475980717914178	0.3024224401127542	1.109195823505631	0.1495140892694571	insig
KP_vs_Con	2-Acetyl-5-methylfuran	1.242344857870161	0.01196412754148845	0.3539142814337566	-1.498528115158855	down
KP_vs_Con	2-Pentadecanone	0.9624195321894834	0.02273685347689683	0.9326445931135624	-0.1006006830888787	insig
KP_vs_Con	DL-Leucine	1.702760302892077	5.357482262484185e-05	0.5849499291716543	-0.7736149574175517	down
KP_vs_Con	18β-Glycyrrhetinic acid	1.19041314034917	0.01788842976998037	0.4060163891391956	-1.300390130894099	down
KP_vs_Con	2-Undecanone	1.474098174460183	0.006108800869687043	0.2877724130215308	-1.796999798516731	down
KP_vs_Con	2,6,6-Trimethyl-2-cyclohexene-1,4-dione	1.500196431151172	0.0003736793334733967	0.6218698994724436	-0.6853153071654032	down
KP_vs_Con	Dibutyl-phthalate	1.085240862379193	0.01046360337610165	0.5303669531887513	-0.9149372100025092	down
KP_vs_Con	SPH(d18:0)	1.414393246916019	0.0004332018322237093	0.8156912530563419	-0.2939049132459729	down
KP_vs_Con	Hypaphorine	1.074625097279013	0.3607497955838504	0.6805764773312755	-0.5551708063878112	insig
KP_vs_Con	N-Amidino-L-Aspartate	0.5587908746035501	0.6207338565596632	1.359961027899168	0.4435653090769327	insig
KP_vs_Con	L-Tryptophanamide	1.197251386294835	0.002805914213492337	0.6736972617997727	-0.5698276592936767	down
KP_vs_Con	Dethiobiotin	0.01677515386494432	0.9176766264869324	1.004783096280247	0.00688409872335478	insig
KP_vs_Con	Benzaldehyde	0.5147567789816423	0.2183799861264986	1.077780458410566	0.1080633341025439	insig
KP_vs_Con	Hydroxyquinoline	1.27106822025116	0.001470395512270539	0.7398920609124702	-0.4346132762330406	down
KP_vs_Con	Carnitine C12:0	1.123139852147195	0.0376166634224416	0.6502632138374435	-0.6209042837732185	down
KP_vs_Con	2-Aminomethylpyrimidine	1.705368400310328	2.339327805527573e-06	0.6374949681126219	-0.6495141403787954	down
KP_vs_Con	1-acetylindole	1.200280202287097	0.003166739266904023	0.7839902647998179	-0.3510923551032891	down
KP_vs_Con	L-Isoleucine	1.525762320580162	0.0001841354928044828	0.5882647586171407	-0.7654624840843451	down
KP_vs_Con	N-Acetylcadaverine	1.065787347631833	0.03192768314834585	3.209129293288517	1.682181915836151	up
KP_vs_Con	3-methyl-4-pentenoic acid	1.291365971004511	0.001549947841499382	0.4783563788216887	-1.063842258292227	down
KP_vs_Con	1-Deoxyvaleric acid	0.498942797930285	0.1599781674124641	0.8702255277445258	-0.2005387564618639	insig
KP_vs_Con	2-Mercaptobenzothiazole	0.936374159440792	0.09308126778457104	0.6249467931584204	-0.6781947283351217	insig
KP_vs_Con	20,26-dihydroxyecdysone	1.671126402277672	1.920159307009184e-06	0.4476245206444064	-1.15963902630511	down
KP_vs_Con	10-deoxyformamycin	1.118817845633994	0.01313106468284853	0.4834487170050733	-1.048565234443636	down
KP_vs_Con	S-Adenosyl-L-Methionine	1.430932268401668	0.008426023845550707	4.493398109888632	2.167806888640314	up
KP_vs_Con	LPC(18:0/0:0)	1.255510749243494	0.001859908994848716	0.6242248079082293	-0.6798624009833618	down
KP_vs_Con	Carnitine C20:1	1.932299095602424	8.777235984104167e-05	0.3549786540409222	-1.494195821355131	down
KP_vs_Con	Carnitine C20:2	1.4871839053984	0.0001028336884883689	0.4075517377746061	-1.294944877033601	down
KP_vs_Con	Carnitine C17:1:DC	1.679988724248606	0.0001992448672359233	0.4419883151581718	-1.17791986528466	down
KP_vs_Con	Carnitine C18:2-OH	1.259996628191254	0.0006144085827034628	0.5034579817184506	-0.990056718037592	down
KP_vs_Con	Carnitine C18:0	1.986316414362381	8.770891332108533e-06	0.2879571699731253	-1.796073850103246	down
KP_vs_Con	Carnitine C18:1	1.842281250825512	1.224451087388625e-06	0.4687065349840663	-1.093243185021611	down
KP_vs_Con	Carnitine C18:2	1.221921080802526	0.003554960636974923	0.5551986133293354	-0.8489241302589937	down
KP_vs_Con	Carnitine C18:3	0.764978234973073	0.1361359852635116	0.7283433668204621	-0.457309346630405	insig
KP_vs_Con	Carnitine C18:4	1.02426672539862	0.006752015407166342	0.6557968626228574	-0.6086790950918445	down
KP_vs_Con	Carnitine C17:0	1.789549945555606	2.091657512356183e-06	0.4006827643449657	-1.31946764234063	down
KP_vs_Con	Carnitine C16:0	2.050047842510057	5.31051608094691e-10	0.4297462779916817	-1.21844295023044	down
KP_vs_Con	Carnitine C16:1	1.518680302485909	0.0005548774956651731	0.6063853890943017	-0.7216931028149389	down
KP_vs_Con	Carnitine C16:2	1.471085886853556	0.0005136162707427174	0.6643010513839022	-0.5900908971271541	down
KP_vs_Con	Carnitine C14-OH	1.427849157897193	0.0007248434022487223	0.5963230009509187	-0.7458341104347621	down
KP_vs_Con	Carnitine C15:1	1.294836734118646	0.002970853540605864	0.5189690722479968	-0.9462795305700048	down
KP_vs_Con	Carnitine C14:0	1.759880754227514	3.730724353416073e-06	0.5849974993562248	-0.7734976371555666	down
KP_vs_Con	Carnitine C14:1	1.149808321206979	0.05718968677166876	0.6412472568938806	-0.6410473456671788	insig
KP_vs_Con	Carnitine C13:1	1.228699287224711	0.03224784898951308	0.5843573834802057	-0.775077127019124	down
KP_vs_Con	Carnitine C8:1	0.1468473498692265	0.2992939832218739	1.477775342962317	0.5634269621570966	insig
KP_vs_Con	Carnitine C4:DC	1.028311260410722	0.007799452591500039	2.157707451731017	1.109499273283987	up
KP_vs_Con	N'-Methyl-2-pyridone-5-carboxamide	0.4299412818314933	0.8245604687419881	1.090937778729498	0.1255688203799089	insig
KP_vs_Con	1-Methyl-hydantoin	1.516483580193177	0.04222972764324538	2.598162560811967	1.37749169958497	up
KP_vs_Con	Menadiol-Diacetate	0.6503217994588341	0.07562585250785335	0.8086372772059623	-0.3064353832384613	insig
KP_vs_Con	Phe-Val	1.211615561539575	0.01557127844923068	0.4798901867967876	-1.059223782988414	down
KP_vs_Con	Carnitine C10:1	0.3761317857046669	0.7064419294255795	0.9141425424019074	-0.1295089523804199	insig
KP_vs_Con	Carnitine C15	1.653810723928497	3.209116754136369e-05	0.493611368652868	-1.018552472461951	down
KP_vs_Con	Carnitine C18:1-OH	1.691789482338476	0.0002724241219399939	0.4459198351407971	-1.165143720705802	down
KP_vs_Con	Carnitine C14:2:DC	1.712147957738697	0.000165774527622596	0.5563623373465616	-0.8459033341776179	down
KP_vs_Con	Carnitine C18-OH	1.778837645841483	6.480843672037519e-05	0.369498878268147	-1.436358110270843	down
KP_vs_Con	LPC(O-16:0)	1.307901440902868	0.0004260631196091938	0.4950005592015536	-1.014497939883292	down
KP_vs_Con	LPC(O-16:1)	1.582851101615559	4.556932278595259e-05	0.3397435379321474	-1.557481984312374	down
KP_vs_Con	Methyldopa	1.155586394200331	0.02562403830076389	2.101898415813441	1.07169294592064	up
KP_vs_Con	3-Amino-4-methylpentanoic acid	1.274305244715691	0.002865975947666845	0.7894739676775151	-0.3410363998236959	down
KP_vs_Con	Agmatine	1.857725583048926	1.345841024324788e-06	0.7039253279761696	-0.5065056982296001	down
KP_vs_Con	Ala-Phe	1.048904309810429	0.01000786839276905	0.7788817663057622	-0.3605237500539245	down
KP_vs_Con	Canrenone	0.2543129376487295	0.578248013204681	0.7105278216396933	-0.4930369537151911	insig
KP_vs_Con	Hexylresorcinol	0.2434406507280639	0.3971747950064622	0.9313924337945158	-0.1025389324751677	insig
KP_vs_Con	Leu-Ala	1.341936204464433	0.004626605624340543	0.3133397439920235	-1.674200322230294	down
KP_vs_Con	Leu-Phe	1.154595553020979	0.004664864504466361	0.4970892080714899	-1.008423312529694	down
KP_vs_Con	N1,N8-diacetylspermidine	1.024280791642947	0.0338726335991358	2.100140771416965	1.070486034281152	up
KP_vs_Con	Palmitoylethanolamide（PEA）	1.476622148286047	0.002844889796956369	0.4135290465612974	-1.273939426051454	down
KP_vs_Con	TriacetonaMine	1.580718080108087	5.517542619087478e-05	0.6284974988022031	-0.6700210916462543	down
KP_vs_Con	Urolithin A	1.266629258498365	0.009967200836570244	0.593786377732909	-0.7519840985695417	down
KP_vs_Con	CAP-palmitate	1.344045599776634	0.00119214667217822	0.4867259643611374	-1.038818357756214	down
KP_vs_Con	Eicosanoyl-EA	0.8310593212847063	0.09413254729239057	0.8704594856804274	-0.2001509436716908	insig
KP_vs_Con	Gly-His	1.382293985812453	0.0008406869751340437	0.5885161487976296	-0.764846091738155	down
KP_vs_Con	Gly-Phe-Phe	0.8429742950609647	0.009874576283340332	0.4264450917962351	-1.229568099868742	insig
KP_vs_Con	Phe-Trp	1.467386458823772	0.01666112694869126	0.4931570115609889	-1.019881049223662	down
KP_vs_Con	Cyclo(Pro-Val)	0.3285133002062034	0.8933942947826756	1.050374486327779	0.07090377860217263	insig
KP_vs_Con	5-Aminoimidazole ribonucleotide	1.465958496862094	0.001927686941075388	0.3687695577538459	-1.439208529928899	down
KP_vs_Con	N6-(2-Hydroxyethyl)adenosine	1.094922575687695	0.07298393935498973	3.883554114785289	1.957377569110574	insig
KP_vs_Con	N-(3-Indolylacetyl)-L-alanine	1.72253076249877	0.0115496302240392	971.4731579974381	9.924030324176217	up
KP_vs_Con	2-Methyl-1-Pyrroline	1.892889735094156	7.800813493413545e-06	0.6165566779143433	-0.697694572217937	down
KP_vs_Con	O-Desmethylnaproxen	1.782368688504737	0.002356186233862973	3.964996254947191	1.987319503263007	up
KP_vs_Con	Androstenediol	1.366521034470295	0.0008407030953121738	0.8493168639269097	-0.2356251986701274	down
KP_vs_Con	Geranic acid	1.466352926386296	0.0003092754784945637	0.8776748001600175	-0.1882416096871787	down
KP_vs_Con	4-Methyl-3-nitroaniline	0.6302995891838092	0.1236527872412139	0.8261343552630436	-0.2755516668635259	insig
KP_vs_Con	3-Aminoquinoline	1.276084417908536	0.001382003316027774	0.7845184655181762	-0.3501206900165155	down
KP_vs_Con	3-(4-Fluorobenzoyl)propionic acid	1.288274572302639	0.01179617813970192	3.217335395265529	1.685866339430022	up
KP_vs_Con	11-Carbonyl-beta-acetyl-boswellic acid	1.667352820311242	0.003617884855246853	0.2346744044198514	-2.091267596998332	down
KP_vs_Con	2,6-Pyridinedicarboxylic acid	0.7435415155041077	0.09250060709302924	1.226196806887487	0.2941905528733407	insig
KP_vs_Con	N,N-Bis(2-hydroxyethyl)dodecanamide	1.643856544309132	0.000378911705501406	0.5010290176206761	-0.9970339338518328	down
KP_vs_Con	Vanillylamine	0.6393298319611057	0.9520521215236216	0.9773285737092224	-0.03308442320729809	insig
KP_vs_Con	Meestrol	1.21960674879633	0.004672159068992637	0.6078228453490042	-0.7182771945379818	down
KP_vs_Con	5-Hydroxyindole	1.902032316616528	0.002023200602916314	27.2501824700728	4.768193985246202	up
KP_vs_Con	Meleagrin	1.434847479852337	0.0008633761438220259	0.9305165359777584	-0.1038963066006419	down
KP_vs_Con	S-methyl-L-thiocitrulline	1.582187815983652	4.614328835676712e-05	0.8931364434496043	-0.1630475038058729	down
KP_vs_Con	N(6),N(6)-Dimethyl-L-lysine	0.9115396589838484	0.4082131777455885	1.437894630170231	0.5239579580437863	insig
KP_vs_Con	Cyclocreatine	1.927107992894884	2.314764716301228e-07	0.7621471265398087	-0.3918585692939577	down
KP_vs_Con	Val-Arg	1.134256612779339	0.004623560188240929	0.3418356004617175	-1.54862544060296	down
KP_vs_Con	Asn-Trp	1.205262911548536	0.002348594709918661	0.6431927739913962	-0.6366768963701133	down
KP_vs_Con	4-Aminomethylpyrimidine	1.449190010990365	0.0002184632178561925	0.6612370798747677	-0.5967604666704588	down
KP_vs_Con	3-Guanidinopropionic acid	1.029257313652545	0.01993150026699556	3.157891166755281	1.658961451157602	up
KP_vs_Con	3-(imidazol-4-yl)propionic acid	1.067389202867529	0.01471364576497322	1.288891477832148	0.3661307966829534	up
KP_vs_Con	Ser-Val	1.080396468305966	0.01961572978585237	0.7351516819810736	-0.4438861466187302	down
KP_vs_Con	O-Phospho-L-tyrosine	1.085349536506356	0.0149392102944814	2.830116244841753	1.500861311860156	up
KP_vs_Con	Tyr-Ser	1.37470002384839	0.005060368071129723	0.2400045531978611	-2.058866318996635	down
KP_vs_Con	Ile-Ser	0.6438584970225614	0.05233973295710783	1.710389366154958	0.7743247886649622	insig
KP_vs_Con	His-Phe-Ala	1.44408176687759	0.0007451326016128932	0.5201748411659196	-0.9429314714674906	down
KP_vs_Con	N-(2-hydroxyethyl)-3-pyridinecarboxamide	0.9026416893370536	0.03472188645799804	1.156789491144047	0.2101263512958303	insig
KP_vs_Con	Proline-Hydroxyproline	1.021663204662779	0.03765340901626508	2.388141260170176	1.255888175513753	up
KP_vs_Con	Cyclo(Ala-Pro)	0.305360677746038	0.6660040508419571	1.173864170565928	0.2312654818824358	insig
KP_vs_Con	Triethylene glycol-monomethyl ether	1.003649298401379	0.01558206245127676	0.6665094179668072	-0.585302833739638	down
KP_vs_Con	Trp-Ile	0.921838198945616	0.02648509757552026	0.712948075720118	-0.4881310864214473	insig
KP_vs_Con	Cys-Arg	1.15770396341765	0.02354334404450129	3.101466201775462	1.632950403227702	up
KP_vs_Con	2-pyrimidin-2-yl-propionic acid	1.92321118593777	4.628781393546341e-08	1.752698471450145	0.8095778208774895	up
KP_vs_Con	Thr-Arg	1.460004019405782	0.0003164445819907138	0.8606718757448862	-0.2164647683697322	down
KP_vs_Con	4-Amino-3-hydroxybutyric acid	1.23771409905102	0.01528213269643591	0.5465315945821804	-0.8716231954595448	down
KP_vs_Con	D-Alloisoleucine	1.668245834040352	0.0001164546631328255	0.5967000260005428	-0.7449222551307091	down
KP_vs_Con	Pro-Asn	1.064221682425144	0.03799690893386212	2.278173770164	1.187877794364949	up
KP_vs_Con	Pro-Asp	1.156928250450374	0.01831152059736809	1.946850724937199	0.9611422694465288	up
KP_vs_Con	Losartan carboxylic acid	1.359273341124561	0.03664736688051418	0.0357208699759899	-4.807088972284173	down
KP_vs_Con	Methyltrienolone	1.738120786401386	0.0003701750690344148	0.1882490275348118	-2.409285682709033	down
KP_vs_Con	(2E,4E)-6-(2-aminophenyl)-2-hydroxy-6-oxohexa-2,4-dienoic acid	1.641715349496676	0.007242289099756336	12.25095907711101	3.614822791187055	up
KP_vs_Con	LPC(O-18:3)	1.137219455798198	0.01365441377288888	0.5112776484059248	-0.9678211379780566	down
KP_vs_Con	1-desoxymethylsphinganine	1.230894053443706	0.007259231904867307	0.6896693085247253	-0.5360233291024218	down
KP_vs_Con	N-(2-Hydroxyethyl)pentadecanamide	1.467640861915391	0.0003240140002135199	0.7989554893309252	-0.323812963586751	down
KP_vs_Con	Cortisone	1.073110062702407	0.0003092254880236139	0.6259549244753692	-0.6758693236355938	down
KP_vs_Con	gamma-Glu-Phe	1.494449337727243	0.004792625169965103	2.072678138428488	1.051496100940817	up
KP_vs_Con	Linoleamide	1.055054983429088	0.06138237393746893	0.4160489765532935	-1.265174725002938	insig
KP_vs_Con	Carnitine C16:1-2OH	1.102329721726999	0.02164124105879945	3.230866965030602	1.691921347061953	up
KP_vs_Con	SPH(d16:1)	1.2711924641829	0.004089718449904678	0.6797531865304488	-0.5569170855907646	down
KP_vs_Con	S1P(d16:1)	2.040767356177449	4.841696052514225e-08	0.2703771547421318	-1.886954837248787	down
KP_vs_Con	S1P(d18:2)	1.749176740065158	4.993488383232263e-06	0.3969852359276699	-1.3328427410456	down
KP_vs_Con	LPC(17:1/0:0)	1.043188402778325	0.05466590579577861	0.640623723430357	-0.6424508702346434	insig
KP_vs_Con	LPC(O-14:0)	1.407520245407031	0.0007086189450671724	0.3259646413601478	-1.617212616630356	down
KP_vs_Con	LPC(O-18:0)	0.8125865906765793	0.01413894285586035	0.4149457778123943	-1.269005267324086	insig
KP_vs_Con	LPC(O-18:2)	0.6662977303328655	0.2638766960091143	0.7839633988954983	-0.3511417944557807	insig
KP_vs_Con	LPC(O-20:2)	1.583998497558435	7.096300597308552e-05	0.4128389293542747	-1.276349076310614	down
KP_vs_Con	LPC(O-20:3)	1.238284413088616	0.01013220883214805	0.4108932170138005	-1.283164580057927	down
KP_vs_Con	LPE(P-16:0)	1.213511969889501	0.005893302764112816	0.4502002484955776	-1.15136124177535	down
KP_vs_Con	Carnitine C17:1	1.657926833760263	2.256565062331978e-05	0.4853576346562693	-1.042879909222227	down
KP_vs_Con	Carnitine C20:3	1.196214139706101	0.003447211034254276	0.50093726795253	-0.9972981479147478	down
KP_vs_Con	Carnitine C22:3	1.54703551282924	0.0001151726160282363	0.4572227195438114	-1.129031001573783	down
KP_vs_Con	Carnitine C20:4	1.180335485379654	0.002491422715627078	0.4162001003615149	-1.264650781925978	down
KP_vs_Con	Carnitine C22:4	1.348526386488316	0.0004935757028175908	0.4445328043710735	-1.169638207987136	down
KP_vs_Con	Ochratoxin A	0.3361057877816937	0.3870662716167388	0.92789490104178	-0.1079666885997351	insig
